timestamps,open,high,low,close,volume,amount
2026-04-27 09:30:00-04:00,422.375,423.3999938964844,418.5,418.5799865722656,3885154,0
2026-04-27 09:35:00-04:00,418.5398864746094,420.17999267578125,417.0700988769531,420.1400146484375,815170,0
2026-04-27 09:40:00-04:00,420.1099853515625,420.989990234375,419.80999755859375,420.6499938964844,461785,0
2026-04-27 09:45:00-04:00,420.6000061035156,420.8800048828125,419.27978515625,420.5400085449219,500211,0
2026-04-27 09:50:00-04:00,420.54998779296875,421.6300048828125,420.31500244140625,421.0899963378906,536459,0
2026-04-27 09:55:00-04:00,421.0899963378906,421.489990234375,419.6789855957031,419.95001220703125,375638,0
2026-04-27 10:00:00-04:00,420.0400085449219,420.6698913574219,419.7900085449219,420.6698913574219,337319,0
2026-04-27 10:05:00-04:00,420.6300048828125,420.7699890136719,420.0899963378906,420.1199951171875,222516,0
2026-04-27 10:10:00-04:00,420.1449890136719,420.67999267578125,419.6700134277344,420.5799865722656,347398,0
2026-04-27 10:15:00-04:00,420.5799865722656,421.25,420.5201110839844,420.99859619140625,311692,0
2026-04-27 10:20:00-04:00,421.0,422.6300048828125,420.5299987792969,422.5899963378906,324922,0
2026-04-27 10:25:00-04:00,422.6400146484375,424.67401123046875,422.610107421875,424.6182861328125,537008,0
2026-04-27 10:30:00-04:00,424.5849914550781,424.6400146484375,422.82000732421875,423.340087890625,446804,0
2026-04-27 10:35:00-04:00,423.3949890136719,423.9800109863281,422.9100036621094,422.989990234375,285513,0
2026-04-27 10:40:00-04:00,422.9787902832031,423.59991455078125,422.510009765625,423.41729736328125,222156,0
2026-04-27 10:45:00-04:00,423.4100036621094,423.5899963378906,422.70001220703125,423.3500061035156,236548,0
2026-04-27 10:50:00-04:00,423.3800048828125,423.5,422.79998779296875,423.17999267578125,197747,0
2026-04-27 10:55:00-04:00,423.260009765625,423.95989990234375,422.9512023925781,423.75,324660,0
2026-04-27 11:00:00-04:00,423.760009765625,424.0299987792969,422.4200134277344,422.5400085449219,301713,0
2026-04-27 11:05:00-04:00,422.5050048828125,423.0,422.2699890136719,422.44000244140625,342165,0
2026-04-27 11:10:00-04:00,422.3999938964844,422.431884765625,421.3699951171875,421.8999938964844,292963,0
2026-04-27 11:15:00-04:00,421.8699951171875,422.3800048828125,421.6700134277344,422.1400146484375,207037,0
2026-04-27 11:20:00-04:00,422.1099853515625,422.5,421.4100036621094,422.4320068359375,294107,0
2026-04-27 11:25:00-04:00,422.45001220703125,422.92999267578125,422.0299987792969,422.8900146484375,244448,0
2026-04-27 11:30:00-04:00,422.92498779296875,422.9800109863281,422.1700134277344,422.17498779296875,226681,0
2026-04-27 11:35:00-04:00,422.20001220703125,422.54998779296875,422.010009765625,422.2900085449219,192351,0
2026-04-27 11:40:00-04:00,422.31500244140625,422.75,422.25,422.510009765625,164703,0
2026-04-27 11:45:00-04:00,422.5,423.1199951171875,422.260009765625,422.47650146484375,209959,0
2026-04-27 11:50:00-04:00,422.40008544921875,422.4100036621094,421.5799865722656,422.010009765625,189181,0
2026-04-27 11:55:00-04:00,422.0199890136719,422.3999938964844,421.82501220703125,422.3500061035156,205859,0
2026-04-27 12:00:00-04:00,422.3450012207031,422.8699951171875,422.19000244140625,422.7923889160156,187332,0
2026-04-27 12:05:00-04:00,422.8299865722656,423.3299865722656,422.7650146484375,423.0450134277344,136924,0
2026-04-27 12:10:00-04:00,423.0400085449219,423.5450134277344,422.9100036621094,423.42999267578125,153244,0
2026-04-27 12:15:00-04:00,423.42999267578125,423.94000244140625,423.4100036621094,423.92999267578125,136978,0
2026-04-27 12:20:00-04:00,423.95001220703125,423.9800109863281,423.55010986328125,423.760009765625,150961,0
2026-04-27 12:25:00-04:00,423.7799987792969,424.0199890136719,423.45001220703125,423.6199951171875,186184,0
2026-04-27 12:30:00-04:00,423.6000061035156,423.8399963378906,423.20001220703125,423.2799987792969,123958,0
2026-04-27 12:35:00-04:00,423.2900085449219,423.9150085449219,423.2301025390625,423.87811279296875,87721,0
2026-04-27 12:40:00-04:00,423.8900146484375,424.1700134277344,423.7200012207031,423.8299865722656,149572,0
2026-04-27 12:45:00-04:00,423.885009765625,424.1499938964844,423.75,423.9100036621094,171901,0
2026-04-27 12:50:00-04:00,423.9100036621094,424.14990234375,423.6000061035156,423.9800109863281,152232,0
2026-04-27 12:55:00-04:00,423.95001220703125,424.41900634765625,423.8800048828125,424.3949890136719,172021,0
2026-04-27 13:00:00-04:00,424.3974914550781,424.54998779296875,424.20001220703125,424.4750061035156,124649,0
2026-04-27 13:05:00-04:00,424.4750061035156,424.6400146484375,423.92999267578125,424.32000732421875,142628,0
2026-04-27 13:10:00-04:00,424.3599853515625,424.8695068359375,424.2650146484375,424.8695068359375,141756,0
2026-04-27 13:15:00-04:00,424.8550109863281,425.17999267578125,424.6499938964844,424.82000732421875,263855,0
2026-04-27 13:20:00-04:00,424.80999755859375,424.8599853515625,424.25,424.70599365234375,141740,0
2026-04-27 13:25:00-04:00,424.7250061035156,425.1099853515625,424.67999267578125,425.0799865722656,147161,0
2026-04-27 13:30:00-04:00,425.0799865722656,425.55999755859375,425.0299987792969,425.54998779296875,198125,0
2026-04-27 13:35:00-04:00,425.5400085449219,425.8399963378906,425.45001220703125,425.5299987792969,195949,0
2026-04-27 13:40:00-04:00,425.5400085449219,425.75,425.3450012207031,425.739990234375,144934,0
2026-04-27 13:45:00-04:00,425.7250061035156,425.8699951171875,425.6199951171875,425.6700134277344,168050,0
2026-04-27 13:50:00-04:00,425.6499938964844,425.8399963378906,425.5299987792969,425.7099914550781,135254,0
2026-04-27 13:55:00-04:00,425.69500732421875,425.9200134277344,425.510009765625,425.7101135253906,182095,0
2026-04-27 14:00:00-04:00,425.7099914550781,426.07000732421875,425.5400085449219,425.7699890136719,183809,0
2026-04-27 14:05:00-04:00,425.7699890136719,426.4100036621094,425.7001037597656,426.2449951171875,326752,0
2026-04-27 14:10:00-04:00,426.239990234375,426.6199951171875,426.2200012207031,426.5400085449219,176214,0
2026-04-27 14:15:00-04:00,426.5299987792969,426.84991455078125,425.9100036621094,425.9649963378906,206996,0
2026-04-27 14:20:00-04:00,425.94000244140625,426.3500061035156,425.8800048828125,426.2099914550781,145689,0
2026-04-27 14:25:00-04:00,426.2650146484375,426.6700134277344,426.17999267578125,426.6400146484375,127367,0
2026-04-27 14:30:00-04:00,426.6382141113281,426.8399963378906,426.2601013183594,426.3599853515625,164547,0
2026-04-27 14:35:00-04:00,426.3699951171875,426.5899963378906,426.1202087402344,426.54998779296875,206159,0
2026-04-27 14:40:00-04:00,426.5400085449219,427.0799865722656,426.3500061035156,426.739990234375,294092,0
2026-04-27 14:45:00-04:00,426.7200012207031,426.7200012207031,425.66009521484375,425.80999755859375,213673,0
2026-04-27 14:50:00-04:00,425.7850036621094,426.0,425.5299987792969,425.67498779296875,186424,0
2026-04-27 14:55:00-04:00,425.65850830078125,426.0799865722656,425.6400146484375,425.8949890136719,166502,0
2026-04-27 15:00:00-04:00,425.8800048828125,426.0299987792969,424.9849853515625,425.05499267578125,261973,0
2026-04-27 15:05:00-04:00,425.05499267578125,425.07330322265625,424.4100036621094,424.45989990234375,204017,0
2026-04-27 15:10:00-04:00,424.44000244140625,424.739990234375,424.2799987792969,424.45001220703125,168742,0
2026-04-27 15:15:00-04:00,424.4800109863281,425.1673889160156,424.3399963378906,425.0,197665,0
2026-04-27 15:20:00-04:00,424.989990234375,425.1499938964844,424.7099914550781,425.0199890136719,174563,0
2026-04-27 15:25:00-04:00,425.0,425.0400085449219,424.5400085449219,424.6600036621094,237232,0
2026-04-27 15:30:00-04:00,424.6700134277344,425.5299987792969,424.5799865722656,425.5299987792969,279313,0
2026-04-27 15:35:00-04:00,425.5150146484375,426.114990234375,425.1499938964844,426.114990234375,395899,0
2026-04-27 15:40:00-04:00,426.0899963378906,426.17999267578125,425.67999267578125,425.8299865722656,364821,0
2026-04-27 15:45:00-04:00,425.8500061035156,426.0299987792969,425.3550109863281,425.489990234375,254584,0
2026-04-27 15:50:00-04:00,425.5,425.75,424.1600036621094,424.44000244140625,800079,0
2026-04-27 15:55:00-04:00,424.4800109863281,425.2799987792969,424.4800109863281,425.05999755859375,991949,0
2026-04-28 09:30:00-04:00,424.7200012207031,424.7200012207031,421.8999938964844,422.2550048828125,2157558,0
2026-04-28 09:35:00-04:00,422.2900085449219,423.2351989746094,421.989990234375,422.7025146484375,415557,0
2026-04-28 09:40:00-04:00,422.7049865722656,423.8500061035156,422.55499267578125,423.8500061035156,402752,0
2026-04-28 09:45:00-04:00,423.8900146484375,426.260009765625,423.510009765625,426.05499267578125,679174,0
2026-04-28 09:50:00-04:00,426.05499267578125,428.0799865722656,426.0299987792969,426.1499938964844,640303,0
2026-04-28 09:55:00-04:00,426.1005859375,427.3999938964844,425.8999938964844,426.67999267578125,421362,0
2026-04-28 10:00:00-04:00,426.67999267578125,427.1300048828125,425.6499938964844,425.739990234375,321078,0
2026-04-28 10:05:00-04:00,425.6600036621094,426.8299865722656,425.5199890136719,426.45001220703125,288409,0
2026-04-28 10:10:00-04:00,426.45001220703125,426.5899963378906,425.42999267578125,425.4949951171875,323428,0
2026-04-28 10:15:00-04:00,425.4949951171875,425.92498779296875,424.95001220703125,425.2699890136719,655176,0
2026-04-28 10:20:00-04:00,425.2799987792969,425.9200134277344,425.20001220703125,425.8999938964844,252392,0
2026-04-28 10:25:00-04:00,425.8949890136719,426.90478515625,425.8800048828125,426.3901062011719,302751,0
2026-04-28 10:30:00-04:00,426.4200134277344,426.9800109863281,426.2099914550781,426.5148010253906,215362,0
2026-04-28 10:35:00-04:00,426.54998779296875,426.8598937988281,425.3599853515625,425.8099060058594,274155,0
2026-04-28 10:40:00-04:00,425.7749938964844,425.8699951171875,425.0,425.5614929199219,291109,0
2026-04-28 10:45:00-04:00,425.6000061035156,425.79998779296875,424.8699951171875,425.1650085449219,293762,0
2026-04-28 10:50:00-04:00,425.10009765625,426.3699951171875,424.8800048828125,425.443115234375,368315,0
2026-04-28 10:55:00-04:00,425.4949951171875,425.95001220703125,425.20001220703125,425.8500061035156,325817,0
2026-04-28 11:00:00-04:00,425.8500061035156,426.6400146484375,425.760009765625,426.42999267578125,239696,0
2026-04-28 11:05:00-04:00,426.3999938964844,426.7699890136719,425.3599853515625,425.92498779296875,278710,0
2026-04-28 11:10:00-04:00,425.8999938964844,426.760009765625,425.4100036621094,426.61248779296875,307449,0
2026-04-28 11:15:00-04:00,426.6499938964844,426.70001220703125,425.8999938964844,426.45001220703125,203894,0
2026-04-28 11:20:00-04:00,426.45001220703125,426.5400085449219,425.3500061035156,426.0299987792969,179176,0
2026-04-28 11:25:00-04:00,426.05499267578125,426.0799865722656,425.5350036621094,425.8002014160156,156814,0
2026-04-28 11:30:00-04:00,425.75,426.510009765625,425.55010986328125,426.1600036621094,300955,0
2026-04-28 11:35:00-04:00,426.0849914550781,426.6449890136719,425.79998779296875,426.4649963378906,260852,0
2026-04-28 11:40:00-04:00,426.4649963378906,426.5299987792969,426.0412902832031,426.2749938964844,155525,0
2026-04-28 11:45:00-04:00,426.29998779296875,426.8800048828125,426.07000732421875,426.7799987792969,686930,0
2026-04-28 11:50:00-04:00,426.7825012207031,427.3999938964844,426.510009765625,427.3999938964844,320183,0
2026-04-28 11:55:00-04:00,427.364990234375,427.69000244140625,426.94000244140625,427.68548583984375,278871,0
2026-04-28 12:00:00-04:00,427.67999267578125,428.5050048828125,426.75,427.739990234375,563541,0
2026-04-28 12:05:00-04:00,427.739990234375,427.9400939941406,427.0799865722656,427.7611999511719,281068,0
2026-04-28 12:10:00-04:00,427.760009765625,428.1400146484375,427.5600891113281,427.7699890136719,667297,0
2026-04-28 12:15:00-04:00,427.7799987792969,427.92999267578125,427.4527893066406,427.69000244140625,192717,0
2026-04-28 12:20:00-04:00,427.70001220703125,428.40509033203125,427.67010498046875,428.1449890136719,210333,0
2026-04-28 12:25:00-04:00,428.1600036621094,428.5799865722656,427.8999938964844,428.4949951171875,169342,0
2026-04-28 12:30:00-04:00,428.4800109863281,428.6499938964844,427.7300109863281,427.7300109863281,181407,0
2026-04-28 12:35:00-04:00,427.70001220703125,427.93701171875,427.385009765625,427.8900146484375,205224,0
2026-04-28 12:40:00-04:00,427.9100036621094,427.9800109863281,427.7099914550781,427.8800048828125,172489,0
2026-04-28 12:45:00-04:00,427.8999938964844,428.1000061035156,427.82000732421875,427.9649963378906,136844,0
2026-04-28 12:50:00-04:00,427.9800109863281,428.7550048828125,427.9700012207031,428.7349853515625,197290,0
2026-04-28 12:55:00-04:00,428.739990234375,429.05999755859375,428.42999267578125,428.5249938964844,220494,0
2026-04-28 13:00:00-04:00,428.5199890136719,429.19000244140625,427.9200134277344,428.0299987792969,209440,0
2026-04-28 13:05:00-04:00,428.0299987792969,428.0350036621094,427.6199951171875,427.75,138476,0
2026-04-28 13:10:00-04:00,427.7650146484375,428.1000061035156,427.57000732421875,427.9700012207031,205453,0
2026-04-28 13:15:00-04:00,427.989990234375,428.5,427.760009765625,428.5,156837,0
2026-04-28 13:20:00-04:00,428.4700012207031,428.8500061035156,428.3500061035156,428.8399963378906,155351,0
2026-04-28 13:25:00-04:00,428.8500061035156,429.0299987792969,428.5,428.7300109863281,208279,0
2026-04-28 13:30:00-04:00,428.739990234375,429.0299987792969,428.29998779296875,428.4800109863281,204571,0
2026-04-28 13:35:00-04:00,428.4800109863281,428.54998779296875,427.79998779296875,428.05999755859375,203222,0
2026-04-28 13:40:00-04:00,428.0799865722656,428.19989013671875,427.6600036621094,427.79998779296875,170099,0
2026-04-28 13:45:00-04:00,427.81500244140625,428.0299987792969,427.55999755859375,427.8399963378906,196382,0
2026-04-28 13:50:00-04:00,427.82501220703125,428.3399963378906,427.76849365234375,427.9200134277344,157598,0
2026-04-28 13:55:00-04:00,427.8599853515625,428.15960693359375,427.80010986328125,427.864990234375,107859,0
2026-04-28 14:00:00-04:00,427.8699951171875,427.89990234375,427.0,427.1499938964844,197125,0
2026-04-28 14:05:00-04:00,427.1499938964844,427.3450012207031,426.760009765625,426.8160095214844,219037,0
2026-04-28 14:10:00-04:00,426.80999755859375,427.0899963378906,426.7099914550781,426.79998779296875,119220,0
2026-04-28 14:15:00-04:00,426.7900085449219,426.9302062988281,426.6300048828125,426.7698974609375,150837,0
2026-04-28 14:20:00-04:00,426.739990234375,426.8900146484375,426.3999938964844,426.67120361328125,198010,0
2026-04-28 14:25:00-04:00,426.70001220703125,426.8299865722656,426.30999755859375,426.6099853515625,200904,0
2026-04-28 14:30:00-04:00,426.5899963378906,426.6600036621094,426.0799865722656,426.1695861816406,198764,0
2026-04-28 14:35:00-04:00,426.1499938964844,426.7699890136719,426.0799865722656,426.55999755859375,173452,0
2026-04-28 14:40:00-04:00,426.54998779296875,426.739990234375,426.30010986328125,426.69000244140625,273851,0
2026-04-28 14:45:00-04:00,426.6744079589844,426.8800048828125,426.44000244140625,426.8599853515625,284901,0
2026-04-28 14:50:00-04:00,426.8699951171875,427.5928039550781,426.7699890136719,427.5,209402,0
2026-04-28 14:55:00-04:00,427.5,427.705810546875,426.94000244140625,427.6437072753906,290097,0
2026-04-28 15:00:00-04:00,427.6199951171875,427.69989013671875,427.0299987792969,427.2300109863281,230379,0
2026-04-28 15:05:00-04:00,427.25,428.0,427.2099914550781,427.8999938964844,191066,0
2026-04-28 15:10:00-04:00,427.8800048828125,428.05999755859375,427.6400146484375,427.6600036621094,213962,0
2026-04-28 15:15:00-04:00,427.65740966796875,427.8299865722656,427.3699951171875,427.8172912597656,191140,0
2026-04-28 15:20:00-04:00,427.79010009765625,428.29998779296875,427.6400146484375,428.2900085449219,972654,0
2026-04-28 15:25:00-04:00,428.29998779296875,429.05999755859375,428.2699890136719,428.9949951171875,375830,0
2026-04-28 15:30:00-04:00,429.0098876953125,429.54998779296875,428.80999755859375,429.2799987792969,415496,0
2026-04-28 15:35:00-04:00,429.29998779296875,429.6000061035156,429.0,429.36370849609375,329292,0
2026-04-28 15:40:00-04:00,429.3799133300781,429.4800109863281,428.7749938964844,429.1499938964844,485089,0
2026-04-28 15:45:00-04:00,429.1650085449219,429.54998779296875,429.05999755859375,429.4200134277344,278851,0
2026-04-28 15:50:00-04:00,429.45001220703125,429.9100036621094,428.6000061035156,428.8599853515625,592356,0
2026-04-28 15:55:00-04:00,428.7900085449219,429.6300048828125,428.69000244140625,429.3599853515625,1120652,0
2026-04-29 09:30:00-04:00,424.57501220703125,425.3299865722656,421.7799987792969,422.3800048828125,2109961,0
2026-04-29 09:35:00-04:00,422.3699951171875,423.5799865722656,422.010009765625,423.1499938964844,629075,0
2026-04-29 09:40:00-04:00,423.1072082519531,424.6600036621094,422.5350036621094,424.489990234375,554825,0
2026-04-29 09:45:00-04:00,424.489990234375,425.1000061035156,423.6200866699219,425.05499267578125,722386,0
2026-04-29 09:50:00-04:00,425.05999755859375,426.6867980957031,425.05999755859375,426.64208984375,571641,0
2026-04-29 09:55:00-04:00,426.6400146484375,426.82000732421875,425.0400085449219,425.5450134277344,442314,0
2026-04-29 10:00:00-04:00,425.5299987792969,425.54998779296875,424.3999938964844,424.6400146484375,454261,0
2026-04-29 10:05:00-04:00,424.6199951171875,424.6799011230469,423.95001220703125,424.55499267578125,383935,0
2026-04-29 10:10:00-04:00,424.55499267578125,424.75,423.7850036621094,423.9949951171875,354108,0
2026-04-29 10:15:00-04:00,423.9949951171875,424.94000244140625,423.25250244140625,424.3349914550781,453609,0
2026-04-29 10:20:00-04:00,424.29998779296875,424.8377990722656,423.9700012207031,424.80999755859375,272864,0
2026-04-29 10:25:00-04:00,424.80999755859375,425.2300109863281,424.42999267578125,425.20001220703125,295896,0
2026-04-29 10:30:00-04:00,425.2300109863281,425.7300109863281,424.80010986328125,425.5299987792969,273078,0
2026-04-29 10:35:00-04:00,425.5799865722656,425.7799987792969,424.94000244140625,425.0150146484375,231042,0
2026-04-29 10:40:00-04:00,424.9800109863281,425.5350036621094,424.57000732421875,425.5350036621094,345382,0
2026-04-29 10:45:00-04:00,425.57501220703125,425.6000061035156,424.6000061035156,425.1549987792969,248824,0
2026-04-29 10:50:00-04:00,425.1400146484375,425.3890075683594,424.7799987792969,425.0508117675781,184317,0
2026-04-29 10:55:00-04:00,425.07000732421875,425.4200134277344,424.94000244140625,425.3299865722656,207630,0
2026-04-29 11:00:00-04:00,425.3349914550781,425.8299865722656,425.15399169921875,425.70001220703125,263828,0
2026-04-29 11:05:00-04:00,425.67999267578125,425.70001220703125,425.010009765625,425.1300048828125,165176,0
2026-04-29 11:10:00-04:00,425.1400146484375,425.1400146484375,424.1700134277344,424.1900939941406,256982,0
2026-04-29 11:15:00-04:00,424.20001220703125,424.9100036621094,424.1191101074219,424.3500061035156,214992,0
2026-04-29 11:20:00-04:00,424.375,424.8699035644531,424.364990234375,424.55120849609375,231309,0
2026-04-29 11:25:00-04:00,424.57000732421875,424.6000061035156,424.0400085449219,424.3583068847656,233931,0
2026-04-29 11:30:00-04:00,424.3699951171875,425.17999267578125,424.3699951171875,425.1700134277344,263785,0
2026-04-29 11:35:00-04:00,425.19000244140625,425.29510498046875,424.54998779296875,424.6499938964844,254155,0
2026-04-29 11:40:00-04:00,424.6600036621094,424.760009765625,424.2200012207031,424.57000732421875,158863,0
2026-04-29 11:45:00-04:00,424.5950012207031,425.0,424.510009765625,424.94000244140625,129828,0
2026-04-29 11:50:00-04:00,424.94500732421875,425.19000244140625,423.6400146484375,423.8349914550781,289401,0
2026-04-29 11:55:00-04:00,423.8349914550781,424.39990234375,423.6780090332031,424.3349914550781,214285,0
2026-04-29 12:00:00-04:00,424.3599853515625,424.6700134277344,424.17498779296875,424.489990234375,141543,0
2026-04-29 12:05:00-04:00,424.5199890136719,424.7950134277344,424.45001220703125,424.69500732421875,110820,0
2026-04-29 12:10:00-04:00,424.67999267578125,424.760009765625,424.1000061035156,424.20001220703125,153084,0
2026-04-29 12:15:00-04:00,424.20001220703125,424.3999938964844,423.1549987792969,423.2300109863281,302085,0
2026-04-29 12:20:00-04:00,423.2250061035156,423.4800109863281,422.2799987792969,422.3399963378906,346930,0
2026-04-29 12:25:00-04:00,422.3399963378906,422.4700012207031,421.739990234375,422.010009765625,368628,0
2026-04-29 12:30:00-04:00,422.0,422.0299987792969,420.8800048828125,420.94000244140625,291364,0
2026-04-29 12:35:00-04:00,420.93499755859375,421.4700012207031,420.2900085449219,421.42498779296875,435891,0
2026-04-29 12:40:00-04:00,421.5,422.20330810546875,421.489990234375,422.18499755859375,203159,0
2026-04-29 12:45:00-04:00,422.1700134277344,422.4100036621094,421.8599853515625,422.19000244140625,173759,0
2026-04-29 12:50:00-04:00,422.1282043457031,422.6499938964844,422.0299987792969,422.614990234375,150371,0
2026-04-29 12:55:00-04:00,422.60009765625,422.8725891113281,422.3800048828125,422.42999267578125,168487,0
2026-04-29 13:00:00-04:00,422.4599914550781,422.5,421.9700012207031,422.3399963378906,473513,0
2026-04-29 13:05:00-04:00,422.3599853515625,422.75,421.8999938964844,422.7049865722656,177771,0
2026-04-29 13:10:00-04:00,422.7049865722656,422.7749938964844,422.1000061035156,422.17498779296875,119561,0
2026-04-29 13:15:00-04:00,422.17498779296875,422.3999938964844,422.01031494140625,422.32501220703125,150665,0
2026-04-29 13:20:00-04:00,422.29998779296875,422.94989013671875,422.2900085449219,422.67999267578125,149466,0
2026-04-29 13:25:00-04:00,422.67999267578125,423.19000244140625,422.5299987792969,423.1600036621094,119580,0
2026-04-29 13:30:00-04:00,423.1449890136719,423.55499267578125,423.0,423.3349914550781,347016,0
2026-04-29 13:35:00-04:00,423.3500061035156,423.6400146484375,423.0799865722656,423.614990234375,125009,0
2026-04-29 13:40:00-04:00,423.614990234375,423.95001220703125,423.54998779296875,423.95001220703125,164836,0
2026-04-29 13:45:00-04:00,423.94000244140625,424.0,423.57000732421875,423.8500061035156,138111,0
2026-04-29 13:50:00-04:00,423.8900146484375,424.1400146484375,423.54998779296875,423.5799865722656,184775,0
2026-04-29 13:55:00-04:00,423.6099853515625,423.6099853515625,423.1499938964844,423.3500061035156,180915,0
2026-04-29 14:00:00-04:00,423.3500061035156,423.3949890136719,422.5299987792969,422.6400146484375,178630,0
2026-04-29 14:05:00-04:00,422.6099853515625,423.20001220703125,422.5400085449219,422.90850830078125,191427,0
2026-04-29 14:10:00-04:00,422.8699951171875,423.19000244140625,422.5199890136719,423.0899963378906,182076,0
2026-04-29 14:15:00-04:00,423.07000732421875,423.760009765625,422.94000244140625,423.760009765625,184415,0
2026-04-29 14:20:00-04:00,423.760009765625,424.2250061035156,423.739990234375,423.760009765625,194911,0
2026-04-29 14:25:00-04:00,423.760009765625,423.7799987792969,423.3699951171875,423.6549987792969,203576,0
2026-04-29 14:30:00-04:00,423.6549987792969,423.8299865722656,423.3599853515625,423.4849853515625,266394,0
2026-04-29 14:35:00-04:00,423.4849853515625,423.8399963378906,423.010009765625,423.2349853515625,450187,0
2026-04-29 14:40:00-04:00,423.2300109863281,423.8399963378906,422.9800109863281,423.6000061035156,230809,0
2026-04-29 14:45:00-04:00,423.6000061035156,424.6000061035156,423.32000732421875,424.510009765625,316838,0
2026-04-29 14:50:00-04:00,424.510009765625,425.0,424.4472961425781,424.5199890136719,332230,0
2026-04-29 14:55:00-04:00,424.4800109863281,425.1799011230469,424.45001220703125,424.9811096191406,294460,0
2026-04-29 15:00:00-04:00,425.0,425.42999267578125,424.5199890136719,424.5299987792969,240701,0
2026-04-29 15:05:00-04:00,424.55999755859375,424.57000732421875,424.1499938964844,424.2900085449219,273003,0
2026-04-29 15:10:00-04:00,424.2799987792969,424.9750061035156,424.1600036621094,424.7099914550781,237367,0
2026-04-29 15:15:00-04:00,424.739990234375,425.1000061035156,424.4700012207031,424.8699951171875,259702,0
2026-04-29 15:20:00-04:00,424.8550109863281,425.2799987792969,424.5799865722656,424.7929992675781,285567,0
2026-04-29 15:25:00-04:00,424.7799987792969,425.0199890136719,424.55999755859375,424.9800109863281,234847,0
2026-04-29 15:30:00-04:00,424.9700012207031,425.20001220703125,423.95001220703125,424.07000732421875,316574,0
2026-04-29 15:35:00-04:00,424.07000732421875,424.3399963378906,423.95001220703125,424.25,327139,0
2026-04-29 15:40:00-04:00,424.2449951171875,424.3500061035156,423.30999755859375,423.385009765625,386727,0
2026-04-29 15:45:00-04:00,423.3999938964844,424.20001220703125,423.30999755859375,423.92999267578125,393067,0
2026-04-29 15:50:00-04:00,423.8800048828125,423.95001220703125,423.1700134277344,423.67999267578125,830630,0
2026-04-29 15:55:00-04:00,423.67999267578125,424.8299865722656,423.5899963378906,424.6400146484375,1885911,0
2026-04-30 09:30:00-04:00,410.7875061035156,414.4200134277344,410.0199890136719,410.5899963378906,5483037,0
2026-04-30 09:35:00-04:00,410.5199890136719,412.8800048828125,408.6700134277344,410.9198913574219,1670846,0
2026-04-30 09:40:00-04:00,410.8550109863281,411.489990234375,408.30218505859375,409.79998779296875,1085288,0
2026-04-30 09:45:00-04:00,409.7699890136719,410.3900146484375,407.8500061035156,408.4200134277344,1144775,0
2026-04-30 09:50:00-04:00,408.4599914550781,408.8999938964844,404.29998779296875,404.80499267578125,1588612,0
2026-04-30 09:55:00-04:00,404.760009765625,406.3500061035156,403.7200012207031,404.94500732421875,1358695,0
2026-04-30 10:00:00-04:00,404.94500732421875,405.635009765625,403.25,403.4599914550781,1225296,0
2026-04-30 10:05:00-04:00,403.4599914550781,404.30999755859375,401.2300109863281,401.260009765625,1698417,0
2026-04-30 10:10:00-04:00,401.2900085449219,404.4700012207031,400.7099914550781,403.94000244140625,1532283,0
2026-04-30 10:15:00-04:00,403.9599914550781,403.9599914550781,401.57000732421875,402.44000244140625,884136,0
2026-04-30 10:20:00-04:00,402.3800048828125,402.9599914550781,401.1000061035156,401.2698974609375,993850,0
2026-04-30 10:25:00-04:00,401.23968505859375,401.79998779296875,400.1300048828125,401.6499938964844,1169425,0
2026-04-30 10:30:00-04:00,401.6199951171875,403.5,401.2799987792969,402.42999267578125,925707,0
2026-04-30 10:35:00-04:00,402.42999267578125,402.45001220703125,401.1199951171875,401.5400085449219,767471,0
2026-04-30 10:40:00-04:00,401.5799865722656,404.2598876953125,401.55999755859375,404.05999755859375,795246,0
2026-04-30 10:45:00-04:00,404.04998779296875,405.4800109863281,404.04998779296875,405.03009033203125,836547,0
2026-04-30 10:50:00-04:00,405.03009033203125,405.83990478515625,404.29998779296875,405.7749938964844,738418,0
2026-04-30 10:55:00-04:00,405.7300109863281,406.4200134277344,405.510009765625,406.2200012207031,700369,0
2026-04-30 11:00:00-04:00,406.25,406.9700012207031,405.2200012207031,405.6400146484375,606576,0
2026-04-30 11:05:00-04:00,405.6199951171875,405.760009765625,404.6000061035156,405.1499938964844,537852,0
2026-04-30 11:10:00-04:00,405.1199951171875,405.5,404.5799865722656,404.5899963378906,378600,0
2026-04-30 11:15:00-04:00,404.54998779296875,405.1499938964844,404.04998779296875,404.3800048828125,428172,0
2026-04-30 11:20:00-04:00,404.3699951171875,404.57000732421875,403.54998779296875,403.8349914550781,502885,0
2026-04-30 11:25:00-04:00,403.8349914550781,403.85699462890625,402.8699951171875,403.04998779296875,600493,0
2026-04-30 11:30:00-04:00,403.0849914550781,403.8800048828125,402.6700134277344,402.7900085449219,541235,0
2026-04-30 11:35:00-04:00,402.70001220703125,402.70001220703125,401.7099914550781,401.8550109863281,481032,0
2026-04-30 11:40:00-04:00,401.8349914550781,403.2699890136719,401.6000061035156,403.0450134277344,540900,0
2026-04-30 11:45:00-04:00,403.0450134277344,403.44000244140625,402.57000732421875,403.44000244140625,314381,0
2026-04-30 11:50:00-04:00,403.44000244140625,403.5199890136719,402.75,403.0400085449219,433272,0
2026-04-30 11:55:00-04:00,403.0849914550781,403.25,402.75,402.80499267578125,357600,0
2026-04-30 12:00:00-04:00,402.7900085449219,403.5400085449219,402.57000732421875,403.32501220703125,344361,0
2026-04-30 12:05:00-04:00,403.3583068847656,403.5,402.6400146484375,402.6400146484375,284937,0
2026-04-30 12:10:00-04:00,402.6199951171875,403.2699890136719,402.04998779296875,402.826904296875,364956,0
2026-04-30 12:15:00-04:00,402.7749938964844,402.9198913574219,402.4849853515625,402.8299865722656,562488,0
2026-04-30 12:20:00-04:00,402.8299865722656,403.07000732421875,402.1400146484375,402.19000244140625,265539,0
2026-04-30 12:25:00-04:00,402.1400146484375,402.18231201171875,400.85009765625,400.93499755859375,702610,0
2026-04-30 12:30:00-04:00,400.9100036621094,401.6700134277344,400.7200012207031,400.9949951171875,433095,0
2026-04-30 12:35:00-04:00,401.010009765625,401.3699951171875,400.79998779296875,400.9200134277344,422801,0
2026-04-30 12:40:00-04:00,400.9100036621094,401.2699890136719,399.6400146484375,400.2099914550781,1193161,0
2026-04-30 12:45:00-04:00,400.2099914550781,400.32000732421875,399.30999755859375,400.2699890136719,672724,0
2026-04-30 12:50:00-04:00,400.25,400.25,398.010009765625,398.93328857421875,795625,0
2026-04-30 12:55:00-04:00,398.95001220703125,399.5400085449219,398.4750061035156,399.05999755859375,467372,0
2026-04-30 13:00:00-04:00,399.0400085449219,399.9599914550781,399.0,399.88250732421875,432128,0
2026-04-30 13:05:00-04:00,399.8999938964844,399.92999267578125,399.3299865722656,399.55499267578125,293563,0
2026-04-30 13:10:00-04:00,399.55499267578125,400.7900085449219,399.4700012207031,400.2699890136719,444179,0
2026-04-30 13:15:00-04:00,400.2699890136719,400.3500061035156,399.5299987792969,399.95001220703125,323477,0
2026-04-30 13:20:00-04:00,399.92999267578125,400.8999938964844,399.8999938964844,400.75,453022,0
2026-04-30 13:25:00-04:00,400.75,401.0299987792969,400.5299987792969,401.0199890136719,288312,0
2026-04-30 13:30:00-04:00,400.9800109863281,401.9200134277344,400.93011474609375,401.4150085449219,450395,0
2026-04-30 13:35:00-04:00,401.42999267578125,401.4700012207031,401.0299987792969,401.3399963378906,281836,0
2026-04-30 13:40:00-04:00,401.3450012207031,401.9100036621094,401.239990234375,401.3500061035156,362303,0
2026-04-30 13:45:00-04:00,401.3599853515625,401.8399963378906,401.29998779296875,401.6099853515625,294266,0
2026-04-30 13:50:00-04:00,401.510009765625,402.3500061035156,401.260009765625,402.1799011230469,343008,0
2026-04-30 13:55:00-04:00,402.1700134277344,402.989990234375,402.1600036621094,402.6700134277344,314319,0
2026-04-30 14:00:00-04:00,402.5799865722656,404.1600036621094,402.5400085449219,404.05999755859375,1406453,0
2026-04-30 14:05:00-04:00,404.07501220703125,404.659912109375,403.9200134277344,403.9750061035156,448671,0
2026-04-30 14:10:00-04:00,403.9649963378906,404.8999938964844,403.9100036621094,404.54998779296875,310192,0
2026-04-30 14:15:00-04:00,404.56500244140625,405.1099853515625,404.4800109863281,404.7633056640625,391135,0
2026-04-30 14:20:00-04:00,404.70001220703125,405.3999938964844,404.4901123046875,404.8299865722656,302314,0
2026-04-30 14:25:00-04:00,404.8349914550781,406.17181396484375,404.6400146484375,406.1549987792969,382630,0
2026-04-30 14:30:00-04:00,406.1549987792969,407.0799865722656,406.1000061035156,406.6549987792969,489795,0
2026-04-30 14:35:00-04:00,406.6300048828125,407.1499938964844,406.4200134277344,406.9049987792969,350942,0
2026-04-30 14:40:00-04:00,406.8999938964844,407.79998779296875,406.8301086425781,407.20001220703125,525569,0
2026-04-30 14:45:00-04:00,407.2149963378906,408.11260986328125,407.0,407.2149963378906,570364,0
2026-04-30 14:50:00-04:00,407.20001220703125,407.510009765625,406.5022888183594,407.1700134277344,430840,0
2026-04-30 14:55:00-04:00,407.1600036621094,407.4800109863281,406.4200134277344,407.4599914550781,404261,0
2026-04-30 15:00:00-04:00,407.44500732421875,407.6700134277344,406.70001220703125,407.5,407510,0
2026-04-30 15:05:00-04:00,407.5,407.79998779296875,407.0,407.42999267578125,409983,0
2026-04-30 15:10:00-04:00,407.42999267578125,407.67999267578125,406.8599853515625,407.135009765625,492746,0
2026-04-30 15:15:00-04:00,407.135009765625,407.2799987792969,406.79998779296875,407.1449890136719,363694,0
2026-04-30 15:20:00-04:00,407.1449890136719,408.2799987792969,406.8999938964844,408.2799987792969,482269,0
2026-04-30 15:25:00-04:00,408.25,408.94000244140625,408.0,408.3399963378906,608545,0
2026-04-30 15:30:00-04:00,408.31500244140625,408.7300109863281,408.0199890136719,408.17999267578125,570471,0
2026-04-30 15:35:00-04:00,408.17999267578125,408.70001220703125,408.04998779296875,408.610107421875,679113,0
2026-04-30 15:40:00-04:00,408.6300048828125,409.39990234375,408.6000061035156,409.29998779296875,647265,0
2026-04-30 15:45:00-04:00,409.2950134277344,409.45001220703125,408.1499938964844,408.70001220703125,638559,0
2026-04-30 15:50:00-04:00,408.739990234375,410.1199951171875,408.6000061035156,410.1000061035156,1594957,0
2026-04-30 15:55:00-04:00,410.05999755859375,410.0899963378906,407.5,407.7799987792969,2675083,0
2026-05-01 09:30:00-04:00,412.79998779296875,414.95001220703125,410.57000732421875,414.6300048828125,2136072,0
2026-05-01 09:35:00-04:00,414.6400146484375,416.2699890136719,414.0,415.3197021484375,1002861,0
2026-05-01 09:40:00-04:00,415.31500244140625,415.94000244140625,413.0400085449219,413.6050109863281,591244,0
2026-05-01 09:45:00-04:00,413.6050109863281,416.1600036621094,413.1199951171875,415.8800048828125,652703,0
2026-05-01 09:50:00-04:00,415.9200134277344,416.0899963378906,413.6099853515625,414.7200012207031,362884,0
2026-05-01 09:55:00-04:00,414.70001220703125,415.1499938964844,411.9750061035156,412.17999267578125,589312,0
2026-05-01 10:00:00-04:00,412.2300109863281,413.2499084472656,411.55999755859375,411.614990234375,565785,0
2026-05-01 10:05:00-04:00,411.6380920410156,412.3699951171875,410.43499755859375,412.3240051269531,544523,0
2026-05-01 10:10:00-04:00,412.32000732421875,412.95001220703125,412.07000732421875,412.82000732421875,367657,0
2026-05-01 10:15:00-04:00,412.7799987792969,413.0799865722656,411.2300109863281,412.1000061035156,642124,0
2026-05-01 10:20:00-04:00,412.1000061035156,413.1099853515625,411.29998779296875,411.29998779296875,420896,0
2026-05-01 10:25:00-04:00,411.25,412.3599853515625,410.5299987792969,412.2950134277344,602380,0
2026-05-01 10:30:00-04:00,412.3699951171875,413.9100036621094,412.1449890136719,413.9049987792969,503402,0
2026-05-01 10:35:00-04:00,413.94000244140625,414.0199890136719,411.5299987792969,411.69000244140625,489695,0
2026-05-01 10:40:00-04:00,411.68499755859375,412.1700134277344,411.0799865722656,412.00201416015625,611431,0
2026-05-01 10:45:00-04:00,411.9779968261719,413.2250061035156,411.739990234375,413.1400146484375,935554,0
2026-05-01 10:50:00-04:00,413.1400146484375,413.44000244140625,412.6199951171875,412.989990234375,265475,0
2026-05-01 10:55:00-04:00,412.989990234375,414.1400146484375,412.9849853515625,414.05999755859375,321092,0
2026-05-01 11:00:00-04:00,414.0899963378906,414.4100036621094,413.510009765625,414.135009765625,340400,0
2026-05-01 11:05:00-04:00,414.0799865722656,414.2300109863281,413.0400085449219,413.5150146484375,220839,0
2026-05-01 11:10:00-04:00,413.4800109863281,414.29998779296875,413.44219970703125,414.2900085449219,269599,0
2026-05-01 11:15:00-04:00,414.32000732421875,414.7499084472656,413.6499938964844,413.75,252911,0
2026-05-01 11:20:00-04:00,413.75,413.94000244140625,413.489990234375,413.94000244140625,381323,0
2026-05-01 11:25:00-04:00,413.9527893066406,414.5950012207031,413.9100036621094,414.5899963378906,219049,0
2026-05-01 11:30:00-04:00,414.57000732421875,415.20001220703125,414.360107421875,414.9100036621094,323269,0
2026-05-01 11:35:00-04:00,414.8981018066406,415.9700012207031,414.5799865722656,415.7900085449219,311992,0
2026-05-01 11:40:00-04:00,415.760009765625,416.4800109863281,415.6099853515625,415.7040100097656,295750,0
2026-05-01 11:45:00-04:00,415.739990234375,417.07989501953125,415.739990234375,417.010986328125,480421,0
2026-05-01 11:50:00-04:00,417.010009765625,417.1099853515625,415.5,415.6199951171875,407687,0
2026-05-01 11:55:00-04:00,415.6400146484375,416.5799865722656,415.54998779296875,415.8208923339844,189099,0
2026-05-01 12:00:00-04:00,415.8800048828125,416.2986145019531,415.55999755859375,415.7900085449219,195840,0
2026-05-01 12:05:00-04:00,415.7650146484375,415.7699890136719,414.3500061035156,414.385009765625,473068,0
2026-05-01 12:10:00-04:00,414.3500061035156,414.44989013671875,413.6499938964844,413.80999755859375,695346,0
2026-05-01 12:15:00-04:00,413.8399963378906,414.0899963378906,413.6099853515625,413.7370910644531,190259,0
2026-05-01 12:20:00-04:00,413.75,413.79998779296875,413.0,413.7550048828125,263590,0
2026-05-01 12:25:00-04:00,413.7200012207031,414.3699035644531,413.2699890136719,414.32501220703125,198585,0
2026-05-01 12:30:00-04:00,414.30999755859375,414.5198059082031,413.4800109863281,413.8699951171875,163111,0
2026-05-01 12:35:00-04:00,413.8699951171875,413.9700012207031,413.5299987792969,413.94500732421875,115328,0
2026-05-01 12:40:00-04:00,413.9049987792969,414.010009765625,413.5539855957031,413.625,129219,0
2026-05-01 12:45:00-04:00,413.54998779296875,413.69000244140625,412.760009765625,413.1000061035156,280036,0
2026-05-01 12:50:00-04:00,413.139892578125,413.42999267578125,412.989990234375,413.19000244140625,231555,0
2026-05-01 12:55:00-04:00,413.25,413.79998779296875,413.04998779296875,413.2099914550781,149032,0
2026-05-01 13:00:00-04:00,413.2099914550781,413.70001220703125,413.1499938964844,413.4049987792969,129732,0
2026-05-01 13:05:00-04:00,413.4200134277344,413.8999938964844,413.3500061035156,413.7300109863281,147202,0
2026-05-01 13:10:00-04:00,413.7200012207031,414.21038818359375,413.57000732421875,413.95001220703125,142551,0
2026-05-01 13:15:00-04:00,414.010009765625,414.29998779296875,413.7300109863281,414.2799987792969,136662,0
2026-05-01 13:20:00-04:00,414.25,414.6199951171875,414.2200012207031,414.3900146484375,137120,0
2026-05-01 13:25:00-04:00,414.44000244140625,414.4800109863281,414.05999755859375,414.4800109863281,182921,0
2026-05-01 13:30:00-04:00,414.5,414.5199890136719,413.9100036621094,414.2001037597656,162838,0
2026-05-01 13:35:00-04:00,414.2200012207031,414.489990234375,414.0,414.4599914550781,96368,0
2026-05-01 13:40:00-04:00,414.46600341796875,414.9800109863281,414.3949890136719,414.6650085449219,149215,0
2026-05-01 13:45:00-04:00,414.6199951171875,414.79998779296875,414.3599853515625,414.7099914550781,118274,0
2026-05-01 13:50:00-04:00,414.7099914550781,415.1499938964844,414.6099853515625,414.8550109863281,168673,0
2026-05-01 13:55:00-04:00,414.8550109863281,415.3500061035156,414.79998779296875,415.20001220703125,163418,0
2026-05-01 14:00:00-04:00,415.20001220703125,415.54998779296875,415.0199890136719,415.2900085449219,254392,0
2026-05-01 14:05:00-04:00,415.2799987792969,416.0,415.1600036621094,415.885986328125,224387,0
2026-05-01 14:10:00-04:00,415.8800048828125,415.9700012207031,415.1900939941406,415.3599853515625,261152,0
2026-05-01 14:15:00-04:00,415.3550109863281,415.6899108886719,415.239990234375,415.6199951171875,185259,0
2026-05-01 14:20:00-04:00,415.6099853515625,415.989990234375,415.5299987792969,415.9200134277344,250855,0
2026-05-01 14:25:00-04:00,415.875,415.989990234375,415.2799987792969,415.5867919921875,180202,0
2026-05-01 14:30:00-04:00,415.54998779296875,415.5799865722656,414.8900146484375,415.45001220703125,208448,0
2026-05-01 14:35:00-04:00,415.45001220703125,415.51141357421875,415.07000732421875,415.1300048828125,139253,0
2026-05-01 14:40:00-04:00,415.1099853515625,415.2200012207031,414.7699890136719,414.9320068359375,193434,0
2026-05-01 14:45:00-04:00,414.9200134277344,415.25,414.54010009765625,414.6000061035156,183276,0
2026-05-01 14:50:00-04:00,414.6099853515625,414.739990234375,414.4100036621094,414.6050109863281,124082,0
2026-05-01 14:55:00-04:00,414.6099853515625,414.9700012207031,414.60009765625,414.8999938964844,179083,0
2026-05-01 15:00:00-04:00,414.8999938964844,415.5299987792969,414.6900939941406,415.2099914550781,159185,0
2026-05-01 15:05:00-04:00,415.20550537109375,415.5799865722656,415.0849914550781,415.20001220703125,170983,0
2026-05-01 15:10:00-04:00,415.20989990234375,415.67999267578125,415.08660888671875,415.5799865722656,202965,0
2026-05-01 15:15:00-04:00,415.5799865722656,415.7300109863281,415.1400146484375,415.20001220703125,190088,0
2026-05-01 15:20:00-04:00,415.17498779296875,415.6000061035156,415.1099853515625,415.55999755859375,193964,0
2026-05-01 15:25:00-04:00,415.6000061035156,416.30999755859375,415.55999755859375,416.2300109863281,290817,0
2026-05-01 15:30:00-04:00,416.25,416.3599853515625,415.7699890136719,416.1600036621094,236057,0
2026-05-01 15:35:00-04:00,416.1600036621094,417.0596923828125,415.8599853515625,416.82000732421875,407021,0
2026-05-01 15:40:00-04:00,416.82000732421875,417.0899963378906,416.05999755859375,416.20001220703125,427920,0
2026-05-01 15:45:00-04:00,416.2300109863281,416.4100036621094,415.94000244140625,416.1299133300781,259148,0
2026-05-01 15:50:00-04:00,416.0899963378906,416.32000732421875,413.5,414.0400085449219,686703,0
2026-05-01 15:55:00-04:00,414.0450134277344,414.5899963378906,413.5199890136719,414.510009765625,1438225,0
2026-05-04 09:30:00-04:00,411.54998779296875,416.79998779296875,410.79998779296875,415.2254943847656,1886027,0
2026-05-04 09:35:00-04:00,415.1400146484375,416.42999267578125,414.44000244140625,414.6400146484375,580454,0
2026-05-04 09:40:00-04:00,414.6505126953125,417.5,414.5,416.4100036621094,494301,0
2026-05-04 09:45:00-04:00,416.4150085449219,419.6600036621094,416.3500061035156,418.8999938964844,644495,0
2026-05-04 09:50:00-04:00,418.8999938964844,420.4150085449219,416.5400085449219,416.8399963378906,761224,0
2026-05-04 09:55:00-04:00,416.8349914550781,416.8349914550781,415.5400085449219,415.8699951171875,420084,0
2026-05-04 10:00:00-04:00,415.94000244140625,416.04998779296875,414.79998779296875,415.4162902832031,444606,0
2026-05-04 10:05:00-04:00,415.42999267578125,415.8500061035156,414.8500061035156,415.4100036621094,510486,0
2026-05-04 10:10:00-04:00,415.4100036621094,417.0799865722656,415.3500061035156,416.75,420021,0
2026-05-04 10:15:00-04:00,416.75,418.95001220703125,416.43011474609375,418.95001220703125,387214,0
2026-05-04 10:20:00-04:00,418.989990234375,419.8999938964844,418.3399963378906,419.44000244140625,425180,0
2026-05-04 10:25:00-04:00,419.4200134277344,420.7799987792969,419.3999938964844,419.8800048828125,519784,0
2026-05-04 10:30:00-04:00,419.8949890136719,420.5,419.1200866699219,420.0398864746094,293171,0
2026-05-04 10:35:00-04:00,419.95001220703125,420.1300048828125,418.75,418.92999267578125,355327,0
2026-05-04 10:40:00-04:00,418.9200134277344,419.17999267578125,417.4200134277344,417.67999267578125,257626,0
2026-05-04 10:45:00-04:00,417.67999267578125,418.79071044921875,417.6050109863281,418.6400146484375,274707,0
2026-05-04 10:50:00-04:00,418.67999267578125,418.91668701171875,418.0799865722656,418.57000732421875,255788,0
2026-05-04 10:55:00-04:00,418.5400085449219,418.69000244140625,417.0,417.30499267578125,262665,0
2026-05-04 11:00:00-04:00,417.2699890136719,418.3599853515625,416.80999755859375,417.8500061035156,236741,0
2026-05-04 11:05:00-04:00,417.8500061035156,418.0950012207031,417.4100036621094,417.60198974609375,246346,0
2026-05-04 11:10:00-04:00,417.6199951171875,417.92999267578125,417.2900085449219,417.69500732421875,346151,0
2026-05-04 11:15:00-04:00,417.70001220703125,418.1499938964844,416.20001220703125,416.25,223633,0
2026-05-04 11:20:00-04:00,416.3900146484375,416.80999755859375,415.4849853515625,415.8999938964844,310765,0
2026-05-04 11:25:00-04:00,415.8900146484375,416.4700012207031,415.635009765625,415.8999938964844,232745,0
2026-05-04 11:30:00-04:00,415.92999267578125,416.0899963378906,414.7300109863281,415.0899963378906,293011,0
2026-05-04 11:35:00-04:00,415.0400085449219,415.0899963378906,414.1700134277344,414.3599853515625,281367,0
2026-05-04 11:40:00-04:00,414.3299865722656,414.7799987792969,413.55999755859375,414.75048828125,233773,0
2026-05-04 11:45:00-04:00,414.7099914550781,415.05999755859375,414.55010986328125,414.6300048828125,265004,0
2026-05-04 11:50:00-04:00,414.635009765625,415.1300048828125,414.12078857421875,415.07000732421875,266132,0
2026-05-04 11:55:00-04:00,415.07000732421875,415.20001220703125,414.69000244140625,414.9750061035156,171985,0
2026-05-04 12:00:00-04:00,414.9649963378906,415.29998779296875,414.4200134277344,414.7099914550781,170943,0
2026-05-04 12:05:00-04:00,414.75,414.8800048828125,413.0199890136719,414.0849914550781,285234,0
2026-05-04 12:10:00-04:00,414.0400085449219,415.05999755859375,413.6700134277344,414.9700012207031,292540,0
2026-05-04 12:15:00-04:00,414.94000244140625,416.1499938964844,414.44500732421875,415.95001220703125,276985,0
2026-05-04 12:20:00-04:00,416.0,416.4800109863281,415.7539978027344,415.8500061035156,167793,0
2026-05-04 12:25:00-04:00,415.8200988769531,416.3599853515625,415.6600036621094,415.71209716796875,127873,0
2026-05-04 12:30:00-04:00,415.7200012207031,416.2699890136719,415.5350036621094,416.2300109863281,200689,0
2026-05-04 12:35:00-04:00,416.2349853515625,416.2900085449219,415.3500061035156,415.4700012207031,205525,0
2026-05-04 12:40:00-04:00,415.40509033203125,415.8800048828125,415.260009765625,415.6000061035156,186640,0
2026-05-04 12:45:00-04:00,415.5400085449219,415.6099853515625,415.05999755859375,415.3349914550781,154895,0
2026-05-04 12:50:00-04:00,415.3299865722656,415.5299987792969,414.57000732421875,414.6300048828125,206237,0
2026-05-04 12:55:00-04:00,414.625,414.6300048828125,413.94000244140625,414.0400085449219,249665,0
2026-05-04 13:00:00-04:00,414.1099853515625,414.45001220703125,413.9949951171875,414.3900146484375,135382,0
2026-05-04 13:05:00-04:00,414.3900146484375,414.6199951171875,414.0000915527344,414.1499938964844,175294,0
2026-05-04 13:10:00-04:00,414.1300048828125,414.2698974609375,413.739990234375,413.9700012207031,206162,0
2026-05-04 13:15:00-04:00,414.0199890136719,414.8500061035156,414.0,414.82989501953125,211615,0
2026-05-04 13:20:00-04:00,414.8299865722656,415.1700134277344,414.57000732421875,414.7699890136719,187081,0
2026-05-04 13:25:00-04:00,414.7799987792969,414.80450439453125,414.3760070800781,414.57501220703125,101807,0
2026-05-04 13:30:00-04:00,414.57501220703125,414.9200134277344,414.3999938964844,414.7300109863281,163136,0
2026-05-04 13:35:00-04:00,414.7449951171875,414.885009765625,414.2799987792969,414.6300048828125,130131,0
2026-05-04 13:40:00-04:00,414.6650085449219,414.8800048828125,414.510009765625,414.80499267578125,98543,0
2026-05-04 13:45:00-04:00,414.82000732421875,415.1700134277344,414.56781005859375,415.0415954589844,124579,0
2026-05-04 13:50:00-04:00,415.0201110839844,415.19989013671875,414.7799987792969,415.1199951171875,113452,0
2026-05-04 13:55:00-04:00,415.1199951171875,415.18170166015625,414.5400085449219,414.5400085449219,118479,0
2026-05-04 14:00:00-04:00,414.5400085449219,415.4501953125,414.5299987792969,415.3500061035156,128177,0
2026-05-04 14:05:00-04:00,415.32000732421875,415.5400085449219,414.6600036621094,414.9049987792969,150810,0
2026-05-04 14:10:00-04:00,414.8949890136719,414.989990234375,414.7099914550781,414.7099914550781,128124,0
2026-05-04 14:15:00-04:00,414.75,414.7799987792969,414.5199890136719,414.6507873535156,100749,0
2026-05-04 14:20:00-04:00,414.6300048828125,414.79998779296875,414.5412902832031,414.67999267578125,107226,0
2026-05-04 14:25:00-04:00,414.6700134277344,414.739990234375,414.17999267578125,414.67999267578125,146450,0
2026-05-04 14:30:00-04:00,414.69000244140625,414.7699890136719,414.1199951171875,414.3799133300781,112295,0
2026-05-04 14:35:00-04:00,414.3399963378906,414.4399108886719,414.1600036621094,414.2349853515625,92064,0
2026-05-04 14:40:00-04:00,414.2200012207031,414.29998779296875,413.75,413.7749938964844,209999,0
2026-05-04 14:45:00-04:00,413.75,414.05999755859375,413.510009765625,413.9800109863281,150365,0
2026-05-04 14:50:00-04:00,413.9800109863281,414.0199890136719,413.260009765625,413.32000732421875,211079,0
2026-05-04 14:55:00-04:00,413.30999755859375,413.6099853515625,413.20001220703125,413.375,151347,0
2026-05-04 15:00:00-04:00,413.4100036621094,413.4800109863281,412.6000061035156,412.6600036621094,208974,0
2026-05-04 15:05:00-04:00,412.6600036621094,412.7799987792969,412.0531921386719,412.5299987792969,445816,0
2026-05-04 15:10:00-04:00,412.5299987792969,412.9200134277344,412.1499938964844,412.8641052246094,196991,0
2026-05-04 15:15:00-04:00,412.8999938964844,413.2099914550781,412.70001220703125,413.0869140625,194157,0
2026-05-04 15:20:00-04:00,413.0299987792969,413.1449890136719,412.6199951171875,412.9049987792969,179943,0
2026-05-04 15:25:00-04:00,412.9200134277344,413.260009765625,412.5400085449219,413.1700134277344,229452,0
2026-05-04 15:30:00-04:00,413.1700134277344,413.44000244140625,413.0,413.05499267578125,223880,0
2026-05-04 15:35:00-04:00,413.07000732421875,413.1600036621094,412.82000732421875,413.0101013183594,276493,0
2026-05-04 15:40:00-04:00,413.010009765625,413.04620361328125,412.3299865722656,412.6400146484375,244912,0
2026-05-04 15:45:00-04:00,412.6600036621094,413.1199951171875,412.5799865722656,413.010009765625,1427833,0
2026-05-04 15:50:00-04:00,413.0,413.0,411.9800109863281,412.5400085449219,501710,0
2026-05-04 15:55:00-04:00,412.5299987792969,413.760009765625,412.5050048828125,413.7099914550781,1043897,0
2026-05-05 09:30:00-04:00,415.32000732421875,416.7799072265625,414.3299865722656,414.57000732421875,1577076,0
2026-05-05 09:35:00-04:00,414.5199890136719,415.70001220703125,411.87200927734375,412.0,565587,0
2026-05-05 09:40:00-04:00,412.0,412.8900146484375,410.8340148925781,411.2149963378906,517842,0
2026-05-05 09:45:00-04:00,411.2300109863281,412.20001220703125,410.3999938964844,410.6700134277344,484112,0
2026-05-05 09:50:00-04:00,410.5874938964844,411.5159912109375,410.5,411.3500061035156,455721,0
2026-05-05 09:55:00-04:00,411.3299865722656,411.67999267578125,410.20001220703125,410.6499938964844,386833,0
2026-05-05 10:00:00-04:00,410.6099853515625,412.1000061035156,409.8800048828125,412.0150146484375,562141,0
2026-05-05 10:05:00-04:00,412.0050048828125,412.6400146484375,411.79998779296875,411.9599914550781,338181,0
2026-05-05 10:10:00-04:00,411.9599914550781,412.45989990234375,410.590087890625,410.79541015625,288232,0
2026-05-05 10:15:00-04:00,410.7900085449219,410.7900085449219,409.45001220703125,409.8500061035156,480015,0
2026-05-05 10:20:00-04:00,409.8399963378906,411.2900085449219,409.3599853515625,411.2550048828125,473673,0
2026-05-05 10:25:00-04:00,411.2550964355469,411.7799987792969,410.3999938964844,410.6000061035156,301588,0
2026-05-05 10:30:00-04:00,410.6400146484375,411.1911926269531,410.3800048828125,410.8800048828125,240650,0
2026-05-05 10:35:00-04:00,410.8800048828125,411.1600036621094,409.7300109863281,410.0299987792969,326146,0
2026-05-05 10:40:00-04:00,410.0050048828125,410.510009765625,409.92999267578125,410.04998779296875,194571,0
2026-05-05 10:45:00-04:00,410.0400085449219,410.89990234375,409.6600036621094,410.82000732421875,297136,0
2026-05-05 10:50:00-04:00,410.7850036621094,410.8800048828125,409.8500061035156,410.3699951171875,188853,0
2026-05-05 10:55:00-04:00,410.3550109863281,410.67999267578125,409.9100036621094,410.29998779296875,212576,0
2026-05-05 11:00:00-04:00,410.2900085449219,411.1199951171875,410.1199951171875,411.0799865722656,232721,0
2026-05-05 11:05:00-04:00,411.0950012207031,411.5498962402344,410.69000244140625,410.7200012207031,284295,0
2026-05-05 11:10:00-04:00,410.7200012207031,411.0150146484375,410.29998779296875,410.3349914550781,214174,0
2026-05-05 11:15:00-04:00,410.3349914550781,410.4800109863281,410.0199890136719,410.30499267578125,229527,0
2026-05-05 11:20:00-04:00,410.2699890136719,410.5378112792969,410.2099914550781,410.29998779296875,170705,0
2026-05-05 11:25:00-04:00,410.30499267578125,411.29998779296875,410.30499267578125,411.29998779296875,198527,0
2026-05-05 11:30:00-04:00,411.3500061035156,411.6000061035156,410.8590087890625,411.07000732421875,175346,0
2026-05-05 11:35:00-04:00,411.07000732421875,411.0899963378906,410.5,410.7615051269531,162185,0
2026-05-05 11:40:00-04:00,410.7550048828125,410.8399963378906,410.518310546875,410.518310546875,158075,0
2026-05-05 11:45:00-04:00,410.5350036621094,410.56500244140625,410.07000732421875,410.1449890136719,133724,0
2026-05-05 11:50:00-04:00,410.19000244140625,410.2401123046875,409.19500732421875,409.32501220703125,263315,0
2026-05-05 11:55:00-04:00,409.3399963378906,409.7900085449219,409.1679992675781,409.3699951171875,281454,0
2026-05-05 12:00:00-04:00,409.3450012207031,409.70001220703125,409.010009765625,409.4800109863281,220691,0
2026-05-05 12:05:00-04:00,409.4599914550781,409.9100036621094,409.20001220703125,409.24169921875,227124,0
2026-05-05 12:10:00-04:00,409.32000732421875,409.8599853515625,409.1099853515625,409.1799011230469,253515,0
2026-05-05 12:15:00-04:00,409.1199951171875,409.364990234375,408.79998779296875,409.1199951171875,227882,0
2026-05-05 12:20:00-04:00,409.1400146484375,409.45001220703125,409.0,409.29998779296875,165791,0
2026-05-05 12:25:00-04:00,409.29998779296875,410.3399963378906,409.2799987792969,409.7799987792969,250545,0
2026-05-05 12:30:00-04:00,409.7900085449219,410.1600036621094,409.75,409.7699890136719,194992,0
2026-05-05 12:35:00-04:00,409.7200012207031,410.20001220703125,409.5000915527344,410.0150146484375,167209,0
2026-05-05 12:40:00-04:00,409.9700012207031,410.45001220703125,409.8999938964844,410.1011962890625,193497,0
2026-05-05 12:45:00-04:00,410.1099853515625,410.2900085449219,409.44000244140625,409.6116943359375,128677,0
2026-05-05 12:50:00-04:00,409.56988525390625,409.739990234375,409.1300048828125,409.6199951171875,190067,0
2026-05-05 12:55:00-04:00,409.6199951171875,409.8799133300781,409.5450134277344,409.7099914550781,157263,0
2026-05-05 13:00:00-04:00,409.7099914550781,409.839599609375,409.44000244140625,409.4949951171875,144931,0
2026-05-05 13:05:00-04:00,409.5,409.6000061035156,409.1803894042969,409.20001220703125,123395,0
2026-05-05 13:10:00-04:00,409.20001220703125,409.54998779296875,409.0600891113281,409.2204895019531,420899,0
2026-05-05 13:15:00-04:00,409.2300109863281,409.55999755859375,409.0299987792969,409.1099853515625,110520,0
2026-05-05 13:20:00-04:00,409.1099853515625,409.9649963378906,409.07000732421875,409.7699890136719,470867,0
2026-05-05 13:25:00-04:00,409.7149963378906,410.2099914550781,409.6000061035156,410.1449890136719,157916,0
2026-05-05 13:30:00-04:00,410.1449890136719,410.29998779296875,409.739990234375,409.8550109863281,141425,0
2026-05-05 13:35:00-04:00,409.8550109863281,410.2900085449219,409.760009765625,410.17498779296875,119540,0
2026-05-05 13:40:00-04:00,410.17498779296875,410.7699890136719,410.0899963378906,410.760009765625,118586,0
2026-05-05 13:45:00-04:00,410.760009765625,410.80999755859375,410.2950134277344,410.5199890136719,152113,0
2026-05-05 13:50:00-04:00,410.5899963378906,410.94989013671875,410.5899963378906,410.82501220703125,103424,0
2026-05-05 13:55:00-04:00,410.82000732421875,410.9200134277344,410.1524963378906,410.260009765625,124465,0
2026-05-05 14:00:00-04:00,410.25,410.5899963378906,410.0199890136719,410.489990234375,138457,0
2026-05-05 14:05:00-04:00,410.44000244140625,410.6300048828125,410.2049865722656,410.44000244140625,125311,0
2026-05-05 14:10:00-04:00,410.3900146484375,410.6990051269531,410.1499938964844,410.54730224609375,119376,0
2026-05-05 14:15:00-04:00,410.510009765625,410.6600036621094,410.3299865722656,410.40008544921875,116702,0
2026-05-05 14:20:00-04:00,410.4100036621094,410.5799865722656,410.1650085449219,410.2149963378906,119863,0
2026-05-05 14:25:00-04:00,410.19500732421875,410.2497863769531,409.90008544921875,410.0,162563,0
2026-05-05 14:30:00-04:00,409.9800109863281,410.1199951171875,409.79998779296875,409.8389892578125,132155,0
2026-05-05 14:35:00-04:00,409.830810546875,410.20001220703125,409.6700134277344,409.8999938964844,153640,0
2026-05-05 14:40:00-04:00,409.92999267578125,410.739990234375,409.8900146484375,410.7101135253906,149181,0
2026-05-05 14:45:00-04:00,410.7300109863281,411.3865051269531,410.6700134277344,411.2200012207031,169663,0
2026-05-05 14:50:00-04:00,411.2049865722656,411.2900085449219,410.7900085449219,411.0799865722656,158043,0
2026-05-05 14:55:00-04:00,411.0799865722656,411.29998779296875,410.9800109863281,411.0600891113281,135661,0
2026-05-05 15:00:00-04:00,411.0950012207031,411.3699035644531,410.8999938964844,411.2699890136719,174139,0
2026-05-05 15:05:00-04:00,411.260009765625,411.8399963378906,411.260009765625,411.6000061035156,242279,0
2026-05-05 15:10:00-04:00,411.614990234375,412.3949890136719,411.53009033203125,412.31500244140625,198103,0
2026-05-05 15:15:00-04:00,412.30999755859375,412.8500061035156,412.2099914550781,412.82501220703125,227699,0
2026-05-05 15:20:00-04:00,412.8500061035156,413.3900146484375,412.7149963378906,413.2699890136719,201351,0
2026-05-05 15:25:00-04:00,413.2650146484375,413.29998779296875,412.5350036621094,412.6000061035156,220208,0
2026-05-05 15:30:00-04:00,412.6000061035156,412.7749938964844,412.07000732421875,412.1000061035156,212699,0
2026-05-05 15:35:00-04:00,412.0799865722656,412.3800048828125,411.9700012207031,412.17498779296875,151147,0
2026-05-05 15:40:00-04:00,412.20001220703125,412.2298889160156,411.9700012207031,412.1700134277344,168588,0
2026-05-05 15:45:00-04:00,412.0899963378906,412.19000244140625,411.75,411.9049987792969,218341,0
2026-05-05 15:50:00-04:00,411.8800048828125,412.2799987792969,411.4800109863281,412.1600036621094,361380,0
2026-05-05 15:55:00-04:00,412.1000061035156,412.1449890136719,411.1499938964844,411.2699890136719,897572,0
2026-05-06 09:30:00-04:00,407.95001220703125,408.20001220703125,405.1099853515625,406.29998779296875,3212667,0
2026-05-06 09:35:00-04:00,406.42498779296875,407.3500061035156,405.5,406.6449890136719,742490,0
2026-05-06 09:40:00-04:00,406.6199035644531,407.6499938964844,406.1700134277344,407.2799987792969,700095,0
2026-05-06 09:45:00-04:00,407.2699890136719,408.25,406.4100036621094,407.2900085449219,825059,0
2026-05-06 09:50:00-04:00,407.2950134277344,410.67999267578125,407.19000244140625,409.2701110839844,619211,0
2026-05-06 09:55:00-04:00,409.32000732421875,409.94000244140625,408.70001220703125,409.8949890136719,345093,0
2026-05-06 10:00:00-04:00,409.94500732421875,411.0799865722656,409.92999267578125,410.3500061035156,523823,0
2026-05-06 10:05:00-04:00,410.29998779296875,411.04998779296875,409.82000732421875,410.8800048828125,319186,0
2026-05-06 10:10:00-04:00,410.9800109863281,412.489990234375,410.95001220703125,412.0299987792969,494243,0
2026-05-06 10:15:00-04:00,412.0249938964844,413.29998779296875,411.9599914550781,413.0610046386719,431839,0
2026-05-06 10:20:00-04:00,413.1499938964844,414.45001220703125,412.9200134277344,414.1300048828125,509130,0
2026-05-06 10:25:00-04:00,414.1000061035156,416.4200134277344,414.010009765625,416.0263977050781,787589,0
2026-05-06 10:30:00-04:00,416.0050048828125,418.42279052734375,415.7699890136719,417.53900146484375,708506,0
2026-05-06 10:35:00-04:00,417.6199035644531,418.1400146484375,416.0299987792969,416.5956115722656,497098,0
2026-05-06 10:40:00-04:00,416.6099853515625,416.95989990234375,414.9189147949219,416.17498779296875,522083,0
2026-05-06 10:45:00-04:00,416.25,416.2560119628906,415.0201110839844,415.82958984375,306835,0
2026-05-06 10:50:00-04:00,415.82501220703125,416.20001220703125,414.29010009765625,414.80999755859375,276490,0
2026-05-06 10:55:00-04:00,414.7601013183594,415.20001220703125,414.489990234375,414.94000244140625,225192,0
2026-05-06 11:00:00-04:00,414.92999267578125,415.31500244140625,413.9150085449219,414.1650085449219,227389,0
2026-05-06 11:05:00-04:00,414.1700134277344,415.0,414.1400146484375,414.7300109863281,243102,0
2026-05-06 11:10:00-04:00,414.7550048828125,414.9027099609375,413.9700012207031,414.1700134277344,186515,0
2026-05-06 11:15:00-04:00,414.1499938964844,414.67999267578125,413.7099914550781,413.909912109375,302999,0
2026-05-06 11:20:00-04:00,413.885009765625,414.010009765625,413.1300048828125,413.5899963378906,232776,0
2026-05-06 11:25:00-04:00,413.6199951171875,413.7598876953125,413.1200866699219,413.4100036621094,195686,0
2026-05-06 11:30:00-04:00,413.489990234375,414.0,413.4599914550781,413.9200134277344,190772,0
2026-05-06 11:35:00-04:00,413.95001220703125,414.7929992675781,413.8999938964844,414.67999267578125,206585,0
2026-05-06 11:40:00-04:00,414.67999267578125,415.19000244140625,414.45001220703125,414.9114074707031,230366,0
2026-05-06 11:45:00-04:00,414.8699951171875,416.2799987792969,414.7900085449219,415.94000244140625,232776,0
2026-05-06 11:50:00-04:00,415.8800048828125,416.2300109863281,414.5299987792969,414.739990234375,190552,0
2026-05-06 11:55:00-04:00,414.6400146484375,415.260009765625,414.4800109863281,415.2066955566406,144913,0
2026-05-06 12:00:00-04:00,415.1499938964844,415.33990478515625,414.8999938964844,415.2049865722656,123983,0
2026-05-06 12:05:00-04:00,415.2300109863281,415.6700134277344,415.19000244140625,415.31500244140625,178194,0
2026-05-06 12:10:00-04:00,415.3017883300781,415.5199890136719,414.80999755859375,414.8692932128906,138099,0
2026-05-06 12:15:00-04:00,414.82000732421875,415.05999755859375,414.4700012207031,415.03009033203125,154096,0
2026-05-06 12:20:00-04:00,415.0299987792969,415.1050109863281,414.2099914550781,414.2900085449219,108063,0
2026-05-06 12:25:00-04:00,414.239990234375,414.42999267578125,413.80999755859375,414.1980895996094,169691,0
2026-05-06 12:30:00-04:00,414.223388671875,414.29998779296875,413.04998779296875,413.1300048828125,145228,0
2026-05-06 12:35:00-04:00,413.1300048828125,413.1650085449219,412.2650146484375,412.6799011230469,237593,0
2026-05-06 12:40:00-04:00,412.67999267578125,412.9649963378906,412.5,412.9139099121094,138952,0
2026-05-06 12:45:00-04:00,412.910888671875,413.17999267578125,412.53009033203125,413.1099853515625,128365,0
2026-05-06 12:50:00-04:00,413.04998779296875,413.2699890136719,412.4750061035156,412.4750061035156,111486,0
2026-05-06 12:55:00-04:00,412.44000244140625,412.8399963378906,412.20001220703125,412.610107421875,145862,0
2026-05-06 13:00:00-04:00,412.610107421875,412.9700012207031,412.4200134277344,412.7349853515625,155128,0
2026-05-06 13:05:00-04:00,412.7001037597656,413.05999755859375,412.6600036621094,412.94000244140625,131875,0
2026-05-06 13:10:00-04:00,412.9800109863281,413.5199890136719,412.8699951171875,413.19000244140625,150540,0
2026-05-06 13:15:00-04:00,413.2250061035156,413.42498779296875,412.8800048828125,413.1549987792969,122829,0
2026-05-06 13:20:00-04:00,413.1549987792969,413.4100036621094,413.0199890136719,413.31451416015625,90750,0
2026-05-06 13:25:00-04:00,413.32000732421875,413.5,413.02508544921875,413.45001220703125,83310,0
2026-05-06 13:30:00-04:00,413.43011474609375,413.6000061035156,413.1499938964844,413.19500732421875,117532,0
2026-05-06 13:35:00-04:00,413.19500732421875,413.2074890136719,412.30999755859375,412.3599853515625,116226,0
2026-05-06 13:40:00-04:00,412.3900146484375,412.9599914550781,412.29998779296875,412.8699951171875,130283,0
2026-05-06 13:45:00-04:00,412.8699951171875,413.2300109863281,412.5799865722656,413.20001220703125,130313,0
2026-05-06 13:50:00-04:00,413.2149963378906,413.2300109863281,412.3500061035156,412.44000244140625,125647,0
2026-05-06 13:55:00-04:00,412.3999938964844,412.8999938964844,412.3699951171875,412.55999755859375,145638,0
2026-05-06 14:00:00-04:00,412.55999755859375,412.6650085449219,412.260009765625,412.5539855957031,231954,0
2026-05-06 14:05:00-04:00,412.58990478515625,413.32000732421875,412.52398681640625,413.30499267578125,154134,0
2026-05-06 14:10:00-04:00,413.3399963378906,413.82000732421875,413.0799865722656,413.6600036621094,153449,0
2026-05-06 14:15:00-04:00,413.677490234375,414.0985107421875,413.6300048828125,413.79998779296875,144933,0
2026-05-06 14:20:00-04:00,413.7799987792969,413.9700012207031,413.5,413.9219055175781,90378,0
2026-05-06 14:25:00-04:00,413.91668701171875,414.0450134277344,413.67999267578125,413.8550109863281,113588,0
2026-05-06 14:30:00-04:00,413.8399963378906,413.8699951171875,413.53009033203125,413.7149963378906,90521,0
2026-05-06 14:35:00-04:00,413.7449951171875,414.1000061035156,413.67999267578125,413.8500061035156,136827,0
2026-05-06 14:40:00-04:00,413.8299865722656,414.010009765625,413.4200134277344,413.4200134277344,98197,0
2026-05-06 14:45:00-04:00,413.4150085449219,413.80999755859375,413.3599853515625,413.45001220703125,140858,0
2026-05-06 14:50:00-04:00,413.4599914550781,413.6300048828125,413.29998779296875,413.5365905761719,139526,0
2026-05-06 14:55:00-04:00,413.5350036621094,413.70001220703125,413.17999267578125,413.364990234375,111565,0
2026-05-06 15:00:00-04:00,413.364990234375,413.6499938964844,413.2699890136719,413.3500061035156,124565,0
2026-05-06 15:05:00-04:00,413.3399963378906,413.6700134277344,413.239990234375,413.5299987792969,130602,0
2026-05-06 15:10:00-04:00,413.510009765625,414.0799865722656,413.510009765625,413.95001220703125,165730,0
2026-05-06 15:15:00-04:00,413.92999267578125,414.3900146484375,413.7300109863281,414.0054931640625,155426,0
2026-05-06 15:20:00-04:00,414.0198974609375,414.19000244140625,413.70001220703125,413.71099853515625,157211,0
2026-05-06 15:25:00-04:00,413.7250061035156,413.7698974609375,413.0199890136719,413.2749938964844,227337,0
2026-05-06 15:30:00-04:00,413.2749938964844,413.29998779296875,412.7900085449219,412.8699951171875,197758,0
2026-05-06 15:35:00-04:00,412.8599853515625,413.260009765625,412.6650085449219,413.2149963378906,242398,0
2026-05-06 15:40:00-04:00,413.239990234375,413.239990234375,412.6199951171875,413.09130859375,225226,0
2026-05-06 15:45:00-04:00,413.05999755859375,413.45001220703125,412.9700012207031,413.3821105957031,314612,0
2026-05-06 15:50:00-04:00,413.3500061035156,414.45001220703125,413.3299865722656,414.1400146484375,377123,0
2026-05-06 15:55:00-04:00,414.09600830078125,414.3800048828125,413.760009765625,413.760009765625,1212653,0
2026-05-07 09:30:00-04:00,420.1099853515625,423.0,418.79998779296875,421.4599914550781,2333111,0
2026-05-07 09:35:00-04:00,421.5199890136719,425.4200134277344,421.2301025390625,424.8299865722656,985953,0
2026-05-07 09:40:00-04:00,424.8489990234375,427.9800109863281,424.7900085449219,426.29998779296875,1195609,0
2026-05-07 09:45:00-04:00,426.2749938964844,426.5799865722656,424.0,424.864990234375,703730,0
2026-05-07 09:50:00-04:00,424.92999267578125,425.56500244140625,423.32000732421875,423.6700134277344,535586,0
2026-05-07 09:55:00-04:00,423.7200012207031,424.42999267578125,422.67999267578125,424.20001220703125,590556,0
2026-05-07 10:00:00-04:00,424.2200012207031,425.1600036621094,423.7699890136719,424.552001953125,484892,0
2026-05-07 10:05:00-04:00,424.6000061035156,425.3500061035156,424.2699890136719,424.5282897949219,388435,0
2026-05-07 10:10:00-04:00,424.5199890136719,424.94000244140625,423.30499267578125,424.10009765625,385122,0
2026-05-07 10:15:00-04:00,424.1300048828125,424.1799011230469,422.6000061035156,423.9800109863281,381337,0
2026-05-07 10:20:00-04:00,423.989013671875,424.06988525390625,423.0315856933594,423.1400146484375,285139,0
2026-05-07 10:25:00-04:00,423.1400146484375,424.6199951171875,423.0799865722656,424.2449951171875,296410,0
2026-05-07 10:30:00-04:00,424.2449951171875,424.51251220703125,423.6950988769531,423.6950988769531,209419,0
2026-05-07 10:35:00-04:00,423.69500732421875,423.80999755859375,422.6300048828125,423.5849914550781,430946,0
2026-05-07 10:40:00-04:00,423.54998779296875,423.8800048828125,423.1199951171875,423.79998779296875,222540,0
2026-05-07 10:45:00-04:00,423.82000732421875,424.8799133300781,423.67498779296875,424.57000732421875,286245,0
2026-05-07 10:50:00-04:00,424.5849914550781,425.6600036621094,424.54010009765625,424.9849853515625,476057,0
2026-05-07 10:55:00-04:00,424.94000244140625,425.8900146484375,424.9200134277344,425.8349914550781,402064,0
2026-05-07 11:00:00-04:00,425.80999755859375,425.8399963378906,424.840087890625,425.1499938964844,324161,0
2026-05-07 11:05:00-04:00,425.17999267578125,425.6000061035156,424.0299987792969,425.510009765625,339853,0
2026-05-07 11:10:00-04:00,425.55999755859375,426.1600036621094,425.4400939941406,425.75,367413,0
2026-05-07 11:15:00-04:00,425.7449951171875,426.239990234375,425.42999267578125,426.2309875488281,717173,0
2026-05-07 11:20:00-04:00,426.25,426.5199890136719,425.5202941894531,425.6400146484375,278510,0
2026-05-07 11:25:00-04:00,425.6400146484375,425.6400146484375,424.239990234375,424.54998779296875,289722,0
2026-05-07 11:30:00-04:00,424.55999755859375,426.04998779296875,424.45001220703125,425.889892578125,266880,0
2026-05-07 11:35:00-04:00,425.80999755859375,425.8800048828125,424.9100036621094,424.9200134277344,173913,0
2026-05-07 11:40:00-04:00,424.9700012207031,425.69000244140625,424.70001220703125,425.3399963378906,189134,0
2026-05-07 11:45:00-04:00,425.3580017089844,426.42999267578125,425.260009765625,426.3125,276165,0
2026-05-07 11:50:00-04:00,426.2799987792969,426.54998779296875,425.5600891113281,426.1600036621094,199910,0
2026-05-07 11:55:00-04:00,426.17999267578125,426.4649963378906,425.25,425.3999938964844,221878,0
2026-05-07 12:00:00-04:00,425.3800048828125,425.5,424.44000244140625,424.7799987792969,203024,0
2026-05-07 12:05:00-04:00,424.79998779296875,424.9800109863281,423.81060791015625,424.4939880371094,265734,0
2026-05-07 12:10:00-04:00,424.489990234375,424.5199890136719,423.5,423.760009765625,199861,0
2026-05-07 12:15:00-04:00,423.7099914550781,423.8999938964844,423.17999267578125,423.57000732421875,236312,0
2026-05-07 12:20:00-04:00,423.6099853515625,424.39801025390625,423.0799865722656,424.0036926269531,219954,0
2026-05-07 12:25:00-04:00,424.0150146484375,424.9549865722656,423.9100036621094,424.885009765625,164894,0
2026-05-07 12:30:00-04:00,424.8399963378906,424.875,424.3299865722656,424.4800109863281,175854,0
2026-05-07 12:35:00-04:00,424.5,424.65521240234375,423.8999938964844,423.9100036621094,159152,0
2026-05-07 12:40:00-04:00,423.910400390625,423.9800109863281,422.8299865722656,423.05010986328125,163495,0
2026-05-07 12:45:00-04:00,423.04998779296875,423.125,422.07000732421875,422.0799865722656,203514,0
2026-05-07 12:50:00-04:00,422.0899963378906,422.1199951171875,421.3500061035156,421.6449890136719,252747,0
2026-05-07 12:55:00-04:00,421.6449890136719,421.6449890136719,421.0400085449219,421.2699890136719,220067,0
2026-05-07 13:00:00-04:00,421.2799987792969,421.54998779296875,421.1099853515625,421.3550109863281,243429,0
2026-05-07 13:05:00-04:00,421.3550109863281,422.5,421.3299865722656,422.3599853515625,298977,0
2026-05-07 13:10:00-04:00,422.3699951171875,422.83990478515625,422.25,422.6860046386719,228705,0
2026-05-07 13:15:00-04:00,422.70001220703125,422.7699890136719,421.4599914550781,421.5150146484375,202879,0
2026-05-07 13:20:00-04:00,421.5,422.0989990234375,420.8399963378906,421.8349914550781,226783,0
2026-05-07 13:25:00-04:00,421.8399963378906,422.0,420.6200866699219,421.2091979980469,292659,0
2026-05-07 13:30:00-04:00,421.17498779296875,421.30999755859375,420.5,421.0299987792969,281079,0
2026-05-07 13:35:00-04:00,421.010009765625,421.7099914550781,420.7900085449219,421.5700988769531,185989,0
2026-05-07 13:40:00-04:00,421.6199951171875,422.04998779296875,421.3399963378906,421.385009765625,219683,0
2026-05-07 13:45:00-04:00,421.3500061035156,421.6700134277344,420.8800048828125,421.1112060546875,122130,0
2026-05-07 13:50:00-04:00,421.1199951171875,421.45001220703125,420.75,420.7699890136719,182338,0
2026-05-07 13:55:00-04:00,420.82000732421875,421.9800109863281,420.7300109863281,421.92999267578125,179183,0
2026-05-07 14:00:00-04:00,421.9800109863281,421.9800109863281,421.19000244140625,421.3699951171875,107528,0
2026-05-07 14:05:00-04:00,421.3399963378906,422.05999755859375,421.3399963378906,421.8999938964844,157382,0
2026-05-07 14:10:00-04:00,421.90008544921875,422.2900085449219,421.1803894042969,422.0050048828125,1015040,0
2026-05-07 14:15:00-04:00,422.010009765625,422.7799987792969,421.9599914550781,422.4549865722656,163294,0
2026-05-07 14:20:00-04:00,422.4549865722656,423.29998779296875,422.4549865722656,423.1549987792969,185043,0
2026-05-07 14:25:00-04:00,423.114990234375,423.6499938964844,423.03009033203125,423.19000244140625,184512,0
2026-05-07 14:30:00-04:00,423.19000244140625,424.2699890136719,423.19000244140625,424.2200012207031,899041,0
2026-05-07 14:35:00-04:00,424.2149963378906,424.27880859375,423.6400146484375,424.0799865722656,198970,0
2026-05-07 14:40:00-04:00,424.1000061035156,424.1099853515625,422.0600891113281,422.2250061035156,146666,0
2026-05-07 14:45:00-04:00,422.2300109863281,422.51959228515625,422.0,422.0849914550781,154049,0
2026-05-07 14:50:00-04:00,422.05999755859375,422.9224853515625,421.95001220703125,422.8999938964844,168378,0
2026-05-07 14:55:00-04:00,422.8900146484375,423.2699890136719,422.67291259765625,422.95001220703125,200454,0
2026-05-07 15:00:00-04:00,422.989990234375,423.5,422.8800048828125,423.4200134277344,1070291,0
2026-05-07 15:05:00-04:00,423.4590148925781,423.6098937988281,422.75,422.79998779296875,163227,0
2026-05-07 15:10:00-04:00,422.7699890136719,422.94000244140625,422.3900146484375,422.760009765625,161324,0
2026-05-07 15:15:00-04:00,422.70001220703125,422.7049865722656,421.1600036621094,421.3599853515625,226204,0
2026-05-07 15:20:00-04:00,421.30999755859375,421.5899963378906,421.0,421.4150085449219,1040550,0
2026-05-07 15:25:00-04:00,421.4200134277344,421.6400146484375,421.17999267578125,421.49749755859375,209588,0
2026-05-07 15:30:00-04:00,421.54998779296875,422.0899963378906,421.44000244140625,421.75,211283,0
2026-05-07 15:35:00-04:00,421.70001220703125,422.0199890136719,421.30010986328125,421.75,242153,0
2026-05-07 15:40:00-04:00,421.75,421.75,421.0249938964844,421.3500061035156,237492,0
2026-05-07 15:45:00-04:00,421.3599853515625,421.3900146484375,420.2900085449219,420.5899963378906,300825,0
2026-05-07 15:50:00-04:00,420.6300048828125,421.3999938964844,420.0,420.5799865722656,592206,0
2026-05-07 15:55:00-04:00,420.54998779296875,421.0199890136719,420.44000244140625,420.989990234375,1179858,0
2026-05-08 09:30:00-04:00,417.385009765625,417.6600036621094,414.9800109863281,417.3699951171875,1997320,0
2026-05-08 09:35:00-04:00,417.4100036621094,417.79998779296875,416.0,416.31500244140625,595424,0
2026-05-08 09:40:00-04:00,416.3193054199219,416.7699890136719,415.54998779296875,416.6099853515625,450981,0
2026-05-08 09:45:00-04:00,416.6300048828125,418.6300048828125,416.55999755859375,418.1470947265625,609854,0
2026-05-08 09:50:00-04:00,418.11419677734375,418.45001220703125,415.8599853515625,415.9100036621094,491684,0
2026-05-08 09:55:00-04:00,415.9049987792969,416.7449951171875,415.739990234375,416.3999938964844,410888,0
2026-05-08 10:00:00-04:00,416.3999938964844,416.8900146484375,415.66009521484375,416.82501220703125,362150,0
2026-05-08 10:05:00-04:00,416.7550048828125,417.2300109863281,415.9599914550781,416.30218505859375,493686,0
2026-05-08 10:10:00-04:00,416.3349914550781,417.5199890136719,415.79998779296875,416.94000244140625,472560,0
2026-05-08 10:15:00-04:00,416.9100036621094,417.510009765625,416.510009765625,416.94500732421875,445382,0
2026-05-08 10:20:00-04:00,416.94500732421875,417.67999267578125,416.6400146484375,417.0199890136719,354101,0
2026-05-08 10:25:00-04:00,417.0199890136719,417.20001220703125,415.29998779296875,415.8299865722656,445792,0
2026-05-08 10:30:00-04:00,415.79998779296875,415.80999755859375,414.8999938964844,415.19000244140625,470262,0
2026-05-08 10:35:00-04:00,415.1400146484375,415.44000244140625,414.6099853515625,414.8800048828125,337679,0
2026-05-08 10:40:00-04:00,414.9200134277344,415.0799865722656,414.360107421875,414.9100036621094,354910,0
2026-05-08 10:45:00-04:00,414.9200134277344,415.4599914550781,414.55999755859375,415.3494873046875,323359,0
2026-05-08 10:50:00-04:00,415.3299865722656,415.7998962402344,415.1000061035156,415.7449951171875,285933,0
2026-05-08 10:55:00-04:00,415.7699890136719,416.6199951171875,415.67999267578125,416.4200134277344,365078,0
2026-05-08 11:00:00-04:00,416.4100036621094,417.19000244140625,416.3299865722656,416.864990234375,359269,0
2026-05-08 11:05:00-04:00,416.8793029785156,417.1199951171875,416.4100036621094,416.5130920410156,232747,0
2026-05-08 11:10:00-04:00,416.510009765625,417.2298889160156,416.5,417.0150146484375,213516,0
2026-05-08 11:15:00-04:00,417.04998779296875,417.04998779296875,416.04998779296875,416.3299865722656,297996,0
2026-05-08 11:20:00-04:00,416.3599853515625,416.3900146484375,415.75,416.0299987792969,295257,0
2026-05-08 11:25:00-04:00,416.0150146484375,416.9200134277344,415.7500915527344,416.9200134277344,213880,0
2026-05-08 11:30:00-04:00,416.9200134277344,417.0,415.5400085449219,415.92999267578125,283010,0
2026-05-08 11:35:00-04:00,415.95001220703125,416.94000244140625,415.7799987792969,416.8399963378906,215916,0
2026-05-08 11:40:00-04:00,416.82000732421875,417.1499938964844,416.2099914550781,416.8500061035156,173343,0
2026-05-08 11:45:00-04:00,416.8450012207031,417.1099853515625,416.5700988769531,416.7799987792969,184387,0
2026-05-08 11:50:00-04:00,416.7349853515625,416.82501220703125,415.80999755859375,415.9883117675781,186341,0
2026-05-08 11:55:00-04:00,415.9476013183594,416.1499938964844,415.6099853515625,415.989990234375,190021,0
2026-05-08 12:00:00-04:00,415.92999267578125,416.1000061035156,415.3500061035156,415.739990234375,165139,0
2026-05-08 12:05:00-04:00,415.7200012207031,416.3800048828125,415.70001220703125,416.1050109863281,161805,0
2026-05-08 12:10:00-04:00,416.1050109863281,416.6099853515625,416.05999755859375,416.3900146484375,174227,0
2026-05-08 12:15:00-04:00,416.3399963378906,416.54998779296875,416.059814453125,416.1400146484375,131677,0
2026-05-08 12:20:00-04:00,416.1400146484375,416.2699890136719,415.8699951171875,416.1199951171875,117642,0
2026-05-08 12:25:00-04:00,416.0799865722656,416.19000244140625,415.7500915527344,415.82000732421875,180579,0
2026-05-08 12:30:00-04:00,415.8599853515625,416.010009765625,415.3999938964844,415.7049865722656,172463,0
2026-05-08 12:35:00-04:00,415.7200012207031,415.8599853515625,415.5199890136719,415.6495056152344,129133,0
2026-05-08 12:40:00-04:00,415.6000061035156,415.8299865722656,415.489990234375,415.7962951660156,128495,0
2026-05-08 12:45:00-04:00,415.79998779296875,416.82000732421875,415.79998779296875,416.6700134277344,236154,0
2026-05-08 12:50:00-04:00,416.6700134277344,416.9100036621094,416.3999938964844,416.5935974121094,154086,0
2026-05-08 12:55:00-04:00,416.5899963378906,416.6300048828125,416.20001220703125,416.2900085449219,115509,0
2026-05-08 13:00:00-04:00,416.2900085449219,416.3299865722656,415.9200134277344,416.19000244140625,174941,0
2026-05-08 13:05:00-04:00,416.20001220703125,416.5,416.03009033203125,416.2200012207031,143483,0
2026-05-08 13:10:00-04:00,416.3099060058594,416.6600036621094,416.17999267578125,416.6180114746094,165892,0
2026-05-08 13:15:00-04:00,416.5899963378906,417.1499938964844,416.45001220703125,417.1099853515625,306869,0
2026-05-08 13:20:00-04:00,417.1499938964844,417.1499938964844,416.6199951171875,416.9100036621094,183473,0
2026-05-08 13:25:00-04:00,416.8800048828125,417.3999938964844,416.7699890136719,417.20001220703125,224695,0
2026-05-08 13:30:00-04:00,417.20001220703125,417.3500061035156,416.6000061035156,416.80999755859375,166535,0
2026-05-08 13:35:00-04:00,416.82501220703125,416.9800109863281,416.29998779296875,416.30999755859375,124237,0
2026-05-08 13:40:00-04:00,416.3450012207031,416.6300048828125,416.0799865722656,416.1025085449219,120031,0
2026-05-08 13:45:00-04:00,416.1199951171875,416.239990234375,415.7099914550781,415.8500061035156,176332,0
2026-05-08 13:50:00-04:00,415.82000732421875,415.8999938964844,415.6000061035156,415.80999755859375,130476,0
2026-05-08 13:55:00-04:00,415.7799987792969,415.9700012207031,415.6499938964844,415.7950134277344,139619,0
2026-05-08 14:00:00-04:00,415.8500061035156,416.3800048828125,415.6499938964844,416.2099914550781,253457,0
2026-05-08 14:05:00-04:00,416.1700134277344,416.32000732421875,415.45001220703125,415.5050964355469,165139,0
2026-05-08 14:10:00-04:00,415.4750061035156,415.7699890136719,415.4700012207031,415.54998779296875,136544,0
2026-05-08 14:15:00-04:00,415.57000732421875,415.8598937988281,415.3699951171875,415.67999267578125,872676,0
2026-05-08 14:20:00-04:00,415.70001220703125,415.7850036621094,415.4100036621094,415.5696105957031,112738,0
2026-05-08 14:25:00-04:00,415.54998779296875,416.139892578125,415.5299987792969,416.0400085449219,135060,0
2026-05-08 14:30:00-04:00,416.04998779296875,416.1199951171875,415.7200012207031,415.94000244140625,144235,0
2026-05-08 14:35:00-04:00,415.93499755859375,415.9700012207031,415.7099914550781,415.7900085449219,96262,0
2026-05-08 14:40:00-04:00,415.79998779296875,415.8900146484375,415.29998779296875,415.3349914550781,134034,0
2026-05-08 14:45:00-04:00,415.3374938964844,415.6000061035156,415.3299865722656,415.43499755859375,129389,0
2026-05-08 14:50:00-04:00,415.45001220703125,415.5199890136719,414.94000244140625,415.010009765625,264294,0
2026-05-08 14:55:00-04:00,415.0201110839844,415.07000732421875,414.6300048828125,414.82000732421875,175275,0
2026-05-08 15:00:00-04:00,414.80999755859375,415.0199890136719,414.6000061035156,414.885009765625,1091325,0
2026-05-08 15:05:00-04:00,414.8800048828125,415.2200012207031,414.70001220703125,414.94500732421875,240385,0
2026-05-08 15:10:00-04:00,414.94500732421875,415.0899963378906,414.45001220703125,414.6700134277344,240332,0
2026-05-08 15:15:00-04:00,414.6890869140625,414.8800048828125,414.45001220703125,414.6400146484375,260598,0
2026-05-08 15:20:00-04:00,414.6300048828125,414.69000244140625,414.19000244140625,414.57000732421875,267503,0
2026-05-08 15:25:00-04:00,414.55999755859375,414.92999267578125,414.54998779296875,414.8299865722656,263856,0
2026-05-08 15:30:00-04:00,414.8500061035156,414.9200134277344,414.57000732421875,414.739990234375,208672,0
2026-05-08 15:35:00-04:00,414.739990234375,414.7795104980469,414.0,414.3207092285156,639376,0
2026-05-08 15:40:00-04:00,414.3399963378906,414.3900146484375,414.0,414.31500244140625,266227,0
2026-05-08 15:45:00-04:00,414.31500244140625,414.760009765625,414.239990234375,414.6499938964844,246769,0
2026-05-08 15:50:00-04:00,414.6300048828125,415.8299865722656,414.6099853515625,415.6099853515625,611887,0
2026-05-08 15:55:00-04:00,415.6000061035156,415.95001220703125,414.7449951171875,415.1499938964844,2509587,0
2026-05-11 09:30:00-04:00,407.7749938964844,411.3500061035156,405.5,410.6499938964844,4036103,0
2026-05-11 09:35:00-04:00,410.625,411.5950012207031,409.6199951171875,410.2200012207031,631188,0
2026-05-11 09:40:00-04:00,410.1816101074219,410.9419860839844,408.7200012207031,409.2799987792969,450770,0
2026-05-11 09:45:00-04:00,409.2699890136719,410.44000244140625,408.70001220703125,409.2300109863281,487847,0
2026-05-11 09:50:00-04:00,409.2650146484375,409.389892578125,407.97259521484375,408.7699890136719,732110,0
2026-05-11 09:55:00-04:00,408.7449951171875,410.3399963378906,408.55999755859375,410.1700134277344,370149,0
2026-05-11 10:00:00-04:00,410.1000061035156,410.29998779296875,409.5400085449219,409.7200012207031,347778,0
2026-05-11 10:05:00-04:00,409.7200012207031,410.44000244140625,409.5799865722656,410.0,318384,0
2026-05-11 10:10:00-04:00,410.0,410.6899108886719,409.4100036621094,409.9599914550781,316140,0
2026-05-11 10:15:00-04:00,409.9800109863281,410.5899963378906,409.3800048828125,409.989013671875,285817,0
2026-05-11 10:20:00-04:00,409.93499755859375,410.92999267578125,409.5,410.5899963378906,295993,0
2026-05-11 10:25:00-04:00,410.635009765625,411.4800109863281,410.3900146484375,410.6700134277344,288662,0
2026-05-11 10:30:00-04:00,410.6700134277344,410.87860107421875,409.70001220703125,409.964111328125,275184,0
2026-05-11 10:35:00-04:00,409.9999084472656,410.71990966796875,409.6700134277344,410.635009765625,223530,0
2026-05-11 10:40:00-04:00,410.55999755859375,411.0950012207031,410.3299865722656,410.5849914550781,204987,0
2026-05-11 10:45:00-04:00,410.5799865722656,410.659912109375,409.6600036621094,409.79998779296875,416146,0
2026-05-11 10:50:00-04:00,409.75,409.7950134277344,408.9599914550781,409.32000732421875,504680,0
2026-05-11 10:55:00-04:00,409.2200012207031,409.6000061035156,409.1929931640625,409.3699951171875,217838,0
2026-05-11 11:00:00-04:00,409.4649963378906,409.6875,409.05999755859375,409.2900085449219,219687,0
2026-05-11 11:05:00-04:00,409.25,409.9798889160156,409.2063903808594,409.6449890136719,196337,0
2026-05-11 11:10:00-04:00,409.6449890136719,409.6449890136719,408.9800109863281,409.19000244140625,222546,0
2026-05-11 11:15:00-04:00,409.1499938964844,410.1199951171875,409.12420654296875,410.0306091308594,395919,0
2026-05-11 11:20:00-04:00,410.0400085449219,410.29998779296875,409.82000732421875,410.1549987792969,304763,0
2026-05-11 11:25:00-04:00,410.1400146484375,412.2091064453125,410.1099853515625,411.8800048828125,407134,0
2026-05-11 11:30:00-04:00,411.8299865722656,411.84600830078125,410.4100036621094,410.57000732421875,237850,0
2026-05-11 11:35:00-04:00,410.5199890136719,410.82861328125,410.3800048828125,410.70330810546875,167373,0
2026-05-11 11:40:00-04:00,410.7398986816406,410.9200134277344,410.5299987792969,410.8999938964844,154888,0
2026-05-11 11:45:00-04:00,410.9150085449219,410.92999267578125,410.1700134277344,410.2001037597656,181302,0
2026-05-11 11:50:00-04:00,410.17999267578125,410.6199951171875,410.1400146484375,410.25,144033,0
2026-05-11 11:55:00-04:00,410.2650146484375,410.8900146484375,410.239990234375,410.44000244140625,198876,0
2026-05-11 12:00:00-04:00,410.3900146484375,410.6600036621094,410.2900085449219,410.3800048828125,122300,0
2026-05-11 12:05:00-04:00,410.3800048828125,410.7900085449219,410.3200988769531,410.5249938964844,142437,0
2026-05-11 12:10:00-04:00,410.5249938964844,410.75830078125,410.2200012207031,410.54998779296875,113958,0
2026-05-11 12:15:00-04:00,410.5539855957031,410.8999938964844,410.5539855957031,410.82000732421875,133722,0
2026-05-11 12:20:00-04:00,410.82501220703125,411.0799865722656,410.5,410.5400085449219,154903,0
2026-05-11 12:25:00-04:00,410.510009765625,411.1700134277344,410.239990234375,410.9100036621094,169300,0
2026-05-11 12:30:00-04:00,410.9100036621094,411.20001220703125,410.6600036621094,410.7099914550781,140614,0
2026-05-11 12:35:00-04:00,410.7099914550781,410.79998779296875,410.2300109863281,410.6400146484375,151023,0
2026-05-11 12:40:00-04:00,410.610595703125,410.8399963378906,410.0,410.0849914550781,165835,0
2026-05-11 12:45:00-04:00,410.0799865722656,410.6000061035156,410.0299987792969,410.20001220703125,176492,0
2026-05-11 12:50:00-04:00,410.2349853515625,410.4800109863281,410.0,410.010009765625,142083,0
2026-05-11 12:55:00-04:00,410.010009765625,410.2550048828125,409.4800109863281,409.55999755859375,207222,0
2026-05-11 13:00:00-04:00,409.5799865722656,409.69000244140625,409.20001220703125,409.2550048828125,237924,0
2026-05-11 13:05:00-04:00,409.2749938964844,409.32000732421875,408.8599853515625,409.1600036621094,522657,0
2026-05-11 13:10:00-04:00,409.2099914550781,409.5,408.7900085449219,408.8599853515625,190554,0
2026-05-11 13:15:00-04:00,408.885009765625,409.1400146484375,408.5830078125,409.12860107421875,210613,0
2026-05-11 13:20:00-04:00,409.125,409.3500061035156,409.0400085449219,409.32000732421875,124626,0
2026-05-11 13:25:00-04:00,409.32000732421875,409.6242980957031,408.8599853515625,409.1000061035156,159557,0
2026-05-11 13:30:00-04:00,409.1099853515625,410.20001220703125,409.1033935546875,410.125,198288,0
2026-05-11 13:35:00-04:00,410.125,410.44000244140625,409.8999938964844,410.42999267578125,140634,0
2026-05-11 13:40:00-04:00,410.3800964355469,411.1400146484375,410.239990234375,411.1300048828125,180668,0
2026-05-11 13:45:00-04:00,411.1499938964844,411.45001220703125,410.53009033203125,410.6300048828125,187089,0
2026-05-11 13:50:00-04:00,410.6300048828125,411.45001220703125,410.5799865722656,411.0799865722656,157087,0
2026-05-11 13:55:00-04:00,411.0799865722656,411.45001220703125,410.8999938964844,411.07501220703125,137843,0
2026-05-11 14:00:00-04:00,411.0899963378906,411.70001220703125,410.94000244140625,411.510009765625,300057,0
2026-05-11 14:05:00-04:00,411.6099853515625,411.94000244140625,411.239990234375,411.80499267578125,151350,0
2026-05-11 14:10:00-04:00,411.7900085449219,411.8482971191406,411.239990234375,411.25,110025,0
2026-05-11 14:15:00-04:00,411.2699890136719,411.7799987792969,411.2699890136719,411.6299133300781,192080,0
2026-05-11 14:20:00-04:00,411.6000061035156,411.8800048828125,411.239990234375,411.6499938964844,128639,0
2026-05-11 14:25:00-04:00,411.6650085449219,411.69000244140625,411.25,411.3800048828125,145874,0
2026-05-11 14:30:00-04:00,411.3900146484375,411.3900146484375,410.66009521484375,410.66009521484375,149133,0
2026-05-11 14:35:00-04:00,410.67999267578125,410.68499755859375,410.3340148925781,410.4549865722656,124403,0
2026-05-11 14:40:00-04:00,410.4549865722656,410.8399963378906,410.4150085449219,410.4551086425781,104363,0
2026-05-11 14:45:00-04:00,410.4551086425781,411.1199035644531,410.3999938964844,410.91009521484375,138041,0
2026-05-11 14:50:00-04:00,410.9549865722656,411.0299987792969,410.44000244140625,410.4800109863281,127799,0
2026-05-11 14:55:00-04:00,410.4700012207031,410.6400146484375,410.1618957519531,410.37860107421875,156420,0
2026-05-11 15:00:00-04:00,410.3800048828125,410.3999938964844,409.70001220703125,409.7200012207031,124589,0
2026-05-11 15:05:00-04:00,409.7200012207031,410.239990234375,409.7200012207031,410.17999267578125,320730,0
2026-05-11 15:10:00-04:00,410.2099914550781,410.58990478515625,410.2099914550781,410.58990478515625,179986,0
2026-05-11 15:15:00-04:00,410.6000061035156,410.7499084472656,410.45001220703125,410.4501037597656,173141,0
2026-05-11 15:20:00-04:00,410.4700012207031,410.75,410.3111877441406,410.6199951171875,154346,0
2026-05-11 15:25:00-04:00,410.6499938964844,411.6000061035156,410.5799865722656,411.5790100097656,179985,0
2026-05-11 15:30:00-04:00,411.54998779296875,412.1000061035156,411.2500915527344,411.8900146484375,240530,0
2026-05-11 15:35:00-04:00,412.010009765625,412.07000732421875,411.6199951171875,411.9800109863281,234568,0
2026-05-11 15:40:00-04:00,412.0,412.239990234375,411.7699890136719,411.82000732421875,225219,0
2026-05-11 15:45:00-04:00,411.8399963378906,412.11749267578125,411.7699890136719,412.0,240011,0
2026-05-11 15:50:00-04:00,411.989990234375,412.4599914550781,411.9700012207031,412.1099853515625,385016,0
2026-05-11 15:55:00-04:00,412.1050109863281,412.67999267578125,411.79998779296875,412.67999267578125,828765,0
2026-05-12 09:30:00-04:00,414.4150085449219,415.5,409.3999938964844,410.4750061035156,1955376,0
2026-05-12 09:35:00-04:00,410.4750061035156,410.54998779296875,407.2099914550781,407.4100036621094,835475,0
2026-05-12 09:40:00-04:00,407.48150634765625,409.1300048828125,407.2300109863281,408.8999938964844,798017,0
2026-05-12 09:45:00-04:00,408.9599914550781,409.1180114746094,406.6499938964844,407.489990234375,775690,0
2026-05-12 09:50:00-04:00,407.42999267578125,408.1899108886719,407.3399963378906,407.7300109863281,441978,0
2026-05-12 09:55:00-04:00,407.70001220703125,408.4150085449219,407.07000732421875,408.3699951171875,414601,0
2026-05-12 10:00:00-04:00,408.3900146484375,408.94000244140625,407.18499755859375,408.92999267578125,411796,0
2026-05-12 10:05:00-04:00,408.8999938964844,409.2200012207031,407.94000244140625,408.45001220703125,522381,0
2026-05-12 10:10:00-04:00,408.4200134277344,409.4800109863281,408.1050109863281,409.2349853515625,408482,0
2026-05-12 10:15:00-04:00,409.19000244140625,410.6098937988281,409.17999267578125,410.0400085449219,410628,0
2026-05-12 10:20:00-04:00,410.0400085449219,410.19989013671875,409.4704895019531,410.010009765625,299899,0
2026-05-12 10:25:00-04:00,410.0150146484375,410.114990234375,408.9209899902344,409.0101013183594,270026,0
2026-05-12 10:30:00-04:00,409.0104064941406,409.2300109863281,408.2900085449219,408.385009765625,355334,0
2026-05-12 10:35:00-04:00,408.3699951171875,408.7049865722656,408.1099853515625,408.6549987792969,327883,0
2026-05-12 10:40:00-04:00,408.6549987792969,409.1499938964844,408.1600036621094,408.6099853515625,358260,0
2026-05-12 10:45:00-04:00,408.6099853515625,409.2900085449219,408.4800109863281,409.0242919921875,279129,0
2026-05-12 10:50:00-04:00,409.1000061035156,409.64990234375,408.4150085449219,408.4150085449219,228844,0
2026-05-12 10:55:00-04:00,408.38299560546875,408.79998779296875,408.3349914550781,408.5400085449219,181025,0
2026-05-12 11:00:00-04:00,408.5050048828125,408.5899963378906,407.9100036621094,408.0400085449219,234460,0
2026-05-12 11:05:00-04:00,407.989990234375,408.7200012207031,407.8599853515625,408.5,221132,0
2026-05-12 11:10:00-04:00,408.5150146484375,408.8599853515625,408.3900146484375,408.7099914550781,200128,0
2026-05-12 11:15:00-04:00,408.75,408.8599853515625,408.04998779296875,408.44000244140625,247998,0
2026-05-12 11:20:00-04:00,408.4700012207031,408.67999267578125,408.0899963378906,408.32000732421875,195331,0
2026-05-12 11:25:00-04:00,408.32000732421875,408.510009765625,407.8699951171875,408.3299865722656,275977,0
2026-05-12 11:30:00-04:00,408.3599853515625,408.5,407.6000061035156,407.6000061035156,732016,0
2026-05-12 11:35:00-04:00,407.6449890136719,407.9549865722656,407.3900146484375,407.6300048828125,172409,0
2026-05-12 11:40:00-04:00,407.6400146484375,407.9100036621094,407.5,407.614990234375,150606,0
2026-05-12 11:45:00-04:00,407.6401062011719,408.19000244140625,407.4200134277344,407.8599853515625,186705,0
2026-05-12 11:50:00-04:00,407.8638000488281,408.4599914550781,407.82000732421875,408.364990234375,124855,0
2026-05-12 11:55:00-04:00,408.32000732421875,408.8598937988281,408.0,408.69500732421875,200123,0
2026-05-12 12:00:00-04:00,408.69000244140625,409.05999755859375,408.239990234375,408.95001220703125,186161,0
2026-05-12 12:05:00-04:00,409.0,409.0799865722656,408.25,408.7200012207031,151695,0
2026-05-12 12:10:00-04:00,408.7650146484375,409.3999938964844,408.67999267578125,409.364990234375,173205,0
2026-05-12 12:15:00-04:00,409.30999755859375,409.9200134277344,408.5,409.739990234375,184071,0
2026-05-12 12:20:00-04:00,409.69000244140625,409.760009765625,409.2900085449219,409.6498107910156,159992,0
2026-05-12 12:25:00-04:00,409.6499938964844,409.8900146484375,409.3999938964844,409.5,124532,0
2026-05-12 12:30:00-04:00,409.510009765625,409.54998779296875,408.8999938964844,409.1549987792969,131945,0
2026-05-12 12:35:00-04:00,409.1700134277344,409.8500061035156,409.1499938964844,409.79998779296875,147049,0
2026-05-12 12:40:00-04:00,409.7799987792969,410.44000244140625,409.739990234375,410.32000732421875,243412,0
2026-05-12 12:45:00-04:00,410.32000732421875,410.3399963378906,409.0,409.2200012207031,225495,0
2026-05-12 12:50:00-04:00,409.19000244140625,409.3800048828125,408.8399963378906,409.05999755859375,157995,0
2026-05-12 12:55:00-04:00,409.05999755859375,409.1099853515625,408.7300109863281,408.989990234375,147749,0
2026-05-12 13:00:00-04:00,409.0199890136719,409.260009765625,408.7200012207031,408.7699890136719,111962,0
2026-05-12 13:05:00-04:00,408.7650146484375,408.8500061035156,408.29998779296875,408.79998779296875,171986,0
2026-05-12 13:10:00-04:00,408.7300109863281,408.83990478515625,408.0299987792969,408.1099853515625,149568,0
2026-05-12 13:15:00-04:00,408.1099853515625,408.7099914550781,407.75,408.60009765625,156975,0
2026-05-12 13:20:00-04:00,408.6400146484375,409.1000061035156,408.4200134277344,409.0799865722656,107323,0
2026-05-12 13:25:00-04:00,409.05010986328125,409.3999938964844,408.864990234375,408.885009765625,205310,0
2026-05-12 13:30:00-04:00,408.8599853515625,409.67999267578125,408.6199951171875,409.4700012207031,174140,0
2026-05-12 13:35:00-04:00,409.4750061035156,409.4800109863281,409.0,409.19000244140625,171052,0
2026-05-12 13:40:00-04:00,409.17999267578125,409.3399963378906,409.1099853515625,409.2200012207031,169419,0
2026-05-12 13:45:00-04:00,409.2200012207031,409.30999755859375,408.8399963378906,408.8901062011719,139911,0
2026-05-12 13:50:00-04:00,408.8900146484375,409.3299865722656,408.75,408.95001220703125,219274,0
2026-05-12 13:55:00-04:00,408.95001220703125,408.9681091308594,408.6000061035156,408.8385009765625,107342,0
2026-05-12 14:00:00-04:00,408.8411865234375,408.9150085449219,408.4200134277344,408.6700134277344,112793,0
2026-05-12 14:05:00-04:00,408.70001220703125,408.7300109863281,408.44000244140625,408.6700134277344,84970,0
2026-05-12 14:10:00-04:00,408.6700134277344,409.04998779296875,408.3500061035156,408.5679016113281,108333,0
2026-05-12 14:15:00-04:00,408.55999755859375,408.67999267578125,408.1600036621094,408.3999938964844,99349,0
2026-05-12 14:20:00-04:00,408.3699951171875,408.5,408.0400085449219,408.3399963378906,161071,0
2026-05-12 14:25:00-04:00,408.3450012207031,408.7300109863281,407.9200134277344,408.3500061035156,156147,0
2026-05-12 14:30:00-04:00,408.3160095214844,408.42999267578125,408.0,408.1549987792969,116564,0
2026-05-12 14:35:00-04:00,408.1300048828125,408.489990234375,407.7300109863281,407.7300109863281,165041,0
2026-05-12 14:40:00-04:00,407.75,407.9599914550781,407.2799987792969,407.79998779296875,320798,0
2026-05-12 14:45:00-04:00,407.8500061035156,408.7099914550781,407.5400085449219,408.6000061035156,381320,0
2026-05-12 14:50:00-04:00,408.6199951171875,408.7099914550781,408.0,408.2250061035156,244472,0
2026-05-12 14:55:00-04:00,408.239990234375,408.6400146484375,408.20001220703125,408.44000244140625,256040,0
2026-05-12 15:00:00-04:00,408.42999267578125,408.6099853515625,408.0,408.2799987792969,303599,0
2026-05-12 15:05:00-04:00,408.2500915527344,408.44000244140625,408.0799865722656,408.2449951171875,188651,0
2026-05-12 15:10:00-04:00,408.2099914550781,408.6000061035156,407.739990234375,408.4700012207031,269326,0
2026-05-12 15:15:00-04:00,408.4750061035156,408.6300048828125,408.010009765625,408.135009765625,219430,0
2026-05-12 15:20:00-04:00,408.1426086425781,408.6400146484375,408.0799865722656,408.6300048828125,188814,0
2026-05-12 15:25:00-04:00,408.635009765625,409.0799865722656,408.0,408.95001220703125,702291,0
2026-05-12 15:30:00-04:00,408.96990966796875,408.9700012207031,408.25,408.639892578125,198904,0
2026-05-12 15:35:00-04:00,408.6199951171875,408.70001220703125,408.20001220703125,408.2250061035156,306057,0
2026-05-12 15:40:00-04:00,408.2200012207031,408.2200012207031,407.3699951171875,407.8999938964844,266992,0
2026-05-12 15:45:00-04:00,407.9100036621094,408.5067138671875,407.70001220703125,408.3349914550781,401487,0
2026-05-12 15:50:00-04:00,408.3500061035156,408.5899963378906,407.1600036621094,407.55999755859375,710160,0
2026-05-12 15:55:00-04:00,407.5799865722656,407.8599853515625,407.2300109863281,407.760009765625,1414710,0
2026-05-13 09:30:00-04:00,402.9700012207031,404.7760009765625,401.54998779296875,403.8550109863281,1944209,0
2026-05-13 09:35:00-04:00,403.8900146484375,404.2749938964844,401.2799987792969,401.67498779296875,792367,0
2026-05-13 09:40:00-04:00,401.69000244140625,402.9700012207031,401.0299987792969,402.29998779296875,601593,0
2026-05-13 09:45:00-04:00,402.2900085449219,402.3500061035156,401.1499938964844,401.9142150878906,426757,0
2026-05-13 09:50:00-04:00,401.9849853515625,402.8800048828125,401.5899963378906,402.80499267578125,287704,0
2026-05-13 09:55:00-04:00,402.8800048828125,402.95001220703125,402.0,402.7349853515625,277164,0
2026-05-13 10:00:00-04:00,402.79998779296875,403.0,402.239990234375,402.82000732421875,418371,0
2026-05-13 10:05:00-04:00,402.7300109863281,403.8599853515625,402.54998779296875,403.4150085449219,315191,0
2026-05-13 10:10:00-04:00,403.42999267578125,404.44000244140625,403.2300109863281,404.32000732421875,235944,0
2026-05-13 10:15:00-04:00,404.3599853515625,404.45001220703125,403.3399963378906,403.4200134277344,242126,0
2026-05-13 10:20:00-04:00,403.3999938964844,404.0,403.29998779296875,403.9049987792969,197005,0
2026-05-13 10:25:00-04:00,403.8999938964844,404.3900146484375,403.0400085449219,403.0400085449219,240719,0
2026-05-13 10:30:00-04:00,403.1199951171875,403.25,402.8800048828125,403.17999267578125,251747,0
2026-05-13 10:35:00-04:00,403.17999267578125,403.239990234375,402.04998779296875,402.3301086425781,403999,0
2026-05-13 10:40:00-04:00,402.364990234375,402.7698974609375,402.04998779296875,402.5799865722656,347996,0
2026-05-13 10:45:00-04:00,402.55499267578125,402.79998779296875,402.1199951171875,402.4150085449219,449883,0
2026-05-13 10:50:00-04:00,402.4200134277344,403.17999267578125,402.1499938964844,403.0928955078125,272937,0
2026-05-13 10:55:00-04:00,403.0400085449219,403.3299865722656,402.989990234375,403.0610046386719,242164,0
2026-05-13 11:00:00-04:00,403.07501220703125,403.8699035644531,402.9200134277344,403.510009765625,302158,0
2026-05-13 11:05:00-04:00,403.55499267578125,403.6050109863281,403.0199890136719,403.6050109863281,205958,0
2026-05-13 11:10:00-04:00,403.6050109863281,404.239990234375,403.510009765625,404.07000732421875,283459,0
2026-05-13 11:15:00-04:00,404.1221923828125,404.125,403.2200012207031,403.3487854003906,198962,0
2026-05-13 11:20:00-04:00,403.375,403.5799865722656,403.1700134277344,403.2149963378906,194811,0
2026-05-13 11:25:00-04:00,403.20001220703125,403.57000732421875,402.8399963378906,403.2900085449219,197851,0
2026-05-13 11:30:00-04:00,403.2699890136719,404.3500061035156,403.0199890136719,404.1400146484375,191435,0
2026-05-13 11:35:00-04:00,404.1400146484375,404.6499938964844,404.0,404.5,210113,0
2026-05-13 11:40:00-04:00,404.55999755859375,405.1700134277344,404.360107421875,405.0799865722656,297658,0
2026-05-13 11:45:00-04:00,405.0851135253906,405.1499938964844,404.4800109863281,404.5799865722656,280854,0
2026-05-13 11:50:00-04:00,404.5849914550781,404.7200012207031,404.0201110839844,404.6099853515625,196867,0
2026-05-13 11:55:00-04:00,404.6199951171875,404.9200134277344,404.1700134277344,404.2799987792969,196190,0
2026-05-13 12:00:00-04:00,404.2799987792969,405.0,404.0799865722656,404.8299865722656,150062,0
2026-05-13 12:05:00-04:00,404.79998779296875,405.1499938964844,404.5199890136719,404.9200134277344,157079,0
2026-05-13 12:10:00-04:00,404.92999267578125,405.3500061035156,404.70001220703125,405.25,187857,0
2026-05-13 12:15:00-04:00,405.239990234375,405.4700012207031,404.80010986328125,404.94989013671875,159622,0
2026-05-13 12:20:00-04:00,404.85009765625,405.7699890136719,404.85009765625,405.6700134277344,142122,0
2026-05-13 12:25:00-04:00,405.6400146484375,405.8599853515625,405.4700012207031,405.6549987792969,207768,0
2026-05-13 12:30:00-04:00,405.6300048828125,406.1499938964844,405.44000244140625,406.005615234375,191523,0
2026-05-13 12:35:00-04:00,406.005615234375,406.17999267578125,405.510009765625,405.9700012207031,155411,0
2026-05-13 12:40:00-04:00,406.0400085449219,406.1799011230469,405.6199951171875,405.6600036621094,89281,0
2026-05-13 12:45:00-04:00,405.6315002441406,406.30999755859375,405.6315002441406,405.8854064941406,141241,0
2026-05-13 12:50:00-04:00,405.8900146484375,405.92999267578125,405.25,405.25,142897,0
2026-05-13 12:55:00-04:00,405.2699890136719,406.010009765625,405.2200012207031,405.7149963378906,137470,0
2026-05-13 13:00:00-04:00,405.7149963378906,405.96990966796875,405.55999755859375,405.6300048828125,100341,0
2026-05-13 13:05:00-04:00,405.625,405.79998779296875,405.0350036621094,405.2300109863281,213708,0
2026-05-13 13:10:00-04:00,405.22698974609375,405.3699951171875,404.7699890136719,404.9721984863281,171362,0
2026-05-13 13:15:00-04:00,405.0050048828125,405.04998779296875,404.6499938964844,404.8999938964844,136980,0
2026-05-13 13:20:00-04:00,404.9150085449219,404.9299011230469,404.1600036621094,404.2449951171875,196696,0
2026-05-13 13:25:00-04:00,404.2449951171875,404.3999938964844,404.0199890136719,404.09429931640625,120116,0
2026-05-13 13:30:00-04:00,404.0849914550781,404.239990234375,403.79998779296875,404.0000915527344,201738,0
2026-05-13 13:35:00-04:00,404.0350036621094,404.1700134277344,403.7099914550781,403.8085021972656,127336,0
2026-05-13 13:40:00-04:00,403.81500244140625,404.3500061035156,403.7799987792969,404.302490234375,174560,0
2026-05-13 13:45:00-04:00,404.32501220703125,404.4599914550781,404.1300048828125,404.3349914550781,148764,0
2026-05-13 13:50:00-04:00,404.3800048828125,404.4599914550781,403.989990234375,404.0249938964844,104016,0
2026-05-13 13:55:00-04:00,404.0299987792969,404.2200012207031,403.8299865722656,403.875,97803,0
2026-05-13 14:00:00-04:00,403.8699951171875,404.1600036621094,403.79998779296875,403.989990234375,119958,0
2026-05-13 14:05:00-04:00,403.99139404296875,404.3800048828125,403.8800048828125,404.2900085449219,178385,0
2026-05-13 14:10:00-04:00,404.2799987792969,404.6099853515625,404.20001220703125,404.5249938964844,146088,0
2026-05-13 14:15:00-04:00,404.5,404.989990234375,404.4800109863281,404.7001037597656,210217,0
2026-05-13 14:20:00-04:00,404.760009765625,405.25,404.70001220703125,404.9599914550781,213838,0
2026-05-13 14:25:00-04:00,404.8900146484375,405.3500061035156,404.79998779296875,405.3500061035156,160680,0
2026-05-13 14:30:00-04:00,405.3299865722656,405.55999755859375,405.1191101074219,405.5450134277344,187236,0
2026-05-13 14:35:00-04:00,405.57989501953125,405.7799987792969,405.1600036621094,405.6062927246094,283920,0
2026-05-13 14:40:00-04:00,405.6600036621094,406.1700134277344,405.42010498046875,405.4549865722656,224529,0
2026-05-13 14:45:00-04:00,405.4549865722656,405.79998779296875,405.0299987792969,405.0799865722656,217291,0
2026-05-13 14:50:00-04:00,405.0799865722656,405.4599914550781,404.8999938964844,405.3349914550781,273160,0
2026-05-13 14:55:00-04:00,405.32000732421875,405.6700134277344,404.92999267578125,405.0249938964844,200548,0
2026-05-13 15:00:00-04:00,405.0249938964844,405.3099060058594,404.9100036621094,405.1000061035156,177327,0
2026-05-13 15:05:00-04:00,405.135009765625,405.42999267578125,405.0400085449219,405.4184875488281,177802,0
2026-05-13 15:10:00-04:00,405.3800048828125,405.42999267578125,405.010009765625,405.29998779296875,200305,0
2026-05-13 15:15:00-04:00,405.30999755859375,405.6700134277344,405.2300109863281,405.42999267578125,221700,0
2026-05-13 15:20:00-04:00,405.4599914550781,405.4649963378906,404.5899963378906,404.6199951171875,233001,0
2026-05-13 15:25:00-04:00,404.6199951171875,404.8999938964844,404.4100036621094,404.6000061035156,205541,0
2026-05-13 15:30:00-04:00,404.6099853515625,404.70001220703125,404.30999755859375,404.5899963378906,437173,0
2026-05-13 15:35:00-04:00,404.5899963378906,405.3999938964844,404.55999755859375,405.20001220703125,240259,0
2026-05-13 15:40:00-04:00,405.19000244140625,405.89849853515625,405.04998779296875,405.3900146484375,223338,0
2026-05-13 15:45:00-04:00,405.3804016113281,405.552490234375,405.05499267578125,405.239990234375,257850,0
2026-05-13 15:50:00-04:00,405.260009765625,405.29998779296875,404.760009765625,405.010009765625,411869,0
2026-05-13 15:55:00-04:00,405.04998779296875,405.239990234375,404.82000732421875,405.1199951171875,874512,0
2026-05-14 09:30:00-04:00,404.4800109863281,405.57000732421875,403.510009765625,404.1449890136719,1496065,0
2026-05-14 09:35:00-04:00,404.2174987792969,404.2174987792969,401.70001220703125,401.989990234375,645179,0
2026-05-14 09:40:00-04:00,401.9621887207031,402.8800048828125,400.8800048828125,402.67999267578125,606103,0
2026-05-14 09:45:00-04:00,402.6650085449219,403.1600036621094,402.2699890136719,402.7200012207031,503438,0
2026-05-14 09:50:00-04:00,402.7019958496094,404.31988525390625,402.6099853515625,404.0050048828125,419756,0
2026-05-14 09:55:00-04:00,403.9800109863281,403.9800109863281,402.79998779296875,402.9599914550781,288029,0
2026-05-14 10:00:00-04:00,402.94000244140625,404.0899963378906,402.8092956542969,403.7651062011719,256134,0
2026-05-14 10:05:00-04:00,403.79998779296875,405.3299865722656,403.6000061035156,405.1400146484375,293586,0
2026-05-14 10:10:00-04:00,405.0799865722656,405.25,403.85009765625,404.84759521484375,330442,0
2026-05-14 10:15:00-04:00,404.8201904296875,405.9800109863281,404.6600036621094,405.9455871582031,456408,0
2026-05-14 10:20:00-04:00,405.96990966796875,408.44000244140625,405.54998779296875,408.3299865722656,606873,0
2026-05-14 10:25:00-04:00,408.32000732421875,408.9761047363281,407.9200134277344,408.8594970703125,469067,0
2026-05-14 10:30:00-04:00,408.8399963378906,409.3500061035156,407.1300048828125,407.364990234375,499594,0
2026-05-14 10:35:00-04:00,407.3999938964844,407.89898681640625,406.8999938964844,407.5199890136719,256245,0
2026-05-14 10:40:00-04:00,407.5899963378906,408.54998779296875,407.55999755859375,408.2200012207031,266546,0
2026-05-14 10:45:00-04:00,408.17999267578125,409.57501220703125,407.8699951171875,409.42999267578125,378140,0
2026-05-14 10:50:00-04:00,409.3900146484375,410.28399658203125,409.04998779296875,410.1199951171875,381682,0
2026-05-14 10:55:00-04:00,410.1300048828125,410.2300109863281,409.260009765625,409.5150146484375,270096,0
2026-05-14 11:00:00-04:00,409.5199890136719,410.29998779296875,409.2721862792969,410.2099914550781,264660,0
2026-05-14 11:05:00-04:00,410.1700134277344,410.7090148925781,409.6300048828125,410.42999267578125,363570,0
2026-05-14 11:10:00-04:00,410.42999267578125,411.2300109863281,410.2401123046875,410.875,308219,0
2026-05-14 11:15:00-04:00,410.875,411.64599609375,410.8599853515625,411.0997009277344,339461,0
2026-05-14 11:20:00-04:00,411.0849914550781,411.1549987792969,410.6000061035156,410.9200134277344,256992,0
2026-05-14 11:25:00-04:00,410.9527893066406,411.4453125,410.7099914550781,411.385009765625,261523,0
2026-05-14 11:30:00-04:00,411.3599853515625,411.8349914550781,411.19000244140625,411.25689697265625,266223,0
2026-05-14 11:35:00-04:00,411.2550048828125,411.2550048828125,409.6000061035156,409.6199951171875,263385,0
2026-05-14 11:40:00-04:00,409.6000061035156,409.7781066894531,409.0799865722656,409.5950012207031,285227,0
2026-05-14 11:45:00-04:00,409.5400085449219,409.6499938964844,409.0799865722656,409.2650146484375,189892,0
2026-05-14 11:50:00-04:00,409.25390625,409.419189453125,408.8999938964844,409.15509033203125,215770,0
2026-05-14 11:55:00-04:00,409.1549987792969,409.489990234375,408.95001220703125,408.95001220703125,213386,0
2026-05-14 12:00:00-04:00,408.9800109863281,409.4700012207031,408.9700012207031,409.05999755859375,188223,0
2026-05-14 12:05:00-04:00,409.0299987792969,409.44000244140625,408.9200134277344,409.04150390625,180062,0
2026-05-14 12:10:00-04:00,409.0199890136719,409.0299987792969,407.80999755859375,407.8299865722656,228007,0
2026-05-14 12:15:00-04:00,407.8299865722656,407.989990234375,407.5,407.7699890136719,182130,0
2026-05-14 12:20:00-04:00,407.7699890136719,408.2900085449219,407.41009521484375,407.41009521484375,197119,0
2026-05-14 12:25:00-04:00,407.4800109863281,407.7502136230469,407.25,407.7250061035156,154354,0
2026-05-14 12:30:00-04:00,407.7250061035156,407.8299865722656,407.30999755859375,407.70001220703125,152743,0
2026-05-14 12:35:00-04:00,407.6300048828125,408.681396484375,407.6199951171875,408.681396484375,135230,0
2026-05-14 12:40:00-04:00,408.6300048828125,408.7099914550781,408.32000732421875,408.489990234375,140971,0
2026-05-14 12:45:00-04:00,408.4700012207031,408.7699890136719,407.94000244140625,408.20001220703125,145107,0
2026-05-14 12:50:00-04:00,408.239990234375,408.3500061035156,407.5,407.5450134277344,157673,0
2026-05-14 12:55:00-04:00,407.5799865722656,408.0450134277344,407.29998779296875,408.0,117339,0
2026-05-14 13:00:00-04:00,407.989990234375,408.39990234375,407.8699951171875,408.0849914550781,119997,0
2026-05-14 13:05:00-04:00,408.1099853515625,408.364990234375,407.8699951171875,408.2049865722656,90985,0
2026-05-14 13:10:00-04:00,408.2200012207031,408.6199951171875,407.8699951171875,408.5899963378906,154188,0
2026-05-14 13:15:00-04:00,408.5899963378906,408.6300048828125,408.17999267578125,408.44000244140625,144605,0
2026-05-14 13:20:00-04:00,408.4800109863281,408.94000244140625,408.2699890136719,408.57000732421875,135041,0
2026-05-14 13:25:00-04:00,408.5400085449219,409.07989501953125,408.42999267578125,409.07989501953125,378160,0
2026-05-14 13:30:00-04:00,409.04998779296875,409.32989501953125,408.489990234375,408.55999755859375,133450,0
2026-05-14 13:35:00-04:00,408.6099853515625,409.3999938964844,408.25,409.3399963378906,164783,0
2026-05-14 13:40:00-04:00,409.3399963378906,409.4881896972656,408.79998779296875,408.9649963378906,1140927,0
2026-05-14 13:45:00-04:00,409.0498962402344,409.2950134277344,408.8999938964844,409.19000244140625,1114199,0
2026-05-14 13:50:00-04:00,409.19000244140625,409.42999267578125,409.1000061035156,409.2701110839844,111135,0
2026-05-14 13:55:00-04:00,409.29998779296875,409.8500061035156,409.2301025390625,409.7900085449219,197192,0
2026-05-14 14:00:00-04:00,409.739990234375,409.8299865722656,409.01348876953125,409.3299865722656,0,0
2026-05-14 14:05:00-04:00,409.3800048828125,409.760009765625,409.3299865722656,409.69000244140625,133424,0
2026-05-14 14:10:00-04:00,409.69000244140625,409.7799987792969,409.3599853515625,409.489990234375,145248,0
2026-05-14 14:15:00-04:00,409.489990234375,409.69000244140625,409.20001220703125,409.635009765625,105007,0
2026-05-14 14:20:00-04:00,409.6000061035156,409.9198913574219,409.3699951171875,409.8900146484375,84598,0
2026-05-14 14:25:00-04:00,409.83489990234375,409.95001220703125,409.0199890136719,409.1700134277344,99067,0
2026-05-14 14:30:00-04:00,409.17999267578125,409.5,408.79998779296875,408.8500061035156,113872,0
2026-05-14 14:35:00-04:00,408.8399963378906,409.04998779296875,408.68011474609375,409.0115051269531,102564,0
2026-05-14 14:40:00-04:00,409.0199890136719,409.0400085449219,408.70001220703125,408.70001220703125,69535,0
2026-05-14 14:45:00-04:00,408.7349853515625,408.8699951171875,408.5610046386719,408.82501220703125,91122,0
2026-05-14 14:50:00-04:00,408.8800048828125,408.9690856933594,408.5,408.8450012207031,119823,0
2026-05-14 14:55:00-04:00,408.8550109863281,409.17999267578125,408.7300109863281,408.9200134277344,106657,0
2026-05-14 15:00:00-04:00,408.95001220703125,409.67999267578125,408.9200134277344,409.57000732421875,135766,0
2026-05-14 15:05:00-04:00,409.614990234375,409.69989013671875,409.489990234375,409.5350036621094,101822,0
2026-05-14 15:10:00-04:00,409.6000061035156,409.7799987792969,409.29998779296875,409.5,120127,0
2026-05-14 15:15:00-04:00,409.5199890136719,409.760009765625,409.4800109863281,409.5799865722656,105999,0
2026-05-14 15:20:00-04:00,409.5799865722656,409.80999755859375,409.4599914550781,409.5799865722656,121671,0
2026-05-14 15:25:00-04:00,409.5199890136719,409.6000061035156,408.9200134277344,408.9700012207031,148913,0
2026-05-14 15:30:00-04:00,408.9700012207031,409.3599853515625,408.92999267578125,409.3399963378906,136919,0
2026-05-14 15:35:00-04:00,409.3399963378906,409.6787109375,409.17999267578125,409.30999755859375,165038,0
2026-05-14 15:40:00-04:00,409.32000732421875,409.5400085449219,409.19000244140625,409.3500061035156,158441,0
2026-05-14 15:45:00-04:00,409.3299865722656,409.4100036621094,409.04998779296875,409.3500061035156,134343,0
2026-05-14 15:50:00-04:00,409.2900085449219,409.5350036621094,409.0199890136719,409.42999267578125,260794,0
2026-05-14 15:55:00-04:00,409.4599914550781,409.6300048828125,409.05999755859375,409.4700012207031,967682,0
2026-05-15 09:30:00-04:00,414.4100036621094,415.95001220703125,412.9200134277344,415.1400146484375,4399062,0
2026-05-15 09:35:00-04:00,415.1400146484375,418.17999267578125,414.2300109863281,417.6604919433594,1245924,0
2026-05-15 09:40:00-04:00,417.71258544921875,418.260009765625,415.04998779296875,415.1300048828125,725081,0
2026-05-15 09:45:00-04:00,415.19000244140625,415.6698913574219,413.5199890136719,414.5,561589,0
2026-05-15 09:50:00-04:00,414.6099853515625,416.1199951171875,413.75,416.1199951171875,421850,0
2026-05-15 09:55:00-04:00,416.0802917480469,416.5,415.1199951171875,415.31500244140625,457090,0
2026-05-15 10:00:00-04:00,415.4949951171875,417.29998779296875,415.3599853515625,417.0350036621094,503879,0
2026-05-15 10:05:00-04:00,417.0,418.0,416.260009765625,417.93499755859375,528418,0
2026-05-15 10:10:00-04:00,417.9800109863281,418.2300109863281,416.05999755859375,416.69500732421875,883799,0
2026-05-15 10:15:00-04:00,416.6798095703125,417.42999267578125,416.3299865722656,416.3949890136719,353973,0
2026-05-15 10:20:00-04:00,416.3900146484375,419.0,416.2001037597656,418.1400146484375,767519,0
2026-05-15 10:25:00-04:00,418.17999267578125,419.05999755859375,417.9200134277344,418.4700012207031,514977,0
2026-05-15 10:30:00-04:00,418.4700012207031,420.8599853515625,418.4700012207031,420.6199951171875,1444318,0
2026-05-15 10:35:00-04:00,420.625,422.8389892578125,420.3299865722656,421.70001220703125,1081844,0
2026-05-15 10:40:00-04:00,421.706787109375,424.0,421.57000732421875,423.9800109863281,1303470,0
2026-05-15 10:45:00-04:00,424.0,424.1300048828125,421.7909851074219,422.19000244140625,1319651,0
2026-05-15 10:50:00-04:00,422.17999267578125,425.760009765625,421.9700012207031,425.6400146484375,1087012,0
2026-05-15 10:55:00-04:00,425.5902099609375,426.31988525390625,424.260009765625,424.44000244140625,983673,0
2026-05-15 11:00:00-04:00,424.44000244140625,424.6700134277344,423.4783020019531,424.54998779296875,657549,0
2026-05-15 11:05:00-04:00,424.55999755859375,424.95001220703125,423.94000244140625,424.4200134277344,424285,0
2026-05-15 11:10:00-04:00,424.29998779296875,425.04998779296875,422.7500915527344,423.2900085449219,473050,0
2026-05-15 11:15:00-04:00,423.239990234375,424.1661071777344,423.0799865722656,424.1661071777344,315823,0
2026-05-15 11:20:00-04:00,424.17999267578125,424.7300109863281,423.7601013183594,424.0199890136719,382738,0
2026-05-15 11:25:00-04:00,424.0899963378906,424.44500732421875,423.2049865722656,423.3699951171875,311368,0
2026-05-15 11:30:00-04:00,423.3599853515625,423.6700134277344,422.19000244140625,422.2699890136719,356583,0
2026-05-15 11:35:00-04:00,422.2699890136719,422.94000244140625,421.489990234375,421.5199890136719,311916,0
2026-05-15 11:40:00-04:00,421.57501220703125,422.3599853515625,420.8399963378906,420.9700012207031,258810,0
2026-05-15 11:45:00-04:00,420.9700012207031,421.45001220703125,420.7101135253906,421.04998779296875,287472,0
2026-05-15 11:50:00-04:00,421.05999755859375,421.0888977050781,420.510009765625,421.0299987792969,329484,0
2026-05-15 11:55:00-04:00,421.0400085449219,421.8299865722656,420.7699890136719,421.7699890136719,299796,0
2026-05-15 12:00:00-04:00,421.7699890136719,422.7300109863281,421.7699890136719,422.4049987792969,344611,0
2026-05-15 12:05:00-04:00,422.3949890136719,423.32000732421875,422.1499938964844,423.30499267578125,292045,0
2026-05-15 12:10:00-04:00,423.32000732421875,424.0,423.0,423.82000732421875,911281,0
2026-05-15 12:15:00-04:00,423.82000732421875,424.32000732421875,423.3399963378906,424.20001220703125,309195,0
2026-05-15 12:20:00-04:00,424.19000244140625,426.0,424.0,425.6199951171875,681060,0
2026-05-15 12:25:00-04:00,425.6199951171875,426.44000244140625,425.6000061035156,426.0400085449219,519025,0
2026-05-15 12:30:00-04:00,425.9800109863281,426.30999755859375,425.45001220703125,425.69500732421875,279559,0
2026-05-15 12:35:00-04:00,425.70001220703125,425.9800109863281,424.75,424.8699951171875,315584,0
2026-05-15 12:40:00-04:00,424.8799133300781,424.8800048828125,423.7601013183594,423.92999267578125,279965,0
2026-05-15 12:45:00-04:00,423.9549865722656,425.0899963378906,423.9200134277344,424.6499938964844,304512,0
2026-05-15 12:50:00-04:00,424.69000244140625,424.909912109375,423.7699890136719,424.04998779296875,228273,0
2026-05-15 12:55:00-04:00,423.94000244140625,425.0,423.94000244140625,424.94000244140625,183891,0
2026-05-15 13:00:00-04:00,424.9200134277344,424.92498779296875,424.1199951171875,424.1449890136719,159826,0
2026-05-15 13:05:00-04:00,424.19000244140625,424.6199951171875,423.8100891113281,424.5899963378906,139385,0
2026-05-15 13:10:00-04:00,424.6084899902344,425.0,424.5400085449219,424.95001220703125,164382,0
2026-05-15 13:15:00-04:00,424.91009521484375,425.09991455078125,424.5400085449219,425.0799865722656,173706,0
2026-05-15 13:20:00-04:00,425.0799865722656,426.1199951171875,425.0199890136719,426.04998779296875,366045,0
2026-05-15 13:25:00-04:00,426.05999755859375,426.3599853515625,425.5899963378906,425.9599914550781,274994,0
2026-05-15 13:30:00-04:00,425.989990234375,427.6400146484375,425.9200134277344,427.5950012207031,627179,0
2026-05-15 13:35:00-04:00,427.5950012207031,427.7699890136719,426.6099853515625,426.8500061035156,333364,0
2026-05-15 13:40:00-04:00,426.8699951171875,427.45001220703125,426.4525146484375,427.29998779296875,341875,0
2026-05-15 13:45:00-04:00,427.29998779296875,428.1600036621094,427.1199951171875,427.8399963378906,502555,0
2026-05-15 13:50:00-04:00,427.8699951171875,428.0799865722656,427.55999755859375,427.7900085449219,356924,0
2026-05-15 13:55:00-04:00,427.7850036621094,428.1600036621094,427.29010009765625,427.82501220703125,328359,0
2026-05-15 14:00:00-04:00,427.7900085449219,428.1000061035156,427.3500061035156,427.5899963378906,402317,0
2026-05-15 14:05:00-04:00,427.57000732421875,427.75,427.0201110839844,427.05499267578125,221896,0
2026-05-15 14:10:00-04:00,427.05499267578125,427.29998779296875,426.6332092285156,427.07000732421875,295231,0
2026-05-15 14:15:00-04:00,427.0899963378906,427.2300109863281,425.9100036621094,425.9649963378906,242244,0
2026-05-15 14:20:00-04:00,425.9599914550781,426.489990234375,425.7300109863281,426.4750061035156,270289,0
2026-05-15 14:25:00-04:00,426.44000244140625,426.6499938964844,425.8100891113281,425.9049987792969,251492,0
2026-05-15 14:30:00-04:00,425.92999267578125,426.0400085449219,425.05999755859375,425.46990966796875,265106,0
2026-05-15 14:35:00-04:00,425.4599914550781,426.1400146484375,425.4100036621094,426.1075134277344,182492,0
2026-05-15 14:40:00-04:00,426.1199951171875,426.4100036621094,425.8299865722656,426.1499938964844,197468,0
2026-05-15 14:45:00-04:00,426.1317138671875,426.2300109863281,425.70001220703125,425.8599853515625,202668,0
2026-05-15 14:50:00-04:00,425.8399963378906,425.9200134277344,425.1600036621094,425.6199951171875,206397,0
2026-05-15 14:55:00-04:00,425.6000061035156,425.739990234375,424.5007019042969,424.70001220703125,273251,0
2026-05-15 15:00:00-04:00,424.70001220703125,425.0199890136719,424.57000732421875,424.5799865722656,203941,0
2026-05-15 15:05:00-04:00,424.5799865722656,425.1499938964844,424.45001220703125,425.04998779296875,259100,0
2026-05-15 15:10:00-04:00,425.05499267578125,425.0899963378906,424.260009765625,424.4700012207031,217815,0
2026-05-15 15:15:00-04:00,424.45001220703125,424.4700012207031,423.8800048828125,423.9200134277344,268074,0
2026-05-15 15:20:00-04:00,423.9649963378906,424.6000061035156,423.8800964355469,424.2300109863281,278588,0
2026-05-15 15:25:00-04:00,424.1900939941406,424.5799865722656,423.760009765625,423.9148864746094,348862,0
2026-05-15 15:30:00-04:00,423.8949890136719,424.3799133300781,423.4949951171875,423.93499755859375,366571,0
2026-05-15 15:35:00-04:00,423.9375,424.82000732421875,423.860107421875,424.7701110839844,326844,0
2026-05-15 15:40:00-04:00,424.7799987792969,424.8999938964844,423.70001220703125,423.8399963378906,374479,0
2026-05-15 15:45:00-04:00,423.8399963378906,424.0599060058594,422.8599853515625,422.9800109863281,496538,0
2026-05-15 15:50:00-04:00,422.9700012207031,423.0,421.07000732421875,421.3900146484375,1080932,0
2026-05-15 15:55:00-04:00,421.3800048828125,422.1000061035156,420.3800048828125,422.0400085449219,2418322,0
2026-05-18 09:30:00-04:00,416.10198974609375,421.25,415.6099853515625,416.7900085449219,2344532,0
2026-05-18 09:35:00-04:00,416.7850036621094,419.7499084472656,416.5199890136719,419.18499755859375,572441,0
2026-05-18 09:40:00-04:00,419.1700134277344,420.5,418.885009765625,419.760009765625,526922,0
2026-05-18 09:45:00-04:00,419.760009765625,422.2510070800781,419.07000732421875,421.376708984375,550678,0
2026-05-18 09:50:00-04:00,421.3599853515625,423.0,420.67999267578125,422.3999938964844,465588,0
2026-05-18 09:55:00-04:00,422.3140869140625,422.8999938964844,421.67999267578125,422.760009765625,383983,0
2026-05-18 10:00:00-04:00,422.7300109863281,422.9599914550781,421.4036865234375,422.4100036621094,371627,0
2026-05-18 10:05:00-04:00,422.4200134277344,422.7300109863281,421.1543884277344,421.7300109863281,348847,0
2026-05-18 10:10:00-04:00,421.7449951171875,423.70001220703125,421.5299987792969,422.8699035644531,471020,0
2026-05-18 10:15:00-04:00,422.82501220703125,424.010009765625,422.55999755859375,423.93499755859375,342968,0
2026-05-18 10:20:00-04:00,423.95001220703125,424.1600036621094,422.0799865722656,422.41949462890625,351270,0
2026-05-18 10:25:00-04:00,422.3944091796875,422.6499938964844,421.3299865722656,421.8949890136719,320150,0
2026-05-18 10:30:00-04:00,421.885009765625,422.1400146484375,420.2193908691406,420.5050048828125,349664,0
2026-05-18 10:35:00-04:00,420.510009765625,421.42999267578125,419.1000061035156,421.0950012207031,501230,0
2026-05-18 10:40:00-04:00,421.05999755859375,422.29998779296875,420.3900146484375,422.2099914550781,293674,0
2026-05-18 10:45:00-04:00,422.1221923828125,422.29998779296875,420.04998779296875,420.1000061035156,309377,0
2026-05-18 10:50:00-04:00,420.04998779296875,420.4360046386719,419.3999938964844,419.3999938964844,305189,0
2026-05-18 10:55:00-04:00,419.4100036621094,419.739990234375,418.94500732421875,419.1000061035156,236207,0
2026-05-18 11:00:00-04:00,419.1000061035156,419.3699951171875,417.8999938964844,418.2699890136719,412092,0
2026-05-18 11:05:00-04:00,418.2200012207031,418.9200134277344,418.08770751953125,418.6300964355469,195611,0
2026-05-18 11:10:00-04:00,418.70001220703125,418.7799987792969,417.8500061035156,418.0899963378906,250633,0
2026-05-18 11:15:00-04:00,418.010009765625,418.260009765625,417.0,417.20001220703125,840077,0
2026-05-18 11:20:00-04:00,417.2449951171875,418.0,417.07000732421875,417.375,279303,0
2026-05-18 11:25:00-04:00,417.3999938964844,418.20001220703125,417.3399963378906,417.6300048828125,232248,0
2026-05-18 11:30:00-04:00,417.625,417.95001220703125,417.1199951171875,417.8799133300781,217295,0
2026-05-18 11:35:00-04:00,417.8699951171875,418.3201904296875,417.6400146484375,418.0849914550781,153944,0
2026-05-18 11:40:00-04:00,418.0799865722656,418.3900146484375,417.1400146484375,417.239990234375,146225,0
2026-05-18 11:45:00-04:00,417.19000244140625,418.2900085449219,417.1300048828125,417.8599853515625,182440,0
2026-05-18 11:50:00-04:00,417.94989013671875,418.6000061035156,417.29998779296875,418.5199890136719,180491,0
2026-05-18 11:55:00-04:00,418.5299987792969,418.67999267578125,417.864990234375,418.6400146484375,132867,0
2026-05-18 12:00:00-04:00,418.6700134277344,419.0498962402344,418.1300048828125,418.95001220703125,127603,0
2026-05-18 12:05:00-04:00,418.9200134277344,419.45001220703125,418.7900085449219,419.2099914550781,131024,0
2026-05-18 12:10:00-04:00,419.2099914550781,419.54998779296875,419.06939697265625,419.3500061035156,137413,0
2026-05-18 12:15:00-04:00,419.3299865722656,419.6400146484375,419.25,419.3334045410156,168082,0
2026-05-18 12:20:00-04:00,419.364990234375,419.760009765625,418.67010498046875,418.7961120605469,212658,0
2026-05-18 12:25:00-04:00,418.7749938964844,418.82989501953125,417.70001220703125,417.9200134277344,269265,0
2026-05-18 12:30:00-04:00,417.94000244140625,419.8399963378906,417.8999938964844,419.6400146484375,308445,0
2026-05-18 12:35:00-04:00,419.6099853515625,420.1776123046875,419.3399963378906,420.04998779296875,204533,0
2026-05-18 12:40:00-04:00,420.04998779296875,420.1700134277344,419.0443115234375,419.17498779296875,1115350,0
2026-05-18 12:45:00-04:00,419.1650085449219,420.0899963378906,419.072509765625,420.06500244140625,99601,0
2026-05-18 12:50:00-04:00,420.07000732421875,420.489990234375,419.9200134277344,420.4017028808594,134293,0
2026-05-18 12:55:00-04:00,420.3900146484375,421.2200012207031,420.3900146484375,420.4320068359375,328230,0
2026-05-18 13:00:00-04:00,420.3999938964844,421.2799987792969,420.07000732421875,421.04998779296875,160511,0
2026-05-18 13:05:00-04:00,420.989990234375,421.8299865722656,420.7900085449219,421.5600891113281,164958,0
2026-05-18 13:10:00-04:00,421.6050109863281,421.9999084472656,421.4599914550781,421.54998779296875,153794,0
2026-05-18 13:15:00-04:00,421.5447082519531,422.04998779296875,421.5,421.8999938964844,177654,0
2026-05-18 13:20:00-04:00,421.9100036621094,422.1099853515625,421.57000732421875,421.70001220703125,138981,0
2026-05-18 13:25:00-04:00,421.66009521484375,423.0994873046875,421.57000732421875,423.010009765625,207662,0
2026-05-18 13:30:00-04:00,422.93499755859375,423.239990234375,422.4100036621094,422.9150085449219,239279,0
2026-05-18 13:35:00-04:00,422.9200134277344,423.7699890136719,422.5799865722656,423.489990234375,299400,0
2026-05-18 13:40:00-04:00,423.5199890136719,424.32000732421875,423.0,424.2200012207031,334976,0
2026-05-18 13:45:00-04:00,424.1499938964844,424.6099853515625,423.7699890136719,424.2799987792969,272712,0
2026-05-18 13:50:00-04:00,424.2850036621094,425.1099853515625,424.1400146484375,424.42919921875,404585,0
2026-05-18 13:55:00-04:00,424.3671875,424.70001220703125,423.79998779296875,424.3168029785156,208617,0
2026-05-18 14:00:00-04:00,424.3114929199219,424.6300048828125,423.2300109863281,423.6600036621094,211453,0
2026-05-18 14:05:00-04:00,423.6174011230469,424.07000732421875,423.4100036621094,423.7300109863281,197961,0
2026-05-18 14:10:00-04:00,423.6700134277344,423.8999938964844,423.20001220703125,423.20709228515625,645861,0
2026-05-18 14:15:00-04:00,423.19000244140625,423.5799865722656,422.82000732421875,423.2900085449219,606585,0
2026-05-18 14:20:00-04:00,423.2900085449219,423.989990234375,422.9700012207031,423.8500061035156,164844,0
2026-05-18 14:25:00-04:00,423.8599853515625,423.9649963378906,423.25,423.8299865722656,210134,0
2026-05-18 14:30:00-04:00,423.8599853515625,424.1400146484375,423.3550109863281,423.54180908203125,190708,0
2026-05-18 14:35:00-04:00,423.5249938964844,423.7550048828125,422.8999938964844,423.1400146484375,229238,0
2026-05-18 14:40:00-04:00,423.135009765625,423.2200012207031,422.1400146484375,422.2300109863281,282776,0
2026-05-18 14:45:00-04:00,422.2900085449219,422.8999938964844,422.1726989746094,422.2550048828125,183238,0
2026-05-18 14:50:00-04:00,422.2200012207031,422.4451904296875,421.5400085449219,421.5400085449219,189268,0
2026-05-18 14:55:00-04:00,421.510009765625,421.510009765625,420.92010498046875,421.0,201358,0
2026-05-18 15:00:00-04:00,421.0299987792969,423.7598876953125,421.0,423.07000732421875,362616,0
2026-05-18 15:05:00-04:00,423.05999755859375,423.406005859375,422.010009765625,422.9599914550781,197957,0
2026-05-18 15:10:00-04:00,422.9800109863281,423.0249938964844,422.4599914550781,422.614990234375,139263,0
2026-05-18 15:15:00-04:00,422.614990234375,422.6893005371094,422.3299865722656,422.3800048828125,157916,0
2026-05-18 15:20:00-04:00,422.3800048828125,422.70001220703125,422.1700134277344,422.20001220703125,168444,0
2026-05-18 15:25:00-04:00,422.17999267578125,422.489990234375,421.5799865722656,422.45001220703125,235505,0
2026-05-18 15:30:00-04:00,422.4599914550781,422.9299011230469,422.1700134277344,422.7799987792969,182904,0
2026-05-18 15:35:00-04:00,422.80999755859375,423.3800048828125,422.7650146484375,423.1700134277344,161396,0
2026-05-18 15:40:00-04:00,423.1700134277344,423.4599914550781,422.0299987792969,422.3800048828125,337597,0
2026-05-18 15:45:00-04:00,422.3800048828125,422.93499755859375,421.9599914550781,422.8699951171875,313555,0
2026-05-18 15:50:00-04:00,422.80999755859375,423.47088623046875,422.0199890136719,422.5899963378906,546286,0
2026-05-18 15:55:00-04:00,422.5400085449219,423.6600036621094,422.3900146484375,423.6600036621094,1072349,0
2026-05-19 09:30:00-04:00,429.8949890136719,432.70001220703125,425.2799987792969,425.760009765625,3528718,0
2026-05-19 09:35:00-04:00,425.760009765625,426.4999084472656,424.11358642578125,425.42498779296875,950026,0
2026-05-19 09:40:00-04:00,425.3500061035156,425.9100036621094,424.20001220703125,425.2550048828125,447616,0
2026-05-19 09:45:00-04:00,425.30999755859375,429.3500061035156,425.010009765625,429.32000732421875,783678,0
2026-05-19 09:50:00-04:00,429.3500061035156,430.95001220703125,428.8999938964844,430.3699951171875,902679,0
2026-05-19 09:55:00-04:00,430.38531494140625,430.6600036621094,428.7099914550781,429.5,648197,0
2026-05-19 10:00:00-04:00,429.1499938964844,429.739990234375,427.5,428.2650146484375,609097,0
2026-05-19 10:05:00-04:00,428.239990234375,428.3598937988281,425.8052062988281,427.30999755859375,557139,0
2026-05-19 10:10:00-04:00,427.30999755859375,427.43499755859375,425.3299865722656,425.4750061035156,471108,0
2026-05-19 10:15:00-04:00,425.42999267578125,426.79998779296875,425.2699890136719,425.7876892089844,477275,0
2026-05-19 10:20:00-04:00,425.7650146484375,426.4800109863281,425.1000061035156,426.03509521484375,384678,0
2026-05-19 10:25:00-04:00,426.06500244140625,426.154296875,424.7107849121094,425.0400085449219,368328,0
2026-05-19 10:30:00-04:00,425.0299987792969,425.9700012207031,424.9295959472656,425.32501220703125,268069,0
2026-05-19 10:35:00-04:00,425.3799133300781,425.8500061035156,423.8299865722656,423.94000244140625,444035,0
2026-05-19 10:40:00-04:00,423.9549865722656,425.1000061035156,423.75,423.7950134277344,305390,0
2026-05-19 10:45:00-04:00,423.7950134277344,424.0,422.8299865722656,423.2099914550781,370113,0
2026-05-19 10:50:00-04:00,423.2099914550781,423.4100036621094,422.54998779296875,422.70001220703125,236603,0
2026-05-19 10:55:00-04:00,422.70001220703125,423.75,422.69500732421875,423.57000732421875,258003,0
2026-05-19 11:00:00-04:00,423.54998779296875,423.8500061035156,422.1099853515625,422.7793884277344,319823,0
2026-05-19 11:05:00-04:00,422.739990234375,422.8284912109375,421.8500061035156,422.739990234375,291439,0
2026-05-19 11:10:00-04:00,422.7799987792969,423.8599853515625,422.5350036621094,423.5400085449219,233622,0
2026-05-19 11:15:00-04:00,423.6099853515625,423.70001220703125,422.510009765625,422.5400085449219,223244,0
2026-05-19 11:20:00-04:00,422.5400085449219,423.17999267578125,421.6600036621094,421.7300109863281,204329,0
2026-05-19 11:25:00-04:00,421.7200012207031,421.9200134277344,420.92999267578125,421.0398864746094,240747,0
2026-05-19 11:30:00-04:00,420.9549865722656,422.1099853515625,420.6499938964844,420.80999755859375,284773,0
2026-05-19 11:35:00-04:00,420.80499267578125,421.67999267578125,420.7200927734375,421.0,185244,0
2026-05-19 11:40:00-04:00,420.9700012207031,421.2499084472656,420.04998779296875,420.1600036621094,280592,0
2026-05-19 11:45:00-04:00,420.1600036621094,420.2998962402344,419.489990234375,420.2300109863281,333270,0
2026-05-19 11:50:00-04:00,420.2099914550781,420.3699035644531,419.5299987792969,419.5799865722656,248623,0
2026-05-19 11:55:00-04:00,419.5400085449219,419.6199951171875,418.92999267578125,419.29998779296875,256024,0
2026-05-19 12:00:00-04:00,419.29998779296875,420.09991455078125,419.243896484375,419.389892578125,185685,0
2026-05-19 12:05:00-04:00,419.3500061035156,419.6592102050781,418.17498779296875,418.17498779296875,232881,0
2026-05-19 12:10:00-04:00,418.1300048828125,418.94000244140625,418.04998779296875,418.8999938964844,153445,0
2026-05-19 12:15:00-04:00,418.9100036621094,419.7900085449219,418.6600036621094,419.5299987792969,165952,0
2026-05-19 12:20:00-04:00,419.5350036621094,419.54998779296875,418.5799865722656,418.7300109863281,191934,0
2026-05-19 12:25:00-04:00,418.7069091796875,419.0599060058594,417.7099914550781,417.7149963378906,245069,0
2026-05-19 12:30:00-04:00,417.7226867675781,417.75,417.1000061035156,417.6300048828125,354859,0
2026-05-19 12:35:00-04:00,417.614990234375,418.2878112792969,417.45001220703125,417.82000732421875,284986,0
2026-05-19 12:40:00-04:00,417.8599853515625,418.30560302734375,417.6319885253906,417.739990234375,233099,0
2026-05-19 12:45:00-04:00,417.7799987792969,418.3800048828125,417.260009765625,418.2900085449219,255168,0
2026-05-19 12:50:00-04:00,418.2749938964844,419.0400085449219,418.0700988769531,418.8999938964844,212381,0
2026-05-19 12:55:00-04:00,418.8999938964844,419.1199951171875,418.3999938964844,418.3999938964844,172149,0
2026-05-19 13:00:00-04:00,418.3699951171875,419.5,418.32000732421875,419.31988525390625,208292,0
2026-05-19 13:05:00-04:00,419.260009765625,419.32000732421875,418.6099853515625,418.68499755859375,161679,0
2026-05-19 13:10:00-04:00,418.6600036621094,418.7799987792969,418.19000244140625,418.2300109863281,139628,0
2026-05-19 13:15:00-04:00,418.2698974609375,418.4700012207031,417.2200012207031,417.28448486328125,155989,0
2026-05-19 13:20:00-04:00,417.29998779296875,418.07989501953125,417.2500915527344,417.8096008300781,188252,0
2026-05-19 13:25:00-04:00,417.8500061035156,418.9599914550781,417.80999755859375,418.7900085449219,171272,0
2026-05-19 13:30:00-04:00,418.7699890136719,419.6400146484375,418.6400146484375,418.8500061035156,211290,0
2026-05-19 13:35:00-04:00,418.8500061035156,419.55999755859375,418.8500061035156,419.5198974609375,149885,0
2026-05-19 13:40:00-04:00,419.5,419.8699951171875,419.3800048828125,419.69500732421875,159936,0
2026-05-19 13:45:00-04:00,419.7384948730469,419.7384948730469,418.92999267578125,419.25,153204,0
2026-05-19 13:50:00-04:00,419.2627868652344,419.3699951171875,418.8699951171875,419.05999755859375,95348,0
2026-05-19 13:55:00-04:00,419.0799865722656,419.30999755859375,418.57000732421875,419.1300048828125,123513,0
2026-05-19 14:00:00-04:00,419.1400146484375,419.17999267578125,418.79998779296875,419.06500244140625,108599,0
2026-05-19 14:05:00-04:00,419.06500244140625,419.19000244140625,418.8699951171875,419.0,89789,0
2026-05-19 14:10:00-04:00,419.0,419.0400085449219,418.3299865722656,418.3450012207031,105126,0
2026-05-19 14:15:00-04:00,418.32501220703125,419.0199890136719,418.2325134277344,419.0,92900,0
2026-05-19 14:20:00-04:00,419.05999755859375,419.5989990234375,418.9700012207031,419.364990234375,148997,0
2026-05-19 14:25:00-04:00,419.364990234375,419.4800109863281,419.0199890136719,419.1600036621094,107241,0
2026-05-19 14:30:00-04:00,419.1499938964844,419.67999267578125,418.9700012207031,419.4949951171875,402424,0
2026-05-19 14:35:00-04:00,419.57000732421875,419.8320007324219,419.3800048828125,419.3999938964844,361394,0
2026-05-19 14:40:00-04:00,419.3599853515625,419.4450988769531,419.0799865722656,419.2300109863281,111474,0
2026-05-19 14:45:00-04:00,419.2349853515625,419.260009765625,418.7300109863281,418.8500061035156,101144,0
2026-05-19 14:50:00-04:00,418.8500061035156,418.8999938964844,418.1400146484375,418.30999755859375,115877,0
2026-05-19 14:55:00-04:00,418.30999755859375,418.79998779296875,418.03131103515625,418.489990234375,127627,0
2026-05-19 15:00:00-04:00,418.5,418.8099060058594,418.45001220703125,418.51251220703125,118289,0
2026-05-19 15:05:00-04:00,418.5150146484375,418.739990234375,418.10009765625,418.67498779296875,128118,0
2026-05-19 15:10:00-04:00,418.68499755859375,419.1199951171875,418.17999267578125,418.6099853515625,183740,0
2026-05-19 15:15:00-04:00,418.6700134277344,418.8800048828125,418.2099914550781,418.55499267578125,158488,0
2026-05-19 15:20:00-04:00,418.510009765625,418.70001220703125,418.0400085449219,418.05499267578125,170573,0
2026-05-19 15:25:00-04:00,418.0400085449219,418.29998779296875,417.55999755859375,418.2300109863281,260809,0
2026-05-19 15:30:00-04:00,418.2300109863281,418.44000244140625,417.8301086425781,418.05999755859375,139738,0
2026-05-19 15:35:00-04:00,418.0799865722656,418.1451110839844,417.625,417.9399108886719,187026,0
2026-05-19 15:40:00-04:00,417.9200134277344,418.0799865722656,417.6499938964844,417.7449951171875,231708,0
2026-05-19 15:45:00-04:00,417.7449951171875,417.8800048828125,417.20001220703125,417.44500732421875,278475,0
2026-05-19 15:50:00-04:00,417.42999267578125,417.7239074707031,416.8900146484375,417.2149963378906,508677,0
2026-05-19 15:55:00-04:00,417.20001220703125,417.7799987792969,416.5,417.55999755859375,1445845,0
2026-05-20 09:30:00-04:00,413.9859924316406,416.04998779296875,413.20001220703125,413.6499938964844,1671908,0
2026-05-20 09:35:00-04:00,413.6499938964844,415.0,411.92999267578125,412.7550048828125,680341,0
2026-05-20 09:40:00-04:00,412.67999267578125,413.45001220703125,411.30010986328125,412.2691955566406,565042,0
2026-05-20 09:45:00-04:00,412.260009765625,414.80999755859375,412.19000244140625,413.6650085449219,515433,0
2026-05-20 09:50:00-04:00,413.7200012207031,414.0400085449219,412.55999755859375,413.1000061035156,329703,0
2026-05-20 09:55:00-04:00,413.1449890136719,413.3699951171875,412.32000732421875,412.9849853515625,412357,0
2026-05-20 10:00:00-04:00,412.9800109863281,413.5181884765625,412.3500061035156,413.3999938964844,341659,0
2026-05-20 10:05:00-04:00,413.340087890625,413.5199890136719,411.6300048828125,411.7799072265625,349195,0
2026-05-20 10:10:00-04:00,411.7799987792969,413.84820556640625,411.61138916015625,413.19000244140625,325540,0
2026-05-20 10:15:00-04:00,413.25,415.1499938964844,413.1300964355469,414.32000732421875,316573,0
2026-05-20 10:20:00-04:00,414.2799987792969,414.42999267578125,412.010009765625,412.1000061035156,381274,0
2026-05-20 10:25:00-04:00,412.1499938964844,413.8999938964844,411.8999938964844,413.7868957519531,285569,0
2026-05-20 10:30:00-04:00,413.9800109863281,414.6600036621094,413.9200134277344,414.1499938964844,333049,0
2026-05-20 10:35:00-04:00,414.2200012207031,414.75,413.7300109863281,414.2099914550781,252326,0
2026-05-20 10:40:00-04:00,414.1700134277344,414.44989013671875,413.9800109863281,414.0950012207031,188972,0
2026-05-20 10:45:00-04:00,414.1700134277344,414.6600036621094,414.010009765625,414.6600036621094,187308,0
2026-05-20 10:50:00-04:00,414.70001220703125,415.94500732421875,414.60009765625,415.7500915527344,216913,0
2026-05-20 10:55:00-04:00,415.7749938964844,416.55499267578125,415.760009765625,416.1300048828125,293472,0
2026-05-20 11:00:00-04:00,416.1300048828125,416.19000244140625,415.45001220703125,415.56500244140625,172852,0
2026-05-20 11:05:00-04:00,415.54998779296875,416.20001220703125,415.1966857910156,415.7744140625,224050,0
2026-05-20 11:10:00-04:00,415.7900085449219,416.489990234375,415.7699890136719,416.45001220703125,172178,0
2026-05-20 11:15:00-04:00,416.45001220703125,418.0,416.4200134277344,417.2699890136719,565423,0
2026-05-20 11:20:00-04:00,417.2699890136719,417.5,416.6700134277344,416.8699951171875,214596,0
2026-05-20 11:25:00-04:00,416.864990234375,417.1400146484375,416.2601013183594,416.4049987792969,229332,0
2026-05-20 11:30:00-04:00,416.3999938964844,417.0,416.3999938964844,416.989990234375,178195,0
2026-05-20 11:35:00-04:00,417.0,417.1000061035156,416.5400085449219,416.7099914550781,112183,0
2026-05-20 11:40:00-04:00,416.7200012207031,417.2550048828125,416.5199890136719,417.2265930175781,136227,0
2026-05-20 11:45:00-04:00,417.2250061035156,417.44000244140625,417.1099853515625,417.44000244140625,137218,0
2026-05-20 11:50:00-04:00,417.44000244140625,417.5,417.0249938964844,417.1400146484375,127154,0
2026-05-20 11:55:00-04:00,417.1700134277344,417.2998962402344,416.4607849121094,417.2998962402344,136387,0
2026-05-20 12:00:00-04:00,417.2900085449219,417.8800048828125,417.20001220703125,417.8599853515625,170443,0
2026-05-20 12:05:00-04:00,417.8500061035156,418.1700134277344,417.6300048828125,417.79998779296875,147625,0
2026-05-20 12:10:00-04:00,417.79998779296875,418.010009765625,417.510009765625,417.67999267578125,110624,0
2026-05-20 12:15:00-04:00,417.6499938964844,417.739990234375,417.20001220703125,417.4599914550781,126158,0
2026-05-20 12:20:00-04:00,417.489990234375,419.29998779296875,417.0199890136719,418.3299865722656,424823,0
2026-05-20 12:25:00-04:00,418.3349914550781,419.0,417.57000732421875,418.42498779296875,316274,0
2026-05-20 12:30:00-04:00,418.3900146484375,418.3900146484375,417.5856018066406,417.5856018066406,216901,0
2026-05-20 12:35:00-04:00,417.6199951171875,417.6600036621094,417.010009765625,417.4840087890625,159740,0
2026-05-20 12:40:00-04:00,417.45001220703125,418.010009765625,417.19000244140625,417.9599914550781,201790,0
2026-05-20 12:45:00-04:00,418.0089111328125,418.4700012207031,417.1700134277344,417.2898864746094,381194,0
2026-05-20 12:50:00-04:00,417.2650146484375,417.739990234375,416.8500061035156,416.9599914550781,305782,0
2026-05-20 12:55:00-04:00,416.93499755859375,417.9717102050781,416.8900146484375,417.80999755859375,223615,0
2026-05-20 13:00:00-04:00,417.8349914550781,418.6700134277344,417.75,418.6499938964844,180724,0
2026-05-20 13:05:00-04:00,418.6700134277344,419.215087890625,418.4599914550781,418.9700012207031,234758,0
2026-05-20 13:10:00-04:00,418.94000244140625,419.6400146484375,418.55999755859375,419.47821044921875,158664,0
2026-05-20 13:15:00-04:00,419.4750061035156,419.70001220703125,419.2799987792969,419.4150085449219,161448,0
2026-05-20 13:20:00-04:00,419.4200134277344,419.4800109863281,418.760009765625,418.9399108886719,158549,0
2026-05-20 13:25:00-04:00,418.8999938964844,419.5,418.7900085449219,419.3424987792969,111921,0
2026-05-20 13:30:00-04:00,419.32501220703125,419.6499938964844,419.17498779296875,419.4700012207031,145167,0
2026-05-20 13:35:00-04:00,419.4800109863281,420.3900146484375,419.42999267578125,420.3299865722656,323157,0
2026-05-20 13:40:00-04:00,420.3349914550781,421.1499938964844,420.1600036621094,421.0,303355,0
2026-05-20 13:45:00-04:00,421.0400085449219,421.1600036621094,420.6199951171875,420.67999267578125,237924,0
2026-05-20 13:50:00-04:00,420.69000244140625,420.93328857421875,420.45001220703125,420.7284851074219,181424,0
2026-05-20 13:55:00-04:00,420.739990234375,420.8500061035156,420.0299987792969,420.2099914550781,151854,0
2026-05-20 14:00:00-04:00,420.1600036621094,420.1600036621094,419.6499938964844,419.9200134277344,195736,0
2026-05-20 14:05:00-04:00,419.9100036621094,419.94000244140625,418.9700012207031,419.1300048828125,207593,0
2026-05-20 14:10:00-04:00,419.1700134277344,419.67999267578125,418.8900146484375,419.67999267578125,155306,0
2026-05-20 14:15:00-04:00,419.6600036621094,420.2099914550781,419.6400146484375,420.05499267578125,223777,0
2026-05-20 14:20:00-04:00,420.05999755859375,420.4599914550781,420.0199890136719,420.2170104980469,184157,0
2026-05-20 14:25:00-04:00,420.20001220703125,420.5799865722656,420.0,420.45001220703125,223487,0
2026-05-20 14:30:00-04:00,420.45001220703125,420.739013671875,420.0491943359375,420.239990234375,177857,0
2026-05-20 14:35:00-04:00,420.260009765625,420.6099853515625,420.2200012207031,420.4100036621094,137353,0
2026-05-20 14:40:00-04:00,420.4200134277344,420.42999267578125,419.92999267578125,419.93499755859375,157908,0
2026-05-20 14:45:00-04:00,419.9599914550781,420.2550048828125,419.80999755859375,420.114990234375,125555,0
2026-05-20 14:50:00-04:00,420.1700134277344,420.260009765625,419.6000061035156,419.9150085449219,142030,0
2026-05-20 14:55:00-04:00,419.8900146484375,419.989990234375,419.7200012207031,419.8900146484375,126190,0
2026-05-20 15:00:00-04:00,419.8800048828125,420.1000061035156,419.5899963378906,419.7716979980469,152771,0
2026-05-20 15:05:00-04:00,419.7300109863281,419.8839111328125,419.20001220703125,419.385009765625,176484,0
2026-05-20 15:10:00-04:00,419.39080810546875,419.8800048828125,419.2900085449219,419.8450012207031,170374,0
2026-05-20 15:15:00-04:00,419.8450012207031,420.1499938964844,419.7699890136719,419.8399963378906,183475,0
2026-05-20 15:20:00-04:00,419.7699890136719,420.29998779296875,419.70001220703125,420.19000244140625,218562,0
2026-05-20 15:25:00-04:00,420.17999267578125,420.5,420.1099853515625,420.4599914550781,174773,0
2026-05-20 15:30:00-04:00,420.489990234375,420.6199951171875,420.260009765625,420.2799987792969,197638,0
2026-05-20 15:35:00-04:00,420.29998779296875,420.8399963378906,420.2699890136719,420.739990234375,198469,0
2026-05-20 15:40:00-04:00,420.7699890136719,421.3800048828125,420.75,421.3599853515625,302819,0
2026-05-20 15:45:00-04:00,421.3399963378906,421.57000732421875,420.8999938964844,421.20001220703125,308988,0
2026-05-20 15:50:00-04:00,421.1300048828125,422.0799865722656,421.1300048828125,421.42999267578125,553712,0
2026-05-20 15:55:00-04:00,421.45001220703125,421.5199890136719,420.6199951171875,421.05999755859375,1403559,0
2026-05-21 09:30:00-04:00,424.82000732421875,426.3399963378906,422.3699951171875,423.6600036621094,4226184,0
2026-05-21 09:35:00-04:00,423.6600036621094,423.7749938964844,419.8299865722656,420.1499938964844,656197,0
2026-05-21 09:40:00-04:00,420.07000732421875,420.75,419.6700134277344,420.29681396484375,489973,0
2026-05-21 09:45:00-04:00,420.2799987792969,421.3599853515625,418.5799865722656,418.80999755859375,565550,0
2026-05-21 09:50:00-04:00,418.67999267578125,420.0,418.6499938964844,419.45001220703125,375625,0
2026-05-21 09:55:00-04:00,419.45001220703125,419.8500061035156,418.0,418.54998779296875,421922,0
2026-05-21 10:00:00-04:00,418.60791015625,418.95001220703125,417.760009765625,417.8349914550781,409530,0
2026-05-21 10:05:00-04:00,417.8299865722656,419.19000244140625,417.5199890136719,419.114990234375,367408,0
2026-05-21 10:10:00-04:00,419.19000244140625,419.25,417.760009765625,417.9299011230469,423392,0
2026-05-21 10:15:00-04:00,417.80999755859375,418.0400085449219,415.9200134277344,415.9549865722656,589647,0
2026-05-21 10:20:00-04:00,415.9750061035156,417.7598876953125,415.7200012207031,417.2699890136719,360493,0
2026-05-21 10:25:00-04:00,417.2300109863281,417.8599853515625,417.04010009765625,417.32000732421875,213804,0
2026-05-21 10:30:00-04:00,417.30999755859375,417.7084045410156,416.55999755859375,416.739990234375,276487,0
2026-05-21 10:35:00-04:00,416.760009765625,417.04998779296875,416.510009765625,416.69000244140625,180456,0
2026-05-21 10:40:00-04:00,416.70001220703125,417.29998779296875,416.29998779296875,417.25,230824,0
2026-05-21 10:45:00-04:00,417.2550048828125,417.3699035644531,416.80999755859375,417.31500244140625,144797,0
2026-05-21 10:50:00-04:00,417.30499267578125,418.5350036621094,417.0,418.4198913574219,236605,0
2026-05-21 10:55:00-04:00,418.385009765625,418.8900146484375,418.0899963378906,418.7099914550781,189530,0
2026-05-21 11:00:00-04:00,418.7300109863281,418.92999267578125,418.1400146484375,418.31500244140625,168696,0
2026-05-21 11:05:00-04:00,418.3500061035156,418.3500061035156,417.2001037597656,417.52508544921875,199308,0
2026-05-21 11:10:00-04:00,417.5174865722656,418.0899963378906,417.0799865722656,417.875,190602,0
2026-05-21 11:15:00-04:00,417.94000244140625,418.489990234375,417.80010986328125,418.364990234375,194249,0
2026-05-21 11:20:00-04:00,418.3299865722656,418.9800109863281,417.8999938964844,418.4599914550781,254673,0
2026-05-21 11:25:00-04:00,418.4100036621094,418.9700012207031,418.3399963378906,418.7799987792969,131785,0
2026-05-21 11:30:00-04:00,418.8500061035156,419.0400085449219,418.110107421875,418.2200012207031,308412,0
2026-05-21 11:35:00-04:00,418.260009765625,418.4100036621094,417.95001220703125,418.2099914550781,136193,0
2026-05-21 11:40:00-04:00,418.17498779296875,418.7200012207031,418.05999755859375,418.2200012207031,126821,0
2026-05-21 11:45:00-04:00,418.260009765625,418.53070068359375,418.05999755859375,418.4700012207031,121931,0
2026-05-21 11:50:00-04:00,418.5,418.510009765625,418.0400085449219,418.17999267578125,92259,0
2026-05-21 11:55:00-04:00,418.1400146484375,418.5,418.1099853515625,418.20001220703125,105057,0
2026-05-21 12:00:00-04:00,418.215087890625,418.5,417.82000732421875,417.8924865722656,130795,0
2026-05-21 12:05:00-04:00,417.8699951171875,417.94000244140625,417.1499938964844,417.75,137996,0
2026-05-21 12:10:00-04:00,417.75,417.81988525390625,416.92010498046875,417.45001220703125,223969,0
2026-05-21 12:15:00-04:00,417.43170166015625,417.83990478515625,417.43170166015625,417.80999755859375,99522,0
2026-05-21 12:20:00-04:00,417.80999755859375,417.8900146484375,417.0450134277344,417.25,99187,0
2026-05-21 12:25:00-04:00,417.2699890136719,417.3550109863281,417.010009765625,417.19000244140625,104517,0
2026-05-21 12:30:00-04:00,417.1799011230469,417.1799011230469,416.79998779296875,416.9700012207031,154657,0
2026-05-21 12:35:00-04:00,416.95001220703125,417.4599914550781,416.8999938964844,417.4599914550781,125537,0
2026-05-21 12:40:00-04:00,417.44000244140625,417.55999755859375,416.739990234375,416.80499267578125,141846,0
2026-05-21 12:45:00-04:00,416.7900085449219,417.0199890136719,416.3299865722656,416.510009765625,216805,0
2026-05-21 12:50:00-04:00,416.510009765625,416.8699951171875,416.3500061035156,416.6000061035156,162553,0
2026-05-21 12:55:00-04:00,416.55999755859375,416.80999755859375,416.2099914550781,416.25,241379,0
2026-05-21 13:00:00-04:00,416.2699890136719,416.5050964355469,416.0199890136719,416.3599853515625,159182,0
2026-05-21 13:05:00-04:00,416.3800048828125,416.489990234375,416.05999755859375,416.1400146484375,121698,0
2026-05-21 13:10:00-04:00,416.1549987792969,417.55999755859375,416.1400146484375,417.19000244140625,392262,0
2026-05-21 13:15:00-04:00,417.20001220703125,418.05499267578125,416.94000244140625,417.260009765625,295029,0
2026-05-21 13:20:00-04:00,417.2900085449219,417.8099060058594,416.6000061035156,417.30999755859375,202077,0
2026-05-21 13:25:00-04:00,417.3399963378906,417.614990234375,417.2301025390625,417.4267883300781,186790,0
2026-05-21 13:30:00-04:00,417.3999938964844,417.69000244140625,417.3299865722656,417.57000732421875,179977,0
2026-05-21 13:35:00-04:00,417.5769958496094,418.135009765625,417.5299987792969,418.1000061035156,346495,0
2026-05-21 13:40:00-04:00,418.1199951171875,418.8900146484375,418.1199951171875,418.32000732421875,187958,0
2026-05-21 13:45:00-04:00,418.32000732421875,418.6300048828125,418.05999755859375,418.6300048828125,121741,0
2026-05-21 13:50:00-04:00,418.6549987792969,419.9100036621094,418.510009765625,419.864990234375,170498,0
2026-05-21 13:55:00-04:00,419.8599853515625,420.26910400390625,419.110107421875,419.110107421875,290887,0
2026-05-21 14:00:00-04:00,419.1499938964844,419.3599853515625,418.20001220703125,418.55999755859375,235095,0
2026-05-21 14:05:00-04:00,418.5450134277344,418.5450134277344,418.0299987792969,418.3901062011719,128516,0
2026-05-21 14:10:00-04:00,418.3900146484375,418.67498779296875,418.010009765625,418.06500244140625,123728,0
2026-05-21 14:15:00-04:00,418.0799865722656,418.1622009277344,417.7099914550781,417.7900085449219,228933,0
2026-05-21 14:20:00-04:00,417.81500244140625,418.57000732421875,417.57000732421875,418.32000732421875,206587,0
2026-05-21 14:25:00-04:00,418.3319091796875,419.0,418.2850036621094,418.9595031738281,133749,0
2026-05-21 14:30:00-04:00,418.8905944824219,419.1700134277344,418.5,419.0150146484375,134947,0
2026-05-21 14:35:00-04:00,418.989990234375,419.139892578125,418.67999267578125,419.1000061035156,146793,0
2026-05-21 14:40:00-04:00,419.1000061035156,419.75,418.9800109863281,419.6300048828125,141310,0
2026-05-21 14:45:00-04:00,419.6600036621094,419.79998779296875,419.1099853515625,419.2304992675781,206810,0
2026-05-21 14:50:00-04:00,419.25,419.70001220703125,418.1099853515625,418.1300048828125,177708,0
2026-05-21 14:55:00-04:00,418.1000061035156,418.7200012207031,418.0,418.6553955078125,126503,0
2026-05-21 15:00:00-04:00,418.68499755859375,419.17999267578125,418.57000732421875,419.1499938964844,129163,0
2026-05-21 15:05:00-04:00,419.125,419.125,418.25,419.04998779296875,167491,0
2026-05-21 15:10:00-04:00,419.07000732421875,419.17999267578125,418.55999755859375,418.9700012207031,167141,0
2026-05-21 15:15:00-04:00,418.95001220703125,419.3900146484375,418.92999267578125,419.32501220703125,131333,0
2026-05-21 15:20:00-04:00,419.32501220703125,419.45001220703125,418.9100036621094,418.9700012207031,163231,0
2026-05-21 15:25:00-04:00,418.9750061035156,419.1400146484375,418.7200012207031,418.95001220703125,248998,0
2026-05-21 15:30:00-04:00,418.9200134277344,419.0400085449219,418.54998779296875,418.6400146484375,155050,0
2026-05-21 15:35:00-04:00,418.581787109375,419.0199890136719,418.5539855957031,418.8930969238281,176900,0
2026-05-21 15:40:00-04:00,418.9200134277344,419.2900085449219,418.760009765625,419.0199890136719,168492,0
2026-05-21 15:45:00-04:00,419.0400085449219,419.239990234375,418.7200012207031,418.864990234375,158306,0
2026-05-21 15:50:00-04:00,418.8900146484375,419.8900146484375,417.5,417.5899963378906,838568,0
2026-05-21 15:55:00-04:00,417.6000061035156,419.6099853515625,417.6000061035156,419.0400085449219,1516319,0
2026-05-22 09:30:00-04:00,419.4800109863281,421.7900085449219,419.37799072265625,421.739990234375,2229252,0
2026-05-22 09:35:00-04:00,421.8399963378906,424.3999938964844,420.9700012207031,423.8638000488281,774927,0
2026-05-22 09:40:00-04:00,423.94500732421875,423.95001220703125,421.8472900390625,422.0745849609375,400970,0
2026-05-22 09:45:00-04:00,422.1400146484375,424.239990234375,422.1400146484375,422.57000732421875,368369,0
2026-05-22 09:50:00-04:00,422.5299987792969,422.9599914550781,420.94000244140625,421.1271057128906,268166,0
2026-05-22 09:55:00-04:00,421.1789855957031,421.5,419.8699951171875,420.3399963378906,243293,0
2026-05-22 10:00:00-04:00,420.42999267578125,420.44000244140625,419.6000061035156,419.92498779296875,258881,0
2026-05-22 10:05:00-04:00,419.8800048828125,419.8999938964844,418.5,418.56500244140625,434860,0
2026-05-22 10:10:00-04:00,418.56500244140625,419.1499938964844,418.2099914550781,418.8299865722656,272547,0
2026-05-22 10:15:00-04:00,418.739990234375,419.4399108886719,417.8900146484375,417.9100036621094,327739,0
2026-05-22 10:20:00-04:00,417.8840026855469,418.1000061035156,417.0,417.04559326171875,301602,0
2026-05-22 10:25:00-04:00,417.1199951171875,417.20001220703125,416.3399963378906,416.70001220703125,372156,0
2026-05-22 10:30:00-04:00,416.6499938964844,417.1549987792969,416.42999267578125,416.6499938964844,259099,0
2026-05-22 10:35:00-04:00,416.65179443359375,417.8599853515625,416.65179443359375,417.4800109863281,285773,0
2026-05-22 10:40:00-04:00,417.3999938964844,418.2499084472656,417.3800048828125,418.07501220703125,195818,0
2026-05-22 10:45:00-04:00,418.1199951171875,418.42999267578125,417.7099914550781,418.29998779296875,325563,0
2026-05-22 10:50:00-04:00,418.3399963378906,418.4700012207031,417.739990234375,417.84869384765625,203742,0
2026-05-22 10:55:00-04:00,417.8399963378906,418.0,417.32501220703125,417.55999755859375,150292,0
2026-05-22 11:00:00-04:00,417.6000061035156,418.4399108886719,417.42498779296875,418.239990234375,157629,0
2026-05-22 11:05:00-04:00,418.19000244140625,418.79998779296875,418.17999267578125,418.79998779296875,177599,0
2026-05-22 11:10:00-04:00,418.80999755859375,418.843994140625,418.2699890136719,418.6400146484375,130712,0
2026-05-22 11:15:00-04:00,418.6400146484375,419.2749938964844,418.6000061035156,419.1914978027344,798604,0
2026-05-22 11:20:00-04:00,419.2099914550781,419.5199890136719,418.79998779296875,419.0199890136719,371317,0
2026-05-22 11:25:00-04:00,419.04998779296875,419.45001220703125,418.3699951171875,419.385009765625,465989,0
2026-05-22 11:30:00-04:00,419.3949890136719,419.5799865722656,419.0299987792969,419.1199951171875,169001,0
2026-05-22 11:35:00-04:00,419.09600830078125,419.4800109863281,418.7200012207031,418.75,194410,0
2026-05-22 11:40:00-04:00,418.7550048828125,418.8999938964844,418.25,418.7300109863281,127716,0
2026-05-22 11:45:00-04:00,418.7699890136719,419.0,418.5000915527344,418.8699951171875,110079,0
2026-05-22 11:50:00-04:00,418.8699951171875,419.4800109863281,418.67999267578125,419.3999938964844,103768,0
2026-05-22 11:55:00-04:00,419.3900146484375,419.9798889160156,419.260009765625,419.9200134277344,0,0
2026-05-22 12:00:00-04:00,419.89898681640625,420.3999938964844,419.6300048828125,420.3349914550781,206545,0
2026-05-22 12:05:00-04:00,420.3200988769531,420.4599914550781,419.8599853515625,420.0050048828125,148442,0
2026-05-22 12:10:00-04:00,419.9750061035156,420.0299987792969,419.6300048828125,419.79998779296875,121905,0
2026-05-22 12:15:00-04:00,419.7749938964844,419.8299865722656,419.42999267578125,419.4800109863281,135610,0
2026-05-22 12:20:00-04:00,419.4700012207031,420.04998779296875,419.4209899902344,419.8500061035156,119506,0
2026-05-22 12:25:00-04:00,419.9154968261719,419.9700012207031,419.3599853515625,419.6099853515625,127433,0
2026-05-22 12:30:00-04:00,419.6099853515625,419.9530029296875,419.5101013183594,419.6000061035156,112306,0
2026-05-22 12:35:00-04:00,419.587890625,419.70001220703125,419.1099853515625,419.25,99950,0
2026-05-22 12:40:00-04:00,419.2615966796875,419.4599914550781,419.04998779296875,419.30499267578125,83227,0
2026-05-22 12:45:00-04:00,419.31500244140625,419.3999938964844,419.0504150390625,419.1449890136719,84765,0
2026-05-22 12:50:00-04:00,419.1300048828125,419.19000244140625,418.40008544921875,419.1499938964844,177404,0
2026-05-22 12:55:00-04:00,419.1400146484375,419.1700134277344,418.6513977050781,418.70001220703125,112364,0
2026-05-22 13:00:00-04:00,418.7080993652344,419.0400085449219,418.6300048828125,418.8699951171875,82154,0
2026-05-22 13:05:00-04:00,418.8699951171875,418.95001220703125,418.5400085449219,418.6300048828125,108274,0
2026-05-22 13:10:00-04:00,418.6199951171875,418.8299865722656,418.5799865722656,418.7887878417969,77597,0
2026-05-22 13:15:00-04:00,418.7699890136719,419.0,418.44000244140625,418.4800109863281,136958,0
2026-05-22 13:20:00-04:00,418.4599914550781,418.7298889160156,418.1610107421875,418.30999755859375,109951,0
2026-05-22 13:25:00-04:00,418.3299865722656,418.92999267578125,418.239990234375,418.8100891113281,172062,0
2026-05-22 13:30:00-04:00,418.8550109863281,419.21600341796875,418.5,418.7900085449219,144629,0
2026-05-22 13:35:00-04:00,418.7799987792969,419.2088928222656,418.6099853515625,419.135009765625,168051,0
2026-05-22 13:40:00-04:00,419.1600036621094,419.3599853515625,418.94000244140625,418.9800109863281,131008,0
2026-05-22 13:45:00-04:00,419.0,419.05499267578125,418.7699890136719,418.875,88941,0
2026-05-22 13:50:00-04:00,418.8999938964844,418.8999938964844,418.1600036621094,418.239990234375,115718,0
2026-05-22 13:55:00-04:00,418.2200012207031,418.2795104980469,417.6099853515625,417.6400146484375,204473,0
2026-05-22 14:00:00-04:00,417.69000244140625,417.8799133300781,417.25,417.6499938964844,214082,0
2026-05-22 14:05:00-04:00,417.57000732421875,417.92999267578125,417.489990234375,417.7001037597656,115029,0
2026-05-22 14:10:00-04:00,417.70001220703125,417.9599914550781,417.5899963378906,417.94000244140625,142138,0
2026-05-22 14:15:00-04:00,417.92999267578125,418.30999755859375,417.8900146484375,418.29998779296875,119838,0
2026-05-22 14:20:00-04:00,418.29998779296875,419.0,418.25,418.8900146484375,149075,0
2026-05-22 14:25:00-04:00,418.9100036621094,419.05999755859375,418.7701110839844,418.82000732421875,126595,0
2026-05-22 14:30:00-04:00,418.7900085449219,419.3800048828125,418.7900085449219,419.2200012207031,136583,0
2026-05-22 14:35:00-04:00,419.2200012207031,419.8999938964844,419.04998779296875,419.6300048828125,181094,0
2026-05-22 14:40:00-04:00,419.57000732421875,419.6499938964844,419.1099853515625,419.260009765625,84526,0
2026-05-22 14:45:00-04:00,419.2799987792969,419.4049987792969,418.3999938964844,418.5350036621094,114710,0
2026-05-22 14:50:00-04:00,418.50201416015625,418.94000244140625,418.3999938964844,418.9049987792969,119858,0
2026-05-22 14:55:00-04:00,418.9049987792969,418.989990234375,418.75,418.8999938964844,79207,0
2026-05-22 15:00:00-04:00,418.8699951171875,419.1600036621094,418.5299987792969,418.8999938964844,127300,0
2026-05-22 15:05:00-04:00,418.9200134277344,419.0599060058594,418.75,418.92999267578125,97249,0
2026-05-22 15:10:00-04:00,418.9150085449219,419.1062927246094,418.75,419.04010009765625,108489,0
2026-05-22 15:15:00-04:00,419.125,419.1600036621094,418.70001220703125,418.8500061035156,98979,0
2026-05-22 15:20:00-04:00,418.87109375,418.93499755859375,418.6099853515625,418.75,148209,0
2026-05-22 15:25:00-04:00,418.75,418.885009765625,418.29998779296875,418.29998779296875,152438,0
2026-05-22 15:30:00-04:00,418.3699951171875,418.5400085449219,418.0101013183594,418.3800048828125,168821,0
2026-05-22 15:35:00-04:00,418.3599853515625,418.552490234375,418.1600036621094,418.3599853515625,136239,0
2026-05-22 15:40:00-04:00,418.32000732421875,418.57000732421875,418.1300048828125,418.4800109863281,151375,0
2026-05-22 15:45:00-04:00,418.4700012207031,418.7799987792969,418.3999938964844,418.614990234375,161165,0
2026-05-22 15:50:00-04:00,418.5899963378906,418.79998779296875,418.2200012207031,418.5799865722656,306531,0
2026-05-22 15:55:00-04:00,418.5669860839844,418.94000244140625,418.4200134277344,418.5799865722656,725660,0
2026-05-26 09:30:00-04:00,416.42999267578125,417.45001220703125,413.1700134277344,416.3799133300781,4002630,0
2026-05-26 09:35:00-04:00,416.45001220703125,416.69989013671875,415.0,415.42999267578125,713333,0
2026-05-26 09:40:00-04:00,415.4501953125,416.4700012207031,415.0199890136719,415.5450134277344,498121,0
2026-05-26 09:45:00-04:00,415.5899963378906,417.0,415.5,416.69000244140625,500451,0
2026-05-26 09:50:00-04:00,416.69000244140625,416.82000732421875,415.1499938964844,415.3599853515625,484321,0
2026-05-26 09:55:00-04:00,415.4100036621094,417.760009765625,415.2550048828125,417.7300109863281,432600,0
2026-05-26 10:00:00-04:00,417.7699890136719,418.54998779296875,417.0899963378906,418.3699951171875,547107,0
2026-05-26 10:05:00-04:00,418.3800048828125,418.7799987792969,417.69000244140625,418.1700134277344,440146,0
2026-05-26 10:10:00-04:00,418.1875,418.19000244140625,417.04998779296875,417.9800109863281,373532,0
2026-05-26 10:15:00-04:00,417.9849853515625,418.3999938964844,417.5799865722656,418.260009765625,335040,0
2026-05-26 10:20:00-04:00,418.2900085449219,419.7699890136719,418.25,419.489990234375,512737,0
2026-05-26 10:25:00-04:00,419.5,419.75,418.7799987792969,418.9849853515625,404195,0
2026-05-26 10:30:00-04:00,419.0199890136719,419.20001220703125,417.8299865722656,417.989990234375,287369,0
2026-05-26 10:35:00-04:00,418.0050048828125,418.4200134277344,417.29998779296875,417.5,237577,0
2026-05-26 10:40:00-04:00,417.5,417.989990234375,417.2300109863281,417.3500061035156,245004,0
2026-05-26 10:45:00-04:00,417.3299865722656,417.34869384765625,415.3999938964844,415.3999938964844,455505,0
2026-05-26 10:50:00-04:00,415.4200134277344,416.125,415.3500061035156,415.864990234375,347719,0
2026-05-26 10:55:00-04:00,415.864990234375,416.20001220703125,415.1099853515625,415.239990234375,318737,0
2026-05-26 11:00:00-04:00,415.239990234375,415.2699890136719,414.45379638671875,414.7300109863281,346951,0
2026-05-26 11:05:00-04:00,414.70001220703125,414.94000244140625,414.2300109863281,414.7499084472656,394735,0
2026-05-26 11:10:00-04:00,414.6000061035156,414.7900085449219,414.25,414.3399963378906,5734,0
2026-05-26 11:15:00-04:00,414.32000732421875,415.1499938964844,414.1499938964844,414.989990234375,265587,0
2026-05-26 11:20:00-04:00,414.989990234375,416.2699890136719,414.9100036621094,415.8800048828125,325811,0
2026-05-26 11:25:00-04:00,415.840087890625,416.1099853515625,415.1600036621094,415.2149963378906,285097,0
2026-05-26 11:30:00-04:00,415.1700134277344,415.94989013671875,414.70001220703125,415.92999267578125,240682,0
2026-05-26 11:35:00-04:00,415.92999267578125,416.07000732421875,415.80999755859375,416.0450134277344,222803,0
2026-05-26 11:40:00-04:00,416.0450134277344,416.3999938964844,415.5799865722656,415.6495056152344,271664,0
2026-05-26 11:45:00-04:00,415.6499938964844,415.95001220703125,415.4700012207031,415.6499938964844,185906,0
2026-05-26 11:50:00-04:00,415.6650085449219,415.7398986816406,414.95001220703125,415.06500244140625,205529,0
2026-05-26 11:55:00-04:00,415.06500244140625,415.2200012207031,414.45001220703125,415.04998779296875,232823,0
2026-05-26 12:00:00-04:00,415.04998779296875,415.2699890136719,414.95001220703125,415.0801086425781,150420,0
2026-05-26 12:05:00-04:00,415.04998779296875,415.57989501953125,415.0299987792969,415.25,231704,0
2026-05-26 12:10:00-04:00,415.2550048828125,415.2898864746094,414.57000732421875,414.67999267578125,191282,0
2026-05-26 12:15:00-04:00,414.6499938964844,415.1400146484375,414.6000061035156,415.0400085449219,120316,0
2026-05-26 12:20:00-04:00,415.1499938964844,415.92999267578125,415.1000061035156,415.7300109863281,190793,0
2026-05-26 12:25:00-04:00,415.760009765625,416.010009765625,415.70001220703125,415.989990234375,170592,0
2026-05-26 12:30:00-04:00,416.0,416.1700134277344,415.82000732421875,416.0199890136719,127074,0
2026-05-26 12:35:00-04:00,415.989990234375,416.2300109863281,415.42999267578125,415.42999267578125,114226,0
2026-05-26 12:40:00-04:00,415.4200134277344,415.54998779296875,415.260009765625,415.30499267578125,146179,0
2026-05-26 12:45:00-04:00,415.2799987792969,415.2799987792969,414.8699951171875,414.8949890136719,154129,0
2026-05-26 12:50:00-04:00,414.9200134277344,415.04998779296875,414.6199951171875,414.7699890136719,143224,0
2026-05-26 12:55:00-04:00,414.7699890136719,414.8399963378906,414.3800048828125,414.4226989746094,150810,0
2026-05-26 13:00:00-04:00,414.4833984375,414.55999755859375,413.9200134277344,414.010009765625,295286,0
2026-05-26 13:05:00-04:00,414.0299987792969,414.30999755859375,413.7799987792969,414.0382080078125,182823,0
2026-05-26 13:10:00-04:00,414.0199890136719,414.2799987792969,413.8399963378906,413.92498779296875,157914,0
2026-05-26 13:15:00-04:00,413.8800048828125,414.25,413.8599853515625,413.989990234375,154983,0
2026-05-26 13:20:00-04:00,413.9800109863281,414.0,413.30999755859375,413.4750061035156,270208,0
2026-05-26 13:25:00-04:00,413.45001220703125,413.739990234375,413.4100036621094,413.6549987792969,179936,0
2026-05-26 13:30:00-04:00,413.6449890136719,413.7900085449219,413.45001220703125,413.5899963378906,129286,0
2026-05-26 13:35:00-04:00,413.5899963378906,413.75,413.0199890136719,413.1099853515625,202031,0
2026-05-26 13:40:00-04:00,413.1300048828125,413.7099914550781,413.0815124511719,413.3713073730469,204775,0
2026-05-26 13:45:00-04:00,413.3900146484375,413.5,413.2099914550781,413.45001220703125,154334,0
2026-05-26 13:50:00-04:00,413.4549865722656,414.19000244140625,413.42999267578125,414.0299072265625,226441,0
2026-05-26 13:55:00-04:00,414.0,414.0050048828125,413.5400085449219,413.75,140386,0
2026-05-26 14:00:00-04:00,413.75,414.239990234375,413.6400146484375,414.2254943847656,149283,0
2026-05-26 14:05:00-04:00,414.2200012207031,414.8599853515625,414.1600036621094,414.8500061035156,165649,0
2026-05-26 14:10:00-04:00,414.8399963378906,415.0,414.6600036621094,414.760009765625,176792,0
2026-05-26 14:15:00-04:00,414.760009765625,415.4800109863281,414.7401123046875,415.4010009765625,131196,0
2026-05-26 14:20:00-04:00,415.4200134277344,415.8399963378906,415.3599853515625,415.4200134277344,188418,0
2026-05-26 14:25:00-04:00,415.3900146484375,415.4798889160156,415.04998779296875,415.114990234375,140642,0
2026-05-26 14:30:00-04:00,415.1199951171875,415.6000061035156,415.1199951171875,415.5400085449219,119500,0
2026-05-26 14:35:00-04:00,415.5450134277344,415.69000244140625,415.17999267578125,415.6650085449219,146799,0
2026-05-26 14:40:00-04:00,415.6650085449219,415.6744079589844,415.07501220703125,415.0799865722656,162376,0
2026-05-26 14:45:00-04:00,415.0849914550781,415.3999938964844,415.0849914550781,415.2228088378906,114615,0
2026-05-26 14:50:00-04:00,415.260009765625,415.3800048828125,415.1499938964844,415.2850036621094,145792,0
2026-05-26 14:55:00-04:00,415.2850036621094,415.3800048828125,414.79998779296875,414.8299865722656,142350,0
2026-05-26 15:00:00-04:00,414.79998779296875,414.95001220703125,414.5899963378906,414.8599853515625,254411,0
2026-05-26 15:05:00-04:00,414.8800048828125,415.260009765625,414.8299865722656,415.2300109863281,157322,0
2026-05-26 15:10:00-04:00,415.239990234375,415.260009765625,414.82000732421875,415.20001220703125,203158,0
2026-05-26 15:15:00-04:00,415.20001220703125,415.5552062988281,415.04998779296875,415.44000244140625,190442,0
2026-05-26 15:20:00-04:00,415.44000244140625,415.80499267578125,415.4100036621094,415.80499267578125,179147,0
2026-05-26 15:25:00-04:00,415.7900085449219,415.8900146484375,415.6199951171875,415.739990234375,207878,0
2026-05-26 15:30:00-04:00,415.7200012207031,415.8999938964844,415.4901123046875,415.6099853515625,200932,0
2026-05-26 15:35:00-04:00,415.6099853515625,415.7699890136719,415.489990234375,415.6401062011719,170807,0
2026-05-26 15:40:00-04:00,415.6440124511719,415.9100036621094,415.4750061035156,415.67999267578125,176825,0
2026-05-26 15:45:00-04:00,415.6700134277344,415.95001220703125,415.32501220703125,415.3949890136719,201863,0
2026-05-26 15:50:00-04:00,415.4200134277344,416.1000061035156,415.2799987792969,416.04998779296875,404161,0
2026-05-26 15:55:00-04:00,416.0559997558594,416.3500061035156,415.69000244140625,416.1499938964844,1107150,0
2026-05-27 09:30:00-04:00,411.0450134277344,412.5,409.5899963378906,412.1192932128906,3798331,0
2026-05-27 09:35:00-04:00,412.0899963378906,413.2699890136719,411.5,412.0400085449219,620486,0
2026-05-27 09:40:00-04:00,412.0580139160156,412.9877014160156,411.0799865722656,412.57000732421875,551683,0
2026-05-27 09:45:00-04:00,412.5849914550781,413.95001220703125,411.3999938964844,411.6199951171875,626876,0
2026-05-27 09:50:00-04:00,411.6400146484375,412.1499938964844,410.8500061035156,411.8399963378906,488115,0
2026-05-27 09:55:00-04:00,411.8299865722656,412.20001220703125,411.30999755859375,411.44000244140625,393111,0
2026-05-27 10:00:00-04:00,411.5799865722656,412.989990234375,411.3299865722656,412.1700134277344,433486,0
2026-05-27 10:05:00-04:00,412.2250061035156,413.0,411.79998779296875,412.8550109863281,293301,0
2026-05-27 10:10:00-04:00,412.8900146484375,413.69000244140625,412.57000732421875,413.5199890136719,376064,0
2026-05-27 10:15:00-04:00,413.54998779296875,413.9071044921875,413.0400085449219,413.17498779296875,343360,0
2026-05-27 10:20:00-04:00,413.2049865722656,414.25,413.0299987792969,414.07501220703125,365375,0
2026-05-27 10:25:00-04:00,414.07000732421875,415.92999267578125,414.07000732421875,415.05999755859375,523401,0
2026-05-27 10:30:00-04:00,415.1300048828125,415.3399963378906,414.3800048828125,414.9849853515625,310053,0
2026-05-27 10:35:00-04:00,414.9849853515625,415.70001220703125,414.3999938964844,415.5899963378906,268150,0
2026-05-27 10:40:00-04:00,415.57000732421875,415.6199951171875,414.840087890625,415.05999755859375,230000,0
2026-05-27 10:45:00-04:00,415.05999755859375,415.510009765625,414.94000244140625,415.32000732421875,187240,0
2026-05-27 10:50:00-04:00,415.32501220703125,415.409912109375,414.1199951171875,414.32000732421875,189095,0
2026-05-27 10:55:00-04:00,414.29998779296875,414.9200134277344,414.1400146484375,414.54998779296875,158081,0
2026-05-27 11:00:00-04:00,414.6000061035156,415.5400085449219,414.3900146484375,415.42718505859375,279216,0
2026-05-27 11:05:00-04:00,415.4150085449219,415.4800109863281,414.2301025390625,414.42498779296875,302288,0
2026-05-27 11:10:00-04:00,414.42498779296875,414.57000732421875,413.70001220703125,413.7799987792969,258158,0
2026-05-27 11:15:00-04:00,413.7799987792969,414.1700134277344,412.8599853515625,412.9750061035156,200300,0
2026-05-27 11:20:00-04:00,412.9800109863281,413.6600036621094,412.6600036621094,413.4024963378906,191188,0
2026-05-27 11:25:00-04:00,413.44000244140625,413.44000244140625,412.67999267578125,412.8500061035156,181914,0
2026-05-27 11:30:00-04:00,412.8500061035156,413.3699951171875,412.7200012207031,413.0950012207031,209395,0
2026-05-27 11:35:00-04:00,413.1737060546875,413.3599853515625,412.8299865722656,413.3599853515625,165144,0
2026-05-27 11:40:00-04:00,413.25,413.3399963378906,412.5799865722656,412.5815124511719,161558,0
2026-05-27 11:45:00-04:00,412.6000061035156,412.8699035644531,412.5450134277344,412.7900085449219,159377,0
2026-05-27 11:50:00-04:00,412.7699890136719,413.1683044433594,412.6099853515625,412.739990234375,148196,0
2026-05-27 11:55:00-04:00,412.6300964355469,413.010009765625,412.6300964355469,412.8599853515625,110675,0
2026-05-27 12:00:00-04:00,412.8900146484375,413.29998779296875,412.7900085449219,413.0249938964844,124548,0
2026-05-27 12:05:00-04:00,413.0249938964844,413.3900146484375,412.7799987792969,413.3299865722656,122206,0
2026-05-27 12:10:00-04:00,413.32000732421875,413.3900146484375,412.70001220703125,412.7699890136719,153743,0
2026-05-27 12:15:00-04:00,412.7749938964844,413.05999755859375,412.6000061035156,412.94000244140625,114774,0
2026-05-27 12:20:00-04:00,412.8999938964844,413.114990234375,412.70001220703125,412.9150085449219,98847,0
2026-05-27 12:25:00-04:00,412.885009765625,412.9800109863281,412.4049987792969,412.7699890136719,145368,0
2026-05-27 12:30:00-04:00,412.7484130859375,412.89990234375,412.6400146484375,412.7950134277344,100391,0
2026-05-27 12:35:00-04:00,412.7950134277344,413.385009765625,412.69000244140625,413.3599853515625,128102,0
2026-05-27 12:40:00-04:00,413.3599853515625,413.64990234375,413.2799987792969,413.5950012207031,186357,0
2026-05-27 12:45:00-04:00,413.5950012207031,413.79998779296875,413.0,413.6650085449219,150740,0
2026-05-27 12:50:00-04:00,413.6700134277344,414.05999755859375,413.54998779296875,413.8999938964844,135715,0
2026-05-27 12:55:00-04:00,413.885009765625,413.9800109863281,413.7200012207031,413.885009765625,102806,0
2026-05-27 13:00:00-04:00,413.8599853515625,413.9198913574219,413.4700012207031,413.6400146484375,109434,0
2026-05-27 13:05:00-04:00,413.67999267578125,413.69000244140625,412.6199951171875,412.6199951171875,162668,0
2026-05-27 13:10:00-04:00,412.6549987792969,412.71990966796875,412.2349853515625,412.4150085449219,172464,0
2026-05-27 13:15:00-04:00,412.3699951171875,412.4150085449219,411.7200012207031,411.9100036621094,234874,0
2026-05-27 13:20:00-04:00,411.94500732421875,411.94500732421875,411.2799987792969,411.4049987792969,226142,0
2026-05-27 13:25:00-04:00,411.3999938964844,411.55999755859375,411.2099914550781,411.44000244140625,183622,0
2026-05-27 13:30:00-04:00,411.4599914550781,411.739990234375,411.3800048828125,411.6400146484375,155393,0
2026-05-27 13:35:00-04:00,411.6499938964844,411.9700012207031,411.6300048828125,411.739990234375,138034,0
2026-05-27 13:40:00-04:00,411.7749938964844,411.8599853515625,411.52789306640625,411.5450134277344,111841,0
2026-05-27 13:45:00-04:00,411.5400085449219,412.04998779296875,411.5400085449219,411.69000244140625,136529,0
2026-05-27 13:50:00-04:00,411.7179870605469,411.8399963378906,411.510009765625,411.69000244140625,117213,0
2026-05-27 13:55:00-04:00,411.70001220703125,411.75,411.5,411.6300048828125,127207,0
2026-05-27 14:00:00-04:00,411.6400146484375,412.4100036621094,411.5799865722656,412.30499267578125,194534,0
2026-05-27 14:05:00-04:00,412.30999755859375,412.67999267578125,412.2254943847656,412.42498779296875,158611,0
2026-05-27 14:10:00-04:00,412.42498779296875,412.4599914550781,412.010009765625,412.42498779296875,144712,0
2026-05-27 14:15:00-04:00,412.42498779296875,412.6199951171875,412.20001220703125,412.5799865722656,137298,0
2026-05-27 14:20:00-04:00,412.5799865722656,412.7900085449219,412.4100036621094,412.7598876953125,167865,0
2026-05-27 14:25:00-04:00,412.72021484375,412.75,412.2909851074219,412.7200012207031,166565,0
2026-05-27 14:30:00-04:00,412.7049865722656,412.95001220703125,412.4100036621094,412.6000061035156,135339,0
2026-05-27 14:35:00-04:00,412.625,412.6600036621094,412.0299987792969,412.385009765625,164317,0
2026-05-27 14:40:00-04:00,412.3900146484375,412.7900085449219,412.2550048828125,412.3999938964844,158679,0
2026-05-27 14:45:00-04:00,412.42999267578125,412.7900085449219,412.3999938964844,412.75,127049,0
2026-05-27 14:50:00-04:00,412.7200012207031,413.0400085449219,412.55889892578125,412.6549987792969,164644,0
2026-05-27 14:55:00-04:00,412.6549987792969,412.7799987792969,412.30999755859375,412.5199890136719,130597,0
2026-05-27 15:00:00-04:00,412.5,412.70001220703125,411.7699890136719,411.82501220703125,297638,0
2026-05-27 15:05:00-04:00,411.8399963378906,411.8446960449219,411.3599853515625,411.7749938964844,298496,0
2026-05-27 15:10:00-04:00,411.7699890136719,412.760009765625,411.6499938964844,412.7279968261719,407930,0
2026-05-27 15:15:00-04:00,412.75,413.4200134277344,412.6700134277344,413.1600036621094,243589,0
2026-05-27 15:20:00-04:00,413.1600036621094,413.29998779296875,413.010009765625,413.1300964355469,203061,0
2026-05-27 15:25:00-04:00,413.1600036621094,413.4700012207031,413.1099853515625,413.4100036621094,279625,0
2026-05-27 15:30:00-04:00,413.45001220703125,413.4599914550781,412.5799865722656,412.760009765625,243053,0
2026-05-27 15:35:00-04:00,412.7900085449219,413.25,412.45001220703125,413.2250061035156,261024,0
2026-05-27 15:40:00-04:00,413.2099914550781,413.2900085449219,412.95001220703125,413.2449951171875,160894,0
2026-05-27 15:45:00-04:00,413.19000244140625,413.510009765625,413.0249938964844,413.42498779296875,188318,0
2026-05-27 15:50:00-04:00,413.4200134277344,413.4200134277344,412.45001220703125,412.5450134277344,340114,0
2026-05-27 15:55:00-04:00,412.5450134277344,412.7699890136719,411.9700012207031,412.69000244140625,1005534,0
2026-05-28 09:30:00-04:00,412.9750061035156,417.7666015625,412.6700134277344,415.125,3659218,0
2026-05-28 09:35:00-04:00,415.04998779296875,416.5,414.1099853515625,415.5199890136719,566268,0
2026-05-28 09:40:00-04:00,415.551513671875,418.989990234375,415.1900939941406,418.79998779296875,897609,0
2026-05-28 09:45:00-04:00,418.79998779296875,421.8500061035156,415.7200012207031,421.69000244140625,1355246,0
2026-05-28 09:50:00-04:00,421.7300109863281,423.2449951171875,421.17999267578125,422.739990234375,930903,0
2026-05-28 09:55:00-04:00,422.79998779296875,424.6549987792969,421.6900939941406,424.4800109863281,951914,0
2026-05-28 10:00:00-04:00,424.4800109863281,427.6700134277344,424.3800048828125,427.49859619140625,1696603,0
2026-05-28 10:05:00-04:00,427.4800109863281,428.0899963378906,425.1199951171875,425.6499938964844,1211026,0
2026-05-28 10:10:00-04:00,425.8299865722656,426.8446960449219,424.7799987792969,426.4599914550781,1026433,0
2026-05-28 10:15:00-04:00,426.4898986816406,429.489990234375,425.8800048828125,428.4700012207031,1228489,0
2026-05-28 10:20:00-04:00,428.4200134277344,428.8500061035156,426.29998779296875,426.3999938964844,795599,0
2026-05-28 10:25:00-04:00,426.4031982421875,426.70001220703125,425.239990234375,425.25628662109375,734323,0
2026-05-28 10:30:00-04:00,425.2489929199219,425.67999267578125,423.44000244140625,423.44000244140625,620897,0
2026-05-28 10:35:00-04:00,423.5,423.71551513671875,422.25,422.3078918457031,428406,0
2026-05-28 10:40:00-04:00,422.30999755859375,425.8599853515625,422.2749938964844,425.5799865722656,689410,0
2026-05-28 10:45:00-04:00,425.55999755859375,425.8599853515625,424.4255065917969,424.989990234375,341308,0
2026-05-28 10:50:00-04:00,425.0799865722656,425.6300048828125,424.8299865722656,425.1650085449219,334215,0
2026-05-28 10:55:00-04:00,425.1600036621094,425.1700134277344,424.04998779296875,424.3500061035156,226915,0
2026-05-28 11:00:00-04:00,424.32501220703125,425.3500061035156,424.239990234375,425.260009765625,370522,0
2026-05-28 11:05:00-04:00,425.2749938964844,425.3699951171875,423.510009765625,423.55999755859375,285000,0
2026-05-28 11:10:00-04:00,423.55999755859375,424.25,423.54998779296875,423.625,197331,0
2026-05-28 11:15:00-04:00,423.6499938964844,424.3999938964844,423.54998779296875,424.3999938964844,211051,0
2026-05-28 11:20:00-04:00,424.3999938964844,424.8900146484375,424.0799865722656,424.7300109863281,199459,0
2026-05-28 11:25:00-04:00,424.75,425.4695129394531,424.75,424.75,307461,0
2026-05-28 11:30:00-04:00,424.7300109863281,424.94000244140625,424.1000061035156,424.19000244140625,238703,0
2026-05-28 11:35:00-04:00,424.20001220703125,425.25,424.1499938964844,424.4849853515625,232239,0
2026-05-28 11:40:00-04:00,424.5199890136719,425.1300048828125,424.2200012207031,425.05999755859375,190031,0
2026-05-28 11:45:00-04:00,425.05999755859375,425.1400146484375,424.7699890136719,425.0249938964844,174216,0
2026-05-28 11:50:00-04:00,425.0400085449219,425.1199951171875,424.3299865722656,424.6000061035156,294075,0
2026-05-28 11:55:00-04:00,424.6099853515625,425.20001220703125,424.6000061035156,425.0,212976,0
2026-05-28 12:00:00-04:00,424.9949951171875,424.9949951171875,424.44000244140625,424.739990234375,164476,0
2026-05-28 12:05:00-04:00,424.760009765625,425.0199890136719,424.55999755859375,424.67498779296875,155522,0
2026-05-28 12:10:00-04:00,424.67498779296875,424.70001220703125,423.8900146484375,424.20001220703125,193889,0
2026-05-28 12:15:00-04:00,424.17999267578125,425.7099914550781,424.1700134277344,425.3999938964844,281333,0
2026-05-28 12:20:00-04:00,425.3800048828125,425.8699951171875,425.1300048828125,425.739990234375,263853,0
2026-05-28 12:25:00-04:00,425.75,426.42999267578125,425.55999755859375,425.8450012207031,304831,0
2026-05-28 12:30:00-04:00,425.8599853515625,426.1600036621094,425.6400146484375,425.82000732421875,198056,0
2026-05-28 12:35:00-04:00,425.8299865722656,426.3999938964844,425.7900085449219,426.17999267578125,185549,0
2026-05-28 12:40:00-04:00,426.18499755859375,426.5299987792969,425.5400085449219,425.94500732421875,256589,0
2026-05-28 12:45:00-04:00,425.94500732421875,426.0199890136719,424.05999755859375,424.1650085449219,246487,0
2026-05-28 12:50:00-04:00,424.1700134277344,424.1700134277344,422.70001220703125,423.55499267578125,397413,0
2026-05-28 12:55:00-04:00,423.5400085449219,424.6000061035156,423.281005859375,424.4566955566406,296578,0
2026-05-28 13:00:00-04:00,424.489990234375,425.1600036621094,424.4700012207031,424.9599914550781,218553,0
2026-05-28 13:05:00-04:00,424.95001220703125,425.5299987792969,424.760009765625,425.3348083496094,185068,0
2026-05-28 13:10:00-04:00,425.31500244140625,425.4599914550781,424.6000061035156,424.6600036621094,185420,0
2026-05-28 13:15:00-04:00,424.6700134277344,425.3999938964844,424.6000061035156,425.1199951171875,212035,0
2026-05-28 13:20:00-04:00,425.06500244140625,426.0,425.0400085449219,425.82000732421875,165789,0
2026-05-28 13:25:00-04:00,425.79998779296875,425.94000244140625,425.3699951171875,425.80999755859375,180021,0
2026-05-28 13:30:00-04:00,425.7950134277344,426.3349914550781,425.7900085449219,426.25,188412,0
2026-05-28 13:35:00-04:00,426.25,426.4700012207031,425.9599914550781,426.4549865722656,206133,0
2026-05-28 13:40:00-04:00,426.4700012207031,427.04998779296875,426.3500061035156,426.75,272036,0
2026-05-28 13:45:00-04:00,426.7300109863281,427.29998779296875,426.4400939941406,427.20001220703125,238189,0
2026-05-28 13:50:00-04:00,427.17999267578125,427.3999938964844,427.05999755859375,427.32000732421875,251308,0
2026-05-28 13:55:00-04:00,427.32000732421875,427.6099853515625,427.2300109863281,427.4800109863281,265814,0
2026-05-28 14:00:00-04:00,427.510009765625,428.6499938964844,427.3299865722656,428.4200134277344,420770,0
2026-05-28 14:05:00-04:00,428.4200134277344,428.4800109863281,427.8900146484375,427.9649963378906,328745,0
2026-05-28 14:10:00-04:00,427.989990234375,429.1549987792969,427.880615234375,427.8905029296875,463145,0
2026-05-28 14:15:00-04:00,427.8900146484375,428.0899963378906,426.92999267578125,427.0,325384,0
2026-05-28 14:20:00-04:00,426.9200134277344,427.125,426.07000732421875,426.3500061035156,340591,0
2026-05-28 14:25:00-04:00,426.3500061035156,426.5899963378906,426.0924987792969,426.5,199741,0
2026-05-28 14:30:00-04:00,426.5199890136719,426.760009765625,426.42010498046875,426.7200012207031,236153,0
2026-05-28 14:35:00-04:00,426.7200012207031,426.7499084472656,426.05999755859375,426.3599853515625,223298,0
2026-05-28 14:40:00-04:00,426.3599853515625,426.6600036621094,426.0899963378906,426.5899963378906,204735,0
2026-05-28 14:45:00-04:00,426.6600036621094,427.25,426.6200866699219,426.9200134277344,232731,0
2026-05-28 14:50:00-04:00,426.9200134277344,426.93499755859375,426.5299987792969,426.660400390625,169217,0
2026-05-28 14:55:00-04:00,426.6300048828125,426.67999267578125,426.0299987792969,426.0350036621094,190081,0
2026-05-28 15:00:00-04:00,426.1199951171875,426.8299865722656,426.1000061035156,426.6650085449219,175090,0
2026-05-28 15:05:00-04:00,426.6700134277344,426.95001220703125,426.30010986328125,426.4049987792969,183463,0
2026-05-28 15:10:00-04:00,426.4049987792969,426.64990234375,426.29998779296875,426.55999755859375,153697,0
2026-05-28 15:15:00-04:00,426.5299987792969,426.79998779296875,426.2101135253906,426.2850036621094,200119,0
2026-05-28 15:20:00-04:00,426.2950134277344,426.3699951171875,426.0299987792969,426.07000732421875,185969,0
2026-05-28 15:25:00-04:00,426.07000732421875,426.1499938964844,425.6099853515625,426.0299987792969,235398,0
2026-05-28 15:30:00-04:00,426.010009765625,426.7900085449219,425.8699951171875,426.6000061035156,997868,0
2026-05-28 15:35:00-04:00,426.6099853515625,426.6199951171875,426.32000732421875,426.5050048828125,168543,0
2026-05-28 15:40:00-04:00,426.4700012207031,426.6300048828125,426.2349853515625,426.25,255530,0
2026-05-28 15:45:00-04:00,426.25,426.6600036621094,426.0199890136719,426.0299987792969,249531,0
2026-05-28 15:50:00-04:00,426.05999755859375,426.1099853515625,424.92999267578125,425.860107421875,569413,0
2026-05-28 15:55:00-04:00,425.8599853515625,427.0299987792969,425.8599853515625,427.0199890136719,1150425,0
2026-05-29 09:30:00-04:00,432.7124938964844,438.8500061035156,432.3599853515625,438.2049865722656,4160104,0
2026-05-29 09:35:00-04:00,438.2049865722656,441.1000061035156,437.9013977050781,439.385009765625,1937733,0
2026-05-29 09:40:00-04:00,439.410400390625,441.7898864746094,438.1199951171875,440.8299865722656,1301115,0
2026-05-29 09:45:00-04:00,440.7850036621094,441.05999755859375,438.1199951171875,438.489990234375,876688,0
2026-05-29 09:50:00-04:00,438.4100036621094,440.4100036621094,438.2799987792969,439.8599853515625,612664,0
2026-05-29 09:55:00-04:00,439.8599853515625,441.1499938964844,439.67999267578125,441.1400146484375,678785,0
2026-05-29 10:00:00-04:00,441.1000061035156,441.92999267578125,440.5,441.5799865722656,666004,0
2026-05-29 10:05:00-04:00,441.55999755859375,443.4800109863281,441.1099853515625,441.67498779296875,1299579,0
2026-05-29 10:10:00-04:00,441.67498779296875,441.93499755859375,440.0201110839844,440.1401062011719,655447,0
2026-05-29 10:15:00-04:00,440.1351013183594,440.2300109863281,437.94000244140625,438.4200134277344,480209,0
2026-05-29 10:20:00-04:00,438.3500061035156,439.1499938964844,437.9700012207031,438.70001220703125,473327,0
2026-05-29 10:25:00-04:00,438.7250061035156,440.05999755859375,438.05999755859375,439.8900146484375,522372,0
2026-05-29 10:30:00-04:00,439.8599853515625,441.7300109863281,439.760009765625,441.44500732421875,441610,0
2026-05-29 10:35:00-04:00,441.46600341796875,442.8800048828125,441.25,441.6499938964844,619194,0
2026-05-29 10:40:00-04:00,441.69500732421875,443.19000244140625,441.69500732421875,442.07000732421875,643621,0
2026-05-29 10:45:00-04:00,442.0350036621094,442.19000244140625,440.66009521484375,441.5799865722656,469567,0
2026-05-29 10:50:00-04:00,441.55999755859375,444.0592041015625,441.44000244140625,443.34600830078125,774289,0
2026-05-29 10:55:00-04:00,443.3800048828125,444.8800048828125,442.70001220703125,444.5299987792969,577275,0
2026-05-29 11:00:00-04:00,444.5450134277344,444.9800109863281,444.04010009765625,444.71990966796875,475858,0
2026-05-29 11:05:00-04:00,444.6499938964844,445.1300048828125,443.94000244140625,444.7349853515625,898566,0
2026-05-29 11:10:00-04:00,444.7900085449219,445.5400085449219,444.7380065917969,444.908203125,403822,0
2026-05-29 11:15:00-04:00,444.8800048828125,445.6400146484375,444.0199890136719,444.6600036621094,443047,0
2026-05-29 11:20:00-04:00,444.70001220703125,445.20001220703125,443.6199951171875,443.6351013183594,514080,0
2026-05-29 11:25:00-04:00,443.635009765625,444.0400085449219,443.17999267578125,443.6400146484375,311043,0
2026-05-29 11:30:00-04:00,443.6300048828125,444.6199951171875,443.6000061035156,444.2200012207031,279278,0
2026-05-29 11:35:00-04:00,444.2799987792969,444.2799987792969,443.42999267578125,443.5199890136719,549486,0
2026-05-29 11:40:00-04:00,443.55120849609375,443.7995910644531,442.760009765625,442.8999938964844,316123,0
2026-05-29 11:45:00-04:00,442.840087890625,444.17999267578125,442.760009765625,444.0950012207031,387835,0
2026-05-29 11:50:00-04:00,444.0950012207031,444.0950012207031,442.8301086425781,443.0199890136719,272345,0
2026-05-29 11:55:00-04:00,443.1000061035156,443.1899108886719,442.5,442.7250061035156,339056,0
2026-05-29 12:00:00-04:00,442.7799987792969,443.3099060058594,442.4599914550781,443.2699890136719,272086,0
2026-05-29 12:05:00-04:00,443.29998779296875,443.6499938964844,442.8999938964844,443.4949951171875,448577,0
2026-05-29 12:10:00-04:00,443.4599914550781,443.5,442.8711853027344,442.92999267578125,292699,0
2026-05-29 12:15:00-04:00,442.9200134277344,442.9590148925781,442.1348876953125,442.20001220703125,245603,0
2026-05-29 12:20:00-04:00,442.2149963378906,442.8599853515625,442.1199951171875,442.7650146484375,220736,0
2026-05-29 12:25:00-04:00,442.760009765625,442.7715148925781,442.3699951171875,442.6499938964844,172668,0
2026-05-29 12:30:00-04:00,442.6199951171875,443.9750061035156,442.57000732421875,443.94000244140625,308115,0
2026-05-29 12:35:00-04:00,443.9200134277344,444.8999938964844,443.8399963378906,444.83990478515625,344840,0
2026-05-29 12:40:00-04:00,444.81500244140625,444.9798889160156,444.4100036621094,444.727294921875,215513,0
2026-05-29 12:45:00-04:00,444.70001220703125,444.8299865722656,444.0400085449219,444.25,230068,0
2026-05-29 12:50:00-04:00,444.25,444.3599853515625,443.67999267578125,444.135009765625,204103,0
2026-05-29 12:55:00-04:00,444.135009765625,444.3399963378906,442.80999755859375,442.9150085449219,210466,0
2026-05-29 13:00:00-04:00,442.94000244140625,443.489990234375,442.79998779296875,443.2900085449219,227118,0
2026-05-29 13:05:00-04:00,443.29998779296875,443.8500061035156,443.0400085449219,443.79998779296875,144532,0
2026-05-29 13:10:00-04:00,443.80499267578125,444.04998779296875,443.54998779296875,443.7099914550781,162302,0
2026-05-29 13:15:00-04:00,443.7200012207031,444.1600036621094,443.57000732421875,443.989990234375,161762,0
2026-05-29 13:20:00-04:00,443.9700012207031,444.0,442.7099914550781,443.45001220703125,235964,0
2026-05-29 13:25:00-04:00,443.4599914550781,443.69000244140625,443.0849914550781,443.6300048828125,335607,0
2026-05-29 13:30:00-04:00,443.6300048828125,443.7699890136719,443.19000244140625,443.25,151193,0
2026-05-29 13:35:00-04:00,443.2900085449219,443.3550109863281,442.6199951171875,443.3550109863281,216041,0
2026-05-29 13:40:00-04:00,443.3500061035156,443.7557067871094,443.3299865722656,443.70001220703125,140574,0
2026-05-29 13:45:00-04:00,443.70001220703125,443.9200134277344,443.3399963378906,443.79998779296875,193344,0
2026-05-29 13:50:00-04:00,443.79998779296875,444.0799865722656,443.1499938964844,443.1600036621094,187094,0
2026-05-29 13:55:00-04:00,443.1549987792969,443.239990234375,442.4599914550781,442.510009765625,167326,0
2026-05-29 14:00:00-04:00,442.5199890136719,443.05999755859375,442.2200012207031,442.82000732421875,237378,0
2026-05-29 14:05:00-04:00,442.8450012207031,443.3999938964844,442.53009033203125,442.739990234375,180117,0
2026-05-29 14:10:00-04:00,442.7463073730469,442.9100036621094,442.25,442.3299865722656,155255,0
2026-05-29 14:15:00-04:00,442.31500244140625,442.489990234375,441.8100891113281,442.489990234375,218761,0
2026-05-29 14:20:00-04:00,442.4700012207031,442.9100036621094,442.3999938964844,442.55999755859375,177277,0
2026-05-29 14:25:00-04:00,442.55999755859375,442.79998779296875,442.489990234375,442.7200012207031,130730,0
2026-05-29 14:30:00-04:00,442.75,443.3395080566406,442.75,443.25,346069,0
2026-05-29 14:35:00-04:00,443.2300109863281,443.7799987792969,443.1099853515625,443.3699951171875,202370,0
2026-05-29 14:40:00-04:00,443.375,443.375,442.2300109863281,442.3450012207031,257431,0
2026-05-29 14:45:00-04:00,442.3699951171875,442.6300048828125,441.9200134277344,442.6299133300781,206774,0
2026-05-29 14:50:00-04:00,442.5950012207031,442.6050109863281,441.54998779296875,441.8102111816406,200420,0
2026-05-29 14:55:00-04:00,441.8100891113281,441.9198913574219,441.3999938964844,441.5899963378906,203259,0
2026-05-29 15:00:00-04:00,441.55999755859375,442.1499938964844,441.3599853515625,441.69500732421875,278840,0
2026-05-29 15:05:00-04:00,441.7099914550781,442.39990234375,441.67999267578125,442.2699890136719,580855,0
2026-05-29 15:10:00-04:00,442.260009765625,442.95001220703125,442.0400085449219,442.8999938964844,191959,0
2026-05-29 15:15:00-04:00,442.8800048828125,442.90899658203125,442.510009765625,442.7650146484375,276367,0
2026-05-29 15:20:00-04:00,442.760009765625,443.239990234375,442.75,443.06500244140625,241139,0
2026-05-29 15:25:00-04:00,443.04998779296875,443.57000732421875,442.9700012207031,443.5299987792969,289483,0
2026-05-29 15:30:00-04:00,443.5299987792969,443.8399963378906,443.0299987792969,443.04998779296875,323780,0
2026-05-29 15:35:00-04:00,443.04998779296875,443.2998962402344,442.7900085449219,443.135009765625,287630,0
2026-05-29 15:40:00-04:00,443.1499938964844,443.1700134277344,442.7300109863281,442.8599853515625,317270,0
2026-05-29 15:45:00-04:00,442.80999755859375,443.2898864746094,442.5000915527344,443.260009765625,421022,0
2026-05-29 15:50:00-04:00,443.2900085449219,448.20001220703125,443.2200012207031,448.1400146484375,3485820,0
2026-05-29 15:55:00-04:00,448.0849914550781,450.3299865722656,447.92999267578125,448.6400146484375,5778560,0
2026-06-01 09:30:00-04:00,465.05999755859375,465.7799987792969,458.9200134277344,460.5,7912839,0
2026-06-01 09:35:00-04:00,460.6099853515625,464.5799865722656,459.75,462.32000732421875,1379869,0
2026-06-01 09:40:00-04:00,462.3421936035156,464.0,460.82000732421875,463.0299987792969,1225821,0
2026-06-01 09:45:00-04:00,463.0299987792969,464.4599914550781,461.0,461.2398986816406,1104765,0
2026-06-01 09:50:00-04:00,461.1199951171875,465.45001220703125,461.0,463.67498779296875,1086808,0
2026-06-01 09:55:00-04:00,463.67999267578125,465.4700012207031,463.3599853515625,464.8699951171875,810457,0
2026-06-01 10:00:00-04:00,464.7200012207031,466.32000732421875,462.260009765625,462.9700012207031,882501,0
2026-06-01 10:05:00-04:00,462.9599914550781,463.42999267578125,461.1300048828125,462.1600036621094,678211,0
2026-06-01 10:10:00-04:00,462.19500732421875,462.2499084472656,460.114990234375,460.8695068359375,709609,0
2026-06-01 10:15:00-04:00,460.8999938964844,462.510009765625,460.69000244140625,461.0400085449219,738669,0
2026-06-01 10:20:00-04:00,461.010009765625,462.7699890136719,460.2449951171875,461.5000915527344,800578,0
2026-06-01 10:25:00-04:00,461.5,461.9700012207031,460.70001220703125,461.7950134277344,565246,0
2026-06-01 10:30:00-04:00,461.8299865722656,461.8500061035156,459.79998779296875,460.091796875,601726,0
2026-06-01 10:35:00-04:00,460.1099853515625,460.4800109863281,459.1708068847656,459.5050048828125,753308,0
2026-06-01 10:40:00-04:00,459.45001220703125,461.7200012207031,459.20001220703125,461.6199951171875,624734,0
2026-06-01 10:45:00-04:00,461.55499267578125,462.55999755859375,460.8900146484375,461.6200866699219,515730,0
2026-06-01 10:50:00-04:00,461.6400146484375,461.8999938964844,460.18011474609375,460.510009765625,643861,0
2026-06-01 10:55:00-04:00,460.5299987792969,463.2300109863281,460.4599914550781,463.20001220703125,531494,0
2026-06-01 11:00:00-04:00,463.20001220703125,463.45001220703125,461.3500061035156,461.3949890136719,462439,0
2026-06-01 11:05:00-04:00,461.3800048828125,461.7300109863281,460.010009765625,460.1199951171875,451487,0
2026-06-01 11:10:00-04:00,460.1000061035156,461.69000244140625,459.2200012207031,461.1448059082031,553946,0
2026-06-01 11:15:00-04:00,461.1700134277344,462.07000732421875,461.1499938964844,461.6000061035156,389345,0
2026-06-01 11:20:00-04:00,461.6000061035156,462.2200012207031,460.67999267578125,460.7099914550781,374160,0
2026-06-01 11:25:00-04:00,460.7550048828125,461.0,460.2200012207031,460.5799865722656,521246,0
2026-06-01 11:30:00-04:00,460.6199951171875,462.3500061035156,460.45001220703125,462.2200012207031,561104,0
2026-06-01 11:35:00-04:00,462.2200012207031,463.9100036621094,462.1400146484375,462.87921142578125,666207,0
2026-06-01 11:40:00-04:00,462.9100036621094,462.94000244140625,461.1449890136719,461.32000732421875,425206,0
2026-06-01 11:45:00-04:00,461.29998779296875,461.8399963378906,460.5553894042969,461.4100036621094,391555,0
2026-06-01 11:50:00-04:00,461.44000244140625,461.6000061035156,460.3500061035156,461.1300048828125,372206,0
2026-06-01 11:55:00-04:00,461.1499938964844,461.1700134277344,460.3299865722656,460.4700012207031,297924,0
2026-06-01 12:00:00-04:00,460.45001220703125,461.20001220703125,460.3399963378906,460.5950012207031,287095,0
2026-06-01 12:05:00-04:00,460.6199951171875,460.6400146484375,459.20001220703125,459.510009765625,446861,0
2026-06-01 12:10:00-04:00,459.510009765625,460.7300109863281,459.3599853515625,460.54998779296875,398341,0
2026-06-01 12:15:00-04:00,460.5299987792969,460.5889892578125,459.29998779296875,459.9649963378906,338535,0
2026-06-01 12:20:00-04:00,459.9100036621094,461.0498962402344,459.4200134277344,460.8800048828125,359064,0
2026-06-01 12:25:00-04:00,460.8599853515625,461.79998779296875,460.4599914550781,461.760009765625,327756,0
2026-06-01 12:30:00-04:00,461.760009765625,462.42999267578125,461.7200012207031,462.260009765625,340873,0
2026-06-01 12:35:00-04:00,462.239990234375,462.2598876953125,461.42999267578125,461.93499755859375,244747,0
2026-06-01 12:40:00-04:00,461.94500732421875,462.3900146484375,461.739990234375,462.0849914550781,189096,0
2026-06-01 12:45:00-04:00,462.1000061035156,462.29998779296875,461.7099914550781,461.8550109863281,218937,0
2026-06-01 12:50:00-04:00,461.8550109863281,462.45001220703125,461.75,461.9200134277344,217621,0
2026-06-01 12:55:00-04:00,461.9200134277344,462.2699890136719,461.5400085449219,461.9599914550781,220151,0
2026-06-01 13:00:00-04:00,461.95001220703125,462.2300109863281,461.010009765625,461.19000244140625,248918,0
2026-06-01 13:05:00-04:00,461.1600036621094,461.409912109375,460.6499938964844,460.8949890136719,274142,0
2026-06-01 13:10:00-04:00,460.92999267578125,460.9800109863281,460.5899963378906,460.67999267578125,204927,0
2026-06-01 13:15:00-04:00,460.7200012207031,460.739990234375,459.6000061035156,459.6000061035156,379709,0
2026-06-01 13:20:00-04:00,459.6000061035156,461.0,459.5899963378906,460.8349914550781,263812,0
2026-06-01 13:25:00-04:00,460.81500244140625,461.0899963378906,460.06500244140625,460.2799987792969,258237,0
2026-06-01 13:30:00-04:00,460.3500061035156,460.5899963378906,459.6000061035156,459.625,235039,0
2026-06-01 13:35:00-04:00,459.625,459.6462097167969,458.6199951171875,458.6700134277344,342751,0
2026-06-01 13:40:00-04:00,458.67999267578125,459.8800048828125,458.6000061035156,459.1300048828125,511604,0
2026-06-01 13:45:00-04:00,459.1513977050781,460.1099853515625,458.69000244140625,459.1199951171875,461116,0
2026-06-01 13:50:00-04:00,459.1400146484375,459.29998779296875,458.2699890136719,459.1099853515625,436940,0
2026-06-01 13:55:00-04:00,459.1050109863281,460.1099853515625,458.8599853515625,459.92999267578125,414049,0
2026-06-01 14:00:00-04:00,460.0199890136719,460.20001220703125,459.6199951171875,460.17999267578125,324305,0
2026-06-01 14:05:00-04:00,460.1700134277344,460.9599914550781,460.16839599609375,460.82501220703125,386747,0
2026-06-01 14:10:00-04:00,460.82501220703125,461.70001220703125,460.6300048828125,461.0799865722656,360330,0
2026-06-01 14:15:00-04:00,461.1000061035156,461.375,460.82000732421875,460.8583984375,273496,0
2026-06-01 14:20:00-04:00,460.8599853515625,460.9599914550781,460.30999755859375,460.6300048828125,220040,0
2026-06-01 14:25:00-04:00,460.6600036621094,461.3999938964844,460.6600036621094,460.8699951171875,290598,0
2026-06-01 14:30:00-04:00,460.8599853515625,461.2200012207031,460.57501220703125,460.57501220703125,320400,0
2026-06-01 14:35:00-04:00,460.57501220703125,460.92498779296875,460.489990234375,460.7799987792969,185675,0
2026-06-01 14:40:00-04:00,460.7950134277344,461.0899963378906,460.5950012207031,461.0350036621094,190719,0
2026-06-01 14:45:00-04:00,461.010009765625,461.2099914550781,460.95001220703125,461.159912109375,204914,0
2026-06-01 14:50:00-04:00,461.1600036621094,461.2879943847656,460.6199951171875,460.9200134277344,306102,0
2026-06-01 14:55:00-04:00,460.92498779296875,461.04998779296875,460.05999755859375,460.9599914550781,295285,0
2026-06-01 15:00:00-04:00,460.94000244140625,462.0,460.7300109863281,461.8288879394531,329936,0
2026-06-01 15:05:00-04:00,461.79998779296875,462.1300048828125,461.2699890136719,461.4599914550781,277457,0
2026-06-01 15:10:00-04:00,461.4750061035156,462.3900146484375,461.4100036621094,462.29998779296875,260730,0
2026-06-01 15:15:00-04:00,462.3700866699219,463.25,462.30010986328125,463.07000732421875,502408,0
2026-06-01 15:20:00-04:00,463.03009033203125,463.7300109863281,462.6499938964844,463.5199890136719,404980,0
2026-06-01 15:25:00-04:00,463.54998779296875,464.1199951171875,463.3999938964844,463.7699890136719,314056,0
2026-06-01 15:30:00-04:00,463.7585144042969,464.1400146484375,463.1600036621094,463.7900085449219,418265,0
2026-06-01 15:35:00-04:00,463.8399963378906,464.1499938964844,463.3999938964844,463.4200134277344,360401,0
2026-06-01 15:40:00-04:00,463.3800048828125,463.3999938964844,462.3299865722656,462.3500061035156,342079,0
2026-06-01 15:45:00-04:00,462.3500061035156,462.489990234375,461.28009033203125,461.30999755859375,380701,0
2026-06-01 15:50:00-04:00,461.2900085449219,461.989990234375,460.0203857421875,461.3599853515625,765809,0
2026-06-01 15:55:00-04:00,461.35198974609375,462.0050048828125,460.3999938964844,460.57000732421875,1373240,0
2026-06-02 09:30:00-04:00,447.16900634765625,453.5,445.7099914550781,448.4200134277344,3856872,0
2026-06-02 09:35:00-04:00,448.3900146484375,449.8399963378906,446.3999938964844,446.4100036621094,847182,0
2026-06-02 09:40:00-04:00,446.4100036621094,446.4100036621094,444.0378112792969,446.2200012207031,1025211,0
2026-06-02 09:45:00-04:00,446.1099853515625,446.7799987792969,444.3100891113281,446.6400146484375,836642,0
2026-06-02 09:50:00-04:00,446.6249084472656,447.1000061035156,444.8999938964844,445.0400085449219,653618,0
2026-06-02 09:55:00-04:00,445.1050109863281,445.2200012207031,443.5,445.1199951171875,601944,0
2026-06-02 10:00:00-04:00,445.239990234375,445.79998779296875,444.5,445.31500244140625,495300,0
2026-06-02 10:05:00-04:00,445.30999755859375,446.6199951171875,444.6199951171875,445.8550109863281,434326,0
2026-06-02 10:10:00-04:00,445.8550109863281,447.3900146484375,445.6199951171875,446.9200134277344,528222,0
2026-06-02 10:15:00-04:00,446.8800048828125,447.8900146484375,446.8399963378906,447.2619934082031,438744,0
2026-06-02 10:20:00-04:00,447.3399963378906,447.6499938964844,445.5199890136719,445.8900146484375,391111,0
2026-06-02 10:25:00-04:00,445.8949890136719,445.8949890136719,443.7701110839844,444.2300109863281,495829,0
2026-06-02 10:30:00-04:00,444.2300109863281,444.6700134277344,443.42999267578125,443.635009765625,525782,0
2026-06-02 10:35:00-04:00,443.6700134277344,445.2597961425781,443.635009765625,443.90008544921875,623675,0
2026-06-02 10:40:00-04:00,443.8999938964844,444.1199951171875,442.7799987792969,443.19989013671875,609722,0
2026-06-02 10:45:00-04:00,443.1899108886719,444.09991455078125,443.07000732421875,443.875,310766,0
2026-06-02 10:50:00-04:00,443.875,443.92999267578125,442.9100036621094,443.2149963378906,298749,0
2026-06-02 10:55:00-04:00,443.20001220703125,443.95001220703125,442.92999267578125,443.6650085449219,383906,0
2026-06-02 11:00:00-04:00,443.69000244140625,444.2499084472656,443.5199890136719,443.57501220703125,404161,0
2026-06-02 11:05:00-04:00,443.54998779296875,443.7149963378906,442.7799987792969,442.8500061035156,368308,0
2026-06-02 11:10:00-04:00,442.8399963378906,443.0,442.3399963378906,442.7650146484375,396367,0
2026-06-02 11:15:00-04:00,442.79998779296875,443.67999267578125,442.385009765625,443.4200134277344,359787,0
2026-06-02 11:20:00-04:00,443.4100036621094,443.8699951171875,442.760009765625,443.55999755859375,252576,0
2026-06-02 11:25:00-04:00,443.5299987792969,443.6400146484375,442.8599853515625,443.57000732421875,328536,0
2026-06-02 11:30:00-04:00,443.54998779296875,444.1099853515625,443.2300109863281,444.0400085449219,296817,0
2026-06-02 11:35:00-04:00,444.0799865722656,444.3999938964844,443.760009765625,444.3399963378906,311507,0
2026-06-02 11:40:00-04:00,444.2900085449219,444.6000061035156,444.05999755859375,444.3500061035156,212301,0
2026-06-02 11:45:00-04:00,444.3500061035156,444.67999267578125,443.9209899902344,444.2149963378906,307082,0
2026-06-02 11:50:00-04:00,444.21600341796875,444.2695007324219,443.54998779296875,443.6700134277344,208275,0
2026-06-02 11:55:00-04:00,443.6600036621094,443.94000244140625,443.17999267578125,443.8299865722656,218172,0
2026-06-02 12:00:00-04:00,443.8299865722656,444.04998779296875,443.4100036621094,443.9949951171875,193397,0
2026-06-02 12:05:00-04:00,444.0199890136719,444.659912109375,443.7300109863281,444.1499938964844,237591,0
2026-06-02 12:10:00-04:00,444.110107421875,444.4100036621094,443.8699951171875,444.260498046875,179390,0
2026-06-02 12:15:00-04:00,444.2349853515625,445.260009765625,444.0,445.1199951171875,277168,0
2026-06-02 12:20:00-04:00,445.1000061035156,445.8999938964844,444.68499755859375,445.8399963378906,232053,0
2026-06-02 12:25:00-04:00,445.83990478515625,446.20001220703125,445.651611328125,445.7799987792969,229383,0
2026-06-02 12:30:00-04:00,445.79998779296875,445.8999938964844,443.9100036621094,443.91009521484375,793119,0
2026-06-02 12:35:00-04:00,443.92999267578125,444.3848876953125,443.2900085449219,444.2200012207031,276676,0
2026-06-02 12:40:00-04:00,444.2300109863281,444.2300109863281,442.7799987792969,442.8190002441406,288629,0
2026-06-02 12:45:00-04:00,442.75,443.29998779296875,442.3999938964844,443.1099853515625,249834,0
2026-06-02 12:50:00-04:00,443.0899963378906,443.4999084472656,443.0700988769531,443.3500061035156,195091,0
2026-06-02 12:55:00-04:00,443.3599853515625,443.864990234375,443.3500061035156,443.7449951171875,177549,0
2026-06-02 13:00:00-04:00,443.70001220703125,444.3599853515625,443.5400085449219,444.18499755859375,209846,0
2026-06-02 13:05:00-04:00,444.2200012207031,444.7699890136719,444.17999267578125,444.54998779296875,197611,0
2026-06-02 13:10:00-04:00,444.5400085449219,445.3599853515625,444.3399963378906,445.32000732421875,224985,0
2026-06-02 13:15:00-04:00,445.3450012207031,445.4700012207031,444.1099853515625,444.6499938964844,268738,0
2026-06-02 13:20:00-04:00,444.6050109863281,444.9894104003906,444.1000061035156,444.30499267578125,175054,0
2026-06-02 13:25:00-04:00,444.30999755859375,444.55499267578125,443.6300048828125,444.4700012207031,194398,0
2026-06-02 13:30:00-04:00,444.4700012207031,444.5899963378906,443.6400146484375,443.6400146484375,140956,0
2026-06-02 13:35:00-04:00,443.75,444.5,443.6199951171875,444.239990234375,164350,0
2026-06-02 13:40:00-04:00,444.1499938964844,444.5,443.9306945800781,444.25,130971,0
2026-06-02 13:45:00-04:00,444.239990234375,444.239990234375,443.79998779296875,443.8699951171875,226186,0
2026-06-02 13:50:00-04:00,443.8999938964844,444.2799987792969,443.7200012207031,443.8550109863281,150531,0
2026-06-02 13:55:00-04:00,443.82000732421875,443.9700012207031,442.7300109863281,442.7349853515625,230457,0
2026-06-02 14:00:00-04:00,442.7449951171875,442.82000732421875,442.0199890136719,442.55999755859375,322559,0
2026-06-02 14:05:00-04:00,442.6000061035156,442.989990234375,442.54510498046875,442.7950134277344,135857,0
2026-06-02 14:10:00-04:00,442.7699890136719,442.8550109863281,442.1199951171875,442.2099914550781,267356,0
2026-06-02 14:15:00-04:00,442.2250061035156,443.010009765625,441.94000244140625,442.3599853515625,376070,0
2026-06-02 14:20:00-04:00,442.4200134277344,443.20001220703125,442.3550109863281,442.6199951171875,316905,0
2026-06-02 14:25:00-04:00,442.6000061035156,442.8800048828125,441.4397888183594,442.09478759765625,321624,0
2026-06-02 14:30:00-04:00,442.0899963378906,442.7900085449219,441.8599853515625,442.659912109375,240506,0
2026-06-02 14:35:00-04:00,442.659912109375,442.8299865722656,442.17999267578125,442.3501892089844,175174,0
2026-06-02 14:40:00-04:00,442.3424987792969,442.45001220703125,441.5199890136719,441.94500732421875,264444,0
2026-06-02 14:45:00-04:00,441.9150085449219,442.1549987792969,441.67999267578125,441.75,149859,0
2026-06-02 14:50:00-04:00,441.7200012207031,441.79998779296875,440.8299865722656,440.9200134277344,307156,0
2026-06-02 14:55:00-04:00,440.94000244140625,441.0400085449219,440.42999267578125,440.625,363094,0
2026-06-02 15:00:00-04:00,440.6099853515625,441.82000732421875,440.6000061035156,441.82000732421875,306355,0
2026-06-02 15:05:00-04:00,441.7850036621094,442.1000061035156,441.489990234375,441.5050048828125,358387,0
2026-06-02 15:10:00-04:00,441.5050048828125,442.0799865722656,441.4599914550781,442.05999755859375,193098,0
2026-06-02 15:15:00-04:00,442.0299987792969,442.04998779296875,441.6300048828125,441.89788818359375,200740,0
2026-06-02 15:20:00-04:00,441.885009765625,442.0776062011719,441.4800109863281,441.6099853515625,242877,0
2026-06-02 15:25:00-04:00,441.6400146484375,441.8299865722656,441.4128112792969,441.69000244140625,208436,0
2026-06-02 15:30:00-04:00,441.7099914550781,442.1000061035156,441.69000244140625,441.96990966796875,254350,0
2026-06-02 15:35:00-04:00,441.9599914550781,441.9700012207031,441.6700134277344,441.8399963378906,264745,0
2026-06-02 15:40:00-04:00,441.8299865722656,441.8800048828125,441.6499938964844,441.7049865722656,283911,0
2026-06-02 15:45:00-04:00,441.70001220703125,441.8500061035156,441.5199890136719,441.6499938964844,343243,0
2026-06-02 15:50:00-04:00,441.57000732421875,442.0899963378906,440.7200012207031,440.7799987792969,734977,0
2026-06-02 15:55:00-04:00,440.8299865722656,441.6300048828125,440.8299865722656,441.2900085449219,1270829,0
2026-06-03 09:30:00-04:00,438.45001220703125,440.3900146484375,435.8800048828125,436.1099853515625,3083100,0
2026-06-03 09:35:00-04:00,436.04010009765625,436.67999267578125,434.7804870605469,434.9200134277344,861021,0
2026-06-03 09:40:00-04:00,434.94000244140625,435.07000732421875,431.8599853515625,432.17999267578125,914001,0
2026-06-03 09:45:00-04:00,432.1600036621094,433.9700012207031,431.4200134277344,432.55499267578125,921788,0
2026-06-03 09:50:00-04:00,432.5299987792969,432.7598876953125,431.3599853515625,432.30999755859375,512858,0
2026-06-03 09:55:00-04:00,432.3399963378906,432.55999755859375,431.2950134277344,431.3999938964844,456992,0
2026-06-03 10:00:00-04:00,431.4599914550781,432.25,430.79998779296875,432.0299987792969,707815,0
2026-06-03 10:05:00-04:00,432.0675048828125,432.3599853515625,431.5,431.8949890136719,391065,0
2026-06-03 10:10:00-04:00,431.8900146484375,432.5360107421875,431.30010986328125,432.4798889160156,338532,0
2026-06-03 10:15:00-04:00,432.4599914550781,433.1400146484375,431.93499755859375,432.5950012207031,379473,0
2026-06-03 10:20:00-04:00,432.5950012207031,433.20001220703125,431.0400085449219,431.1700134277344,401644,0
2026-06-03 10:25:00-04:00,431.135009765625,431.6199951171875,430.54998779296875,430.81500244140625,399687,0
2026-06-03 10:30:00-04:00,430.81500244140625,431.5199890136719,429.3800048828125,429.4901123046875,758232,0
2026-06-03 10:35:00-04:00,429.510009765625,429.5799865722656,428.0,428.5299987792969,642339,0
2026-06-03 10:40:00-04:00,428.5,428.7900085449219,428.0199890136719,428.2449951171875,517054,0
2026-06-03 10:45:00-04:00,428.2200012207031,428.5799865722656,427.3699951171875,427.5050048828125,592060,0
2026-06-03 10:50:00-04:00,427.4750061035156,427.5199890136719,426.8800048828125,427.07330322265625,390793,0
2026-06-03 10:55:00-04:00,427.0613098144531,427.739990234375,426.8699951171875,427.3550109863281,383308,0
2026-06-03 11:00:00-04:00,427.3550109863281,428.0400085449219,426.80999755859375,426.9114990234375,429956,0
2026-06-03 11:05:00-04:00,426.89410400390625,427.0198974609375,426.0201110839844,426.70001220703125,465669,0
2026-06-03 11:10:00-04:00,426.68499755859375,427.1700134277344,425.8500061035156,425.9599914550781,611932,0
2026-06-03 11:15:00-04:00,425.9599914550781,427.3999938964844,425.8999938964844,427.32000732421875,411894,0
2026-06-03 11:20:00-04:00,427.30999755859375,427.510009765625,426.6700134277344,426.82501220703125,303660,0
2026-06-03 11:25:00-04:00,426.79998779296875,427.9599914550781,426.79998779296875,427.739990234375,365040,0
2026-06-03 11:30:00-04:00,427.7900085449219,427.7900085449219,426.20001220703125,426.3299865722656,287057,0
2026-06-03 11:35:00-04:00,426.3299865722656,427.1000061035156,426.2099914550781,426.4200134277344,281764,0
2026-06-03 11:40:00-04:00,426.44500732421875,426.8900146484375,426.2300109863281,426.6199951171875,264679,0
2026-06-03 11:45:00-04:00,426.57000732421875,426.6700134277344,426.1300048828125,426.42999267578125,240293,0
2026-06-03 11:50:00-04:00,426.42999267578125,427.04998779296875,426.3089904785156,426.9649963378906,285897,0
2026-06-03 11:55:00-04:00,426.9649963378906,427.1499938964844,426.5299987792969,427.0498962402344,195879,0
2026-06-03 12:00:00-04:00,427.0299987792969,427.2200012207031,426.6499938964844,426.67498779296875,209605,0
2026-06-03 12:05:00-04:00,426.67498779296875,426.8299865722656,426.32000732421875,426.4949951171875,197356,0
2026-06-03 12:10:00-04:00,426.45001220703125,426.70001220703125,425.8699951171875,426.0599060058594,257260,0
2026-06-03 12:15:00-04:00,426.05938720703125,426.05938720703125,425.3500061035156,425.8500061035156,297675,0
2026-06-03 12:20:00-04:00,425.8800048828125,425.989990234375,425.2380065917969,425.57000732421875,213240,0
2026-06-03 12:25:00-04:00,425.55999755859375,425.739990234375,425.1199951171875,425.4750061035156,290121,0
2026-06-03 12:30:00-04:00,425.4599914550781,425.8299865722656,425.1499938964844,425.152099609375,228469,0
2026-06-03 12:35:00-04:00,425.17999267578125,425.2799987792969,424.25,424.3800048828125,395227,0
2026-06-03 12:40:00-04:00,424.3599853515625,424.6199951171875,424.2799987792969,424.3500061035156,224117,0
2026-06-03 12:45:00-04:00,424.9200134277344,425.159912109375,424.8399963378906,424.8855895996094,637916,0
2026-06-03 12:50:00-04:00,424.8299865722656,424.9200134277344,424.35009765625,424.6700134277344,227621,0
2026-06-03 12:55:00-04:00,424.625,424.743408203125,424.4599914550781,424.6499938964844,144104,0
2026-06-03 13:00:00-04:00,424.6499938964844,424.9599914550781,424.5069885253906,424.8450012207031,244473,0
2026-06-03 13:05:00-04:00,424.82000732421875,425.1700134277344,424.75,424.9849853515625,228999,0
2026-06-03 13:10:00-04:00,424.9750061035156,425.07000732421875,424.3699951171875,424.42999267578125,196633,0
2026-06-03 13:15:00-04:00,424.4200134277344,424.7250061035156,424.29998779296875,424.6211853027344,576046,0
2026-06-03 13:20:00-04:00,424.6449890136719,425.1499938964844,424.6449890136719,425.1099853515625,236709,0
2026-06-03 13:25:00-04:00,425.2550048828125,425.5299987792969,425.1000061035156,425.45989990234375,171777,0
2026-06-03 13:30:00-04:00,425.4800109863281,425.7200012207031,425.0899963378906,425.69000244140625,212073,0
2026-06-03 13:35:00-04:00,425.70001220703125,426.4599914550781,425.69000244140625,426.2500915527344,314415,0
2026-06-03 13:40:00-04:00,426.2749938964844,426.9100036621094,425.9800109863281,426.5199890136719,219374,0
2026-06-03 13:45:00-04:00,426.54998779296875,426.9399108886719,426.2607116699219,426.7850036621094,199566,0
2026-06-03 13:50:00-04:00,426.7699890136719,426.94000244140625,426.2904968261719,426.385009765625,157800,0
2026-06-03 13:55:00-04:00,426.3900146484375,426.8999938964844,426.3349914550781,426.6199951171875,171081,0
2026-06-03 14:00:00-04:00,426.625,427.2650146484375,426.4649963378906,426.9359130859375,250169,0
2026-06-03 14:05:00-04:00,426.92498779296875,427.05999755859375,426.70001220703125,426.7699890136719,161511,0
2026-06-03 14:10:00-04:00,426.70001220703125,427.44000244140625,426.3999938964844,427.4100036621094,255180,0
2026-06-03 14:15:00-04:00,427.3999938964844,427.44000244140625,427.1123962402344,427.2799987792969,145856,0
2026-06-03 14:20:00-04:00,427.30999755859375,428.07989501953125,427.010009765625,428.0400085449219,239584,0
2026-06-03 14:25:00-04:00,428.0451965332031,428.29998779296875,427.8800964355469,428.1499938964844,211939,0
2026-06-03 14:30:00-04:00,428.19000244140625,428.42999267578125,428.010009765625,428.3301086425781,194408,0
2026-06-03 14:35:00-04:00,428.364990234375,428.7799072265625,428.3399963378906,428.6000061035156,177279,0
2026-06-03 14:40:00-04:00,428.6000061035156,428.6400146484375,428.0,428.6050109863281,201727,0
2026-06-03 14:45:00-04:00,428.6050109863281,428.6499938964844,428.2349853515625,428.2699890136719,186287,0
2026-06-03 14:50:00-04:00,428.29998779296875,428.44000244140625,427.82000732421875,427.8900146484375,211363,0
2026-06-03 14:55:00-04:00,427.95001220703125,428.32000732421875,427.6300048828125,428.2997131347656,190894,0
2026-06-03 15:00:00-04:00,428.2998962402344,428.42608642578125,427.5799865722656,427.70001220703125,206419,0
2026-06-03 15:05:00-04:00,427.7204895019531,427.9798889160156,427.5,427.8349914550781,189886,0
2026-06-03 15:10:00-04:00,427.8349914550781,428.0899963378906,427.3699951171875,428.07000732421875,228030,0
2026-06-03 15:15:00-04:00,428.05999755859375,428.9599914550781,428.0423889160156,428.3949890136719,391919,0
2026-06-03 15:20:00-04:00,428.3949890136719,428.4200134277344,427.79998779296875,427.8399963378906,203622,0
2026-06-03 15:25:00-04:00,427.8299865722656,427.9800109863281,427.502685546875,427.8299865722656,259363,0
2026-06-03 15:30:00-04:00,427.8349914550781,427.92999267578125,427.4200134277344,427.8900146484375,263089,0
2026-06-03 15:35:00-04:00,427.9100036621094,428.2774963378906,427.7799987792969,428.2049865722656,225307,0
2026-06-03 15:40:00-04:00,428.20001220703125,428.2799987792969,427.6199951171875,427.9100036621094,293780,0
2026-06-03 15:45:00-04:00,427.8999938964844,428.6300048828125,427.8500061035156,428.44000244140625,430204,0
2026-06-03 15:50:00-04:00,428.45001220703125,428.739990234375,427.6300048828125,427.82000732421875,658954,0
2026-06-03 15:55:00-04:00,427.82501220703125,427.9800109863281,426.7900085449219,427.5799865722656,2462993,0
2026-06-04 09:30:00-04:00,435.9949951171875,436.1499938964844,429.05999755859375,429.7099914550781,2549361,0
2026-06-04 09:35:00-04:00,429.70098876953125,432.6300048828125,428.75,432.42498779296875,584242,0
2026-06-04 09:40:00-04:00,432.4800109863281,432.5,431.3299865722656,431.8299865722656,415264,0
2026-06-04 09:45:00-04:00,431.8299865722656,431.8695068359375,429.7601013183594,429.8888854980469,457584,0
2026-06-04 09:50:00-04:00,429.7099914550781,431.0899963378906,429.5,430.1099853515625,444024,0
2026-06-04 09:55:00-04:00,430.0,432.8399963378906,429.7200012207031,432.4849853515625,387891,0
2026-06-04 10:00:00-04:00,432.42999267578125,433.8999938964844,431.79998779296875,433.7650146484375,426530,0
2026-06-04 10:05:00-04:00,433.8099060058594,434.1600036621094,432.2250061035156,432.2250061035156,433082,0
2026-06-04 10:10:00-04:00,432.260009765625,432.9800109863281,431.239990234375,431.489990234375,392809,0
2026-06-04 10:15:00-04:00,431.4700012207031,431.5400085449219,430.0799865722656,430.25,361921,0
2026-06-04 10:20:00-04:00,430.2099914550781,430.4049987792969,428.8999938964844,429.79998779296875,441848,0
2026-06-04 10:25:00-04:00,429.7799987792969,430.55999755859375,429.50030517578125,430.1351013183594,296901,0
2026-06-04 10:30:00-04:00,430.2200012207031,430.5199890136719,429.6000061035156,430.4700012207031,259865,0
2026-06-04 10:35:00-04:00,430.4700012207031,430.4700012207031,429.3999938964844,429.7799987792969,186647,0
2026-06-04 10:40:00-04:00,429.7925109863281,431.4049987792969,429.6700134277344,431.2699890136719,234717,0
2026-06-04 10:45:00-04:00,431.19000244140625,431.55999755859375,430.3999938964844,430.5799865722656,202564,0
2026-06-04 10:50:00-04:00,430.5799865722656,430.8981018066406,429.2900085449219,429.82000732421875,217891,0
2026-06-04 10:55:00-04:00,429.8399963378906,429.9360046386719,429.0,429.614990234375,217835,0
2026-06-04 11:00:00-04:00,429.7499084472656,430.5,429.4700012207031,430.20001220703125,267585,0
2026-06-04 11:05:00-04:00,430.2449951171875,430.7099914550781,429.7840881347656,429.7840881347656,159384,0
2026-06-04 11:10:00-04:00,429.80999755859375,430.7261047363281,429.7601013183594,430.6000061035156,202490,0
2026-06-04 11:15:00-04:00,430.6427001953125,431.25,430.5799865722656,430.9599914550781,208542,0
2026-06-04 11:20:00-04:00,430.989990234375,431.1025085449219,430.2900085449219,430.6600036621094,129151,0
2026-06-04 11:25:00-04:00,430.6499938964844,430.989990234375,430.2300109863281,430.2900085449219,160346,0
2026-06-04 11:30:00-04:00,430.3900146484375,430.7900085449219,429.7900085449219,429.94000244140625,232754,0
2026-06-04 11:35:00-04:00,429.9599914550781,430.3500061035156,429.8599853515625,429.9750061035156,196646,0
2026-06-04 11:40:00-04:00,429.9800109863281,430.1482849121094,429.55010986328125,429.6499938964844,168254,0
2026-06-04 11:45:00-04:00,429.6650085449219,430.0899963378906,429.4599914550781,429.55999755859375,668218,0
2026-06-04 11:50:00-04:00,429.55999755859375,429.8599853515625,429.1300048828125,429.3949890136719,205374,0
2026-06-04 11:55:00-04:00,429.4100036621094,429.6600036621094,428.9610900878906,429.0610046386719,234171,0
2026-06-04 12:00:00-04:00,429.0950012207031,429.4898986816406,428.9200134277344,429.1570129394531,171137,0
2026-06-04 12:05:00-04:00,429.20001220703125,429.79998779296875,429.0799865722656,429.3399963378906,188942,0
2026-06-04 12:10:00-04:00,429.30999755859375,430.0,429.21319580078125,429.6300048828125,153065,0
2026-06-04 12:15:00-04:00,429.69000244140625,429.69000244140625,429.1099853515625,429.1549987792969,120659,0
2026-06-04 12:20:00-04:00,429.135009765625,429.19989013671875,428.3699951171875,428.3999938964844,183168,0
2026-06-04 12:25:00-04:00,428.3699951171875,428.42999267578125,427.7445068359375,427.7699890136719,209939,0
2026-06-04 12:30:00-04:00,427.82000732421875,427.9100036621094,427.6199951171875,427.7250061035156,180776,0
2026-06-04 12:35:00-04:00,427.70001220703125,428.67999267578125,427.42999267578125,428.3504943847656,263019,0
2026-06-04 12:40:00-04:00,428.3500061035156,428.8999938964844,428.29998779296875,428.8999938964844,154306,0
2026-06-04 12:45:00-04:00,428.8999938964844,428.95001220703125,428.06500244140625,428.1683044433594,134950,0
2026-06-04 12:50:00-04:00,428.1400146484375,428.20989990234375,427.6499938964844,427.9100036621094,131193,0
2026-06-04 12:55:00-04:00,427.9100036621094,427.9100036621094,426.7099914550781,426.8399963378906,246590,0
2026-06-04 13:00:00-04:00,426.82000732421875,426.989990234375,426.60198974609375,426.79998779296875,161676,0
2026-06-04 13:05:00-04:00,426.79998779296875,427.010009765625,426.4100036621094,426.5600891113281,246495,0
2026-06-04 13:10:00-04:00,426.55999755859375,427.1300048828125,426.5,426.55499267578125,155942,0
2026-06-04 13:15:00-04:00,426.5299987792969,427.0129089355469,426.44000244140625,426.9599914550781,125447,0
2026-06-04 13:20:00-04:00,426.95928955078125,427.1499938964844,426.54998779296875,426.8299865722656,113917,0
2026-06-04 13:25:00-04:00,426.8299865722656,427.19000244140625,426.79998779296875,426.92999267578125,142422,0
2026-06-04 13:30:00-04:00,426.9750061035156,427.1700134277344,426.7200012207031,426.82989501953125,183541,0
2026-06-04 13:35:00-04:00,426.79998779296875,427.1099853515625,426.7099914550781,426.7650146484375,204784,0
2026-06-04 13:40:00-04:00,426.75,427.29998779296875,426.70001220703125,426.92999267578125,145192,0
2026-06-04 13:45:00-04:00,426.9599914550781,427.3605041503906,426.8500061035156,427.1700134277344,134067,0
2026-06-04 13:50:00-04:00,427.1700134277344,427.3699951171875,426.8699951171875,427.1600036621094,168790,0
2026-06-04 13:55:00-04:00,427.16259765625,427.8450012207031,427.10009765625,427.7550048828125,138057,0
2026-06-04 14:00:00-04:00,427.7550048828125,428.4100036621094,427.70001220703125,428.4100036621094,183973,0
2026-06-04 14:05:00-04:00,428.3949890136719,428.4700012207031,427.8900146484375,427.9800109863281,201213,0
2026-06-04 14:10:00-04:00,427.9599914550781,428.1499938964844,427.739990234375,427.8949890136719,122747,0
2026-06-04 14:15:00-04:00,427.8949890136719,428.4200134277344,427.8599853515625,428.0299987792969,108347,0
2026-06-04 14:20:00-04:00,428.0299987792969,428.239990234375,428.0,428.1700134277344,97728,0
2026-06-04 14:25:00-04:00,428.1700134277344,428.20001220703125,427.5,427.7146911621094,143508,0
2026-06-04 14:30:00-04:00,427.69000244140625,428.6000061035156,427.6408996582031,428.45001220703125,126452,0
2026-06-04 14:35:00-04:00,428.4700012207031,429.0,428.4200134277344,428.614990234375,135696,0
2026-06-04 14:40:00-04:00,428.5799865722656,428.7200012207031,428.0299987792969,428.06500244140625,165381,0
2026-06-04 14:45:00-04:00,428.0299987792969,428.2900085449219,427.7200012207031,427.760009765625,115701,0
2026-06-04 14:50:00-04:00,427.8299865722656,427.8299865722656,427.1499938964844,427.2099914550781,166218,0
2026-06-04 14:55:00-04:00,427.20001220703125,427.6700134277344,427.0,427.5799865722656,235614,0
2026-06-04 15:00:00-04:00,427.45001220703125,427.45001220703125,427.07000732421875,427.1199951171875,375216,0
2026-06-04 15:05:00-04:00,427.1199951171875,427.6199951171875,426.9800109863281,427.54998779296875,177828,0
2026-06-04 15:10:00-04:00,427.57501220703125,428.29998779296875,427.3999938964844,428.1000061035156,207330,0
2026-06-04 15:15:00-04:00,428.1099853515625,428.45001220703125,428.05999755859375,428.4150085449219,213102,0
2026-06-04 15:20:00-04:00,428.44000244140625,428.6000061035156,427.6099853515625,427.69000244140625,207963,0
2026-06-04 15:25:00-04:00,427.70001220703125,427.7300109863281,427.4200134277344,427.68499755859375,155171,0
2026-06-04 15:30:00-04:00,427.6650085449219,427.68719482421875,427.0,427.2149963378906,193618,0
2026-06-04 15:35:00-04:00,427.2149963378906,427.375,427.0,427.114990234375,152151,0
2026-06-04 15:40:00-04:00,427.1000061035156,427.8299865722656,427.0,427.7900085449219,219679,0
2026-06-04 15:45:00-04:00,427.760009765625,428.1499938964844,427.3399963378906,427.7908020019531,281243,0
2026-06-04 15:50:00-04:00,427.7749938964844,428.1400146484375,427.5466003417969,428.1299133300781,398378,0
2026-06-04 15:55:00-04:00,428.0899963378906,428.44000244140625,427.8299865722656,428.0799865722656,1137951,0
2026-06-05 09:30:00-04:00,428.3399963378906,429.4700012207031,426.6000061035156,428.4150085449219,1456749,0
2026-06-05 09:35:00-04:00,428.3500061035156,428.8599853515625,426.9800109863281,427.67999267578125,418664,0
2026-06-05 09:40:00-04:00,427.7818908691406,428.260009765625,425.69000244140625,426.125,443445,0
2026-06-05 09:45:00-04:00,426.1300048828125,427.510009765625,425.54010009765625,427.0249938964844,400185,0
2026-06-05 09:50:00-04:00,427.0249938964844,427.30999755859375,425.1700134277344,425.5,381300,0
2026-06-05 09:55:00-04:00,425.5199890136719,426.0,424.6000061035156,424.8599853515625,354194,0
2026-06-05 10:00:00-04:00,424.8500061035156,425.17999267578125,422.6400146484375,422.7694091796875,517718,0
2026-06-05 10:05:00-04:00,422.7049865722656,423.44000244140625,422.3800048828125,422.9800109863281,307147,0
2026-06-05 10:10:00-04:00,422.9949951171875,423.489990234375,422.4649963378906,422.79010009765625,276430,0
2026-06-05 10:15:00-04:00,422.8999938964844,423.6536865234375,422.6000061035156,423.1400146484375,287538,0
2026-06-05 10:20:00-04:00,423.1300048828125,423.5899963378906,422.04998779296875,422.04998779296875,281943,0
2026-06-05 10:25:00-04:00,422.1050109863281,423.0559997558594,421.7099914550781,423.0559997558594,407399,0
2026-06-05 10:30:00-04:00,422.9989013671875,423.135009765625,422.1300048828125,422.5859069824219,285859,0
2026-06-05 10:35:00-04:00,422.55999755859375,422.8999938964844,421.8399963378906,421.8599853515625,189169,0
2026-06-05 10:40:00-04:00,421.8599853515625,422.0,421.0400085449219,421.4549865722656,265773,0
2026-06-05 10:45:00-04:00,421.4549865722656,421.639892578125,420.7500915527344,420.9100036621094,238099,0
2026-06-05 10:50:00-04:00,420.8699951171875,421.7200012207031,420.80999755859375,420.989990234375,207695,0
2026-06-05 10:55:00-04:00,421.05999755859375,421.7650146484375,420.70001220703125,421.3900146484375,170972,0
2026-06-05 11:00:00-04:00,421.3900146484375,422.45989990234375,421.3900146484375,422.29998779296875,236498,0
2026-06-05 11:05:00-04:00,422.29998779296875,422.39990234375,421.5101013183594,421.8900146484375,189588,0
2026-06-05 11:10:00-04:00,421.8399963378906,422.20001220703125,421.70001220703125,421.9601135253906,651997,0
2026-06-05 11:15:00-04:00,421.9649963378906,422.5899963378906,421.75,422.2200012207031,223751,0
2026-06-05 11:20:00-04:00,422.260009765625,422.4898986816406,421.42999267578125,421.54998779296875,422691,0
2026-06-05 11:25:00-04:00,421.5899963378906,422.5950012207031,421.2099914550781,422.2500915527344,822986,0
2026-06-05 11:30:00-04:00,422.25,422.3800048828125,421.3699951171875,421.3999938964844,267042,0
2026-06-05 11:35:00-04:00,421.3999938964844,421.7349853515625,421.1199951171875,421.3399963378906,251822,0
2026-06-05 11:40:00-04:00,421.29998779296875,421.6449890136719,420.8999938964844,421.0400085449219,501323,0
2026-06-05 11:45:00-04:00,421.0,421.25,420.4800109863281,421.1706848144531,252689,0
2026-06-05 11:50:00-04:00,421.1570129394531,421.5899963378906,420.92999267578125,421.4200134277344,190993,0
2026-06-05 11:55:00-04:00,421.3999938964844,421.57659912109375,420.6859130859375,420.6859130859375,180725,0
2026-06-05 12:00:00-04:00,420.739990234375,420.9800109863281,420.3599853515625,420.68499755859375,197177,0
2026-06-05 12:05:00-04:00,420.6700134277344,420.69989013671875,418.9100036621094,419.3399963378906,531332,0
2026-06-05 12:10:00-04:00,419.3500061035156,420.3699951171875,419.3500061035156,420.1401062011719,491154,0
2026-06-05 12:15:00-04:00,420.19000244140625,420.2699890136719,419.783203125,420.0199890136719,225965,0
2026-06-05 12:20:00-04:00,419.989990234375,420.3800048828125,419.760009765625,420.29998779296875,161784,0
2026-06-05 12:25:00-04:00,420.30889892578125,420.3999938964844,419.6099853515625,419.79998779296875,189355,0
2026-06-05 12:30:00-04:00,419.82000732421875,419.885009765625,418.5801086425781,418.7416076660156,282326,0
2026-06-05 12:35:00-04:00,418.7349853515625,419.9100036621094,418.5899963378906,419.6000061035156,236965,0
2026-06-05 12:40:00-04:00,419.55999755859375,419.79998779296875,419.25,419.54998779296875,216982,0
2026-06-05 12:45:00-04:00,419.5899963378906,419.760009765625,418.94000244140625,419.2900085449219,287822,0
2026-06-05 12:50:00-04:00,419.2699890136719,419.909912109375,418.7799987792969,419.659912109375,188583,0
2026-06-05 12:55:00-04:00,419.6099853515625,420.1700134277344,419.5,420.052490234375,191169,0
2026-06-05 13:00:00-04:00,420.0,420.3299865722656,419.7749938964844,420.2300109863281,170982,0
2026-06-05 13:05:00-04:00,420.2001037597656,420.75,419.9599914550781,420.17999267578125,149002,0
2026-06-05 13:10:00-04:00,420.1499938964844,420.29998779296875,419.85009765625,420.035888671875,166152,0
2026-06-05 13:15:00-04:00,420.05499267578125,420.1499938964844,419.5195007324219,419.54998779296875,139468,0
2026-06-05 13:20:00-04:00,419.5899963378906,419.88739013671875,419.4206848144531,419.8699951171875,129020,0
2026-06-05 13:25:00-04:00,419.80999755859375,419.8900146484375,419.2550048828125,419.69000244140625,173444,0
2026-06-05 13:30:00-04:00,419.6499938964844,420.3299865722656,419.5299987792969,420.1499938964844,308966,0
2026-06-05 13:35:00-04:00,420.1549987792969,420.67999267578125,419.8699951171875,420.55499267578125,254138,0
2026-06-05 13:40:00-04:00,420.55499267578125,420.94000244140625,420.364990234375,420.6099853515625,372907,0
2026-06-05 13:45:00-04:00,420.67999267578125,421.5199890136719,420.510009765625,421.30999755859375,224695,0
2026-06-05 13:50:00-04:00,421.260009765625,421.4200134277344,420.6199951171875,420.82000732421875,167571,0
2026-06-05 13:55:00-04:00,420.7301025390625,420.94989013671875,420.3599853515625,420.6600036621094,143776,0
2026-06-05 14:00:00-04:00,420.6400146484375,420.9700012207031,420.4800109863281,420.7900085449219,134766,0
2026-06-05 14:05:00-04:00,420.7900085449219,421.1099853515625,420.20001220703125,420.6449890136719,210380,0
2026-06-05 14:10:00-04:00,420.6449890136719,420.9599914550781,419.7301025390625,419.7799987792969,337047,0
2026-06-05 14:15:00-04:00,419.7300109863281,419.7799987792969,417.79998779296875,418.1499938964844,601106,0
2026-06-05 14:20:00-04:00,418.1499938964844,418.9551086425781,418.1449890136719,418.6400146484375,238913,0
2026-06-05 14:25:00-04:00,418.69500732421875,418.8299865722656,418.1499938964844,418.2900085449219,209373,0
2026-06-05 14:30:00-04:00,418.2799987792969,418.3500061035156,417.30999755859375,417.7349853515625,270802,0
2026-06-05 14:35:00-04:00,417.6705017089844,417.8599853515625,417.2799987792969,417.5400085449219,275929,0
2026-06-05 14:40:00-04:00,417.5400085449219,418.0150146484375,417.0,417.10198974609375,437308,0
2026-06-05 14:45:00-04:00,417.010009765625,417.25,416.54998779296875,417.17999267578125,310660,0
2026-06-05 14:50:00-04:00,417.1499938964844,417.3999938964844,416.8599853515625,416.9849853515625,212675,0
2026-06-05 14:55:00-04:00,416.9849853515625,417.7300109863281,416.8800048828125,417.1199951171875,385973,0
2026-06-05 15:00:00-04:00,417.07501220703125,417.4049987792969,416.57000732421875,416.7300109863281,274098,0
2026-06-05 15:05:00-04:00,416.7349853515625,416.82000732421875,415.9599914550781,416.30999755859375,334458,0
2026-06-05 15:10:00-04:00,416.30999755859375,416.42999267578125,415.6499938964844,415.69000244140625,324459,0
2026-06-05 15:15:00-04:00,415.6600036621094,415.6650085449219,414.3999938964844,414.6400146484375,487935,0
2026-06-05 15:20:00-04:00,414.6600036621094,415.510009765625,414.4700012207031,415.0950012207031,353601,0
2026-06-05 15:25:00-04:00,415.114990234375,416.510009765625,415.114990234375,416.3900146484375,365576,0
2026-06-05 15:30:00-04:00,416.375,416.7699890136719,416.0299987792969,416.67999267578125,281949,0
2026-06-05 15:35:00-04:00,416.6600036621094,417.20001220703125,416.4700012207031,417.1300048828125,333072,0
2026-06-05 15:40:00-04:00,417.1199951171875,417.3268127441406,416.135009765625,416.54998779296875,327994,0
2026-06-05 15:45:00-04:00,416.510009765625,417.159912109375,416.1050109863281,416.9849853515625,397672,0
2026-06-05 15:50:00-04:00,416.9599914550781,417.4800109863281,416.340087890625,417.4599914550781,576032,0
2026-06-05 15:55:00-04:00,417.4530029296875,417.4649963378906,416.5299987792969,416.67999267578125,1758020,0
2026-06-08 09:30:00-04:00,414.1600036621094,417.159912109375,411.29998779296875,411.5775146484375,2107333,0
2026-06-08 09:35:00-04:00,411.64990234375,413.7200012207031,411.29010009765625,412.3800048828125,574661,0
2026-06-08 09:40:00-04:00,412.3981018066406,413.3599853515625,412.04998779296875,413.0,465740,0
2026-06-08 09:45:00-04:00,413.010009765625,413.94000244140625,412.0899963378906,412.25,588157,0
2026-06-08 09:50:00-04:00,412.260009765625,413.468994140625,412.20001220703125,413.20001220703125,319344,0
2026-06-08 09:55:00-04:00,413.19500732421875,413.29998779296875,411.7300109863281,412.3999938964844,413439,0
2026-06-08 10:00:00-04:00,412.3999938964844,412.6099853515625,411.7300109863281,412.385009765625,436513,0
2026-06-08 10:05:00-04:00,412.385009765625,412.739990234375,411.32000732421875,412.2950134277344,521580,0
2026-06-08 10:10:00-04:00,412.29998779296875,412.54998779296875,411.55999755859375,412.25,463151,0
2026-06-08 10:15:00-04:00,412.2550048828125,412.95001220703125,412.1000061035156,412.1700134277344,393049,0
2026-06-08 10:20:00-04:00,412.19000244140625,413.17999267578125,412.05999755859375,412.7200012207031,318728,0
2026-06-08 10:25:00-04:00,412.7200012207031,413.3299865722656,411.989990234375,412.7349853515625,337547,0
2026-06-08 10:30:00-04:00,412.7349853515625,413.4800109863281,412.6000061035156,412.7699890136719,277662,0
2026-06-08 10:35:00-04:00,412.7699890136719,413.6000061035156,412.5799865722656,412.843994140625,263838,0
2026-06-08 10:40:00-04:00,412.8450012207031,413.0899963378906,411.8800048828125,412.2850036621094,284977,0
2026-06-08 10:45:00-04:00,412.30999755859375,413.4700012207031,412.2900085449219,412.4366149902344,287232,0
2026-06-08 10:50:00-04:00,412.4150085449219,412.9198913574219,411.80999755859375,412.2500915527344,308618,0
2026-06-08 10:55:00-04:00,412.31500244140625,412.9700012207031,412.2099914550781,412.55999755859375,247539,0
2026-06-08 11:00:00-04:00,412.5899963378906,413.5400085449219,412.3999938964844,412.8999938964844,261666,0
2026-06-08 11:05:00-04:00,412.9468078613281,413.25,412.5299987792969,412.9100036621094,299285,0
2026-06-08 11:10:00-04:00,412.8299865722656,412.9700012207031,412.510009765625,412.8550109863281,210593,0
2026-06-08 11:15:00-04:00,412.9200134277344,413.0299072265625,412.1099853515625,412.3500061035156,287746,0
2026-06-08 11:20:00-04:00,412.3399963378906,412.639892578125,412.1499938964844,412.4649963378906,211434,0
2026-06-08 11:25:00-04:00,412.4549865722656,412.489990234375,411.3500061035156,411.4200134277344,265827,0
2026-06-08 11:30:00-04:00,411.3999938964844,411.44000244140625,410.239990234375,410.4549865722656,398835,0
2026-06-08 11:35:00-04:00,410.42999267578125,411.42999267578125,410.3500061035156,411.4150085449219,302702,0
2026-06-08 11:40:00-04:00,411.4049987792969,411.5899963378906,411.00299072265625,411.3399963378906,191876,0
2026-06-08 11:45:00-04:00,411.32000732421875,411.39990234375,410.7900085449219,410.92999267578125,207150,0
2026-06-08 11:50:00-04:00,410.8999938964844,411.3500061035156,410.8999938964844,411.04998779296875,199259,0
2026-06-08 11:55:00-04:00,411.05499267578125,411.05499267578125,410.30999755859375,410.3900146484375,223950,0
2026-06-08 12:00:00-04:00,410.3699951171875,410.4999084472656,409.9200134277344,410.0799865722656,346230,0
2026-06-08 12:05:00-04:00,410.0899963378906,410.4700012207031,409.82000732421875,410.1554870605469,230427,0
2026-06-08 12:10:00-04:00,410.1300048828125,410.4750061035156,410.010009765625,410.2799987792969,183371,0
2026-06-08 12:15:00-04:00,410.2799987792969,411.0,410.2200012207031,410.8800048828125,175003,0
2026-06-08 12:20:00-04:00,410.8800048828125,410.9800109863281,410.2500915527344,410.4700012207031,187571,0
2026-06-08 12:25:00-04:00,410.49798583984375,411.1400146484375,410.42999267578125,410.489990234375,155406,0
2026-06-08 12:30:00-04:00,410.4800109863281,410.7799987792969,409.79998779296875,409.8999938964844,196522,0
2026-06-08 12:35:00-04:00,409.8599853515625,410.33990478515625,409.75,409.9200134277344,237440,0
2026-06-08 12:40:00-04:00,409.9200134277344,410.19000244140625,409.6437072753906,409.94000244140625,170318,0
2026-06-08 12:45:00-04:00,409.9100036621094,410.3800048828125,409.880615234375,410.09490966796875,218443,0
2026-06-08 12:50:00-04:00,410.0849914550781,410.1499938964844,409.70001220703125,409.95001220703125,154339,0
2026-06-08 12:55:00-04:00,409.95001220703125,410.0098876953125,409.4599914550781,409.5199890136719,183301,0
2026-06-08 13:00:00-04:00,409.4700927734375,409.510009765625,408.6700134277344,408.92498779296875,372346,0
2026-06-08 13:05:00-04:00,408.9200134277344,409.3999938964844,408.8299865722656,408.94000244140625,152442,0
2026-06-08 13:10:00-04:00,408.94000244140625,409.25,408.55999755859375,409.20001220703125,205470,0
2026-06-08 13:15:00-04:00,409.2799987792969,409.3299865722656,408.8299865722656,409.1700134277344,161640,0
2026-06-08 13:20:00-04:00,409.1700134277344,409.19500732421875,408.69000244140625,408.90008544921875,146370,0
2026-06-08 13:25:00-04:00,408.92498779296875,410.0400085449219,408.7901916503906,410.01031494140625,320603,0
2026-06-08 13:30:00-04:00,409.989990234375,410.29998779296875,409.6300048828125,410.1400146484375,275645,0
2026-06-08 13:35:00-04:00,410.05999755859375,410.260009765625,409.70001220703125,410.2349853515625,169595,0
2026-06-08 13:40:00-04:00,410.20001220703125,410.6499938964844,410.16009521484375,410.25140380859375,275794,0
2026-06-08 13:45:00-04:00,410.2250061035156,411.1400146484375,409.94000244140625,411.1400146484375,202840,0
2026-06-08 13:50:00-04:00,411.125,411.67999267578125,411.114990234375,411.5747985839844,291375,0
2026-06-08 13:55:00-04:00,411.57000732421875,411.8399963378906,411.07000732421875,411.260009765625,208291,0
2026-06-08 14:00:00-04:00,411.20001220703125,411.92999267578125,411.0600891113281,411.885009765625,212188,0
2026-06-08 14:05:00-04:00,411.885009765625,412.7200012207031,411.8599853515625,412.6679992675781,275177,0
2026-06-08 14:10:00-04:00,412.6401062011719,412.75,412.1744079589844,412.3299865722656,171208,0
2026-06-08 14:15:00-04:00,412.29998779296875,412.5400085449219,412.05999755859375,412.1499938964844,162613,0
2026-06-08 14:20:00-04:00,412.1449890136719,412.4700012207031,412.1000061035156,412.2900085449219,145983,0
2026-06-08 14:25:00-04:00,412.2950134277344,412.57501220703125,412.2200012207031,412.2699890136719,132957,0
2026-06-08 14:30:00-04:00,412.2200012207031,412.3900146484375,411.902587890625,411.9800109863281,184177,0
2026-06-08 14:35:00-04:00,411.9549865722656,412.4599914550781,411.9100036621094,411.9100036621094,159235,0
2026-06-08 14:40:00-04:00,411.93499755859375,412.57000732421875,411.82000732421875,412.3857116699219,140814,0
2026-06-08 14:45:00-04:00,412.385986328125,412.5400085449219,412.2229919433594,412.43499755859375,126865,0
2026-06-08 14:50:00-04:00,412.43499755859375,413.0,412.42498779296875,413.0,149883,0
2026-06-08 14:55:00-04:00,412.9599914550781,413.0,412.7200012207031,412.7449951171875,160929,0
2026-06-08 15:00:00-04:00,412.7449951171875,412.7900085449219,412.4599914550781,412.50860595703125,134697,0
2026-06-08 15:05:00-04:00,412.489990234375,412.7200012207031,412.3599853515625,412.3599853515625,193610,0
2026-06-08 15:10:00-04:00,412.32000732421875,412.3900146484375,411.8999938964844,411.9849853515625,183123,0
2026-06-08 15:15:00-04:00,411.9800109863281,412.0799865722656,411.75,411.9700012207031,163275,0
2026-06-08 15:20:00-04:00,411.9800109863281,412.3399963378906,411.82000732421875,411.9100036621094,172900,0
2026-06-08 15:25:00-04:00,411.9100036621094,412.30999755859375,411.6004943847656,412.2900085449219,204026,0
2026-06-08 15:30:00-04:00,412.2900085449219,412.67999267578125,412.20001220703125,412.4049987792969,215108,0
2026-06-08 15:35:00-04:00,412.385009765625,412.5400085449219,412.260009765625,412.4049987792969,153883,0
2026-06-08 15:40:00-04:00,412.4200134277344,412.8218078613281,412.2099914550781,412.739990234375,192237,0
2026-06-08 15:45:00-04:00,412.739990234375,413.17999267578125,412.67999267578125,412.8399963378906,570158,0
2026-06-08 15:50:00-04:00,412.8699951171875,413.25,411.531005859375,411.5950012207031,488933,0
2026-06-08 15:55:00-04:00,411.5799865722656,411.989990234375,411.17999267578125,411.739990234375,1358505,0
2026-06-09 09:30:00-04:00,409.0299987792969,409.25,407.2099914550781,408.9100036621094,1701951,0
2026-06-09 09:35:00-04:00,409.0,410.5,408.21160888671875,408.7449951171875,768517,0
2026-06-09 09:40:00-04:00,408.6448974609375,410.6000061035156,408.2799987792969,409.8699951171875,739313,0
2026-06-09 09:45:00-04:00,409.8699951171875,411.0098876953125,409.5299987792969,410.7200012207031,477183,0
2026-06-09 09:50:00-04:00,410.7699890136719,411.9800109863281,410.57000732421875,410.7250061035156,579854,0
2026-06-09 09:55:00-04:00,410.7200012207031,411.6499938964844,410.32000732421875,411.0199890136719,405604,0
2026-06-09 10:00:00-04:00,410.95001220703125,411.45001220703125,410.4700012207031,411.2550048828125,516940,0
2026-06-09 10:05:00-04:00,411.2550048828125,411.885009765625,410.6499938964844,411.5934143066406,340266,0
2026-06-09 10:10:00-04:00,411.5899963378906,411.7997131347656,409.5199890136719,409.8599853515625,424016,0
2026-06-09 10:15:00-04:00,409.8951110839844,410.2349853515625,408.739990234375,409.3299865722656,404934,0
2026-06-09 10:20:00-04:00,409.29998779296875,410.04998779296875,409.0799865722656,409.79998779296875,248871,0
2026-06-09 10:25:00-04:00,409.8699951171875,410.3999938964844,409.1300048828125,409.4849853515625,247946,0
2026-06-09 10:30:00-04:00,409.4599914550781,410.0299987792969,409.20001220703125,409.4849853515625,260861,0
2026-06-09 10:35:00-04:00,409.4700012207031,409.6000061035156,409.0199890136719,409.364990234375,208570,0
2026-06-09 10:40:00-04:00,409.3900146484375,409.6199951171875,408.3599853515625,408.43499755859375,246158,0
2026-06-09 10:45:00-04:00,408.45001220703125,408.4599914550781,406.0201110839844,406.1700134277344,485780,0
2026-06-09 10:50:00-04:00,406.1600036621094,406.9468078613281,405.8800048828125,406.8399963378906,405376,0
2026-06-09 10:55:00-04:00,406.864990234375,407.8599853515625,406.75,407.67999267578125,438846,0
2026-06-09 11:00:00-04:00,407.7049865722656,408.04998779296875,406.864990234375,406.9200134277344,200801,0
2026-06-09 11:05:00-04:00,406.9599914550781,407.44000244140625,406.54998779296875,407.3800048828125,252614,0
2026-06-09 11:10:00-04:00,407.3999938964844,407.7049865722656,406.55999755859375,406.67999267578125,238558,0
2026-06-09 11:15:00-04:00,406.6000061035156,406.7900085449219,406.1400146484375,406.3100891113281,216870,0
2026-06-09 11:20:00-04:00,406.30999755859375,406.46990966796875,405.3700866699219,405.4798889160156,308382,0
2026-06-09 11:25:00-04:00,405.5,405.6600036621094,403.5199890136719,403.7149963378906,560759,0
2026-06-09 11:30:00-04:00,403.67999267578125,403.9100036621094,403.0,403.2799987792969,384783,0
2026-06-09 11:35:00-04:00,403.25,403.3900146484375,402.70001220703125,403.1499938964844,329787,0
2026-06-09 11:40:00-04:00,403.0799865722656,403.4200134277344,402.8399963378906,402.8800048828125,226759,0
2026-06-09 11:45:00-04:00,402.8599853515625,403.19000244140625,402.6700134277344,402.9800109863281,248078,0
2026-06-09 11:50:00-04:00,402.95001220703125,403.4800109863281,402.62811279296875,402.6776123046875,220040,0
2026-06-09 11:55:00-04:00,402.69989013671875,402.7749938964844,401.67999267578125,401.875,663415,0
2026-06-09 12:00:00-04:00,401.9100036621094,402.70001220703125,401.8800048828125,402.239990234375,257544,0
2026-06-09 12:05:00-04:00,402.25,402.3550109863281,401.6499938964844,401.8599853515625,380383,0
2026-06-09 12:10:00-04:00,401.82708740234375,402.9100036621094,401.6199951171875,402.6400146484375,299614,0
2026-06-09 12:15:00-04:00,402.54998779296875,402.57000732421875,400.6600036621094,401.0199890136719,418019,0
2026-06-09 12:20:00-04:00,400.9599914550781,401.510009765625,400.4700927734375,401.42999267578125,447922,0
2026-06-09 12:25:00-04:00,401.42999267578125,401.80999755859375,400.94488525390625,401.1300048828125,278515,0
2026-06-09 12:30:00-04:00,401.04998779296875,401.82000732421875,400.5950012207031,401.364990234375,250374,0
2026-06-09 12:35:00-04:00,401.364990234375,401.4999084472656,398.6400146484375,398.8901062011719,722152,0
2026-06-09 12:40:00-04:00,398.92999267578125,399.5812072753906,398.4814147949219,399.4150085449219,681058,0
2026-06-09 12:45:00-04:00,399.3599853515625,400.0299987792969,398.9501037597656,399.340087890625,279889,0
2026-06-09 12:50:00-04:00,399.29998779296875,399.6099853515625,398.739990234375,398.8999938964844,330167,0
2026-06-09 12:55:00-04:00,398.8699951171875,400.2799987792969,398.80999755859375,400.2300109863281,325068,0
2026-06-09 13:00:00-04:00,400.2699890136719,401.2099914550781,400.1400146484375,401.135009765625,356563,0
2026-06-09 13:05:00-04:00,401.1300048828125,401.1499938964844,400.3630065917969,400.8299865722656,201439,0
2026-06-09 13:10:00-04:00,400.8500061035156,401.6300048828125,400.42999267578125,401.3900146484375,207576,0
2026-06-09 13:15:00-04:00,401.3599853515625,401.8900146484375,400.7799987792969,401.6300048828125,228237,0
2026-06-09 13:20:00-04:00,401.6199951171875,402.1000061035156,401.16009521484375,401.4800109863281,290618,0
2026-06-09 13:25:00-04:00,401.4649963378906,401.8299865722656,401.25,401.69000244140625,178222,0
2026-06-09 13:30:00-04:00,401.7049865722656,402.6000061035156,401.5899963378906,402.6000061035156,191642,0
2026-06-09 13:35:00-04:00,402.6000061035156,402.9700012207031,402.29998779296875,402.70001220703125,203805,0
2026-06-09 13:40:00-04:00,402.739990234375,403.1899108886719,402.3699951171875,402.7049865722656,194384,0
2026-06-09 13:45:00-04:00,402.739990234375,402.8500061035156,402.2300109863281,402.32000732421875,208823,0
2026-06-09 13:50:00-04:00,402.2900085449219,403.2049865722656,402.2900085449219,403.2049865722656,227663,0
2026-06-09 13:55:00-04:00,403.20001220703125,403.32989501953125,402.8500061035156,402.8699951171875,146654,0
2026-06-09 14:00:00-04:00,402.8999938964844,403.6000061035156,402.760009765625,403.4200134277344,236270,0
2026-06-09 14:05:00-04:00,403.3900146484375,403.8399963378906,403.2500915527344,403.59149169921875,182136,0
2026-06-09 14:10:00-04:00,403.62200927734375,403.6700134277344,402.9599914550781,403.2200012207031,165762,0
2026-06-09 14:15:00-04:00,403.19000244140625,403.7598876953125,402.7900085449219,403.6499938964844,228309,0
2026-06-09 14:20:00-04:00,403.6700134277344,403.9612121582031,403.2699890136719,403.7900085449219,181752,0
2026-06-09 14:25:00-04:00,403.80499267578125,403.8182067871094,403.260009765625,403.6400146484375,204270,0
2026-06-09 14:30:00-04:00,403.6449890136719,404.2099914550781,403.32000732421875,403.69000244140625,202453,0
2026-06-09 14:35:00-04:00,403.69000244140625,404.0899963378906,403.4700012207031,403.9049987792969,143382,0
2026-06-09 14:40:00-04:00,403.8800048828125,403.8800048828125,402.8800048828125,402.9049987792969,210179,0
2026-06-09 14:45:00-04:00,402.94000244140625,403.7900085449219,402.8699951171875,403.6499938964844,154370,0
2026-06-09 14:50:00-04:00,403.6650085449219,404.07989501953125,403.6300048828125,403.8299865722656,177608,0
2026-06-09 14:55:00-04:00,403.8299865722656,404.3599853515625,403.7799987792969,403.9750061035156,179250,0
2026-06-09 15:00:00-04:00,403.92999267578125,404.28271484375,403.54998779296875,404.17999267578125,213613,0
2026-06-09 15:05:00-04:00,404.1600036621094,404.4599914550781,403.79998779296875,403.8399963378906,213147,0
2026-06-09 15:10:00-04:00,403.8550109863281,404.1000061035156,403.5400085449219,403.625,244482,0
2026-06-09 15:15:00-04:00,403.6499938964844,403.75,402.9800109863281,403.4314880371094,474895,0
2026-06-09 15:20:00-04:00,403.3999938964844,403.6549987792969,403.022705078125,403.2900085449219,444460,0
2026-06-09 15:25:00-04:00,403.2900085449219,403.3659973144531,402.4288024902344,402.75,265174,0
2026-06-09 15:30:00-04:00,402.75,402.75,402.0299987792969,402.49859619140625,323230,0
2026-06-09 15:35:00-04:00,402.4800109863281,402.6400146484375,402.0899963378906,402.125,476544,0
2026-06-09 15:40:00-04:00,402.1199951171875,402.6400146484375,401.7799987792969,402.2200012207031,348013,0
2026-06-09 15:45:00-04:00,402.2300109863281,402.4549865722656,401.44000244140625,401.44000244140625,367035,0
2026-06-09 15:50:00-04:00,401.5199890136719,404.25,401.5,403.4800109863281,661772,0
2026-06-09 15:55:00-04:00,403.5199890136719,404.07000732421875,403.0899963378906,403.1000061035156,1232150,0
2026-06-10 09:30:00-04:00,398.4100036621094,401.20001220703125,397.4700012207031,398.0899963378906,2639276,0
2026-06-10 09:35:00-04:00,398.1000061035156,401.1000061035156,398.010009765625,401.04998779296875,542861,0
2026-06-10 09:40:00-04:00,401.03369140625,402.8500061035156,400.70001220703125,402.489990234375,491742,0
2026-06-10 09:45:00-04:00,402.510009765625,404.489990234375,401.4010009765625,404.139892578125,666512,0
2026-06-10 09:50:00-04:00,404.1000061035156,404.1000061035156,402.32501220703125,403.44500732421875,425871,0
2026-06-10 09:55:00-04:00,403.4359130859375,404.9800109863281,403.2300109863281,404.7149963378906,484870,0
2026-06-10 10:00:00-04:00,404.7200012207031,405.0400085449219,403.4765930175781,403.70001220703125,595607,0
2026-06-10 10:05:00-04:00,403.70001220703125,403.7099914550781,402.3299865722656,403.2200012207031,310085,0
2026-06-10 10:10:00-04:00,403.2699890136719,403.6499938964844,402.44000244140625,402.67498779296875,401219,0
2026-06-10 10:15:00-04:00,402.70001220703125,403.32000732421875,402.2099914550781,402.6400146484375,357059,0
2026-06-10 10:20:00-04:00,402.57000732421875,403.6199951171875,402.5400085449219,403.5450134277344,240278,0
2026-06-10 10:25:00-04:00,403.59979248046875,403.71099853515625,402.3999938964844,402.989990234375,200939,0
2026-06-10 10:30:00-04:00,402.9700012207031,403.54998779296875,402.67999267578125,403.2300109863281,280564,0
2026-06-10 10:35:00-04:00,403.2300109863281,403.3299865722656,401.8301086425781,402.19000244140625,256673,0
2026-06-10 10:40:00-04:00,402.17919921875,402.9599914550781,402.0299987792969,402.0400085449219,198046,0
2026-06-10 10:45:00-04:00,402.05999755859375,403.1199951171875,401.7300109863281,402.2701110839844,262005,0
2026-06-10 10:50:00-04:00,402.30999755859375,402.8399963378906,402.0299987792969,402.6499938964844,308889,0
2026-06-10 10:55:00-04:00,402.6499938964844,402.8099060058594,401.54998779296875,402.6449890136719,287630,0
2026-06-10 11:00:00-04:00,402.67999267578125,403.4599914550781,401.92999267578125,403.0299987792969,245814,0
2026-06-10 11:05:00-04:00,402.989990234375,403.0299987792969,402.19000244140625,402.79998779296875,207238,0
2026-06-10 11:10:00-04:00,402.7300109863281,402.8500061035156,401.739990234375,401.9049987792969,198349,0
2026-06-10 11:15:00-04:00,401.9100036621094,402.1300048828125,401.3800048828125,401.8800048828125,490268,0
2026-06-10 11:20:00-04:00,401.8699951171875,402.6000061035156,401.7850036621094,402.05999755859375,192297,0
2026-06-10 11:25:00-04:00,402.05999755859375,402.2850036621094,401.5,401.6499938964844,220266,0
2026-06-10 11:30:00-04:00,401.67999267578125,402.2799987792969,401.2200012207031,401.625,223322,0
2026-06-10 11:35:00-04:00,401.625,402.07000732421875,401.07000732421875,401.7974853515625,197813,0
2026-06-10 11:40:00-04:00,401.7850036621094,403.29998779296875,401.6300048828125,403.2200927734375,190521,0
2026-06-10 11:45:00-04:00,403.2598876953125,403.7598876953125,401.55999755859375,402.0,342030,0
2026-06-10 11:50:00-04:00,401.9800109863281,402.739990234375,401.3512878417969,402.4100036621094,378799,0
2026-06-10 11:55:00-04:00,402.3999938964844,403.1000061035156,401.9100036621094,402.67498779296875,190642,0
2026-06-10 12:00:00-04:00,402.6300048828125,403.2099914550781,402.1300048828125,402.3399963378906,164898,0
2026-06-10 12:05:00-04:00,402.2300109863281,402.7099914550781,402.0400085449219,402.2900085449219,170943,0
2026-06-10 12:10:00-04:00,402.2799987792969,402.2900085449219,401.5400085449219,401.79998779296875,485935,0
2026-06-10 12:15:00-04:00,401.79998779296875,402.7250061035156,401.739990234375,402.7250061035156,175184,0
2026-06-10 12:20:00-04:00,402.75,402.9798889160156,402.57000732421875,402.5710144042969,113169,0
2026-06-10 12:25:00-04:00,402.6099853515625,403.05999755859375,402.55999755859375,402.6700134277344,140923,0
2026-06-10 12:30:00-04:00,402.6400146484375,403.05999755859375,402.4137878417969,402.9700012207031,103136,0
2026-06-10 12:35:00-04:00,402.9700012207031,403.6700134277344,402.82000732421875,403.49749755859375,189413,0
2026-06-10 12:40:00-04:00,403.5400085449219,403.7900085449219,402.760009765625,403.2850036621094,157936,0
2026-06-10 12:45:00-04:00,403.260009765625,403.3099060058594,402.45001220703125,402.9198913574219,704943,0
2026-06-10 12:50:00-04:00,402.79998779296875,403.4599914550781,402.6600036621094,403.20001220703125,115059,0
2026-06-10 12:55:00-04:00,403.19000244140625,403.2699890136719,402.67999267578125,403.04998779296875,111016,0
2026-06-10 13:00:00-04:00,403.06500244140625,403.6600036621094,402.9599914550781,403.5050048828125,124795,0
2026-06-10 13:05:00-04:00,403.44000244140625,403.4700012207031,402.760009765625,402.760009765625,137672,0
2026-06-10 13:10:00-04:00,402.7799987792969,402.9200134277344,402.2300109863281,402.610107421875,121727,0
2026-06-10 13:15:00-04:00,402.6499938964844,402.739990234375,401.8999938964844,402.0299987792969,120470,0
2026-06-10 13:20:00-04:00,402.0,402.17999267578125,401.75,401.9549865722656,137886,0
2026-06-10 13:25:00-04:00,401.93499755859375,402.1199951171875,401.510009765625,401.739990234375,119193,0
2026-06-10 13:30:00-04:00,401.7200012207031,401.7298889160156,400.7619934082031,400.7699890136719,151874,0
2026-06-10 13:35:00-04:00,400.7699890136719,400.8399963378906,400.340087890625,400.3999938964844,159625,0
2026-06-10 13:40:00-04:00,400.4100036621094,400.75,400.4100036621094,400.614990234375,124407,0
2026-06-10 13:45:00-04:00,400.6099853515625,401.82000732421875,400.54998779296875,401.69000244140625,198569,0
2026-06-10 13:50:00-04:00,401.6600036621094,401.82000732421875,400.9700012207031,401.6600036621094,193815,0
2026-06-10 13:55:00-04:00,401.6099853515625,402.0,401.3900146484375,401.7699890136719,117784,0
2026-06-10 14:00:00-04:00,401.7300109863281,402.0498962402344,401.510009765625,402.0,124847,0
2026-06-10 14:05:00-04:00,402.0199890136719,402.19989013671875,401.70001220703125,401.739990234375,119050,0
2026-06-10 14:10:00-04:00,401.7449951171875,401.93499755859375,401.5201110839844,401.5899963378906,94280,0
2026-06-10 14:15:00-04:00,401.55999755859375,401.79998779296875,400.989990234375,401.260009765625,127253,0
2026-06-10 14:20:00-04:00,401.2799987792969,401.5498962402344,401.0899963378906,401.2900085449219,113286,0
2026-06-10 14:25:00-04:00,401.2950134277344,401.42999267578125,401.0199890136719,401.1499938964844,132077,0
2026-06-10 14:30:00-04:00,401.1300048828125,401.1300048828125,400.6199951171875,400.70001220703125,143641,0
2026-06-10 14:35:00-04:00,400.6700134277344,400.69500732421875,400.20001220703125,400.3999938964844,107109,0
2026-06-10 14:40:00-04:00,400.42999267578125,400.7900085449219,400.3717041015625,400.7349853515625,114574,0
2026-06-10 14:45:00-04:00,400.69000244140625,400.75,400.2900085449219,400.53680419921875,129816,0
2026-06-10 14:50:00-04:00,400.54998779296875,400.75,400.1000061035156,400.5,157248,0
2026-06-10 14:55:00-04:00,400.5,400.5,399.7699890136719,400.07000732421875,230032,0
2026-06-10 15:00:00-04:00,400.07501220703125,400.1600036621094,399.7799987792969,399.7974853515625,173490,0
2026-06-10 15:05:00-04:00,399.7950134277344,400.2699890136719,399.6499938964844,400.1499938964844,178851,0
2026-06-10 15:10:00-04:00,400.1600036621094,400.2099914550781,399.7049865722656,399.7300109863281,151758,0
2026-06-10 15:15:00-04:00,399.739990234375,399.8699951171875,399.48480224609375,399.48480224609375,151381,0
2026-06-10 15:20:00-04:00,399.51519775390625,399.57000732421875,399.0899963378906,399.159912109375,230125,0
2026-06-10 15:25:00-04:00,399.1199951171875,399.2099914550781,398.260009765625,398.3599853515625,261750,0
2026-06-10 15:30:00-04:00,398.3399963378906,398.8999938964844,398.07000732421875,398.8999938964844,406363,0
2026-06-10 15:35:00-04:00,398.8800048828125,399.2900085449219,398.7799987792969,399.1600036621094,239706,0
2026-06-10 15:40:00-04:00,399.2200012207031,399.29998779296875,398.6099853515625,399.1099853515625,341832,0
2026-06-10 15:45:00-04:00,399.0899963378906,399.0899963378906,397.94500732421875,398.2699890136719,868895,0
2026-06-10 15:50:00-04:00,398.239990234375,398.3500061035156,397.4100036621094,398.25,719854,0
2026-06-10 15:55:00-04:00,398.25,398.95001220703125,397.17999267578125,397.26129150390625,1461164,0
2026-06-11 09:30:00-04:00,395.1099853515625,396.8500061035156,390.67999267578125,391.3399963378906,2151527,0
2026-06-11 09:35:00-04:00,391.3399963378906,393.2398986816406,389.4111022949219,389.4949951171875,1003623,0
2026-06-11 09:40:00-04:00,389.5008850097656,390.1000061035156,388.4200134277344,389.6650085449219,894111,0
2026-06-11 09:45:00-04:00,389.70001220703125,390.8992004394531,389.18011474609375,390.510009765625,748306,0
2026-06-11 09:50:00-04:00,390.510009765625,393.0498962402344,390.4700012207031,392.489990234375,642096,0
2026-06-11 09:55:00-04:00,392.3599853515625,392.8399963378906,391.3699951171875,391.510009765625,508794,0
2026-06-11 10:00:00-04:00,391.5050048828125,393.5299987792969,391.4800109863281,392.989990234375,470848,0
2026-06-11 10:05:00-04:00,393.0,393.1700134277344,391.5299987792969,391.5975036621094,535552,0
2026-06-11 10:10:00-04:00,391.625,391.69000244140625,389.2099914550781,389.30999755859375,467179,0
2026-06-11 10:15:00-04:00,389.239990234375,389.9798889160156,388.260009765625,388.6499938964844,470418,0
2026-06-11 10:20:00-04:00,388.6499938964844,389.9198913574219,388.29998779296875,389.8500061035156,398867,0
2026-06-11 10:25:00-04:00,389.80999755859375,390.0,388.760009765625,389.7099914550781,416508,0
2026-06-11 10:30:00-04:00,389.7349853515625,390.25,389.2349853515625,389.9750061035156,268210,0
2026-06-11 10:35:00-04:00,389.95001220703125,391.3500061035156,389.8999938964844,390.489990234375,345074,0
2026-06-11 10:40:00-04:00,390.489990234375,391.1449890136719,390.2900085449219,390.3999938964844,293623,0
2026-06-11 10:45:00-04:00,390.4049987792969,390.6499938964844,388.8800048828125,388.9599914550781,291212,0
2026-06-11 10:50:00-04:00,388.9649963378906,388.9649963378906,387.70001220703125,387.9049987792969,455964,0
2026-06-11 10:55:00-04:00,387.9200134277344,388.0,386.7200012207031,387.0799865722656,461221,0
2026-06-11 11:00:00-04:00,387.0799865722656,387.90301513671875,386.3699951171875,387.80999755859375,400503,0
2026-06-11 11:05:00-04:00,387.82501220703125,388.9700012207031,387.5799865722656,388.5350036621094,340983,0
2026-06-11 11:10:00-04:00,388.5299987792969,389.010009765625,387.1600036621094,387.5,405304,0
2026-06-11 11:15:00-04:00,387.489990234375,388.94000244140625,387.42999267578125,388.5899963378906,362653,0
2026-06-11 11:20:00-04:00,388.5950012207031,389.2699890136719,388.239990234375,388.7950134277344,259832,0
2026-06-11 11:25:00-04:00,388.7950134277344,388.8299865722656,387.94000244140625,387.94000244140625,269976,0
2026-06-11 11:30:00-04:00,387.9599914550781,388.20001220703125,387.54998779296875,388.0150146484375,229260,0
2026-06-11 11:35:00-04:00,388.0,388.4100036621094,387.6549987792969,388.0613098144531,287027,0
2026-06-11 11:40:00-04:00,388.07000732421875,388.3599853515625,386.5299987792969,386.760009765625,417429,0
2026-06-11 11:45:00-04:00,386.80999755859375,387.2799987792969,386.2200012207031,386.6300048828125,411828,0
2026-06-11 11:50:00-04:00,386.67498779296875,386.70001220703125,386.1400146484375,386.4032897949219,293175,0
2026-06-11 11:55:00-04:00,386.4599914550781,386.7699890136719,386.1709899902344,386.4599914550781,349090,0
2026-06-11 12:00:00-04:00,386.42999267578125,387.04998779296875,386.29998779296875,386.7820129394531,383592,0
2026-06-11 12:05:00-04:00,386.8900146484375,388.1300048828125,386.82000732421875,387.92999267578125,284254,0
2026-06-11 12:10:00-04:00,387.9800109863281,389.30999755859375,387.92999267578125,389.1600036621094,309181,0
2026-06-11 12:15:00-04:00,389.13751220703125,389.1700134277344,388.2514953613281,388.4100036621094,275934,0
2026-06-11 12:20:00-04:00,388.4200134277344,388.8349914550781,387.6099853515625,388.0150146484375,292423,0
2026-06-11 12:25:00-04:00,388.0150146484375,388.3399963378906,387.67999267578125,387.9800109863281,290111,0
2026-06-11 12:30:00-04:00,387.92999267578125,388.7699890136719,387.4200134277344,388.5400085449219,390432,0
2026-06-11 12:35:00-04:00,388.55999755859375,388.68499755859375,388.0299987792969,388.2499084472656,180066,0
2026-06-11 12:40:00-04:00,388.2099914550781,388.32000732421875,387.5,387.6600036621094,282485,0
2026-06-11 12:45:00-04:00,387.6300048828125,387.80999755859375,386.8699951171875,386.9200134277344,302338,0
2026-06-11 12:50:00-04:00,386.9200134277344,386.989990234375,386.25,386.3251037597656,313327,0
2026-06-11 12:55:00-04:00,386.3399963378906,386.3500061035156,386.0,386.260009765625,319373,0
2026-06-11 13:00:00-04:00,386.260009765625,386.3500061035156,385.2699890136719,385.2701110839844,454119,0
2026-06-11 13:05:00-04:00,385.30999755859375,385.67999267578125,384.8599853515625,385.1950988769531,1226802,0
2026-06-11 13:10:00-04:00,385.2099914550781,385.5,384.6549987792969,385.1300048828125,424209,0
2026-06-11 13:15:00-04:00,385.125,385.389892578125,384.3299865722656,384.4649963378906,426604,0
2026-06-11 13:20:00-04:00,384.45001220703125,384.80999755859375,384.0,384.6047058105469,371651,0
2026-06-11 13:25:00-04:00,384.6199951171875,387.7200012207031,384.6000061035156,387.54998779296875,712312,0
2026-06-11 13:30:00-04:00,387.6099853515625,389.2900085449219,386.8599853515625,388.4100036621094,913779,0
2026-06-11 13:35:00-04:00,388.4200134277344,388.8500061035156,387.85009765625,388.4549865722656,469485,0
2026-06-11 13:40:00-04:00,388.4750061035156,389.760009765625,388.2850036621094,389.5,424320,0
2026-06-11 13:45:00-04:00,389.5,389.6000061035156,387.427001953125,387.510009765625,464395,0
2026-06-11 13:50:00-04:00,387.510009765625,387.80999755859375,386.8399963378906,387.4501037597656,338985,0
2026-06-11 13:55:00-04:00,387.45001220703125,388.7799987792969,387.2900085449219,388.7200012207031,726997,0
2026-06-11 14:00:00-04:00,388.75,389.0050048828125,387.5249938964844,387.8450012207031,376790,0
2026-06-11 14:05:00-04:00,387.80999755859375,388.70001220703125,387.6700134277344,388.2449951171875,314252,0
2026-06-11 14:10:00-04:00,388.25,388.7300109863281,388.0,388.2200012207031,264638,0
2026-06-11 14:15:00-04:00,388.2200012207031,389.2200012207031,388.1499938964844,388.9649963378906,321198,0
2026-06-11 14:20:00-04:00,388.94000244140625,389.139892578125,388.2099914550781,388.3800048828125,343796,0
2026-06-11 14:25:00-04:00,388.3800048828125,389.0,388.3500061035156,388.80999755859375,255872,0
2026-06-11 14:30:00-04:00,388.8324890136719,389.1199951171875,388.32000732421875,388.4599914550781,291577,0
2026-06-11 14:35:00-04:00,388.4599914550781,388.57000732421875,387.55999755859375,387.6700134277344,251165,0
2026-06-11 14:40:00-04:00,387.67498779296875,387.92999267578125,387.5150146484375,387.7349853515625,223318,0
2026-06-11 14:45:00-04:00,387.74200439453125,388.32000732421875,387.7200012207031,387.9700012207031,203750,0
2026-06-11 14:50:00-04:00,388.0199890136719,388.19000244140625,387.6300048828125,387.7799987792969,301951,0
2026-06-11 14:55:00-04:00,387.7699890136719,387.80999755859375,387.1099853515625,387.32000732421875,341227,0
2026-06-11 15:00:00-04:00,387.30999755859375,387.5199890136719,387.05999755859375,387.2749938964844,278974,0
2026-06-11 15:05:00-04:00,387.25,387.32000732421875,386.5899963378906,386.8299865722656,413668,0
2026-06-11 15:10:00-04:00,386.8299865722656,387.6700134277344,386.82000732421875,387.3900146484375,502943,0
2026-06-11 15:15:00-04:00,387.4200134277344,387.510009765625,387.1499938964844,387.41400146484375,433739,0
2026-06-11 15:20:00-04:00,387.3900146484375,387.5,387.1000061035156,387.260009765625,405736,0
2026-06-11 15:25:00-04:00,387.260009765625,387.7900085449219,387.1099853515625,387.2349853515625,468077,0
2026-06-11 15:30:00-04:00,387.2300109863281,388.82000732421875,387.05999755859375,388.69500732421875,840917,0
2026-06-11 15:35:00-04:00,388.6770935058594,389.1300048828125,387.3900146484375,388.42498779296875,644242,0
2026-06-11 15:40:00-04:00,388.42498779296875,389.8999938964844,388.231201171875,389.8299865722656,601655,0
2026-06-11 15:45:00-04:00,389.82000732421875,390.1000061035156,389.1499938964844,389.5400085449219,589601,0
2026-06-11 15:50:00-04:00,389.55999755859375,391.30999755859375,389.55999755859375,390.5,1144751,0
2026-06-11 15:55:00-04:00,390.5400085449219,390.79998779296875,389.8599853515625,390.0299987792969,2268495,0
2026-06-12 09:30:00-04:00,391.4200134277344,391.6199951171875,383.3500061035156,383.4200134277344,2691137,0
2026-06-12 09:35:00-04:00,383.3800048828125,385.1400146484375,383.1199951171875,384.6400146484375,1287622,0
2026-06-12 09:40:00-04:00,384.67999267578125,384.7200012207031,382.5,382.5199890136719,1046397,0
2026-06-12 09:45:00-04:00,382.501708984375,384.5,382.5,383.30499267578125,767006,0
2026-06-12 09:50:00-04:00,383.2939147949219,383.6499938964844,382.2699890136719,383.0,514023,0
2026-06-12 09:55:00-04:00,383.0299987792969,383.94000244140625,383.010009765625,383.55999755859375,466652,0
2026-06-12 10:00:00-04:00,383.6700134277344,383.7799072265625,382.6400146484375,382.8349914550781,847407,0
2026-06-12 10:05:00-04:00,382.82000732421875,384.3599853515625,382.3800048828125,384.3175048828125,681572,0
2026-06-12 10:10:00-04:00,384.32000732421875,384.95001220703125,383.90008544921875,384.2680969238281,483401,0
2026-06-12 10:15:00-04:00,384.31988525390625,385.2998962402344,384.0299987792969,384.1000061035156,457214,0
2026-06-12 10:20:00-04:00,384.1400146484375,384.69000244140625,383.44000244140625,384.0249938964844,466963,0
2026-06-12 10:25:00-04:00,384.0014953613281,384.70001220703125,383.7799987792969,384.07000732421875,383643,0
2026-06-12 10:30:00-04:00,384.1000061035156,385.010009765625,384.07000732421875,384.4049987792969,472525,0
2026-06-12 10:35:00-04:00,384.3800048828125,385.9100036621094,384.1499938964844,385.80999755859375,723879,0
2026-06-12 10:40:00-04:00,385.80499267578125,385.9800109863281,384.07000732421875,384.1050109863281,489014,0
2026-06-12 10:45:00-04:00,384.1000061035156,385.17498779296875,384.0,384.4150085449219,323936,0
2026-06-12 10:50:00-04:00,384.4100036621094,387.0799865722656,384.1499938964844,387.07000732421875,398432,0
2026-06-12 10:55:00-04:00,387.0050048828125,388.760009765625,386.9056091308594,388.7550048828125,493773,0
2026-06-12 11:00:00-04:00,388.7900085449219,389.2099914550781,388.29998779296875,388.4100036621094,403293,0
2026-06-12 11:05:00-04:00,388.4100036621094,389.25,388.0799865722656,389.1549987792969,398380,0
2026-06-12 11:10:00-04:00,389.1400146484375,389.9700012207031,389.05999755859375,389.7449951171875,372245,0
2026-06-12 11:15:00-04:00,389.7449951171875,389.8299865722656,389.20001220703125,389.55499267578125,284364,0
2026-06-12 11:20:00-04:00,389.55499267578125,389.9100036621094,389.3299865722656,389.5199890136719,244805,0
2026-06-12 11:25:00-04:00,389.5035095214844,389.8999938964844,388.8399963378906,388.8999938964844,295537,0
2026-06-12 11:30:00-04:00,388.8900146484375,389.04998779296875,387.6400146484375,387.6700134277344,418042,0
2026-06-12 11:35:00-04:00,387.6600036621094,388.5400085449219,386.8299865722656,387.3500061035156,426168,0
2026-06-12 11:40:00-04:00,387.3550109863281,387.6400146484375,387.06500244140625,387.17999267578125,210455,0
2026-06-12 11:45:00-04:00,387.1499938964844,387.58990478515625,386.75,386.8013916015625,238532,0
2026-06-12 11:50:00-04:00,386.7950134277344,387.794189453125,386.6499938964844,387.7099914550781,236951,0
2026-06-12 11:55:00-04:00,387.7001037597656,387.8399963378906,387.0201110839844,387.2414855957031,238185,0
2026-06-12 12:00:00-04:00,387.2200012207031,387.4399108886719,386.67999267578125,386.92999267578125,976644,0
2026-06-12 12:05:00-04:00,386.94000244140625,387.75,386.5899963378906,387.54840087890625,225602,0
2026-06-12 12:10:00-04:00,387.510009765625,388.4599914550781,386.7699890136719,387.6099853515625,306265,0
2026-06-12 12:15:00-04:00,387.6499938964844,388.2867126464844,387.3999938964844,387.45001220703125,251257,0
2026-06-12 12:20:00-04:00,387.4800109863281,387.9909973144531,387.25,387.9750061035156,309262,0
2026-06-12 12:25:00-04:00,388.0,388.4700012207031,387.8900146484375,387.8999938964844,213998,0
2026-06-12 12:30:00-04:00,387.95001220703125,387.9800109863281,387.43499755859375,387.7598876953125,162392,0
2026-06-12 12:35:00-04:00,387.75,387.8800048828125,387.2850036621094,387.56500244140625,160922,0
2026-06-12 12:40:00-04:00,387.56500244140625,388.385009765625,387.4599914550781,387.5849914550781,189609,0
2026-06-12 12:45:00-04:00,387.56500244140625,387.8799133300781,387.3800048828125,387.3999938964844,179903,0
2026-06-12 12:50:00-04:00,387.3500061035156,387.5199890136719,386.9700012207031,387.260009765625,1592383,0
2026-06-12 12:55:00-04:00,387.260009765625,387.8900146484375,387.1000061035156,387.8299865722656,122815,0
2026-06-12 13:00:00-04:00,387.80999755859375,388.3599853515625,387.7699890136719,388.2799987792969,187358,0
2026-06-12 13:05:00-04:00,388.29998779296875,388.92999267578125,388.0799865722656,388.2099914550781,209219,0
2026-06-12 13:10:00-04:00,388.2300109863281,388.3699951171875,387.6300964355469,388.1300048828125,167395,0
2026-06-12 13:15:00-04:00,388.0924072265625,388.2850036621094,387.9599914550781,387.989990234375,470200,0
2026-06-12 13:20:00-04:00,388.010009765625,388.4049987792969,387.82000732421875,387.8699951171875,176572,0
2026-06-12 13:25:00-04:00,387.8500061035156,388.32000732421875,387.760009765625,388.20001220703125,235107,0
2026-06-12 13:30:00-04:00,388.20001220703125,388.30999755859375,387.3699951171875,387.5314025878906,164109,0
2026-06-12 13:35:00-04:00,387.5314025878906,387.80999755859375,387.1300048828125,387.1499938964844,176273,0
2026-06-12 13:40:00-04:00,387.1199951171875,387.29998779296875,386.5199890136719,386.7250061035156,168815,0
2026-06-12 13:45:00-04:00,386.7349853515625,387.1299133300781,386.7099914550781,386.8299865722656,155098,0
2026-06-12 13:50:00-04:00,386.86480712890625,387.3099060058594,386.82000732421875,387.1451110839844,172044,0
2026-06-12 13:55:00-04:00,387.1400146484375,387.1549987792969,386.7300109863281,386.7862854003906,165258,0
2026-06-12 14:00:00-04:00,386.7898864746094,387.2749938964844,386.6499938964844,387.1000061035156,193778,0
2026-06-12 14:05:00-04:00,387.0950012207031,387.4794921875,386.80999755859375,387.260986328125,147177,0
2026-06-12 14:10:00-04:00,387.2099914550781,387.80999755859375,386.94000244140625,387.19500732421875,205480,0
2026-06-12 14:15:00-04:00,387.19000244140625,387.44000244140625,387.0299987792969,387.2699890136719,156245,0
2026-06-12 14:20:00-04:00,387.2699890136719,387.3591003417969,387.010009765625,387.3299865722656,173945,0
2026-06-12 14:25:00-04:00,387.3399963378906,387.6400146484375,387.2799987792969,387.54010009765625,151597,0
2026-06-12 14:30:00-04:00,387.5299987792969,388.2200012207031,387.3999938964844,387.92498779296875,228870,0
2026-06-12 14:35:00-04:00,387.9100036621094,388.2799072265625,387.75,387.94000244140625,181785,0
2026-06-12 14:40:00-04:00,387.9549865722656,388.79998779296875,387.9549865722656,388.7500915527344,213471,0
2026-06-12 14:45:00-04:00,388.7749938964844,388.84100341796875,388.5,388.6000061035156,198770,0
2026-06-12 14:50:00-04:00,388.6000061035156,388.7720031738281,388.0299987792969,388.68499755859375,175879,0
2026-06-12 14:55:00-04:00,388.680908203125,389.1499938964844,388.5400085449219,388.6400146484375,238911,0
2026-06-12 15:00:00-04:00,388.6099853515625,388.8800048828125,388.010009765625,388.7900085449219,172081,0
2026-06-12 15:05:00-04:00,388.7950134277344,389.2200012207031,388.6199951171875,388.95001220703125,181809,0
2026-06-12 15:10:00-04:00,388.95001220703125,389.2799072265625,388.82391357421875,389.260009765625,254336,0
2026-06-12 15:15:00-04:00,389.260009765625,389.3500061035156,388.6600036621094,389.2522888183594,308213,0
2026-06-12 15:20:00-04:00,389.239990234375,389.614990234375,389.2300109863281,389.4200134277344,195441,0
2026-06-12 15:25:00-04:00,389.4276123046875,389.739990234375,389.31500244140625,389.4200134277344,223428,0
2026-06-12 15:30:00-04:00,389.3999938964844,389.6000061035156,389.04998779296875,389.1700134277344,244183,0
2026-06-12 15:35:00-04:00,389.1499938964844,389.79998779296875,389.0299987792969,389.57000732421875,251039,0
2026-06-12 15:40:00-04:00,389.5400085449219,390.0,389.4599914550781,389.8800048828125,200755,0
2026-06-12 15:45:00-04:00,389.8800048828125,390.4599914550781,389.635009765625,390.2950134277344,318899,0
2026-06-12 15:50:00-04:00,390.30999755859375,390.67401123046875,389.2799987792969,389.8800048828125,567775,0
2026-06-12 15:55:00-04:00,389.9200134277344,390.94000244140625,389.7900085449219,390.6700134277344,1151814,0
2026-06-15 09:30:00-04:00,396.7950134277344,397.8800048828125,392.8450012207031,395.8900146484375,2489476,0
2026-06-15 09:35:00-04:00,395.92999267578125,397.17999267578125,394.9599914550781,397.1000061035156,726512,0
2026-06-15 09:40:00-04:00,397.0201110839844,397.5150146484375,396.010009765625,396.4367980957031,644338,0
2026-06-15 09:45:00-04:00,396.4100036621094,397.5580139160156,395.7950134277344,397.3299865722656,590503,0
2026-06-15 09:50:00-04:00,397.2699890136719,397.7900085449219,396.3599853515625,397.3399963378906,437279,0
2026-06-15 09:55:00-04:00,397.32000732421875,398.6698913574219,396.6000061035156,398.3299865722656,449024,0
2026-06-15 10:00:00-04:00,398.4164123535156,398.8500061035156,398.0199890136719,398.7449951171875,482165,0
2026-06-15 10:05:00-04:00,398.7449951171875,399.6000061035156,398.4750061035156,399.2799987792969,529463,0
2026-06-15 10:10:00-04:00,399.26031494140625,399.3900146484375,397.6300048828125,397.760009765625,526597,0
2026-06-15 10:15:00-04:00,397.7749938964844,399.0799865722656,397.610107421875,398.82501220703125,560725,0
2026-06-15 10:20:00-04:00,398.82501220703125,398.8500061035156,397.7099914550781,397.8500061035156,444438,0
2026-06-15 10:25:00-04:00,397.8299865722656,398.4200134277344,397.34539794921875,398.3299865722656,451643,0
2026-06-15 10:30:00-04:00,398.30999755859375,398.3999938964844,397.3599853515625,397.67498779296875,293835,0
2026-06-15 10:35:00-04:00,397.67498779296875,398.0,397.3999938964844,397.6700134277344,306235,0
2026-06-15 10:40:00-04:00,397.7300109863281,398.010009765625,397.29998779296875,397.47821044921875,262014,0
2026-06-15 10:45:00-04:00,397.489990234375,398.20849609375,397.2900085449219,397.5199890136719,424200,0
2026-06-15 10:50:00-04:00,397.5400085449219,398.01849365234375,397.25,397.90509033203125,281390,0
2026-06-15 10:55:00-04:00,397.9049987792969,398.2300109863281,397.66009521484375,398.1400146484375,317506,0
2026-06-15 11:00:00-04:00,398.1449890136719,398.260009765625,397.3599853515625,397.79998779296875,378737,0
2026-06-15 11:05:00-04:00,397.7950134277344,399.06988525390625,397.69000244140625,398.4599914550781,416502,0
2026-06-15 11:10:00-04:00,398.430908203125,399.09759521484375,398.3299865722656,398.4750061035156,241887,0
2026-06-15 11:15:00-04:00,398.4400939941406,398.95989990234375,398.44000244140625,398.75,211724,0
2026-06-15 11:20:00-04:00,398.7550048828125,399.07501220703125,398.0201110839844,398.0849914550781,232665,0
2026-06-15 11:25:00-04:00,398.05999755859375,398.7200012207031,397.8299865722656,398.489990234375,318716,0
2026-06-15 11:30:00-04:00,398.45001220703125,399.17999267578125,398.1000061035156,398.6799011230469,254312,0
2026-06-15 11:35:00-04:00,398.65399169921875,399.0,398.1199951171875,398.2699890136719,195449,0
2026-06-15 11:40:00-04:00,398.2699890136719,399.07989501953125,398.2200012207031,399.0299987792969,169379,0
2026-06-15 11:45:00-04:00,399.0450134277344,400.3349914550781,398.8800048828125,400.2799987792969,447376,0
2026-06-15 11:50:00-04:00,400.2699890136719,400.5,400.0,400.489990234375,260503,0
2026-06-15 11:55:00-04:00,400.4898986816406,400.95001220703125,400.1000061035156,400.80999755859375,307801,0
2026-06-15 12:00:00-04:00,400.82501220703125,401.6400146484375,400.7300109863281,401.3999938964844,351167,0
2026-06-15 12:05:00-04:00,401.3999938964844,401.4100036621094,400.8699951171875,401.0,170309,0
2026-06-15 12:10:00-04:00,400.989990234375,401.20001220703125,400.510009765625,400.6990051269531,196785,0
2026-06-15 12:15:00-04:00,400.7349853515625,400.8500061035156,400.3800048828125,400.5899963378906,198640,0
2026-06-15 12:20:00-04:00,400.6000061035156,401.29998779296875,400.57000732421875,401.2200927734375,176464,0
2026-06-15 12:25:00-04:00,401.2300109863281,401.6199951171875,401.19000244140625,401.57501220703125,143819,0
2026-06-15 12:30:00-04:00,401.56500244140625,401.75,400.9100036621094,400.9906921386719,153846,0
2026-06-15 12:35:00-04:00,400.9849853515625,401.0400085449219,400.4599914550781,400.6050109863281,160213,0
2026-06-15 12:40:00-04:00,400.6050109863281,400.75,400.1499938964844,400.2099914550781,154195,0
2026-06-15 12:45:00-04:00,400.2149963378906,400.3500061035156,399.7900085449219,400.1400146484375,203111,0
2026-06-15 12:50:00-04:00,400.16009521484375,400.3699951171875,399.70001220703125,399.74798583984375,139035,0
2026-06-15 12:55:00-04:00,399.760009765625,399.760009765625,398.67999267578125,399.2200012207031,276831,0
2026-06-15 13:00:00-04:00,399.20001220703125,399.70001220703125,398.9049987792969,399.6650085449219,126498,0
2026-06-15 13:05:00-04:00,399.6600036621094,399.989990234375,399.3299865722656,399.375,189017,0
2026-06-15 13:10:00-04:00,399.3299865722656,399.6600036621094,399.32000732421875,399.50250244140625,105145,0
2026-06-15 13:15:00-04:00,399.5006103515625,399.94989013671875,399.4599914550781,399.67999267578125,115184,0
2026-06-15 13:20:00-04:00,399.67999267578125,399.8999938964844,399.5400085449219,399.7703857421875,140967,0
2026-06-15 13:25:00-04:00,399.7950134277344,399.80999755859375,399.4700012207031,399.4823913574219,100215,0
2026-06-15 13:30:00-04:00,399.489990234375,399.6700134277344,399.489990234375,399.5600891113281,102168,0
2026-06-15 13:35:00-04:00,399.55999755859375,399.92999267578125,399.510009765625,399.760009765625,116055,0
2026-06-15 13:40:00-04:00,399.739990234375,399.9599914550781,399.6200866699219,399.7699890136719,126645,0
2026-06-15 13:45:00-04:00,399.75,399.7799987792969,399.4700012207031,399.73699951171875,133396,0
2026-06-15 13:50:00-04:00,399.760009765625,399.8500061035156,399.5299987792969,399.6600036621094,101847,0
2026-06-15 13:55:00-04:00,399.6549987792969,399.6549987792969,399.1600036621094,399.2900085449219,124325,0
2026-06-15 14:00:00-04:00,399.30999755859375,399.510009765625,398.90008544921875,399.05499267578125,148102,0
2026-06-15 14:05:00-04:00,399.05499267578125,399.3599853515625,399.0,399.2900085449219,131559,0
2026-06-15 14:10:00-04:00,399.239990234375,399.3800048828125,399.1000061035156,399.3349914550781,85776,0
2026-06-15 14:15:00-04:00,399.3699951171875,399.5799865722656,399.29998779296875,399.4049987792969,135199,0
2026-06-15 14:20:00-04:00,399.4049987792969,399.4049987792969,399.0,399.114990234375,112505,0
2026-06-15 14:25:00-04:00,399.0899963378906,399.1300048828125,398.900390625,398.9750061035156,108220,0
2026-06-15 14:30:00-04:00,398.989990234375,399.0199890136719,398.5,398.55999755859375,138078,0
2026-06-15 14:35:00-04:00,398.55999755859375,398.8800048828125,398.260009765625,398.5400085449219,148351,0
2026-06-15 14:40:00-04:00,398.5299987792969,398.8800048828125,398.3999938964844,398.6300048828125,292095,0
2026-06-15 14:45:00-04:00,398.6300048828125,398.75,398.4200134277344,398.4551086425781,101717,0
2026-06-15 14:50:00-04:00,398.44000244140625,398.6499938964844,398.30999755859375,398.614990234375,122669,0
2026-06-15 14:55:00-04:00,398.614990234375,398.7799072265625,398.5,398.67999267578125,126325,0
2026-06-15 15:00:00-04:00,398.67498779296875,399.3399963378906,398.5105895996094,399.260009765625,215143,0
2026-06-15 15:05:00-04:00,399.260009765625,399.79998779296875,398.6499938964844,398.75,271292,0
2026-06-15 15:10:00-04:00,398.7149963378906,399.2799987792969,398.70001220703125,399.1650085449219,135249,0
2026-06-15 15:15:00-04:00,399.1300048828125,399.4200134277344,398.82000732421875,398.9599914550781,150154,0
2026-06-15 15:20:00-04:00,398.9599914550781,398.9599914550781,398.5,398.510009765625,152730,0
2026-06-15 15:25:00-04:00,398.5,398.739990234375,398.4100036621094,398.4501037597656,151675,0
2026-06-15 15:30:00-04:00,398.45001220703125,399.139892578125,398.25,399.0700988769531,233058,0
2026-06-15 15:35:00-04:00,399.07000732421875,399.6300048828125,399.0299987792969,399.6199951171875,204188,0
2026-06-15 15:40:00-04:00,399.6000061035156,400.17999267578125,399.6000061035156,400.0799865722656,259593,0
2026-06-15 15:45:00-04:00,400.1000061035156,400.6099853515625,400.05999755859375,400.3500061035156,356883,0
2026-06-15 15:50:00-04:00,400.3500061035156,400.3500061035156,398.7200012207031,399.05279541015625,570711,0
2026-06-15 15:55:00-04:00,399.0249938964844,400.05999755859375,399.0249938964844,399.9700012207031,1048887,0
2026-06-16 09:30:00-04:00,395.7799987792969,396.8399963378906,390.92999267578125,391.8999938964844,2460993,0
2026-06-16 09:35:00-04:00,391.8999938964844,394.04998779296875,391.8999938964844,392.45001220703125,737455,0
2026-06-16 09:40:00-04:00,392.46759033203125,394.32000732421875,392.2900085449219,393.92401123046875,657829,0
2026-06-16 09:45:00-04:00,393.99700927734375,394.81988525390625,392.8999938964844,394.32000732421875,593124,0
2026-06-16 09:50:00-04:00,394.31500244140625,395.2099914550781,393.95001220703125,394.1099853515625,423787,0
2026-06-16 09:55:00-04:00,394.1000061035156,395.6000061035156,394.06500244140625,394.82000732421875,431402,0
2026-06-16 10:00:00-04:00,394.8299865722656,395.42999267578125,394.04998779296875,394.510009765625,327680,0
2026-06-16 10:05:00-04:00,394.5899963378906,394.6184997558594,393.54998779296875,394.06219482421875,403191,0
2026-06-16 10:10:00-04:00,394.1299133300781,394.7200012207031,393.30999755859375,393.44500732421875,375796,0
2026-06-16 10:15:00-04:00,393.57000732421875,393.75,392.3399963378906,392.6499938964844,357462,0
2026-06-16 10:20:00-04:00,392.7300109863281,393.44000244140625,392.0199890136719,392.0400085449219,343841,0
2026-06-16 10:25:00-04:00,392.04998779296875,393.1600036621094,391.9200134277344,393.0950012207031,486687,0
2026-06-16 10:30:00-04:00,393.0950012207031,393.6499938964844,392.6112976074219,392.7178039550781,317694,0
2026-06-16 10:35:00-04:00,392.760009765625,393.409912109375,392.5299987792969,393.2250061035156,293345,0
2026-06-16 10:40:00-04:00,393.17999267578125,393.20001220703125,392.4700012207031,392.6700134277344,211890,0
2026-06-16 10:45:00-04:00,392.69000244140625,394.0249938964844,392.4599914550781,393.8500061035156,311861,0
2026-06-16 10:50:00-04:00,393.8500061035156,393.95001220703125,393.2300109863281,393.68499755859375,322287,0
2026-06-16 10:55:00-04:00,393.7300109863281,394.3758850097656,393.4649963378906,393.6700134277344,279797,0
2026-06-16 11:00:00-04:00,393.6650085449219,394.3550109863281,393.5299987792969,393.6600036621094,262084,0
2026-06-16 11:05:00-04:00,393.7099914550781,394.125,393.4200134277344,393.7799987792969,226440,0
2026-06-16 11:10:00-04:00,393.7737121582031,393.8699951171875,393.29998779296875,393.7300109863281,179275,0
2026-06-16 11:15:00-04:00,393.79998779296875,394.0,393.57000732421875,393.69000244140625,181861,0
2026-06-16 11:20:00-04:00,393.70001220703125,394.0899963378906,393.5799865722656,393.80999755859375,303841,0
2026-06-16 11:25:00-04:00,393.79541015625,394.0,393.3999938964844,393.4200134277344,238556,0
2026-06-16 11:30:00-04:00,393.4700012207031,393.5899963378906,392.75,393.364990234375,194799,0
2026-06-16 11:35:00-04:00,393.3999938964844,393.8599853515625,393.20001220703125,393.79010009765625,173337,0
2026-06-16 11:40:00-04:00,393.8500061035156,393.94000244140625,393.0899963378906,393.1700134277344,209486,0
2026-06-16 11:45:00-04:00,393.19000244140625,393.6099853515625,392.9150085449219,393.4801025390625,268450,0
2026-06-16 11:50:00-04:00,393.5199890136719,393.6600036621094,393.1499938964844,393.260009765625,153224,0
2026-06-16 11:55:00-04:00,393.2900085449219,393.3699951171875,392.8399963378906,392.8399963378906,195672,0
2026-06-16 12:00:00-04:00,392.8299865722656,392.989990234375,392.4800109863281,392.8599853515625,204689,0
2026-06-16 12:05:00-04:00,392.92999267578125,392.92999267578125,392.2200012207031,392.7699890136719,141915,0
2026-06-16 12:10:00-04:00,392.7699890136719,392.94000244140625,392.5299987792969,392.6000061035156,179416,0
2026-06-16 12:15:00-04:00,392.6499938964844,392.79998779296875,392.2096862792969,392.2250061035156,179165,0
2026-06-16 12:20:00-04:00,392.25,392.3800048828125,391.3800048828125,391.55560302734375,296125,0
2026-06-16 12:25:00-04:00,391.5400085449219,392.0799865722656,391.5400085449219,391.8450012207031,163532,0
2026-06-16 12:30:00-04:00,391.8699951171875,392.20001220703125,391.6099853515625,391.6199951171875,144826,0
2026-06-16 12:35:00-04:00,391.6000061035156,391.9700012207031,391.5,391.92498779296875,168917,0
2026-06-16 12:40:00-04:00,391.94000244140625,392.44000244140625,391.8999938964844,392.375,235130,0
2026-06-16 12:45:00-04:00,392.375,392.6099853515625,392.0,392.0899963378906,198736,0
2026-06-16 12:50:00-04:00,392.1000061035156,392.3599853515625,391.9200134277344,392.15008544921875,652887,0
2026-06-16 12:55:00-04:00,392.1700134277344,392.2715148925781,391.75,391.7850036621094,180851,0
2026-06-16 13:00:00-04:00,391.7950134277344,392.0799865722656,391.7200012207031,391.82000732421875,152739,0
2026-06-16 13:05:00-04:00,391.8299865722656,392.07000732421875,391.69000244140625,391.8699951171875,128256,0
2026-06-16 13:10:00-04:00,391.9100036621094,392.1000061035156,391.8500061035156,391.9049987792969,117850,0
2026-06-16 13:15:00-04:00,391.8995056152344,392.0799865722656,391.70001220703125,391.7699890136719,140823,0
2026-06-16 13:20:00-04:00,391.7099914550781,391.9100036621094,391.5799865722656,391.6950988769531,157756,0
2026-06-16 13:25:00-04:00,391.69500732421875,391.9100036621094,391.3900146484375,391.5,170120,0
2026-06-16 13:30:00-04:00,391.4800109863281,391.54998779296875,391.1000061035156,391.2300109863281,255722,0
2026-06-16 13:35:00-04:00,391.19000244140625,391.4800109863281,390.760009765625,391.0,299441,0
2026-06-16 13:40:00-04:00,390.9670104980469,391.32000732421875,390.9670104980469,391.1400146484375,204477,0
2026-06-16 13:45:00-04:00,391.1099853515625,391.3800048828125,390.9100036621094,391.00750732421875,193320,0
2026-06-16 13:50:00-04:00,391.0199890136719,391.04998779296875,390.69000244140625,390.8699951171875,173779,0
2026-06-16 13:55:00-04:00,390.8504943847656,391.4200134277344,390.8299865722656,391.2950134277344,191869,0
2026-06-16 14:00:00-04:00,391.2950134277344,391.4999084472656,390.8800048828125,391.42999267578125,233332,0
2026-06-16 14:05:00-04:00,391.42999267578125,391.5799865722656,391.17010498046875,391.2349853515625,177577,0
2026-06-16 14:10:00-04:00,391.2149963378906,391.6300048828125,391.18011474609375,391.510009765625,137146,0
2026-06-16 14:15:00-04:00,391.55999755859375,391.79998779296875,391.489990234375,391.79998779296875,137722,0
2026-06-16 14:20:00-04:00,391.82000732421875,392.0398864746094,391.7099914550781,391.8500061035156,158001,0
2026-06-16 14:25:00-04:00,391.8299865722656,392.2489929199219,391.82000732421875,392.1199951171875,175206,0
2026-06-16 14:30:00-04:00,392.1099853515625,392.279296875,392.05999755859375,392.16400146484375,140678,0
2026-06-16 14:35:00-04:00,392.17999267578125,392.72119140625,392.1000061035156,392.6864929199219,174028,0
2026-06-16 14:40:00-04:00,392.70001220703125,393.0299987792969,392.5899963378906,393.0000915527344,168235,0
2026-06-16 14:45:00-04:00,393.0299987792969,393.3900146484375,392.9400939941406,393.1600036621094,255137,0
2026-06-16 14:50:00-04:00,393.1650085449219,393.4200134277344,393.0,393.2099914550781,176277,0
2026-06-16 14:55:00-04:00,393.19500732421875,393.5599060058594,393.1700134277344,393.260009765625,192863,0
2026-06-16 15:00:00-04:00,393.2416076660156,393.2799987792969,392.6000061035156,392.6535949707031,236291,0
2026-06-16 15:05:00-04:00,392.6400146484375,392.760009765625,392.2004089355469,392.6300048828125,204934,0
2026-06-16 15:10:00-04:00,392.6700134277344,393.0350036621094,392.5,392.7500915527344,218158,0
2026-06-16 15:15:00-04:00,392.760009765625,392.9100036621094,392.3399963378906,392.885009765625,254495,0
2026-06-16 15:20:00-04:00,392.875,393.2799987792969,392.80999755859375,393.1400146484375,214311,0
2026-06-16 15:25:00-04:00,393.125,393.25,393.0299987792969,393.1199951171875,198735,0
2026-06-16 15:30:00-04:00,393.1199951171875,393.5899963378906,392.94000244140625,393.4949951171875,262214,0
2026-06-16 15:35:00-04:00,393.510009765625,393.989990234375,393.42999267578125,393.6400146484375,276245,0
2026-06-16 15:40:00-04:00,393.6650085449219,393.7799987792969,393.4800109863281,393.760009765625,217207,0
2026-06-16 15:45:00-04:00,393.7650146484375,394.04998779296875,393.54998779296875,393.8399963378906,275919,0
2026-06-16 15:50:00-04:00,393.8800048828125,394.0299987792969,393.25,393.6449890136719,630770,0
2026-06-16 15:55:00-04:00,393.6600036621094,394.32000732421875,393.3399963378906,393.9200134277344,1533498,0
2026-06-17 09:30:00-04:00,390.25,390.3699951171875,386.75,387.80999755859375,1832335,0
2026-06-17 09:35:00-04:00,387.7099914550781,388.29998779296875,386.8900146484375,388.2998962402344,553342,0
2026-06-17 09:40:00-04:00,388.2218933105469,388.8500061035156,388.010009765625,388.6549987792969,400617,0
2026-06-17 09:45:00-04:00,388.69000244140625,389.4549865722656,388.1300048828125,388.9700012207031,499828,0
2026-06-17 09:50:00-04:00,388.94500732421875,389.6300048828125,388.6300048828125,389.25,484303,0
2026-06-17 09:55:00-04:00,389.19000244140625,390.04998779296875,389.0690002441406,389.79998779296875,422653,0
2026-06-17 10:00:00-04:00,389.81500244140625,389.885009765625,387.45001220703125,388.3215026855469,421766,0
2026-06-17 10:05:00-04:00,388.4200134277344,388.5400085449219,387.82000732421875,387.94000244140625,403319,0
2026-06-17 10:10:00-04:00,387.94000244140625,388.6099853515625,387.739990234375,388.42498779296875,330464,0
2026-06-17 10:15:00-04:00,388.42999267578125,388.8800048828125,387.06549072265625,387.3500061035156,407242,0
2026-06-17 10:20:00-04:00,387.3500061035156,388.3399963378906,387.28009033203125,387.7699890136719,382722,0
2026-06-17 10:25:00-04:00,387.739990234375,387.760009765625,387.125,387.3800048828125,266810,0
2026-06-17 10:30:00-04:00,387.3900146484375,387.7099914550781,386.9100036621094,387.0350036621094,324717,0
2026-06-17 10:35:00-04:00,387.0,387.04998779296875,386.1600036621094,386.2200012207031,453502,0
2026-06-17 10:40:00-04:00,386.239990234375,386.5400085449219,385.8900146484375,386.2998962402344,472772,0
2026-06-17 10:45:00-04:00,386.20001220703125,386.29998779296875,385.1499938964844,385.489990234375,385947,0
2026-06-17 10:50:00-04:00,385.4750061035156,385.4800109863281,384.75,385.0,607730,0
2026-06-17 10:55:00-04:00,384.9599914550781,385.2900085449219,384.635009765625,384.8999938964844,350908,0
2026-06-17 11:00:00-04:00,384.92999267578125,385.8299865722656,384.7200012207031,385.82000732421875,367349,0
2026-06-17 11:05:00-04:00,385.8349914550781,386.29998779296875,385.760009765625,385.95001220703125,270947,0
2026-06-17 11:10:00-04:00,385.94500732421875,386.0899963378906,385.6600036621094,385.9800109863281,246031,0
2026-06-17 11:15:00-04:00,385.9700012207031,386.04998779296875,385.2349853515625,385.7099914550781,357394,0
2026-06-17 11:20:00-04:00,385.7200012207031,386.0498046875,385.6300048828125,385.8599853515625,262836,0
2026-06-17 11:25:00-04:00,385.8500061035156,385.8681945800781,385.3999938964844,385.4200134277344,259597,0
2026-06-17 11:30:00-04:00,385.3999938964844,385.75,385.1700134277344,385.602294921875,273677,0
2026-06-17 11:35:00-04:00,385.5899963378906,385.80999755859375,385.2950134277344,385.7449951171875,272559,0
2026-06-17 11:40:00-04:00,385.7699890136719,386.6199951171875,385.6600036621094,386.2149963378906,320893,0
2026-06-17 11:45:00-04:00,386.2099914550781,386.6300048828125,386.0799865722656,386.1000061035156,225098,0
2026-06-17 11:50:00-04:00,386.1000061035156,386.25,385.6499938964844,385.80999755859375,280061,0
2026-06-17 11:55:00-04:00,385.79010009765625,385.9700012207031,385.3599853515625,385.375,220735,0
2026-06-17 12:00:00-04:00,385.364990234375,385.8399963378906,385.364990234375,385.625,2074034,0
2026-06-17 12:05:00-04:00,385.6400146484375,385.80999755859375,385.32501220703125,385.4599914550781,210477,0
2026-06-17 12:10:00-04:00,385.4800109863281,386.1000061035156,385.3900146484375,385.7200012207031,306168,0
2026-06-17 12:15:00-04:00,385.75,385.9100036621094,385.6300048828125,385.7550964355469,207659,0
2026-06-17 12:20:00-04:00,385.760009765625,385.92999267578125,385.4750061035156,385.4849853515625,191203,0
2026-06-17 12:25:00-04:00,385.4849853515625,385.715087890625,385.3399963378906,385.375,205567,0
2026-06-17 12:30:00-04:00,385.3599853515625,385.3699951171875,384.70001220703125,384.9150085449219,356194,0
2026-06-17 12:35:00-04:00,384.8500061035156,385.1400146484375,384.6400146484375,384.6700134277344,239948,0
2026-06-17 12:40:00-04:00,384.67999267578125,384.8550109863281,384.4200134277344,384.5249938964844,268538,0
2026-06-17 12:45:00-04:00,384.5299987792969,384.8299865722656,384.07000732421875,384.1099853515625,342712,0
2026-06-17 12:50:00-04:00,384.1099853515625,384.30999755859375,384.0400085449219,384.2698974609375,287511,0
2026-06-17 12:55:00-04:00,384.2699890136719,384.3623962402344,384.1099853515625,384.1099853515625,208783,0
2026-06-17 13:00:00-04:00,384.1099853515625,384.2300109863281,383.5899963378906,383.7900085449219,344955,0
2026-06-17 13:05:00-04:00,383.8004150390625,384.239990234375,383.3800048828125,384.2300109863281,333449,0
2026-06-17 13:10:00-04:00,384.239990234375,384.4450988769531,384.1000061035156,384.2699890136719,217135,0
2026-06-17 13:15:00-04:00,384.29998779296875,384.489990234375,384.010009765625,384.2300109863281,146419,0
2026-06-17 13:20:00-04:00,384.2300109863281,384.7995910644531,384.1380920410156,384.6449890136719,154461,0
2026-06-17 13:25:00-04:00,384.659912109375,385.2149963378906,384.5899963378906,384.8900146484375,260535,0
2026-06-17 13:30:00-04:00,384.8800048828125,384.9700012207031,384.6000061035156,384.8349914550781,167784,0
2026-06-17 13:35:00-04:00,384.84991455078125,385.1700134277344,384.7799987792969,384.9664001464844,203189,0
2026-06-17 13:40:00-04:00,384.989990234375,385.4399108886719,384.79998779296875,385.1600036621094,189317,0
2026-06-17 13:45:00-04:00,385.1700134277344,385.42999267578125,385.1600036621094,385.29998779296875,139021,0
2026-06-17 13:50:00-04:00,385.2799987792969,385.9800109863281,385.2300109863281,385.9150085449219,199133,0
2026-06-17 13:55:00-04:00,385.9100036621094,385.9399108886719,385.6099853515625,385.75,228031,0
2026-06-17 14:00:00-04:00,385.760009765625,385.7799987792969,383.29998779296875,383.55999755859375,606181,0
2026-06-17 14:05:00-04:00,383.54998779296875,383.54998779296875,382.80999755859375,383.3999938964844,542556,0
2026-06-17 14:10:00-04:00,383.3900146484375,383.6499938964844,383.1199951171875,383.6099853515625,304670,0
2026-06-17 14:15:00-04:00,383.614990234375,384.1600036621094,383.5799865722656,383.7101135253906,293318,0
2026-06-17 14:20:00-04:00,383.73699951171875,383.7799987792969,383.1099853515625,383.2099914550781,239325,0
2026-06-17 14:25:00-04:00,383.2099914550781,383.2099914550781,382.6099853515625,383.0199890136719,318581,0
2026-06-17 14:30:00-04:00,383.0014953613281,383.8900146484375,382.45001220703125,382.55059814453125,438458,0
2026-06-17 14:35:00-04:00,382.5799865722656,383.6300048828125,382.3800048828125,383.0450134277344,304725,0
2026-06-17 14:40:00-04:00,383.05999755859375,383.5498962402344,382.6700134277344,383.3550109863281,311254,0
2026-06-17 14:45:00-04:00,383.3550109863281,383.3999938964844,382.6499938964844,382.79998779296875,307763,0
2026-06-17 14:50:00-04:00,382.8399963378906,383.46990966796875,382.56500244140625,382.9700012207031,462318,0
2026-06-17 14:55:00-04:00,382.95001220703125,382.9599914550781,381.42999267578125,381.79998779296875,524239,0
2026-06-17 15:00:00-04:00,381.80999755859375,382.4700012207031,381.79998779296875,381.9599914550781,369658,0
2026-06-17 15:05:00-04:00,381.9849853515625,382.1099853515625,381.2200012207031,381.2550048828125,398572,0
2026-06-17 15:10:00-04:00,381.2698059082031,381.70001220703125,380.6400146484375,381.2250061035156,529000,0
2026-06-17 15:15:00-04:00,381.2598876953125,381.32000732421875,380.54998779296875,380.54998779296875,468571,0
2026-06-17 15:20:00-04:00,380.55999755859375,380.5899963378906,379.70001220703125,379.8550109863281,833418,0
2026-06-17 15:25:00-04:00,379.8662109375,380.1600036621094,378.8800048828125,379.0299987792969,537652,0
2026-06-17 15:30:00-04:00,379.0299987792969,381.64190673828125,378.55999755859375,378.7900085449219,573029,0
2026-06-17 15:35:00-04:00,378.8299865722656,379.2398986816406,377.75,378.2300109863281,665333,0
2026-06-17 15:40:00-04:00,378.2200012207031,378.5,377.57000732421875,377.7200012207031,641682,0
2026-06-17 15:45:00-04:00,377.7300109863281,378.47930908203125,377.3699951171875,378.06500244140625,691720,0
2026-06-17 15:50:00-04:00,378.0,378.6600036621094,377.4800109863281,377.731201171875,1098118,0
2026-06-17 15:55:00-04:00,377.7200012207031,379.05999755859375,377.7200012207031,378.8699951171875,1857211,0
2026-06-18 09:30:00-04:00,377.9150085449219,379.52099609375,375.69000244140625,375.8598937988281,8073260,0
2026-06-18 09:35:00-04:00,375.81500244140625,376.31988525390625,374.1000061035156,374.489990234375,1057080,0
2026-06-18 09:40:00-04:00,374.5068054199219,374.5780029296875,373.2799987792969,373.6650085449219,887316,0
2026-06-18 09:45:00-04:00,373.70001220703125,375.7799072265625,373.5945129394531,375.3900146484375,965874,0
2026-06-18 09:50:00-04:00,375.385009765625,376.5,374.9800109863281,375.656005859375,554903,0
2026-06-18 09:55:00-04:00,375.6600036621094,376.2300109863281,374.7799987792969,376.2300109863281,558891,0
2026-06-18 10:00:00-04:00,376.2149963378906,376.75,375.2900085449219,376.4599914550781,1268700,0
2026-06-18 10:05:00-04:00,376.4599914550781,378.2799987792969,376.2900085449219,377.8999938964844,581747,0
2026-06-18 10:10:00-04:00,377.9100036621094,379.05999755859375,377.7749938964844,378.3489990234375,949454,0
2026-06-18 10:15:00-04:00,378.3080139160156,379.6199951171875,377.8299865722656,379.2900085449219,531223,0
2026-06-18 10:20:00-04:00,379.2099914550781,379.260009765625,377.510009765625,377.6300048828125,676612,0
2026-06-18 10:25:00-04:00,377.6199951171875,377.75,376.739990234375,377.2200012207031,395105,0
2026-06-18 10:30:00-04:00,377.1700134277344,377.79998779296875,376.81390380859375,377.760009765625,883640,0
2026-06-18 10:35:00-04:00,377.7300109863281,378.44989013671875,377.4750061035156,378.4049987792969,304190,0
2026-06-18 10:40:00-04:00,378.4049987792969,378.44000244140625,377.45001220703125,377.56500244140625,387281,0
2026-06-18 10:45:00-04:00,377.5799865722656,378.239990234375,377.45001220703125,377.69000244140625,1078271,0
2026-06-18 10:50:00-04:00,377.70001220703125,377.8599853515625,376.739990234375,377.1400146484375,465353,0
2026-06-18 10:55:00-04:00,377.0400085449219,377.1400146484375,376.5986022949219,376.5986022949219,581182,0
2026-06-18 11:00:00-04:00,376.6000061035156,376.9200134277344,375.80010986328125,376.0101013183594,452682,0
2026-06-18 11:05:00-04:00,375.9949951171875,376.3599853515625,375.75,375.909912109375,414611,0
2026-06-18 11:10:00-04:00,375.9150085449219,376.75,375.75,375.9649963378906,410499,0
2026-06-18 11:15:00-04:00,375.95001220703125,376.1400146484375,375.6499938964844,375.730712890625,300290,0
2026-06-18 11:20:00-04:00,375.739990234375,375.8800048828125,375.1600036621094,375.3800048828125,404896,0
2026-06-18 11:25:00-04:00,375.3800048828125,375.6300048828125,374.82000732421875,375.1650085449219,620541,0
2026-06-18 11:30:00-04:00,375.20001220703125,375.6700134277344,375.04998779296875,375.489990234375,365793,0
2026-06-18 11:35:00-04:00,375.4599914550781,376.0,375.29998779296875,375.6000061035156,255908,0
2026-06-18 11:40:00-04:00,375.5950012207031,375.80999755859375,375.29998779296875,375.3500061035156,201403,0
2026-06-18 11:45:00-04:00,375.32000732421875,376.1449890136719,375.1099853515625,376.1400146484375,238306,0
2026-06-18 11:50:00-04:00,376.1300048828125,377.6000061035156,376.05999755859375,377.45001220703125,498516,0
2026-06-18 11:55:00-04:00,377.4649963378906,378.0199890136719,377.4100036621094,377.9259948730469,312177,0
2026-06-18 12:00:00-04:00,377.8900146484375,378.159912109375,376.94000244140625,377.010009765625,401914,0
2026-06-18 12:05:00-04:00,377.0199890136719,377.639892578125,376.860107421875,377.19000244140625,248171,0
2026-06-18 12:10:00-04:00,377.1700134277344,377.3999938964844,376.55999755859375,376.70001220703125,232911,0
2026-06-18 12:15:00-04:00,376.7300109863281,377.6400146484375,376.7300109863281,377.5932922363281,261882,0
2026-06-18 12:20:00-04:00,377.57501220703125,378.6300048828125,377.5,378.32049560546875,296109,0
2026-06-18 12:25:00-04:00,378.3349914550781,378.781494140625,378.0,378.5950012207031,252546,0
2026-06-18 12:30:00-04:00,378.5950012207031,378.9599914550781,378.57000732421875,378.7250061035156,326278,0
2026-06-18 12:35:00-04:00,378.70001220703125,379.42999267578125,378.70001220703125,379.2099914550781,214545,0
2026-06-18 12:40:00-04:00,379.20001220703125,379.55999755859375,378.5481872558594,378.9200134277344,219251,0
2026-06-18 12:45:00-04:00,378.9200134277344,379.06988525390625,378.6300048828125,378.864990234375,125512,0
2026-06-18 12:50:00-04:00,378.8399963378906,379.1300048828125,378.69000244140625,378.9649963378906,143376,0
2026-06-18 12:55:00-04:00,378.9700012207031,379.6099853515625,378.9649963378906,379.5050048828125,212176,0
2026-06-18 13:00:00-04:00,379.5050048828125,380.63848876953125,379.2699890136719,380.63848876953125,291127,0
2026-06-18 13:05:00-04:00,380.625,381.3699951171875,380.5899963378906,380.73760986328125,320194,0
2026-06-18 13:10:00-04:00,380.7250061035156,380.9599914550781,380.4700012207031,380.7449951171875,309392,0
2026-06-18 13:15:00-04:00,380.7449951171875,381.1098937988281,380.4800109863281,380.489990234375,234976,0
2026-06-18 13:20:00-04:00,380.5,380.6549987792969,379.8349914550781,379.8550109863281,250239,0
2026-06-18 13:25:00-04:00,379.8550109863281,379.89990234375,379.29998779296875,379.69500732421875,325130,0
2026-06-18 13:30:00-04:00,379.67999267578125,380.5400085449219,379.5299987792969,380.06500244140625,355939,0
2026-06-18 13:35:00-04:00,380.0400085449219,380.1099853515625,379.3999938964844,379.489990234375,126612,0
2026-06-18 13:40:00-04:00,379.489990234375,379.8800048828125,379.1700134277344,379.739990234375,145644,0
2026-06-18 13:45:00-04:00,379.7101135253906,380.1889953613281,379.7099914550781,379.8949890136719,136304,0
2026-06-18 13:50:00-04:00,379.92999267578125,380.0199890136719,379.6600036621094,379.875,181390,0
2026-06-18 13:55:00-04:00,379.8599853515625,380.0,379.6099853515625,379.7200012207031,162832,0
2026-06-18 14:00:00-04:00,379.75,379.79998779296875,379.2099914550781,379.5050048828125,196075,0
2026-06-18 14:05:00-04:00,379.4849853515625,379.54998779296875,378.57000732421875,379.0299987792969,301703,0
2026-06-18 14:10:00-04:00,379.0799865722656,379.260009765625,378.67010498046875,378.8699951171875,351829,0
2026-06-18 14:15:00-04:00,378.8500061035156,378.92999267578125,378.30999755859375,378.5350036621094,213063,0
2026-06-18 14:20:00-04:00,378.5599060058594,378.5799865722656,378.30999755859375,378.4200134277344,174102,0
2026-06-18 14:25:00-04:00,378.42999267578125,378.5,377.6000061035156,377.6180114746094,231458,0
2026-06-18 14:30:00-04:00,377.6300048828125,378.1000061035156,377.5400085449219,377.7900085449219,299703,0
2026-06-18 14:35:00-04:00,377.7900085449219,377.9599914550781,377.60089111328125,377.739990234375,142561,0
2026-06-18 14:40:00-04:00,377.739990234375,378.07000732421875,377.3500061035156,378.04998779296875,217189,0
2026-06-18 14:45:00-04:00,378.0299987792969,378.19000244140625,377.6300048828125,378.1650085449219,224683,0
2026-06-18 14:50:00-04:00,378.1539001464844,378.5,377.9100036621094,378.2149963378906,171151,0
2026-06-18 14:55:00-04:00,378.2049865722656,378.2298889160156,377.67999267578125,377.9200134277344,173839,0
2026-06-18 15:00:00-04:00,377.8800048828125,377.8900146484375,377.25,377.3099060058594,1700964,0
2026-06-18 15:05:00-04:00,377.2950134277344,377.7300109863281,377.25,377.3999938964844,202674,0
2026-06-18 15:10:00-04:00,377.3949890136719,377.6600036621094,377.1191101074219,377.57501220703125,190988,0
2026-06-18 15:15:00-04:00,377.55999755859375,377.83990478515625,377.3999938964844,377.79998779296875,413039,0
2026-06-18 15:20:00-04:00,377.82989501953125,377.95001220703125,377.6400146484375,377.67999267578125,178689,0
2026-06-18 15:25:00-04:00,377.67999267578125,378.364990234375,377.6600036621094,378.0296936035156,264686,0
2026-06-18 15:30:00-04:00,378.0150146484375,378.07000732421875,377.6000061035156,377.8340148925781,230446,0
2026-06-18 15:35:00-04:00,377.8599853515625,377.9800109863281,377.6400146484375,377.8200988769531,283769,0
2026-06-18 15:40:00-04:00,377.8299865722656,378.135009765625,377.5,378.0299987792969,360169,0
2026-06-18 15:45:00-04:00,378.0199890136719,378.3599853515625,377.5610046386719,378.1499938964844,441903,0
2026-06-18 15:50:00-04:00,378.1400146484375,380.4100036621094,378.1300048828125,379.1400146484375,1414632,0
2026-06-18 15:55:00-04:00,379.0899963378906,380.5,378.94000244140625,379.04998779296875,1744424,0
2026-06-22 09:30:00-04:00,375.55999755859375,377.5,374.3599853515625,375.5799865722656,3156424,0
2026-06-22 09:35:00-04:00,375.5199890136719,378.3999938964844,375.1600036621094,377.7349853515625,669437,0
2026-06-22 09:40:00-04:00,377.7560119628906,379.54998779296875,377.7560119628906,379.4800109863281,528598,0
2026-06-22 09:45:00-04:00,379.5101013183594,381.6300048828125,378.9599914550781,379.419189453125,649063,0
2026-06-22 09:50:00-04:00,379.4150085449219,379.5299072265625,378.110107421875,379.06500244140625,302948,0
2026-06-22 09:55:00-04:00,379.1000061035156,380.0,378.31500244140625,379.8999938964844,354030,0
2026-06-22 10:00:00-04:00,379.8500061035156,380.8800048828125,378.06500244140625,378.30999755859375,494207,0
2026-06-22 10:05:00-04:00,378.29998779296875,379.39990234375,378.19000244140625,378.6698913574219,345346,0
2026-06-22 10:10:00-04:00,378.6700134277344,378.9849853515625,377.52459716796875,377.6499938964844,335810,0
2026-06-22 10:15:00-04:00,377.625,377.6499938964844,375.7477111816406,375.79998779296875,391120,0
2026-06-22 10:20:00-04:00,375.82000732421875,376.0599060058594,375.4100036621094,375.43499755859375,325677,0
2026-06-22 10:25:00-04:00,375.44000244140625,375.6099853515625,373.5299987792969,373.6300048828125,547010,0
2026-06-22 10:30:00-04:00,373.5899963378906,373.9700012207031,372.9200134277344,373.6549987792969,545830,0
2026-06-22 10:35:00-04:00,373.6400146484375,374.0946960449219,373.239990234375,373.8800964355469,387819,0
2026-06-22 10:40:00-04:00,373.9486083984375,374.4554138183594,373.7900085449219,373.94000244140625,494836,0
2026-06-22 10:45:00-04:00,373.9385986328125,374.25,373.1499938964844,373.2099914550781,396204,0
2026-06-22 10:50:00-04:00,373.23748779296875,373.42999267578125,371.86151123046875,371.94000244140625,550446,0
2026-06-22 10:55:00-04:00,371.9150085449219,372.7950134277344,371.4599914550781,372.2349853515625,503506,0
2026-06-22 11:00:00-04:00,372.260009765625,373.1400146484375,372.0899963378906,372.135009765625,276730,0
2026-06-22 11:05:00-04:00,372.1358947753906,372.1700134277344,371.2099914550781,371.489990234375,482949,0
2026-06-22 11:10:00-04:00,371.4649963378906,371.8900146484375,371.1099853515625,371.29998779296875,462560,0
2026-06-22 11:15:00-04:00,371.2699890136719,371.3800048828125,370.8599853515625,371.1449890136719,487259,0
2026-06-22 11:20:00-04:00,371.1449890136719,371.489990234375,370.5700988769531,371.4049987792969,443392,0
2026-06-22 11:25:00-04:00,371.4200134277344,371.55999755859375,370.9800109863281,371.19000244140625,355979,0
2026-06-22 11:30:00-04:00,371.17999267578125,371.44000244140625,370.8399963378906,370.8900146484375,363013,0
2026-06-22 11:35:00-04:00,370.9175109863281,371.20989990234375,370.4100036621094,370.94000244140625,1064871,0
2026-06-22 11:40:00-04:00,370.9700012207031,371.7799072265625,370.9649963378906,371.6400146484375,511897,0
2026-06-22 11:45:00-04:00,371.6650085449219,372.08929443359375,370.6000061035156,370.6600036621094,288314,0
2026-06-22 11:50:00-04:00,370.7200012207031,371.0799865722656,370.4100036621094,370.614990234375,289174,0
2026-06-22 11:55:00-04:00,370.614990234375,370.8699951171875,370.3599853515625,370.5400085449219,259408,0
2026-06-22 12:00:00-04:00,370.5799865722656,370.6700134277344,369.2008056640625,369.42999267578125,668461,0
2026-06-22 12:05:00-04:00,369.42498779296875,369.80999755859375,369.31170654296875,369.42498779296875,345065,0
2026-06-22 12:10:00-04:00,369.3900146484375,369.80999755859375,369.2200012207031,369.75,335692,0
2026-06-22 12:15:00-04:00,369.7699890136719,369.8092956542969,368.8900146484375,369.1499938964844,315887,0
2026-06-22 12:20:00-04:00,369.1700134277344,369.4599914550781,368.010009765625,368.0799865722656,307528,0
2026-06-22 12:25:00-04:00,368.0799865722656,368.52801513671875,367.92999267578125,368.4100036621094,321699,0
2026-06-22 12:30:00-04:00,368.42498779296875,368.6300048828125,368.1499938964844,368.3349914550781,240594,0
2026-06-22 12:35:00-04:00,368.29998779296875,368.3999938964844,368.0,368.2300109863281,283598,0
2026-06-22 12:40:00-04:00,368.2533874511719,368.4299011230469,368.03009033203125,368.3500061035156,404525,0
2026-06-22 12:45:00-04:00,368.3399963378906,368.9599914550781,368.3399963378906,368.7699890136719,313761,0
2026-06-22 12:50:00-04:00,368.7699890136719,368.9800109863281,368.3900146484375,368.4800109863281,261964,0
2026-06-22 12:55:00-04:00,368.4800109863281,369.04998779296875,368.4150085449219,368.86248779296875,228230,0
2026-06-22 13:00:00-04:00,368.885009765625,368.9093933105469,368.19000244140625,368.4700012207031,240857,0
2026-06-22 13:05:00-04:00,368.4599914550781,368.6600036621094,368.1000061035156,368.6199951171875,577857,0
2026-06-22 13:10:00-04:00,368.6300048828125,369.1600036621094,368.5350036621094,368.760009765625,258757,0
2026-06-22 13:15:00-04:00,368.760009765625,369.5400085449219,368.7300109863281,369.3500061035156,414890,0
2026-06-22 13:20:00-04:00,369.3500061035156,369.6000061035156,369.07000732421875,369.1000061035156,292259,0
2026-06-22 13:25:00-04:00,369.07000732421875,369.11749267578125,368.6199951171875,368.989990234375,809885,0
2026-06-22 13:30:00-04:00,368.9949951171875,369.3699035644531,368.7699890136719,369.25,211708,0
2026-06-22 13:35:00-04:00,369.2793884277344,369.2799072265625,368.6607971191406,369.1698913574219,218857,0
2026-06-22 13:40:00-04:00,369.1700134277344,369.239990234375,368.79998779296875,369.17999267578125,133103,0
2026-06-22 13:45:00-04:00,369.1700134277344,369.4742126464844,369.05999755859375,369.4399108886719,216942,0
2026-06-22 13:50:00-04:00,369.3900146484375,369.9800109863281,369.3599853515625,369.8500061035156,240166,0
2026-06-22 13:55:00-04:00,369.8500061035156,370.1199951171875,369.79998779296875,370.0199890136719,318339,0
2026-06-22 14:00:00-04:00,370.0299987792969,370.2099914550781,369.70001220703125,369.8299865722656,240426,0
2026-06-22 14:05:00-04:00,369.82000732421875,370.0430908203125,369.57000732421875,369.94500732421875,211330,0
2026-06-22 14:10:00-04:00,369.94000244140625,370.0799865722656,369.7601013183594,369.9200134277344,207845,0
2026-06-22 14:15:00-04:00,369.94000244140625,370.2499084472656,369.8949890136719,370.2001037597656,255600,0
2026-06-22 14:20:00-04:00,370.2149963378906,370.65631103515625,370.16009521484375,370.42999267578125,264524,0
2026-06-22 14:25:00-04:00,370.44000244140625,370.614990234375,370.1099853515625,370.3550109863281,168751,0
2026-06-22 14:30:00-04:00,370.364990234375,370.57000732421875,370.1000061035156,370.32501220703125,245628,0
2026-06-22 14:35:00-04:00,370.3500061035156,370.3800048828125,369.8800048828125,370.2200012207031,238715,0
2026-06-22 14:40:00-04:00,370.2225036621094,370.45001220703125,370.0,370.04998779296875,199059,0
2026-06-22 14:45:00-04:00,370.04998779296875,370.25,369.6199951171875,370.25,203447,0
2026-06-22 14:50:00-04:00,370.2300109863281,370.30999755859375,369.30999755859375,369.5,321290,0
2026-06-22 14:55:00-04:00,369.5,369.5299987792969,369.1000061035156,369.31500244140625,233806,0
2026-06-22 15:00:00-04:00,369.30499267578125,369.9800109863281,369.0,369.70001220703125,264414,0
2026-06-22 15:05:00-04:00,369.69000244140625,369.8699951171875,369.5950012207031,369.8399963378906,256587,0
2026-06-22 15:10:00-04:00,369.8598937988281,370.29998779296875,369.7799987792969,370.1400146484375,324386,0
2026-06-22 15:15:00-04:00,370.1300048828125,370.3999938964844,369.95001220703125,370.2900085449219,375069,0
2026-06-22 15:20:00-04:00,370.3020935058594,370.48199462890625,370.1300964355469,370.2200012207031,305113,0
2026-06-22 15:25:00-04:00,370.20001220703125,370.260009765625,369.75,369.75,317205,0
2026-06-22 15:30:00-04:00,369.760009765625,370.45001220703125,369.70001220703125,370.0199890136719,358829,0
2026-06-22 15:35:00-04:00,370.0400085449219,370.1000061035156,369.6499938964844,369.95001220703125,320897,0
2026-06-22 15:40:00-04:00,369.95001220703125,370.20001220703125,368.6499938964844,369.0199890136719,516395,0
2026-06-22 15:45:00-04:00,369.010009765625,369.5299987792969,368.9700012207031,369.3500061035156,530209,0
2026-06-22 15:50:00-04:00,369.3500061035156,369.3500061035156,368.0199890136719,368.4750061035156,1209579,0
2026-06-22 15:55:00-04:00,368.4700012207031,368.4700012207031,367.07000732421875,367.17999267578125,2927365,0
2026-06-23 09:30:00-04:00,372.32501220703125,373.3611145019531,370.69000244140625,371.3699951171875,3799906,0
2026-06-23 09:35:00-04:00,371.4200134277344,375.5,370.8999938964844,375.20001220703125,913626,0
2026-06-23 09:40:00-04:00,375.2950134277344,375.8999938964844,373.5,374.8299865722656,672165,0
2026-06-23 09:45:00-04:00,374.7449951171875,375.05999755859375,373.42999267578125,373.6549987792969,614651,0
2026-06-23 09:50:00-04:00,373.6449890136719,373.6449890136719,372.1300048828125,373.17999267578125,460247,0
2026-06-23 09:55:00-04:00,373.1499938964844,375.1400146484375,372.8599853515625,374.8399963378906,555103,0
2026-06-23 10:00:00-04:00,374.8599853515625,375.17999267578125,373.2200012207031,374.635009765625,566152,0
2026-06-23 10:05:00-04:00,374.6700134277344,375.6300048828125,374.1600036621094,374.56988525390625,565202,0
2026-06-23 10:10:00-04:00,374.5400085449219,374.7799987792969,373.55999755859375,374.29998779296875,325870,0
2026-06-23 10:15:00-04:00,374.2699890136719,375.44000244140625,373.9100036621094,375.2099914550781,412672,0
2026-06-23 10:20:00-04:00,375.1400146484375,375.7598876953125,374.6520080566406,375.20001220703125,502558,0
2026-06-23 10:25:00-04:00,375.20001220703125,376.3800048828125,375.0118103027344,376.2799987792969,490742,0
2026-06-23 10:30:00-04:00,376.3080139160156,377.2200012207031,375.4093933105469,376.6299133300781,403373,0
2026-06-23 10:35:00-04:00,376.5950012207031,376.70001220703125,375.8450012207031,376.0400085449219,418807,0
2026-06-23 10:40:00-04:00,376.04998779296875,376.7099914550781,375.5,376.32000732421875,362137,0
2026-06-23 10:45:00-04:00,376.3999938964844,376.69000244140625,376.05999755859375,376.54998779296875,426324,0
2026-06-23 10:50:00-04:00,376.5350036621094,376.6400146484375,375.0899963378906,375.44000244140625,340759,0
2026-06-23 10:55:00-04:00,375.42999267578125,375.577392578125,374.125,374.7099914550781,322235,0
2026-06-23 11:00:00-04:00,374.7099914550781,374.75,373.5600891113281,373.760009765625,260096,0
2026-06-23 11:05:00-04:00,373.760009765625,373.9800109863281,373.37750244140625,373.8699951171875,286913,0
2026-06-23 11:10:00-04:00,373.8500061035156,374.7200012207031,373.6600036621094,374.5199890136719,314781,0
2026-06-23 11:15:00-04:00,374.5199890136719,375.0,373.5,373.5299987792969,249911,0
2026-06-23 11:20:00-04:00,373.5400085449219,373.6199951171875,372.7699890136719,373.1449890136719,317552,0
2026-06-23 11:25:00-04:00,373.1449890136719,373.3299865722656,372.760009765625,372.9591979980469,228105,0
2026-06-23 11:30:00-04:00,372.9200134277344,373.04998779296875,372.6000061035156,372.92608642578125,318843,0
2026-06-23 11:35:00-04:00,372.9200134277344,373.3099060058594,372.65008544921875,372.93499755859375,231721,0
2026-06-23 11:40:00-04:00,372.92999267578125,373.1700134277344,372.4700012207031,373.1600036621094,954671,0
2026-06-23 11:45:00-04:00,373.1700134277344,373.4200134277344,372.92498779296875,373.1400146484375,327935,0
2026-06-23 11:50:00-04:00,373.1400146484375,373.6099853515625,372.82000732421875,373.3999938964844,235937,0
2026-06-23 11:55:00-04:00,373.3900146484375,373.65509033203125,373.010009765625,373.4100036621094,405501,0
2026-06-23 12:00:00-04:00,373.4100036621094,373.54998779296875,372.1000061035156,372.3550109863281,271519,0
2026-06-23 12:05:00-04:00,372.3550109863281,372.80999755859375,372.2340087890625,372.7049865722656,231281,0
2026-06-23 12:10:00-04:00,372.7049865722656,372.80999755859375,371.6099853515625,372.0199890136719,272834,0
2026-06-23 12:15:00-04:00,372.0299987792969,372.3599853515625,371.6600036621094,372.25,274062,0
2026-06-23 12:20:00-04:00,372.25,373.05999755859375,371.90008544921875,372.8041076660156,213234,0
2026-06-23 12:25:00-04:00,372.8299865722656,373.3699951171875,372.8080139160156,373.17010498046875,195478,0
2026-06-23 12:30:00-04:00,373.20001220703125,373.5400085449219,373.0,373.2200012207031,164748,0
2026-06-23 12:35:00-04:00,373.239990234375,373.45001220703125,372.739990234375,372.9798889160156,210333,0
2026-06-23 12:40:00-04:00,372.9599914550781,373.260009765625,372.6600036621094,372.760009765625,227277,0
2026-06-23 12:45:00-04:00,372.7799987792969,373.3599853515625,372.7650146484375,372.8901062011719,267822,0
2026-06-23 12:50:00-04:00,372.9150085449219,372.9700012207031,372.57000732421875,372.86749267578125,183976,0
2026-06-23 12:55:00-04:00,372.8800048828125,373.32000732421875,372.8500061035156,372.885009765625,266508,0
2026-06-23 13:00:00-04:00,372.8999938964844,372.94000244140625,372.4700012207031,372.67999267578125,318892,0
2026-06-23 13:05:00-04:00,372.7200012207031,372.8599853515625,372.5299987792969,372.6449890136719,198304,0
2026-06-23 13:10:00-04:00,372.6300048828125,372.8900146484375,372.42999267578125,372.55999755859375,207548,0
2026-06-23 13:15:00-04:00,372.55999755859375,373.05999755859375,372.45001220703125,372.8299865722656,207034,0
2026-06-23 13:20:00-04:00,372.8299865722656,373.1899108886719,372.6400146484375,372.6404113769531,230290,0
2026-06-23 13:25:00-04:00,372.6400146484375,373.0299987792969,372.6300048828125,373.0150146484375,146352,0
2026-06-23 13:30:00-04:00,373.0199890136719,373.989990234375,372.989990234375,373.9898986816406,190802,0
2026-06-23 13:35:00-04:00,373.9800109863281,374.5400085449219,373.8699951171875,374.3599853515625,251708,0
2026-06-23 13:40:00-04:00,374.3399963378906,374.5715026855469,374.0199890136719,374.05499267578125,220944,0
2026-06-23 13:45:00-04:00,374.0199890136719,374.2900085449219,373.79998779296875,374.1400146484375,215661,0
2026-06-23 13:50:00-04:00,374.1600036621094,374.17999267578125,372.6000061035156,372.69000244140625,364451,0
2026-06-23 13:55:00-04:00,372.67999267578125,373.6050109863281,372.6499938964844,373.5350036621094,259091,0
2026-06-23 14:00:00-04:00,373.55999755859375,374.1099853515625,373.3949890136719,373.7900085449219,298235,0
2026-06-23 14:05:00-04:00,373.8299865722656,374.09991455078125,373.6199951171875,374.04998779296875,242701,0
2026-06-23 14:10:00-04:00,374.04998779296875,374.2300109863281,373.6099853515625,373.6346130371094,225013,0
2026-06-23 14:15:00-04:00,373.6000061035156,373.8800048828125,373.510009765625,373.80999755859375,178274,0
2026-06-23 14:20:00-04:00,373.7799987792969,373.7799987792969,373.3299865722656,373.385009765625,159363,0
2026-06-23 14:25:00-04:00,373.4200134277344,373.510009765625,373.1199951171875,373.20001220703125,222624,0
2026-06-23 14:30:00-04:00,373.17498779296875,373.7300109863281,372.9700012207031,373.57000732421875,319882,0
2026-06-23 14:35:00-04:00,373.6000061035156,373.6499938964844,372.989990234375,373.2099914550781,183583,0
2026-06-23 14:40:00-04:00,373.2049865722656,373.2051086425781,372.31500244140625,372.3800048828125,281226,0
2026-06-23 14:45:00-04:00,372.3900146484375,372.56988525390625,372.2699890136719,372.5,309849,0
2026-06-23 14:50:00-04:00,372.5,373.0,372.4599914550781,372.864990234375,241536,0
2026-06-23 14:55:00-04:00,372.85009765625,372.9200134277344,372.5,372.8450012207031,259164,0
2026-06-23 15:00:00-04:00,372.8800048828125,373.30499267578125,372.7799987792969,373.30499267578125,232596,0
2026-06-23 15:05:00-04:00,373.30999755859375,373.79998779296875,373.19000244140625,373.69000244140625,275853,0
2026-06-23 15:10:00-04:00,373.69000244140625,373.8800048828125,373.110107421875,373.2799987792969,302677,0
2026-06-23 15:15:00-04:00,373.30999755859375,373.8399963378906,373.04998779296875,373.7749938964844,277855,0
2026-06-23 15:20:00-04:00,373.7900085449219,374.1994934082031,373.5600891113281,373.7200012207031,297552,0
2026-06-23 15:25:00-04:00,373.7099914550781,374.1499938964844,373.6400146484375,373.9461975097656,252322,0
2026-06-23 15:30:00-04:00,373.95001220703125,374.04998779296875,373.3999938964844,373.8900146484375,300287,0
2026-06-23 15:35:00-04:00,373.8900146484375,374.0,373.5400085449219,373.6000061035156,320387,0
2026-06-23 15:40:00-04:00,373.55499267578125,374.30999755859375,373.4849853515625,374.2099914550781,414533,0
2026-06-23 15:45:00-04:00,374.2099914550781,375.18499755859375,374.19000244140625,375.1099853515625,457887,0
2026-06-23 15:50:00-04:00,375.0799865722656,376.1211853027344,374.1300048828125,375.9599914550781,918700,0
2026-06-23 15:55:00-04:00,375.94000244140625,375.94000244140625,373.8399963378906,373.9049987792969,1846448,0
2026-06-24 09:30:00-04:00,371.5799865722656,375.95001220703125,371.0,375.80499267578125,1693250,0
2026-06-24 09:35:00-04:00,375.75,378.8800048828125,375.75,377.8999938964844,574631,0
2026-06-24 09:40:00-04:00,377.8620910644531,378.3399963378906,377.21148681640625,377.7244873046875,622224,0
2026-06-24 09:45:00-04:00,377.69000244140625,377.7699890136719,374.70001220703125,375.0400085449219,561471,0
2026-06-24 09:50:00-04:00,375.07000732421875,376.4585876464844,374.3399963378906,375.7699890136719,447098,0
2026-06-24 09:55:00-04:00,375.79998779296875,375.83990478515625,374.30999755859375,374.5350036621094,361415,0
2026-06-24 10:00:00-04:00,374.6400146484375,374.6700134277344,373.1600036621094,373.3208923339844,448492,0
2026-06-24 10:05:00-04:00,373.32000732421875,373.70001220703125,372.6300048828125,373.1299133300781,316415,0
2026-06-24 10:10:00-04:00,373.1300048828125,374.1000061035156,373.0350036621094,373.70001220703125,333034,0
2026-06-24 10:15:00-04:00,373.6700134277344,374.1700134277344,373.1300048828125,373.3800048828125,215084,0
2026-06-24 10:20:00-04:00,373.3900146484375,374.9800109863281,373.07000732421875,374.9012145996094,295633,0
2026-06-24 10:25:00-04:00,374.8699951171875,374.94500732421875,373.5799865722656,374.79998779296875,248858,0
2026-06-24 10:30:00-04:00,374.79998779296875,375.04998779296875,373.8599853515625,373.92999267578125,277584,0
2026-06-24 10:35:00-04:00,373.96990966796875,373.96990966796875,372.70001220703125,372.7795104980469,334045,0
2026-06-24 10:40:00-04:00,372.7349853515625,373.54998779296875,372.5400085449219,373.43499755859375,270039,0
2026-06-24 10:45:00-04:00,373.5,374.7598876953125,373.3800048828125,374.6300048828125,308917,0
2026-06-24 10:50:00-04:00,374.6499938964844,374.9599914550781,374.3301086425781,374.5050048828125,261822,0
2026-06-24 10:55:00-04:00,374.5155029296875,375.55999755859375,374.5155029296875,375.5450134277344,261108,0
2026-06-24 11:00:00-04:00,375.55999755859375,375.59820556640625,374.6000061035156,374.7200012207031,258657,0
2026-06-24 11:05:00-04:00,374.70001220703125,375.1000061035156,374.0199890136719,374.0849914550781,275926,0
2026-06-24 11:10:00-04:00,374.0950012207031,375.0,373.79998779296875,374.6099853515625,336141,0
2026-06-24 11:15:00-04:00,374.6000061035156,375.3999938964844,374.510009765625,375.3999938964844,290922,0
2026-06-24 11:20:00-04:00,375.4100036621094,375.510009765625,374.9800109863281,375.1400146484375,406863,0
2026-06-24 11:25:00-04:00,375.1449890136719,375.1449890136719,374.29998779296875,374.9100036621094,438035,0
2026-06-24 11:30:00-04:00,374.9100036621094,375.1000061035156,373.8900146484375,373.9700012207031,213075,0
2026-06-24 11:35:00-04:00,373.9750061035156,374.32000732421875,373.6900939941406,373.9092102050781,212257,0
2026-06-24 11:40:00-04:00,373.92999267578125,374.0400085449219,373.5400085449219,373.57000732421875,168929,0
2026-06-24 11:45:00-04:00,373.6000061035156,373.9800109863281,373.3601989746094,373.8399963378906,1158432,0
2026-06-24 11:50:00-04:00,373.8900146484375,374.54998779296875,373.8699951171875,373.95001220703125,231697,0
2026-06-24 11:55:00-04:00,373.92498779296875,374.25,373.8399963378906,374.139892578125,164497,0
2026-06-24 12:00:00-04:00,374.1000061035156,374.3699951171875,373.5199890136719,373.6099853515625,175834,0
2026-06-24 12:05:00-04:00,373.57501220703125,374.1579895019531,373.57501220703125,373.9639892578125,195482,0
2026-06-24 12:10:00-04:00,374.010009765625,374.6300048828125,373.9111022949219,374.18011474609375,154830,0
2026-06-24 12:15:00-04:00,374.2200012207031,374.4599914550781,373.8999938964844,374.2247009277344,175353,0
2026-06-24 12:20:00-04:00,374.2049865722656,374.2106018066406,373.510009765625,373.625,192803,0
2026-06-24 12:25:00-04:00,373.6099853515625,373.6099853515625,373.04998779296875,373.1199951171875,269552,0
2026-06-24 12:30:00-04:00,373.1199951171875,373.2699890136719,372.8500061035156,372.8500061035156,180010,0
2026-06-24 12:35:00-04:00,372.8900146484375,373.2099914550781,372.3999938964844,372.5050048828125,263666,0
2026-06-24 12:40:00-04:00,372.4800109863281,372.6700134277344,372.19000244140625,372.54998779296875,199321,0
2026-06-24 12:45:00-04:00,372.57000732421875,373.17999267578125,372.5,373.0849914550781,183689,0
2026-06-24 12:50:00-04:00,373.0849914550781,373.43218994140625,372.70001220703125,372.7200012207031,255159,0
2026-06-24 12:55:00-04:00,372.75,373.0,372.510009765625,372.8599853515625,194846,0
2026-06-24 13:00:00-04:00,372.83099365234375,373.3599853515625,372.760009765625,373.2300109863281,151133,0
2026-06-24 13:05:00-04:00,373.2300109863281,373.260009765625,372.2099914550781,372.3599853515625,225807,0
2026-06-24 13:10:00-04:00,372.3301086425781,372.6499938964844,371.8900146484375,372.0400085449219,227626,0
2026-06-24 13:15:00-04:00,372.0299987792969,372.1499938964844,371.25,371.30999755859375,280577,0
2026-06-24 13:20:00-04:00,371.3630065917969,371.3630065917969,370.8999938964844,371.1300048828125,237643,0
2026-06-24 13:25:00-04:00,371.1300048828125,371.4800109863281,370.79998779296875,370.9100036621094,144805,0
2026-06-24 13:30:00-04:00,370.9100036621094,371.260009765625,370.4100036621094,371.17999267578125,296638,0
2026-06-24 13:35:00-04:00,371.19000244140625,371.8800048828125,371.0799865722656,371.80499267578125,261777,0
2026-06-24 13:40:00-04:00,371.80499267578125,371.8800048828125,370.6000061035156,370.70001220703125,226138,0
2026-06-24 13:45:00-04:00,370.69000244140625,371.0,370.29998779296875,370.8900146484375,273747,0
2026-06-24 13:50:00-04:00,370.7749938964844,370.909912109375,370.418212890625,370.6099853515625,207060,0
2026-06-24 13:55:00-04:00,370.635009765625,371.05999755859375,370.55499267578125,370.6700134277344,227547,0
2026-06-24 14:00:00-04:00,370.69000244140625,371.44000244140625,370.6549987792969,371.30999755859375,216358,0
2026-06-24 14:05:00-04:00,371.3699951171875,371.70001220703125,371.2903137207031,371.6099853515625,241693,0
2026-06-24 14:10:00-04:00,371.610107421875,371.9150085449219,371.4801025390625,371.80499267578125,231870,0
2026-06-24 14:15:00-04:00,371.8299865722656,372.29681396484375,371.6400146484375,372.1050109863281,230377,0
2026-06-24 14:20:00-04:00,372.1000061035156,372.17999267578125,371.79998779296875,372.0,246540,0
2026-06-24 14:25:00-04:00,372.0299987792969,372.1499938964844,370.5799865722656,370.6099853515625,385458,0
2026-06-24 14:30:00-04:00,370.635009765625,371.44000244140625,370.6300048828125,371.3299865722656,310446,0
2026-06-24 14:35:00-04:00,371.3450012207031,371.3450012207031,370.6000061035156,370.80999755859375,255423,0
2026-06-24 14:40:00-04:00,370.8599853515625,370.89990234375,369.1099853515625,369.19500732421875,589099,0
2026-06-24 14:45:00-04:00,369.1600036621094,369.409912109375,368.7699890136719,368.8999938964844,419024,0
2026-06-24 14:50:00-04:00,368.8550109863281,369.0299987792969,368.57000732421875,368.8299865722656,384021,0
2026-06-24 14:55:00-04:00,368.7987060546875,369.32000732421875,368.6300048828125,369.0299987792969,350432,0
2026-06-24 15:00:00-04:00,369.0199890136719,369.29998779296875,368.4599914550781,369.2099914550781,296278,0
2026-06-24 15:05:00-04:00,369.2250061035156,369.2434997558594,368.5,368.9700012207031,318551,0
2026-06-24 15:10:00-04:00,368.94000244140625,369.010009765625,368.5,368.8599853515625,362158,0
2026-06-24 15:15:00-04:00,368.8550109863281,368.8999938964844,368.5000915527344,368.6499938964844,622693,0
2026-06-24 15:20:00-04:00,368.68499755859375,368.7698974609375,368.3999938964844,368.56500244140625,338756,0
2026-06-24 15:25:00-04:00,368.5400085449219,368.95001220703125,368.45001220703125,368.45001220703125,383406,0
2026-06-24 15:30:00-04:00,368.4800109863281,368.54998779296875,368.05999755859375,368.4649963378906,409214,0
2026-06-24 15:35:00-04:00,368.4800109863281,368.69000244140625,368.0400085449219,368.3299865722656,360107,0
2026-06-24 15:40:00-04:00,368.3349914550781,368.55999755859375,367.4400939941406,367.8399963378906,581105,0
2026-06-24 15:45:00-04:00,367.8500061035156,368.2699890136719,367.6700134277344,368.1050109863281,567676,0
2026-06-24 15:50:00-04:00,368.07000732421875,368.0799865722656,366.94000244140625,367.7149963378906,1056744,0
2026-06-24 15:55:00-04:00,367.7749938964844,367.7749938964844,364.7799987792969,365.45001220703125,3648342,0
2026-06-25 09:30:00-04:00,362.70001220703125,364.2200012207031,359.0,359.9599914550781,3001025,0
2026-06-25 09:35:00-04:00,359.9599914550781,361.94000244140625,359.44000244140625,359.7149963378906,848720,0
2026-06-25 09:40:00-04:00,359.7149963378906,360.04998779296875,358.54998779296875,359.0398864746094,912835,0
2026-06-25 09:45:00-04:00,358.94000244140625,359.2898864746094,356.6000061035156,357.32000732421875,1119912,0
2026-06-25 09:50:00-04:00,357.2749938964844,358.1000061035156,356.67999267578125,357.4549865722656,775376,0
2026-06-25 09:55:00-04:00,357.510009765625,358.0,357.1400146484375,357.42999267578125,549255,0
2026-06-25 10:00:00-04:00,357.4200134277344,358.6600036621094,356.9700012207031,358.05999755859375,897920,0
2026-06-25 10:05:00-04:00,358.0899963378906,358.6000061035156,357.7200012207031,357.989990234375,655895,0
2026-06-25 10:10:00-04:00,358.0,358.4700012207031,357.6394958496094,358.3494873046875,575950,0
2026-06-25 10:15:00-04:00,358.29998779296875,359.82000732421875,358.0899963378906,359.760009765625,547311,0
2026-06-25 10:20:00-04:00,359.760009765625,360.0,358.75,359.0,673762,0
2026-06-25 10:25:00-04:00,359.0,360.0,358.81500244140625,359.875,412185,0
2026-06-25 10:30:00-04:00,359.8575134277344,359.989990234375,358.4599914550781,358.7850036621094,470896,0
2026-06-25 10:35:00-04:00,358.7850036621094,359.07000732421875,358.1000061035156,358.20001220703125,397736,0
2026-06-25 10:40:00-04:00,358.2049865722656,358.2049865722656,356.79998779296875,357.7300109863281,676909,0
2026-06-25 10:45:00-04:00,357.7250061035156,358.0,356.6099853515625,356.93499755859375,662187,0
2026-06-25 10:50:00-04:00,356.8999938964844,357.7890930175781,356.42999267578125,357.68499755859375,719762,0
2026-06-25 10:55:00-04:00,357.68499755859375,357.68499755859375,355.3299865722656,355.55499267578125,793529,0
2026-06-25 11:00:00-04:00,355.6000061035156,356.0087890625,355.0799865722656,355.4786071777344,694901,0
2026-06-25 11:05:00-04:00,355.42999267578125,355.7398986816406,354.010009765625,354.17498779296875,1106880,0
2026-06-25 11:10:00-04:00,354.1700134277344,354.82000732421875,353.7200012207031,354.82000732421875,689961,0
2026-06-25 11:15:00-04:00,354.82000732421875,354.8399963378906,354.1000061035156,354.5400085449219,642339,0
2026-06-25 11:20:00-04:00,354.5249938964844,355.2699890136719,354.2300109863281,354.760009765625,666556,0
2026-06-25 11:25:00-04:00,354.80499267578125,356.17999267578125,354.6400146484375,356.05999755859375,578945,0
2026-06-25 11:30:00-04:00,356.0928955078125,356.6300048828125,355.5799865722656,355.6400146484375,625359,0
2026-06-25 11:35:00-04:00,355.6400146484375,356.1000061035156,355.1600036621094,355.2300109863281,446874,0
2026-06-25 11:40:00-04:00,355.2099914550781,355.83990478515625,355.0,355.760009765625,457484,0
2026-06-25 11:45:00-04:00,355.7666015625,356.260009765625,355.07000732421875,355.07501220703125,467290,0
2026-06-25 11:50:00-04:00,355.0679931640625,355.6499938964844,354.8100891113281,355.5921936035156,360234,0
2026-06-25 11:55:00-04:00,355.5849914550781,356.260009765625,355.5101013183594,355.635009765625,419853,0
2026-06-25 12:00:00-04:00,355.6000061035156,355.6299133300781,354.3999938964844,354.5299987792969,496658,0
2026-06-25 12:05:00-04:00,354.5299987792969,354.6700134277344,354.0400085449219,354.1700134277344,503557,0
2026-06-25 12:10:00-04:00,354.17999267578125,354.4100036621094,352.7799987792969,353.03509521484375,1036636,0
2026-06-25 12:15:00-04:00,353.05999755859375,353.92999267578125,352.7200012207031,353.8900146484375,653193,0
2026-06-25 12:20:00-04:00,353.8900146484375,354.32000732421875,353.0,353.05999755859375,518455,0
2026-06-25 12:25:00-04:00,353.06500244140625,353.1199951171875,352.3699951171875,352.4100036621094,527223,0
2026-06-25 12:30:00-04:00,352.4100036621094,352.6000061035156,351.69000244140625,351.80999755859375,795643,0
2026-06-25 12:35:00-04:00,351.80999755859375,352.29998779296875,351.6199951171875,352.04998779296875,566542,0
2026-06-25 12:40:00-04:00,352.02130126953125,352.1400146484375,351.4200134277344,351.8558044433594,522382,0
2026-06-25 12:45:00-04:00,351.8349914550781,352.0,351.5,351.68011474609375,534214,0
2026-06-25 12:50:00-04:00,351.7099914550781,351.8041076660156,351.3599853515625,351.4200134277344,571919,0
2026-06-25 12:55:00-04:00,351.4200134277344,351.82000732421875,351.1199951171875,351.6000061035156,560305,0
2026-06-25 13:00:00-04:00,351.6199951171875,351.82000732421875,351.2300109863281,351.2449951171875,449300,0
2026-06-25 13:05:00-04:00,351.239990234375,351.7900085449219,350.8599853515625,351.5,765083,0
2026-06-25 13:10:00-04:00,351.54998779296875,351.95001220703125,351.1300048828125,351.8800048828125,419359,0
2026-06-25 13:15:00-04:00,351.8500061035156,352.2799072265625,351.4200134277344,351.45001220703125,532935,0
2026-06-25 13:20:00-04:00,351.45001220703125,352.29998779296875,351.33099365234375,351.7124938964844,445770,0
2026-06-25 13:25:00-04:00,351.7200012207031,352.19171142578125,351.4100036621094,351.6199951171875,451681,0
2026-06-25 13:30:00-04:00,351.6199951171875,351.70001220703125,351.0,351.125,457679,0
2026-06-25 13:35:00-04:00,351.1499938964844,351.3299865722656,350.42999267578125,350.5,658901,0
2026-06-25 13:40:00-04:00,350.5,350.54998779296875,350.010009765625,350.1299133300781,598450,0
2026-06-25 13:45:00-04:00,350.1199951171875,350.2099914550781,349.2300109863281,349.659912109375,1228214,0
2026-06-25 13:50:00-04:00,349.6000061035156,350.909912109375,349.20001220703125,350.7550048828125,730742,0
2026-06-25 13:55:00-04:00,350.7550048828125,350.9599914550781,350.4100036621094,350.6300048828125,532518,0
2026-06-25 14:00:00-04:00,350.6099853515625,350.9700012207031,350.260009765625,350.9537048339844,462362,0
2026-06-25 14:05:00-04:00,350.94500732421875,351.67999267578125,350.54998779296875,351.57000732421875,471268,0
2026-06-25 14:10:00-04:00,351.5350036621094,351.9747009277344,351.2099914550781,351.3949890136719,473091,0
2026-06-25 14:15:00-04:00,351.3949890136719,354.6000061035156,351.3500061035156,354.5400085449219,817651,0
2026-06-25 14:20:00-04:00,354.5249938964844,355.75,354.17999267578125,355.7099914550781,658404,0
2026-06-25 14:25:00-04:00,355.7099914550781,357.7699890136719,355.67999267578125,357.7200012207031,764698,0
2026-06-25 14:30:00-04:00,357.7449951171875,357.7799987792969,356.4200134277344,356.739990234375,815707,0
2026-06-25 14:35:00-04:00,356.760009765625,357.20001220703125,356.4800109863281,356.7699890136719,474921,0
2026-06-25 14:40:00-04:00,356.80999755859375,357.0400085449219,355.8900146484375,355.9200134277344,424523,0
2026-06-25 14:45:00-04:00,355.9200134277344,355.9200134277344,354.30999755859375,355.05999755859375,527971,0
2026-06-25 14:50:00-04:00,355.0849914550781,355.7200012207031,355.05999755859375,355.5899963378906,555446,0
2026-06-25 14:55:00-04:00,355.5899963378906,355.79998779296875,355.0,355.4200134277344,455490,0
2026-06-25 15:00:00-04:00,355.45001220703125,355.6600036621094,353.8999938964844,354.0409851074219,949482,0
2026-06-25 15:05:00-04:00,354.07000732421875,355.6099853515625,353.9599914550781,355.1199951171875,552746,0
2026-06-25 15:10:00-04:00,355.1199951171875,355.20001220703125,354.25,354.57000732421875,460618,0
2026-06-25 15:15:00-04:00,354.5,354.510009765625,353.1099853515625,353.3450012207031,548401,0
2026-06-25 15:20:00-04:00,353.34130859375,353.552001953125,353.0299987792969,353.468994140625,622540,0
2026-06-25 15:25:00-04:00,353.4599914550781,353.4800109863281,352.29998779296875,352.6199951171875,735830,0
2026-06-25 15:30:00-04:00,352.6199951171875,353.3699951171875,352.4800109863281,353.0799865722656,1297551,0
2026-06-25 15:35:00-04:00,353.0799865722656,353.2900085449219,352.510009765625,352.9599914550781,568243,0
2026-06-25 15:40:00-04:00,352.989990234375,353.489990234375,352.70001220703125,352.7699890136719,552953,0
2026-06-25 15:45:00-04:00,352.7699890136719,353.81500244140625,352.5199890136719,353.6600036621094,1516306,0
2026-06-25 15:50:00-04:00,353.6700134277344,354.9700012207031,353.3299865722656,354.364990234375,1319615,0
2026-06-25 15:55:00-04:00,354.364990234375,354.3800048828125,351.6400146484375,352.69000244140625,3553446,0
2026-06-26 09:30:00-04:00,357.125,358.1099853515625,355.42999267578125,357.5899963378906,4299540,0
2026-06-26 09:35:00-04:00,357.5299987792969,361.71881103515625,357.25,361.4150085449219,2080428,0
2026-06-26 09:40:00-04:00,361.44000244140625,361.5799865722656,359.68011474609375,361.2349853515625,1433461,0
2026-06-26 09:45:00-04:00,361.2349853515625,364.20001220703125,360.0199890136719,363.3900146484375,1449730,0
2026-06-26 09:50:00-04:00,363.4100036621094,363.95001220703125,362.3200988769531,362.82000732421875,1111719,0
2026-06-26 09:55:00-04:00,362.8500061035156,363.2900085449219,361.3800964355469,362.2300109863281,1264528,0
2026-06-26 10:00:00-04:00,362.1700134277344,363.4800109863281,360.9200134277344,363.23748779296875,920036,0
2026-06-26 10:05:00-04:00,363.23748779296875,364.54998779296875,362.090087890625,364.4700012207031,729465,0
2026-06-26 10:10:00-04:00,364.489990234375,365.3500061035156,363.94000244140625,364.2149963378906,851433,0
2026-06-26 10:15:00-04:00,364.2099914550781,364.9100036621094,363.3996887207031,364.55999755859375,608323,0
2026-06-26 10:20:00-04:00,364.55999755859375,365.9100036621094,364.4700927734375,365.6000061035156,1061262,0
2026-06-26 10:25:00-04:00,365.6099853515625,367.760009765625,365.55999755859375,367.07000732421875,1126800,0
2026-06-26 10:30:00-04:00,367.07000732421875,367.7900085449219,366.6000061035156,367.2099914550781,698155,0
2026-06-26 10:35:00-04:00,367.2099914550781,367.3099060058594,365.5400085449219,365.8699951171875,797407,0
2026-06-26 10:40:00-04:00,365.8500061035156,367.70001220703125,365.30999755859375,367.3599853515625,877485,0
2026-06-26 10:45:00-04:00,367.3450012207031,369.1099853515625,367.07000732421875,368.5799865722656,835082,0
2026-06-26 10:50:00-04:00,368.5799865722656,369.3299865722656,368.2200012207031,368.94970703125,812764,0
2026-06-26 10:55:00-04:00,368.9649963378906,370.2799987792969,368.45001220703125,369.8599853515625,1125765,0
2026-06-26 11:00:00-04:00,369.8699951171875,370.54998779296875,368.7001037597656,368.8999938964844,827686,0
2026-06-26 11:05:00-04:00,368.92498779296875,370.1300048828125,368.82000732421875,369.989990234375,598679,0
2026-06-26 11:10:00-04:00,369.9800109863281,370.20989990234375,368.45001220703125,368.9599914550781,782608,0
2026-06-26 11:15:00-04:00,368.95001220703125,369.3900146484375,367.79998779296875,367.9800109863281,825575,0
2026-06-26 11:20:00-04:00,367.9800109863281,369.239990234375,367.6000061035156,369.1650085449219,666621,0
2026-06-26 11:25:00-04:00,369.1400146484375,370.6000061035156,368.739990234375,370.42498779296875,730542,0
2026-06-26 11:30:00-04:00,370.3301086425781,371.5199890136719,370.2099914550781,370.8999938964844,1123325,0
2026-06-26 11:35:00-04:00,370.92999267578125,371.2699890136719,370.0799865722656,370.9800109863281,563399,0
2026-06-26 11:40:00-04:00,371.0050048828125,371.2362976074219,370.1400146484375,371.2279968261719,632692,0
2026-06-26 11:45:00-04:00,371.239990234375,371.2699890136719,370.0299987792969,370.7200012207031,740940,0
2026-06-26 11:50:00-04:00,370.7099914550781,371.1400146484375,369.3699951171875,369.8999938964844,684722,0
2026-06-26 11:55:00-04:00,369.8800048828125,370.19000244140625,369.2200012207031,370.19000244140625,807208,0
2026-06-26 12:00:00-04:00,370.1700134277344,370.55780029296875,369.4599914550781,369.9800109863281,400731,0
2026-06-26 12:05:00-04:00,369.9949951171875,370.05999755859375,367.5,367.885009765625,565237,0
2026-06-26 12:10:00-04:00,367.8999938964844,368.7099914550781,367.6600036621094,368.6650085449219,577949,0
2026-06-26 12:15:00-04:00,368.67498779296875,368.9700012207031,367.989990234375,368.45001220703125,774479,0
2026-06-26 12:20:00-04:00,368.3901062011719,369.0799865722656,368.25,368.739990234375,489371,0
2026-06-26 12:25:00-04:00,368.7099914550781,368.8500061035156,367.5,367.9800109863281,489518,0
2026-06-26 12:30:00-04:00,368.0,369.6499938964844,367.7200012207031,369.5600891113281,458217,0
2026-06-26 12:35:00-04:00,369.5899963378906,369.75,369.1400146484375,369.67999267578125,410470,0
2026-06-26 12:40:00-04:00,369.69000244140625,369.69000244140625,369.1099853515625,369.54998779296875,575229,0
2026-06-26 12:45:00-04:00,369.57000732421875,370.489990234375,369.2349853515625,370.4100036621094,597088,0
2026-06-26 12:50:00-04:00,370.3949890136719,370.8500061035156,370.0799865722656,370.4700012207031,505606,0
2026-06-26 12:55:00-04:00,370.4949951171875,370.5299987792969,369.30999755859375,369.4700012207031,444781,0
2026-06-26 13:00:00-04:00,369.489990234375,370.2900085449219,369.25,370.0799865722656,475075,0
2026-06-26 13:05:00-04:00,370.07989501953125,370.239990234375,369.364990234375,369.9700012207031,357184,0
2026-06-26 13:10:00-04:00,369.95001220703125,370.3800048828125,369.1600036621094,369.80999755859375,429904,0
2026-06-26 13:15:00-04:00,369.79998779296875,370.29998779296875,369.5299987792969,369.7900085449219,373094,0
2026-06-26 13:20:00-04:00,369.7900085449219,369.79998779296875,368.8900146484375,369.385009765625,414574,0
2026-06-26 13:25:00-04:00,369.3800048828125,369.95001220703125,369.1600036621094,369.9100036621094,771147,0
2026-06-26 13:30:00-04:00,369.9049987792969,370.07000732421875,368.8900146484375,369.260009765625,334415,0
2026-06-26 13:35:00-04:00,369.32000732421875,369.760009765625,368.57000732421875,369.7113037109375,359650,0
2026-06-26 13:40:00-04:00,369.7200012207031,371.17999267578125,369.6499938964844,371.1604919433594,513410,0
2026-06-26 13:45:00-04:00,371.1199951171875,371.4798889160156,370.4909973144531,370.798095703125,544866,0
2026-06-26 13:50:00-04:00,370.7850036621094,371.0,370.3599853515625,370.614990234375,893921,0
2026-06-26 13:55:00-04:00,370.6099853515625,370.95001220703125,370.0799865722656,370.7200012207031,474285,0
2026-06-26 14:00:00-04:00,370.7200012207031,371.4700012207031,370.4700012207031,371.2200012207031,540946,0
2026-06-26 14:05:00-04:00,371.20001220703125,371.79998779296875,371.0,371.57501220703125,589778,0
2026-06-26 14:10:00-04:00,371.5799865722656,371.7900085449219,371.2099914550781,371.5799865722656,692693,0
2026-06-26 14:15:00-04:00,371.57000732421875,371.70001220703125,371.17449951171875,371.2900085449219,345620,0
2026-06-26 14:20:00-04:00,371.2950134277344,371.3599853515625,370.6000061035156,371.19000244140625,533236,0
2026-06-26 14:25:00-04:00,371.19000244140625,371.20001220703125,370.42999267578125,370.4450988769531,395361,0
2026-06-26 14:30:00-04:00,370.44500732421875,371.7200012207031,370.2799987792969,371.6400146484375,639461,0
2026-06-26 14:35:00-04:00,371.6400146484375,372.0,370.2300109863281,370.3599853515625,743326,0
2026-06-26 14:40:00-04:00,370.35009765625,370.9939880371094,370.3500061035156,370.6199951171875,427939,0
2026-06-26 14:45:00-04:00,370.6300048828125,370.8999938964844,370.1499938964844,370.7699890136719,594942,0
2026-06-26 14:50:00-04:00,370.75,370.80999755859375,369.5199890136719,369.9784851074219,714021,0
2026-06-26 14:55:00-04:00,369.9549865722656,370.2699890136719,369.4100036621094,369.6700134277344,670561,0
2026-06-26 15:00:00-04:00,369.69000244140625,371.2799987792969,369.6000061035156,370.95001220703125,784357,0
2026-06-26 15:05:00-04:00,370.9309997558594,371.0799865722656,369.6050109863281,370.20001220703125,911649,0
2026-06-26 15:10:00-04:00,370.17999267578125,371.1600036621094,369.9800109863281,370.7650146484375,909176,0
2026-06-26 15:15:00-04:00,370.7650146484375,371.71820068359375,370.7099914550781,371.17999267578125,876564,0
2026-06-26 15:20:00-04:00,371.14019775390625,371.489990234375,370.9700012207031,371.2300109863281,1051066,0
2026-06-26 15:25:00-04:00,371.2099914550781,371.25,369.70001220703125,370.0299987792969,918378,0
2026-06-26 15:30:00-04:00,370.0400085449219,372.45001220703125,369.9700012207031,372.239990234375,1230745,0
2026-06-26 15:35:00-04:00,372.25,372.4599914550781,371.6000061035156,372.05999755859375,1222392,0
2026-06-26 15:40:00-04:00,372.0000915527344,372.9599914550781,371.8599853515625,372.7301025390625,1310158,0
2026-06-26 15:45:00-04:00,372.7200012207031,373.9599914550781,372.4200134277344,373.2799987792969,1648459,0
2026-06-26 15:50:00-04:00,373.2799987792969,376.6099853515625,373.2200012207031,375.30999755859375,4000639,0
2026-06-26 15:55:00-04:00,375.302001953125,375.9790954589844,371.1099853515625,371.3599853515625,5878216,0
2026-06-29 09:30:00-04:00,377.5,379.7699890136719,375.20001220703125,378.2799987792969,3212192,0
2026-06-29 09:35:00-04:00,378.2749938964844,379.3599853515625,374.5299987792969,378.8800048828125,1118618,0
2026-06-29 09:40:00-04:00,378.8399963378906,379.1700134277344,377.0899963378906,377.80999755859375,647933,0
2026-06-29 09:45:00-04:00,377.95001220703125,379.54998779296875,377.3999938964844,378.2300109863281,972153,0
2026-06-29 09:50:00-04:00,378.2300109863281,380.5,378.0,379.2099914550781,1070980,0
2026-06-29 09:55:00-04:00,379.1300048828125,379.80999755859375,377.79998779296875,379.20001220703125,757850,0
2026-06-29 10:00:00-04:00,379.2200012207031,379.4898986816406,377.70001220703125,378.0950012207031,532712,0
2026-06-29 10:05:00-04:00,378.0783996582031,378.3399963378906,376.1300048828125,376.7650146484375,627008,0
2026-06-29 10:10:00-04:00,376.7650146484375,376.9800109863281,375.04998779296875,375.6400146484375,740436,0
2026-06-29 10:15:00-04:00,375.5899963378906,376.9800109863281,375.239990234375,376.139892578125,525022,0
2026-06-29 10:20:00-04:00,376.1499938964844,376.70989990234375,375.2099914550781,376.57501220703125,449626,0
2026-06-29 10:25:00-04:00,376.6099853515625,377.0799865722656,375.45001220703125,376.2449951171875,481053,0
2026-06-29 10:30:00-04:00,376.2449951171875,376.3900146484375,374.44000244140625,375.53009033203125,688613,0
2026-06-29 10:35:00-04:00,375.57000732421875,376.2699890136719,375.0,375.7449951171875,471448,0
2026-06-29 10:40:00-04:00,375.7449951171875,377.17999267578125,375.3299865722656,376.489990234375,524058,0
2026-06-29 10:45:00-04:00,376.4700012207031,376.4750061035156,375.19000244140625,375.510009765625,578930,0
2026-06-29 10:50:00-04:00,375.45001220703125,376.25,374.5,374.5050048828125,506689,0
2026-06-29 10:55:00-04:00,374.5050048828125,374.5899963378906,371.68499755859375,371.9949951171875,876788,0
2026-06-29 11:00:00-04:00,371.95001220703125,373.1000061035156,371.79998779296875,372.7049865722656,652123,0
2026-06-29 11:05:00-04:00,372.7200012207031,372.8999938964844,371.5299987792969,371.67498779296875,386632,0
2026-06-29 11:10:00-04:00,371.7300109863281,373.0799865722656,371.5199890136719,372.7900085449219,528558,0
2026-06-29 11:15:00-04:00,372.79998779296875,372.9599914550781,372.1499938964844,372.54998779296875,370236,0
2026-06-29 11:20:00-04:00,372.5783996582031,373.2900085449219,372.2300109863281,373.239990234375,374232,0
2026-06-29 11:25:00-04:00,373.2550048828125,373.70001220703125,372.7510070800781,373.2850036621094,548304,0
2026-06-29 11:30:00-04:00,373.3299865722656,373.5799865722656,372.55999755859375,372.86248779296875,346443,0
2026-06-29 11:35:00-04:00,372.81500244140625,372.8800048828125,372.3299865722656,372.3999938964844,354777,0
2026-06-29 11:40:00-04:00,372.3901062011719,372.4175109863281,371.260009765625,371.6499938964844,447644,0
2026-06-29 11:45:00-04:00,371.6199951171875,371.6199951171875,370.260009765625,370.6300048828125,700955,0
2026-06-29 11:50:00-04:00,370.614990234375,371.5799865722656,370.30999755859375,370.8299865722656,398130,0
2026-06-29 11:55:00-04:00,370.8200988769531,371.6400146484375,370.57501220703125,371.55999755859375,523660,0
2026-06-29 12:00:00-04:00,371.614990234375,371.79998779296875,370.4200134277344,370.4800109863281,518387,0
2026-06-29 12:05:00-04:00,370.45001220703125,370.6499938964844,368.7200012207031,369.0450134277344,708446,0
2026-06-29 12:10:00-04:00,369.07000732421875,369.17999267578125,368.010009765625,368.25,561287,0
2026-06-29 12:15:00-04:00,368.239990234375,368.7395935058594,367.7799987792969,367.9599914550781,427177,0
2026-06-29 12:20:00-04:00,367.9700012207031,368.7699890136719,367.739990234375,368.125,336850,0
2026-06-29 12:25:00-04:00,368.0899963378906,368.6199951171875,368.0,368.1700134277344,449759,0
2026-06-29 12:30:00-04:00,368.1499938964844,368.35009765625,367.510009765625,367.5350036621094,612040,0
2026-06-29 12:35:00-04:00,367.5400085449219,368.44000244140625,367.510009765625,368.1700134277344,377900,0
2026-06-29 12:40:00-04:00,368.1300048828125,368.2099914550781,367.2799987792969,367.375,417546,0
2026-06-29 12:45:00-04:00,367.375,368.45001220703125,367.2300109863281,368.45001220703125,464865,0
2026-06-29 12:50:00-04:00,368.4549865722656,369.4700012207031,368.239990234375,369.17498779296875,499140,0
2026-06-29 12:55:00-04:00,369.1700134277344,369.45001220703125,368.67999267578125,368.9599914550781,288587,0
2026-06-29 13:00:00-04:00,369.0050048828125,369.0899963378906,368.2799987792969,368.2799987792969,379161,0
2026-06-29 13:05:00-04:00,368.2799987792969,368.8999938964844,368.260009765625,368.3599853515625,303258,0
2026-06-29 13:10:00-04:00,368.3599853515625,369.0,367.79998779296875,368.9049987792969,373592,0
2026-06-29 13:15:00-04:00,368.92999267578125,370.2300109863281,366.0199890136719,369.9800109863281,458324,0
2026-06-29 13:20:00-04:00,370.0,370.2799987792969,369.5,369.5400085449219,324512,0
2026-06-29 13:25:00-04:00,369.55999755859375,370.0,369.3500061035156,369.6300048828125,299983,0
2026-06-29 13:30:00-04:00,369.6499938964844,370.14990234375,369.20001220703125,369.8450012207031,283554,0
2026-06-29 13:35:00-04:00,369.8399963378906,370.25,369.1199951171875,369.6300964355469,293124,0
2026-06-29 13:40:00-04:00,369.6719970703125,369.7489929199219,368.3699951171875,369.17999267578125,407727,0
2026-06-29 13:45:00-04:00,369.1199951171875,369.5,369.0,369.1549987792969,307671,0
2026-06-29 13:50:00-04:00,369.1400146484375,369.3900146484375,368.80999755859375,368.8800048828125,222717,0
2026-06-29 13:55:00-04:00,368.82000732421875,369.0899963378906,368.6600036621094,368.80999755859375,250012,0
2026-06-29 14:00:00-04:00,368.79998779296875,368.79998779296875,368.07000732421875,368.2799987792969,287147,0
2026-06-29 14:05:00-04:00,368.2449951171875,368.6499938964844,368.0199890136719,368.125,246439,0
2026-06-29 14:10:00-04:00,368.0950012207031,368.6000061035156,368.0950012207031,368.2200012207031,218332,0
2026-06-29 14:15:00-04:00,368.2049865722656,368.44000244140625,367.7099914550781,367.7900085449219,290440,0
2026-06-29 14:20:00-04:00,367.7900085449219,368.1499938964844,367.55999755859375,367.64239501953125,259345,0
2026-06-29 14:25:00-04:00,367.6099853515625,368.1700134277344,367.55999755859375,368.0249938964844,251832,0
2026-06-29 14:30:00-04:00,368.04998779296875,368.79998779296875,368.010009765625,368.1099853515625,370045,0
2026-06-29 14:35:00-04:00,368.1400146484375,368.56988525390625,367.8999938964844,368.4549865722656,299524,0
2026-06-29 14:40:00-04:00,368.42999267578125,368.55999755859375,368.010009765625,368.1050109863281,267930,0
2026-06-29 14:45:00-04:00,368.1099853515625,368.4100036621094,367.5199890136719,367.6400146484375,558988,0
2026-06-29 14:50:00-04:00,367.67999267578125,368.4299011230469,367.2900085449219,368.3241882324219,355299,0
2026-06-29 14:55:00-04:00,368.3299865722656,368.3299865722656,367.7099914550781,368.1300048828125,306551,0
2026-06-29 15:00:00-04:00,368.1499938964844,368.3789978027344,367.8999938964844,368.1400146484375,316688,0
2026-06-29 15:05:00-04:00,368.1400146484375,368.5480041503906,367.9949951171875,368.5150146484375,334444,0
2026-06-29 15:10:00-04:00,368.489990234375,369.5899963378906,368.3999938964844,368.9100036621094,472120,0
2026-06-29 15:15:00-04:00,368.9100036621094,369.0400085449219,368.3800048828125,368.54998779296875,365688,0
2026-06-29 15:20:00-04:00,368.55999755859375,368.8599853515625,367.7200012207031,367.7749938964844,373558,0
2026-06-29 15:25:00-04:00,367.7699890136719,368.0199890136719,367.3699951171875,367.42999267578125,786479,0
2026-06-29 15:30:00-04:00,367.4200134277344,367.42999267578125,366.8299865722656,367.2099914550781,1894809,0
2026-06-29 15:35:00-04:00,367.2300109863281,367.8900146484375,367.19000244140625,367.6700134277344,1019990,0
2026-06-29 15:40:00-04:00,367.6700134277344,368.3699951171875,367.29998779296875,367.80499267578125,515405,0
2026-06-29 15:45:00-04:00,367.80499267578125,368.5199890136719,367.7799987792969,368.3500061035156,438378,0
2026-06-29 15:50:00-04:00,368.3800048828125,368.42999267578125,367.9100036621094,368.0899963378906,651841,0
2026-06-29 15:55:00-04:00,368.0950012207031,369.0,368.0450134277344,368.5,1644985,0
2026-06-30 09:30:00-04:00,370.8800048828125,371.1299133300781,367.4700012207031,369.1499938964844,2039290,0
2026-06-30 09:35:00-04:00,369.135009765625,370.8900146484375,369.0400085449219,370.364990234375,564470,0
2026-06-30 09:40:00-04:00,370.3299865722656,371.8999938964844,369.75,370.0199890136719,622512,0
2026-06-30 09:45:00-04:00,369.8399963378906,371.5299987792969,369.760009765625,371.510009765625,461431,0
2026-06-30 09:50:00-04:00,371.489990234375,372.5899963378906,371.1911926269531,371.2850036621094,668063,0
2026-06-30 09:55:00-04:00,371.3299865722656,372.5899963378906,371.2500915527344,371.5658874511719,531444,0
2026-06-30 10:00:00-04:00,371.54730224609375,372.2998962402344,370.69000244140625,371.864990234375,473310,0
2026-06-30 10:05:00-04:00,371.8599853515625,372.1698913574219,370.7799987792969,370.8999938964844,396907,0
2026-06-30 10:10:00-04:00,370.8999938964844,372.0,370.4200134277344,371.4750061035156,313137,0
2026-06-30 10:15:00-04:00,371.4800109863281,372.5400085449219,371.3999938964844,372.0799865722656,378141,0
2026-06-30 10:20:00-04:00,372.07000732421875,372.6000061035156,371.7099914550781,372.125,294562,0
2026-06-30 10:25:00-04:00,372.19000244140625,372.3800048828125,371.5,371.96160888671875,250454,0
2026-06-30 10:30:00-04:00,371.9599914550781,372.489990234375,371.80999755859375,372.3349914550781,326332,0
2026-06-30 10:35:00-04:00,372.3399963378906,372.5299987792969,371.29998779296875,371.6698913574219,236605,0
2026-06-30 10:40:00-04:00,371.6199951171875,372.3800048828125,371.44000244140625,372.3550109863281,272770,0
2026-06-30 10:45:00-04:00,372.32000732421875,372.6000061035156,371.67999267578125,371.95989990234375,395979,0
2026-06-30 10:50:00-04:00,371.86248779296875,372.19000244140625,370.3299865722656,370.3699951171875,389326,0
2026-06-30 10:55:00-04:00,370.3699951171875,370.4100036621094,369.1600036621094,369.7300109863281,474040,0
2026-06-30 11:00:00-04:00,369.79998779296875,370.010009765625,368.760009765625,369.0249938964844,314266,0
2026-06-30 11:05:00-04:00,369.0249938964844,369.25,368.1600036621094,369.0799865722656,240593,0
2026-06-30 11:10:00-04:00,369.0799865722656,369.7300109863281,369.0199890136719,369.6000061035156,308003,0
2026-06-30 11:15:00-04:00,369.6000061035156,369.79998779296875,369.2099914550781,369.5950012207031,228286,0
2026-06-30 11:20:00-04:00,369.5899963378906,370.1899108886719,369.5299987792969,370.1499938964844,290509,0
2026-06-30 11:25:00-04:00,370.135009765625,370.676513671875,369.8782958984375,370.590087890625,230197,0
2026-06-30 11:30:00-04:00,370.6199951171875,370.70001220703125,370.010009765625,370.67999267578125,195926,0
2026-06-30 11:35:00-04:00,370.6600036621094,370.8900146484375,370.4700012207031,370.67999267578125,181630,0
2026-06-30 11:40:00-04:00,370.6886901855469,370.9100036621094,370.04998779296875,370.125,261733,0
2026-06-30 11:45:00-04:00,370.125,370.7799987792969,369.79998779296875,370.20001220703125,522898,0
2026-06-30 11:50:00-04:00,370.2099914550781,370.7384948730469,369.8904113769531,370.20001220703125,251195,0
2026-06-30 11:55:00-04:00,370.19500732421875,370.5199890136719,369.9101867675781,370.5,188925,0
2026-06-30 12:00:00-04:00,370.54998779296875,371.42999267578125,370.5199890136719,371.32000732421875,271444,0
2026-06-30 12:05:00-04:00,371.30999755859375,371.3399963378906,370.510009765625,370.6600036621094,215174,0
2026-06-30 12:10:00-04:00,370.6099853515625,371.0299072265625,370.17999267578125,370.6650085449219,156451,0
2026-06-30 12:15:00-04:00,370.6700134277344,371.0799865722656,370.5487060546875,370.57000732421875,144414,0
2026-06-30 12:20:00-04:00,370.57000732421875,370.95001220703125,370.4700012207031,370.8349914550781,126840,0
2026-06-30 12:25:00-04:00,370.80010986328125,370.9599914550781,370.6000061035156,370.9150085449219,161806,0
2026-06-30 12:30:00-04:00,370.8800048828125,371.19000244140625,370.6000061035156,370.7799987792969,178815,0
2026-06-30 12:35:00-04:00,370.80999755859375,370.92999267578125,370.6050109863281,370.7601013183594,195694,0
2026-06-30 12:40:00-04:00,370.760009765625,371.05999755859375,370.5450134277344,370.989990234375,159182,0
2026-06-30 12:45:00-04:00,370.9949951171875,372.1499938964844,370.9700012207031,372.0350036621094,194983,0
2026-06-30 12:50:00-04:00,372.04998779296875,373.17999267578125,371.9200134277344,373.1499938964844,521312,0
2026-06-30 12:55:00-04:00,373.1499938964844,373.3999938964844,372.6000061035156,372.7300109863281,474686,0
2026-06-30 13:00:00-04:00,372.739990234375,373.0199890136719,372.0,372.0400085449219,228596,0
2026-06-30 13:05:00-04:00,372.02801513671875,372.489990234375,371.2699890136719,371.4100036621094,334286,0
2026-06-30 13:10:00-04:00,371.41009521484375,371.489990234375,370.6600036621094,370.8299865722656,205734,0
2026-06-30 13:15:00-04:00,370.80999755859375,371.3399963378906,370.7699890136719,371.0899963378906,313985,0
2026-06-30 13:20:00-04:00,371.05999755859375,371.739990234375,371.0199890136719,371.4750061035156,316821,0
2026-06-30 13:25:00-04:00,371.4674987792969,371.5899963378906,371.2001037597656,371.3699951171875,206903,0
2026-06-30 13:30:00-04:00,371.3699951171875,371.4599914550781,370.8399963378906,371.43499755859375,185176,0
2026-06-30 13:35:00-04:00,371.385009765625,371.4422912597656,370.739990234375,370.8464050292969,135675,0
2026-06-30 13:40:00-04:00,370.7799987792969,371.0799865722656,370.57000732421875,370.8949890136719,201390,0
2026-06-30 13:45:00-04:00,370.8949890136719,370.8949890136719,370.3999938964844,370.75,165899,0
2026-06-30 13:50:00-04:00,370.75,371.375,370.5400085449219,371.2499084472656,252456,0
2026-06-30 13:55:00-04:00,371.2300109863281,371.42999267578125,370.80999755859375,370.8900146484375,168628,0
2026-06-30 14:00:00-04:00,370.8399963378906,371.1499938964844,370.29998779296875,371.0249938964844,309089,0
2026-06-30 14:05:00-04:00,371.0249938964844,371.19000244140625,370.6700134277344,370.7900085449219,179910,0
2026-06-30 14:10:00-04:00,370.7900085449219,370.9468994140625,370.43011474609375,370.67999267578125,165421,0
2026-06-30 14:15:00-04:00,370.69000244140625,370.92999267578125,370.6300048828125,370.864990234375,137834,0
2026-06-30 14:20:00-04:00,370.864990234375,371.42498779296875,370.864990234375,371.05999755859375,191984,0
2026-06-30 14:25:00-04:00,371.04998779296875,371.2699890136719,370.7200012207031,370.7799987792969,332175,0
2026-06-30 14:30:00-04:00,370.7699890136719,370.9574890136719,370.3399963378906,370.57501220703125,290566,0
2026-06-30 14:35:00-04:00,370.6000061035156,370.9049987792969,370.3999938964844,370.54998779296875,331019,0
2026-06-30 14:40:00-04:00,370.5350036621094,370.7200012207031,370.3309020996094,370.364990234375,274825,0
2026-06-30 14:45:00-04:00,370.364990234375,370.739990234375,369.8169860839844,370.67999267578125,376243,0
2026-06-30 14:50:00-04:00,370.67999267578125,370.7699890136719,370.260009765625,370.55999755859375,583162,0
2026-06-30 14:55:00-04:00,370.56500244140625,370.67999267578125,370.25,370.489990234375,221277,0
2026-06-30 15:00:00-04:00,370.489990234375,370.95001220703125,370.3500061035156,370.4549865722656,241854,0
2026-06-30 15:05:00-04:00,370.440185546875,371.3599853515625,370.3699951171875,370.9200134277344,350068,0
2026-06-30 15:10:00-04:00,370.9200134277344,371.3399963378906,370.8299865722656,371.2950134277344,167234,0
2026-06-30 15:15:00-04:00,371.2950134277344,371.7349853515625,371.0199890136719,371.2149963378906,264952,0
2026-06-30 15:20:00-04:00,371.2149963378906,371.70001220703125,371.0293884277344,371.67498779296875,252910,0
2026-06-30 15:25:00-04:00,371.70001220703125,371.8699951171875,371.0400085449219,371.2049865722656,311393,0
2026-06-30 15:30:00-04:00,371.20001220703125,371.8599853515625,371.05999755859375,371.68499755859375,600627,0
2026-06-30 15:35:00-04:00,371.69000244140625,372.1000061035156,371.44000244140625,371.9949951171875,345678,0
2026-06-30 15:40:00-04:00,371.989990234375,372.260009765625,371.7699890136719,371.8450012207031,344043,0
2026-06-30 15:45:00-04:00,371.8299865722656,371.989990234375,371.1600036621094,371.4627990722656,470571,0
2026-06-30 15:50:00-04:00,371.44000244140625,372.1400146484375,370.8800048828125,371.8599853515625,784370,0
2026-06-30 15:55:00-04:00,371.8800048828125,374.1499938964844,371.8800048828125,372.8399963378906,3803214,0
2026-07-01 09:30:00-04:00,380.82501220703125,380.9800109863281,376.5299987792969,376.8399963378906,3510849,0
2026-07-01 09:35:00-04:00,376.8500061035156,380.7052001953125,376.7799987792969,378.45001220703125,1112159,0
2026-07-01 09:40:00-04:00,378.54998779296875,378.8299865722656,376.8500061035156,377.135009765625,508598,0
2026-07-01 09:45:00-04:00,377.135009765625,377.67999267578125,375.45001220703125,375.45001220703125,604977,0
2026-07-01 09:50:00-04:00,375.4849853515625,378.2149963378906,374.8900146484375,377.70001220703125,604839,0
2026-07-01 09:55:00-04:00,377.6099853515625,378.5299987792969,376.5,377.510009765625,464902,0
2026-07-01 10:00:00-04:00,377.5199890136719,378.6000061035156,376.739990234375,378.465087890625,414349,0
2026-07-01 10:05:00-04:00,378.510009765625,380.260009765625,378.29998779296875,378.989990234375,637074,0
2026-07-01 10:10:00-04:00,379.0050048828125,380.6400146484375,378.7799987792969,379.9599914550781,475399,0
2026-07-01 10:15:00-04:00,379.9200134277344,381.0299987792969,379.79998779296875,380.7699890136719,484666,0
2026-07-01 10:20:00-04:00,380.7850036621094,383.239990234375,380.3500061035156,382.4150085449219,715517,0
2026-07-01 10:25:00-04:00,382.4100036621094,383.1000061035156,381.95001220703125,382.2950134277344,581534,0
2026-07-01 10:30:00-04:00,382.2301025390625,383.94000244140625,381.3901062011719,383.80999755859375,574252,0
2026-07-01 10:35:00-04:00,383.7799987792969,383.9200134277344,382.80999755859375,383.7449951171875,446448,0
2026-07-01 10:40:00-04:00,383.7655029296875,384.4800109863281,383.1099853515625,383.885009765625,762299,0
2026-07-01 10:45:00-04:00,383.885009765625,384.8399963378906,382.95001220703125,384.7300109863281,650332,0
2026-07-01 10:50:00-04:00,384.7099914550781,385.3599853515625,384.0799865722656,384.56500244140625,847837,0
2026-07-01 10:55:00-04:00,384.56500244140625,385.44000244140625,384.56500244140625,385.34381103515625,668847,0
2026-07-01 11:00:00-04:00,385.3599853515625,385.8599853515625,384.79998779296875,384.9750061035156,451131,0
2026-07-01 11:05:00-04:00,385.0299987792969,386.3481140136719,384.95001220703125,385.8800048828125,471693,0
2026-07-01 11:10:00-04:00,385.9049987792969,387.0,385.75,386.3450012207031,540656,0
2026-07-01 11:15:00-04:00,386.3500061035156,387.80950927734375,386.0799865722656,386.2449951171875,942694,0
2026-07-01 11:20:00-04:00,386.29998779296875,387.5899963378906,386.1900939941406,386.6099853515625,562933,0
2026-07-01 11:25:00-04:00,386.6499938964844,387.25,386.1300048828125,386.7200012207031,494437,0
2026-07-01 11:30:00-04:00,386.7200012207031,386.92999267578125,384.42999267578125,384.5,600898,0
2026-07-01 11:35:00-04:00,384.5050048828125,385.1549987792969,384.17999267578125,384.8800048828125,465426,0
2026-07-01 11:40:00-04:00,384.8699951171875,385.05999755859375,384.2900085449219,384.5899963378906,353588,0
2026-07-01 11:45:00-04:00,384.57000732421875,385.05999755859375,383.79998779296875,384.19000244140625,373942,0
2026-07-01 11:50:00-04:00,384.239990234375,384.79998779296875,383.8301086425781,384.79998779296875,252450,0
2026-07-01 11:55:00-04:00,384.79998779296875,386.07000732421875,384.7099914550781,385.8299865722656,291130,0
2026-07-01 12:00:00-04:00,385.8299865722656,386.3399963378906,385.7300109863281,385.9142150878906,302307,0
2026-07-01 12:05:00-04:00,385.92498779296875,386.07000732421875,385.5400085449219,385.75750732421875,252088,0
2026-07-01 12:10:00-04:00,385.7799987792969,386.29998779296875,385.5899963378906,386.2850036621094,300500,0
2026-07-01 12:15:00-04:00,386.2893981933594,386.42999267578125,385.5299987792969,385.5899963378906,233322,0
2026-07-01 12:20:00-04:00,385.5799865722656,386.2499084472656,385.0775146484375,385.9750061035156,229900,0
2026-07-01 12:25:00-04:00,385.95001220703125,386.29998779296875,385.57000732421875,385.625,870346,0
2026-07-01 12:30:00-04:00,385.614990234375,385.989990234375,385.4400939941406,385.7464904785156,206018,0
2026-07-01 12:35:00-04:00,385.7900085449219,386.3399963378906,385.55499267578125,385.82000732421875,207760,0
2026-07-01 12:40:00-04:00,385.82000732421875,386.159912109375,385.3399963378906,386.159912109375,152282,0
2026-07-01 12:45:00-04:00,386.1300964355469,386.3399963378906,385.6499938964844,385.79998779296875,254339,0
2026-07-01 12:50:00-04:00,385.82501220703125,386.6099853515625,385.82501220703125,386.5249938964844,253587,0
2026-07-01 12:55:00-04:00,386.5249938964844,387.1000061035156,386.0799865722656,386.29998779296875,284340,0
2026-07-01 13:00:00-04:00,386.29998779296875,386.94000244140625,386.07000732421875,386.2749938964844,298073,0
2026-07-01 13:05:00-04:00,386.2550964355469,386.95001220703125,386.20001220703125,386.69000244140625,232062,0
2026-07-01 13:10:00-04:00,386.67498779296875,387.1127014160156,386.3999938964844,386.7651062011719,181266,0
2026-07-01 13:15:00-04:00,386.7900085449219,387.9800109863281,386.7200012207031,387.898193359375,311010,0
2026-07-01 13:20:00-04:00,387.864990234375,388.1499938964844,387.6099853515625,387.9388122558594,363377,0
2026-07-01 13:25:00-04:00,387.8999938964844,388.1400146484375,387.67999267578125,387.8299865722656,340139,0
2026-07-01 13:30:00-04:00,387.8800048828125,388.010009765625,387.340087890625,387.4150085449219,302885,0
2026-07-01 13:35:00-04:00,387.4200134277344,387.5899963378906,387.0199890136719,387.15509033203125,217841,0
2026-07-01 13:40:00-04:00,387.17999267578125,387.2200012207031,386.57000732421875,386.6600036621094,208788,0
2026-07-01 13:45:00-04:00,386.70001220703125,387.4584045410156,386.6600036621094,387.2099914550781,164065,0
2026-07-01 13:50:00-04:00,387.29998779296875,387.8399963378906,387.04998779296875,387.7950134277344,233169,0
2026-07-01 13:55:00-04:00,387.79998779296875,388.25,387.45001220703125,387.7200012207031,309322,0
2026-07-01 14:00:00-04:00,387.7049865722656,388.2300109863281,387.5400085449219,388.19000244140625,259516,0
2026-07-01 14:05:00-04:00,388.20001220703125,388.739990234375,388.1199951171875,388.510009765625,350505,0
2026-07-01 14:10:00-04:00,388.5299987792969,388.8299865722656,387.75,387.95001220703125,513542,0
2026-07-01 14:15:00-04:00,387.95001220703125,388.0,387.4700012207031,387.6300048828125,248120,0
2026-07-01 14:20:00-04:00,387.6400146484375,388.2300109863281,387.2398986816406,387.5150146484375,211105,0
2026-07-01 14:25:00-04:00,387.5150146484375,388.7499084472656,387.4599914550781,388.1300048828125,373864,0
2026-07-01 14:30:00-04:00,388.1700134277344,388.2200012207031,387.760009765625,387.989990234375,299335,0
2026-07-01 14:35:00-04:00,387.9700012207031,388.34991455078125,387.8349914550781,388.1767883300781,251318,0
2026-07-01 14:40:00-04:00,388.2300109863281,388.29998779296875,387.6199951171875,387.69000244140625,253867,0
2026-07-01 14:45:00-04:00,387.6600036621094,387.7900085449219,387.0400085449219,387.05499267578125,240960,0
2026-07-01 14:50:00-04:00,387.04998779296875,387.364990234375,386.9100036621094,387.1249084472656,342774,0
2026-07-01 14:55:00-04:00,387.1499938964844,387.32000732421875,386.7799987792969,386.95001220703125,255329,0
2026-07-01 15:00:00-04:00,386.9150085449219,387.8999938964844,386.6600036621094,387.8999938964844,1104364,0
2026-07-01 15:05:00-04:00,387.94000244140625,388.04998779296875,387.30999755859375,387.4649963378906,336640,0
2026-07-01 15:10:00-04:00,387.4599914550781,387.56500244140625,386.6300048828125,387.1050109863281,298232,0
2026-07-01 15:15:00-04:00,387.1000061035156,387.114990234375,385.8299865722656,385.94000244140625,813516,0
2026-07-01 15:20:00-04:00,385.93499755859375,385.95001220703125,385.25,385.5799865722656,423103,0
2026-07-01 15:25:00-04:00,385.56500244140625,385.7799987792969,385.1199951171875,385.18499755859375,307939,0
2026-07-01 15:30:00-04:00,385.20001220703125,385.4800109863281,384.79998779296875,385.1400146484375,518327,0
2026-07-01 15:35:00-04:00,385.1400146484375,385.5799865722656,385.1400146484375,385.3299865722656,382713,0
2026-07-01 15:40:00-04:00,385.31500244140625,385.6099853515625,385.2401123046875,385.5799865722656,446343,0
2026-07-01 15:45:00-04:00,385.57000732421875,385.7950134277344,385.3299865722656,385.4949951171875,475652,0
2026-07-01 15:50:00-04:00,385.5199890136719,385.6499938964844,383.5799865722656,383.6499938964844,1069726,0
2026-07-01 15:55:00-04:00,383.65301513671875,384.5,382.9599914550781,384.2200012207031,2457249,0
2026-07-02 09:30:00-04:00,384.4800109863281,386.69000244140625,383.989990234375,385.1400146484375,2328034,0
2026-07-02 09:35:00-04:00,385.05999755859375,386.9700012207031,383.70001220703125,385.1495056152344,615967,0
2026-07-02 09:40:00-04:00,385.0899963378906,387.3299865722656,384.4700012207031,385.9200134277344,391108,0
2026-07-02 09:45:00-04:00,385.9200134277344,386.6299133300781,385.0,385.5299987792969,370659,0
2026-07-02 09:50:00-04:00,385.6300048828125,386.57000732421875,385.0,385.7850036621094,555197,0
2026-07-02 09:55:00-04:00,385.760009765625,386.7698974609375,385.3987121582031,386.4200134277344,371546,0
2026-07-02 10:00:00-04:00,386.45001220703125,387.0199890136719,385.9599914550781,386.7349853515625,309560,0
2026-07-02 10:05:00-04:00,386.739990234375,387.3699035644531,386.3599853515625,386.7699890136719,267211,0
2026-07-02 10:10:00-04:00,386.7799987792969,388.0199890136719,386.18499755859375,387.5950012207031,328376,0
2026-07-02 10:15:00-04:00,387.55999755859375,389.3399963378906,387.20001220703125,389.0249938964844,429313,0
2026-07-02 10:20:00-04:00,389.0,389.79998779296875,388.69000244140625,389.489990234375,492287,0
2026-07-02 10:25:00-04:00,389.5,389.70001220703125,388.090087890625,388.6549987792969,1289097,0
2026-07-02 10:30:00-04:00,388.6549987792969,390.2200012207031,388.3299865722656,389.864990234375,571003,0
2026-07-02 10:35:00-04:00,389.82000732421875,390.5,389.1600036621094,389.44000244140625,460843,0
2026-07-02 10:40:00-04:00,389.4200134277344,389.760009765625,387.760009765625,388.5899963378906,591287,0
2026-07-02 10:45:00-04:00,388.5849914550781,390.19000244140625,388.29998779296875,390.0899963378906,477221,0
2026-07-02 10:50:00-04:00,390.17999267578125,390.3699951171875,388.901611328125,389.42999267578125,447373,0
2026-07-02 10:55:00-04:00,389.5299987792969,390.1394958496094,389.2799987792969,390.1099853515625,355285,0
2026-07-02 11:00:00-04:00,390.1300048828125,390.5899963378906,388.8800048828125,389.4200134277344,569086,0
2026-07-02 11:05:00-04:00,389.40008544921875,389.8550109863281,387.6200866699219,388.6600036621094,602362,0
2026-07-02 11:10:00-04:00,388.63800048828125,389.2099914550781,387.6099853515625,389.1600036621094,541940,0
2026-07-02 11:15:00-04:00,389.19000244140625,389.2799987792969,386.4100036621094,386.80499267578125,523759,0
2026-07-02 11:20:00-04:00,386.82000732421875,389.2976989746094,386.31048583984375,389.2976989746094,468525,0
2026-07-02 11:25:00-04:00,389.29998779296875,389.6300048828125,387.6300048828125,387.760009765625,450456,0
2026-07-02 11:30:00-04:00,387.75,388.3399963378906,387.5880126953125,387.8900146484375,313023,0
2026-07-02 11:35:00-04:00,387.8999938964844,388.8016052246094,387.5950012207031,388.6050109863281,307090,0
2026-07-02 11:40:00-04:00,388.6000061035156,388.8999938964844,388.1400146484375,388.3500061035156,275072,0
2026-07-02 11:45:00-04:00,388.3500061035156,389.29998779296875,388.1099853515625,388.7099914550781,319563,0
2026-07-02 11:50:00-04:00,388.760009765625,388.760009765625,388.1700134277344,388.6650085449219,199567,0
2026-07-02 11:55:00-04:00,388.635009765625,389.19989013671875,388.1549987792969,389.1199951171875,310458,0
2026-07-02 12:00:00-04:00,389.0799865722656,389.659912109375,388.67999267578125,389.6300048828125,1151909,0
2026-07-02 12:05:00-04:00,389.6300048828125,389.79998779296875,388.4100036621094,388.5150146484375,259916,0
2026-07-02 12:10:00-04:00,388.510009765625,390.0899963378906,388.3299865722656,390.04998779296875,838510,0
2026-07-02 12:15:00-04:00,390.06500244140625,390.6700134277344,389.7578125,390.1650085449219,474184,0
2026-07-02 12:20:00-04:00,390.1650085449219,390.1700134277344,389.5,390.0,271318,0
2026-07-02 12:25:00-04:00,389.9599914550781,390.94000244140625,389.9599914550781,390.9070129394531,293690,0
2026-07-02 12:30:00-04:00,390.9674072265625,391.09991455078125,390.239990234375,390.239990234375,320263,0
2026-07-02 12:35:00-04:00,390.2850036621094,390.2998962402344,389.3699951171875,390.177490234375,410428,0
2026-07-02 12:40:00-04:00,390.260009765625,390.79998779296875,390.17999267578125,390.6300048828125,256060,0
2026-07-02 12:45:00-04:00,390.57000732421875,390.6099853515625,389.6700134277344,389.885009765625,337025,0
2026-07-02 12:50:00-04:00,389.885009765625,390.4599914550781,389.4700927734375,390.010009765625,231468,0
2026-07-02 12:55:00-04:00,390.0,390.45989990234375,389.6199951171875,390.3949890136719,242465,0
2026-07-02 13:00:00-04:00,390.42999267578125,390.42999267578125,388.80999755859375,389.30999755859375,328851,0
2026-07-02 13:05:00-04:00,389.2799987792969,390.3070068359375,388.75,390.2049865722656,309969,0
2026-07-02 13:10:00-04:00,390.17999267578125,390.9100036621094,390.10009765625,390.81500244140625,251584,0
2026-07-02 13:15:00-04:00,390.81500244140625,391.7799987792969,390.6300964355469,391.5899963378906,337114,0
2026-07-02 13:20:00-04:00,391.5299987792969,391.7900085449219,391.0,391.2149963378906,223018,0
2026-07-02 13:25:00-04:00,391.260009765625,391.74139404296875,390.8999938964844,391.74139404296875,236655,0
2026-07-02 13:30:00-04:00,391.7200012207031,392.0799865722656,391.4601135253906,391.6400146484375,302008,0
2026-07-02 13:35:00-04:00,391.6549987792969,391.760009765625,390.5400085449219,390.66009521484375,281658,0
2026-07-02 13:40:00-04:00,390.6946105957031,391.010009765625,390.2749938964844,390.57000732421875,350414,0
2026-07-02 13:45:00-04:00,390.625,390.79949951171875,390.29998779296875,390.4549865722656,214997,0
2026-07-02 13:50:00-04:00,390.4200134277344,390.9143981933594,390.3410949707031,390.760009765625,206729,0
2026-07-02 13:55:00-04:00,390.7200012207031,390.8599853515625,390.1600036621094,390.6099853515625,235193,0
2026-07-02 14:00:00-04:00,390.6099853515625,391.1748046875,390.1499938964844,391.010009765625,306386,0
2026-07-02 14:05:00-04:00,391.010009765625,391.875,390.9100036621094,391.17999267578125,272353,0
2026-07-02 14:10:00-04:00,391.20001220703125,391.6300048828125,391.1499938964844,391.34991455078125,212623,0
2026-07-02 14:15:00-04:00,391.29998779296875,391.3999938964844,389.6499938964844,390.5450134277344,392746,0
2026-07-02 14:20:00-04:00,390.4849853515625,390.8381042480469,390.4493103027344,390.70001220703125,218134,0
2026-07-02 14:25:00-04:00,390.6700134277344,391.0,390.3999938964844,390.95001220703125,197060,0
2026-07-02 14:30:00-04:00,390.9200134277344,391.29998779296875,390.68011474609375,391.19000244140625,208602,0
2026-07-02 14:35:00-04:00,391.2099914550781,391.54949951171875,391.010009765625,391.4599914550781,165913,0
2026-07-02 14:40:00-04:00,391.4599914550781,391.55999755859375,391.2300109863281,391.2550048828125,146726,0
2026-07-02 14:45:00-04:00,391.2550048828125,391.30999755859375,390.5899963378906,390.7149963378906,123157,0
2026-07-02 14:50:00-04:00,390.7149963378906,391.2200012207031,390.1549987792969,390.9200134277344,277256,0
2026-07-02 14:55:00-04:00,390.91949462890625,391.0599060058594,390.5199890136719,390.8349914550781,212019,0
2026-07-02 15:00:00-04:00,390.864990234375,390.9800109863281,390.1300048828125,390.2799987792969,210413,0
2026-07-02 15:05:00-04:00,390.3299865722656,392.0,390.29998779296875,391.4800109863281,372230,0
2026-07-02 15:10:00-04:00,391.4800109863281,392.19000244140625,391.1499938964844,391.20001220703125,348324,0
2026-07-02 15:15:00-04:00,391.2149963378906,391.7882080078125,391.04998779296875,391.7049865722656,288039,0
2026-07-02 15:20:00-04:00,391.69000244140625,391.8599853515625,391.2900085449219,391.7749938964844,639117,0
2026-07-02 15:25:00-04:00,391.80999755859375,391.81988525390625,391.0199890136719,391.20001220703125,256865,0
2026-07-02 15:30:00-04:00,391.20001220703125,391.5199890136719,390.739990234375,391.25,284785,0
2026-07-02 15:35:00-04:00,391.25,391.489990234375,390.3800048828125,390.50250244140625,350101,0
2026-07-02 15:40:00-04:00,390.5199890136719,390.8800048828125,390.260009765625,390.6300048828125,295838,0
2026-07-02 15:45:00-04:00,390.635009765625,390.9200134277344,389.6199951171875,390.2699890136719,587991,0
2026-07-02 15:50:00-04:00,390.3500061035156,391.4800109863281,390.20001220703125,390.6199951171875,908359,0
2026-07-02 15:55:00-04:00,390.6199951171875,391.05999755859375,389.6199951171875,389.6199951171875,2068731,0
2026-07-06 09:30:00-04:00,386.80950927734375,389.1499938964844,385.87200927734375,387.125,1873090,0
2026-07-06 09:35:00-04:00,387.125,387.25,381.2200012207031,382.2200012207031,1093466,0
2026-07-06 09:40:00-04:00,382.1499938964844,384.3900146484375,381.9700927734375,384.1600036621094,581110,0
2026-07-06 09:45:00-04:00,384.1000061035156,385.32000732421875,383.9200134277344,385.260009765625,448283,0
2026-07-06 09:50:00-04:00,385.2250061035156,385.75,383.7749938964844,383.93499755859375,442868,0
2026-07-06 09:55:00-04:00,383.9200134277344,385.4200134277344,383.260009765625,384.8599853515625,429745,0
2026-07-06 10:00:00-04:00,384.8599853515625,385.45001220703125,383.3500061035156,383.5799865722656,552058,0
2026-07-06 10:05:00-04:00,383.4800109863281,385.0799865722656,383.1700134277344,384.3450012207031,505532,0
2026-07-06 10:10:00-04:00,384.3800048828125,384.8599853515625,383.3999938964844,383.6600036621094,465164,0
2026-07-06 10:15:00-04:00,383.7200012207031,384.44000244140625,382.7799987792969,383.32501220703125,552603,0
2026-07-06 10:20:00-04:00,383.31500244140625,384.04998779296875,383.0199890136719,383.7900085449219,294227,0
2026-07-06 10:25:00-04:00,383.79998779296875,384.6000061035156,383.57000732421875,384.1000061035156,353965,0
2026-07-06 10:30:00-04:00,384.0899963378906,384.2900085449219,382.7099914550781,382.739990234375,331125,0
2026-07-06 10:35:00-04:00,382.7650146484375,383.8399963378906,382.57000732421875,383.19000244140625,410228,0
2026-07-06 10:40:00-04:00,383.135009765625,384.760009765625,383.0799865722656,384.1300048828125,426114,0
2026-07-06 10:45:00-04:00,384.1400146484375,384.8599853515625,383.8800048828125,384.69500732421875,275004,0
2026-07-06 10:50:00-04:00,384.7157897949219,384.92999267578125,384.0199890136719,384.6099853515625,402511,0
2026-07-06 10:55:00-04:00,384.5899963378906,385.260009765625,384.3900146484375,385.2300109863281,294421,0
2026-07-06 11:00:00-04:00,385.2300109863281,385.70001220703125,385.0199890136719,385.4549865722656,298424,0
2026-07-06 11:05:00-04:00,385.42498779296875,385.75,385.1300048828125,385.42999267578125,262931,0
2026-07-06 11:10:00-04:00,385.4200134277344,386.19000244140625,385.32000732421875,385.8399963378906,266383,0
2026-07-06 11:15:00-04:00,385.8399963378906,386.19000244140625,385.3399963378906,385.69000244140625,266821,0
2026-07-06 11:20:00-04:00,385.69500732421875,386.29998779296875,385.57000732421875,386.2300109863281,213858,0
2026-07-06 11:25:00-04:00,386.260009765625,386.8800048828125,385.7799987792969,386.7699890136719,310564,0
2026-07-06 11:30:00-04:00,386.7001037597656,387.010009765625,386.340087890625,386.60430908203125,251061,0
2026-07-06 11:35:00-04:00,386.57000732421875,386.82000732421875,386.30999755859375,386.5350036621094,240831,0
2026-07-06 11:40:00-04:00,386.55999755859375,386.95001220703125,386.3500061035156,386.5849914550781,282674,0
2026-07-06 11:45:00-04:00,386.57501220703125,386.6799011230469,386.239990234375,386.4200134277344,220687,0
2026-07-06 11:50:00-04:00,386.45001220703125,386.7099914550781,386.1199951171875,386.4399108886719,218817,0
2026-07-06 11:55:00-04:00,386.3500061035156,386.8450012207031,386.0,386.05499267578125,212461,0
2026-07-06 12:00:00-04:00,386.0799865722656,386.29998779296875,385.3500061035156,385.3900146484375,251351,0
2026-07-06 12:05:00-04:00,385.4200134277344,386.1700134277344,385.3599853515625,385.7099914550781,270805,0
2026-07-06 12:10:00-04:00,385.7099914550781,385.7799987792969,384.29998779296875,384.55999755859375,304203,0
2026-07-06 12:15:00-04:00,384.55999755859375,384.75,383.75,384.04998779296875,299703,0
2026-07-06 12:20:00-04:00,384.0450134277344,384.3999938964844,383.8800048828125,384.1099853515625,220534,0
2026-07-06 12:25:00-04:00,384.0799865722656,384.239990234375,383.6700134277344,384.0299987792969,210261,0
2026-07-06 12:30:00-04:00,384.05999755859375,384.3800048828125,383.8599853515625,384.2950134277344,196804,0
2026-07-06 12:35:00-04:00,384.2950134277344,384.8799133300781,384.2900085449219,384.5050048828125,955057,0
2026-07-06 12:40:00-04:00,384.5400085449219,384.8900146484375,384.4200134277344,384.75,147074,0
2026-07-06 12:45:00-04:00,384.79998779296875,385.29998779296875,384.6600036621094,384.8900146484375,195015,0
2026-07-06 12:50:00-04:00,384.8999938964844,385.0799865722656,384.82000732421875,384.94879150390625,148988,0
2026-07-06 12:55:00-04:00,384.9400939941406,385.25,384.8700866699219,385.05999755859375,177251,0
2026-07-06 13:00:00-04:00,385.07000732421875,386.1499938964844,385.07000732421875,385.89788818359375,252145,0
2026-07-06 13:05:00-04:00,385.864990234375,386.0899963378906,385.57000732421875,385.7049865722656,162333,0
2026-07-06 13:10:00-04:00,385.7049865722656,385.9200134277344,385.6000061035156,385.7705993652344,121633,0
2026-07-06 13:15:00-04:00,385.79998779296875,386.1000061035156,385.6499938964844,385.7799987792969,170797,0
2026-07-06 13:20:00-04:00,385.77899169921875,385.8699951171875,385.29998779296875,385.4700012207031,167167,0
2026-07-06 13:25:00-04:00,385.5050048828125,386.135009765625,385.5050048828125,385.80999755859375,157729,0
2026-07-06 13:30:00-04:00,385.82501220703125,386.0799865722656,385.5,385.8599853515625,156879,0
2026-07-06 13:35:00-04:00,385.8599853515625,385.8800048828125,385.3699951171875,385.3800964355469,149597,0
2026-07-06 13:40:00-04:00,385.3800048828125,385.489990234375,385.1499938964844,385.3500061035156,127831,0
2026-07-06 13:45:00-04:00,385.32000732421875,385.3500061035156,384.6300048828125,384.8550109863281,210853,0
2026-07-06 13:50:00-04:00,384.8550109863281,385.07000732421875,384.42999267578125,384.4849853515625,142218,0
2026-07-06 13:55:00-04:00,384.4849853515625,384.70001220703125,384.1199951171875,384.6900939941406,221977,0
2026-07-06 14:00:00-04:00,384.7200012207031,384.8500061035156,384.17999267578125,384.3699951171875,223559,0
2026-07-06 14:05:00-04:00,384.3999938964844,385.0799865722656,384.3299865722656,385.0600891113281,207867,0
2026-07-06 14:10:00-04:00,385.07000732421875,385.79998779296875,385.0,385.7099914550781,181993,0
2026-07-06 14:15:00-04:00,385.7799987792969,386.1499938964844,385.6875,385.7349853515625,194715,0
2026-07-06 14:20:00-04:00,385.7349853515625,386.2099914550781,385.6600036621094,386.0899963378906,147340,0
2026-07-06 14:25:00-04:00,386.0899963378906,386.6099853515625,386.0899963378906,386.3399963378906,173980,0
2026-07-06 14:30:00-04:00,386.3800048828125,386.7799987792969,386.3299865722656,386.4200134277344,156338,0
2026-07-06 14:35:00-04:00,386.385009765625,386.5299987792969,386.2300109863281,386.32501220703125,130206,0
2026-07-06 14:40:00-04:00,386.3399963378906,386.4100036621094,385.9800109863281,386.1050109863281,142427,0
2026-07-06 14:45:00-04:00,386.1199951171875,386.29998779296875,385.8599853515625,386.2699890136719,146841,0
2026-07-06 14:50:00-04:00,386.29998779296875,386.5400085449219,385.9100036621094,386.1000061035156,149634,0
2026-07-06 14:55:00-04:00,386.0899963378906,386.0899963378906,385.6000061035156,385.7950134277344,167813,0
2026-07-06 15:00:00-04:00,385.8399963378906,386.0899963378906,385.82000732421875,386.05499267578125,156930,0
2026-07-06 15:05:00-04:00,386.0899963378906,386.2799987792969,385.860107421875,385.92999267578125,183755,0
2026-07-06 15:10:00-04:00,385.9150085449219,386.2699890136719,385.8599853515625,386.19500732421875,241604,0
2026-07-06 15:15:00-04:00,386.20001220703125,386.20001220703125,385.7300109863281,386.1199951171875,234233,0
2026-07-06 15:20:00-04:00,386.1300048828125,386.3699951171875,385.9849853515625,386.239990234375,197192,0
2026-07-06 15:25:00-04:00,386.260009765625,386.5400085449219,386.19000244140625,386.30999755859375,629501,0
2026-07-06 15:30:00-04:00,386.29998779296875,386.6000061035156,386.06500244140625,386.2049865722656,237350,0
2026-07-06 15:35:00-04:00,386.2300109863281,386.4100036621094,385.9649963378906,386.3500061035156,225725,0
2026-07-06 15:40:00-04:00,386.3500061035156,386.739990234375,386.1700134277344,386.7200012207031,232457,0
2026-07-06 15:45:00-04:00,386.7099914550781,387.20001220703125,386.6199951171875,387.06500244140625,329565,0
2026-07-06 15:50:00-04:00,387.0899963378906,387.0899963378906,386.2799987792969,386.4549865722656,502129,0
2026-07-06 15:55:00-04:00,386.489990234375,386.95001220703125,386.30999755859375,386.8999938964844,1326646,0
2026-07-07 09:30:00-04:00,392.5400085449219,394.5799865722656,391.4277038574219,392.739990234375,2446500,0
2026-07-07 09:35:00-04:00,392.760009765625,394.0199890136719,392.0299987792969,393.3599853515625,887148,0
2026-07-07 09:40:00-04:00,393.3843994140625,393.5190124511719,388.5299987792969,390.2799987792969,584500,0
2026-07-07 09:45:00-04:00,390.2799987792969,392.3299865722656,389.8800048828125,391.6700134277344,513471,0
2026-07-07 09:50:00-04:00,391.8699951171875,393.75,391.4700012207031,393.45001220703125,411068,0
2026-07-07 09:55:00-04:00,393.54998779296875,394.75,392.8500061035156,393.45001220703125,620311,0
2026-07-07 10:00:00-04:00,393.4599914550781,393.4599914550781,391.5,392.489990234375,433385,0
2026-07-07 10:05:00-04:00,392.42999267578125,392.7300109863281,391.5199890136719,391.6400146484375,357227,0
2026-07-07 10:10:00-04:00,391.6449890136719,393.3599853515625,391.55010986328125,392.989990234375,398959,0
2026-07-07 10:15:00-04:00,392.94500732421875,395.1099853515625,392.45001220703125,395.04998779296875,598936,0
2026-07-07 10:20:00-04:00,395.05999755859375,395.57000732421875,393.41900634765625,394.3598937988281,523608,0
2026-07-07 10:25:00-04:00,394.3599853515625,394.3699951171875,393.04998779296875,393.9200134277344,940812,0
2026-07-07 10:30:00-04:00,393.87750244140625,394.8800048828125,393.6000061035156,394.135009765625,369651,0
2026-07-07 10:35:00-04:00,394.135009765625,394.6400146484375,392.5899963378906,392.75,458270,0
2026-07-07 10:40:00-04:00,392.7099914550781,393.9599914550781,392.3699951171875,393.94500732421875,331156,0
2026-07-07 10:45:00-04:00,393.94500732421875,394.2699890136719,391.79998779296875,392.7349853515625,301605,0
2026-07-07 10:50:00-04:00,392.7898864746094,393.239990234375,391.4700012207031,391.8299865722656,396772,0
2026-07-07 10:55:00-04:00,391.82501220703125,392.760009765625,391.7099914550781,391.8999938964844,298875,0
2026-07-07 11:00:00-04:00,391.92999267578125,393.17999267578125,391.7850036621094,392.9419860839844,351340,0
2026-07-07 11:05:00-04:00,392.9551086425781,394.0799865722656,392.8349914550781,393.2149963378906,307346,0
2026-07-07 11:10:00-04:00,393.19000244140625,393.2149963378906,391.92388916015625,391.9750061035156,230199,0
2026-07-07 11:15:00-04:00,391.9750061035156,393.3599853515625,391.9100036621094,393.20001220703125,216896,0
2026-07-07 11:20:00-04:00,393.239990234375,393.7898864746094,392.9599914550781,393.5299072265625,252443,0
2026-07-07 11:25:00-04:00,393.54998779296875,393.70989990234375,393.1700134277344,393.3800048828125,184613,0
2026-07-07 11:30:00-04:00,393.3900146484375,393.8699951171875,392.5,392.5950012207031,278003,0
2026-07-07 11:35:00-04:00,392.57000732421875,393.1700134277344,392.5,392.760009765625,223104,0
2026-07-07 11:40:00-04:00,392.7099914550781,393.4100036621094,392.6099853515625,393.3949890136719,174627,0
2026-07-07 11:45:00-04:00,393.3949890136719,393.7200012207031,393.04998779296875,393.44500732421875,215651,0
2026-07-07 11:50:00-04:00,393.4302978515625,393.6300048828125,392.8999938964844,393.03948974609375,198228,0
2026-07-07 11:55:00-04:00,393.05999755859375,394.1499938964844,392.8299865722656,393.7250061035156,316177,0
2026-07-07 12:00:00-04:00,393.7250061035156,394.1099853515625,393.2900085449219,393.44000244140625,209017,0
2026-07-07 12:05:00-04:00,393.41009521484375,394.04998779296875,393.3699951171875,393.9750061035156,184312,0
2026-07-07 12:10:00-04:00,393.9750061035156,394.2699890136719,393.04998779296875,393.2149963378906,399664,0
2026-07-07 12:15:00-04:00,393.2149963378906,394.3800048828125,392.7099914550781,393.3900146484375,318844,0
2026-07-07 12:20:00-04:00,393.42498779296875,394.2900085449219,393.1700134277344,394.1700134277344,278395,0
2026-07-07 12:25:00-04:00,394.20001220703125,394.3399963378906,393.739990234375,394.05999755859375,335527,0
2026-07-07 12:30:00-04:00,394.1300048828125,394.322998046875,393.57861328125,393.760009765625,243446,0
2026-07-07 12:35:00-04:00,393.8500061035156,394.8299865722656,393.69110107421875,394.5899963378906,262243,0
2026-07-07 12:40:00-04:00,394.614990234375,394.8500061035156,394.17999267578125,394.2250061035156,239936,0
2026-07-07 12:45:00-04:00,394.2250061035156,394.6499938964844,394.0299987792969,394.57000732421875,141261,0
2026-07-07 12:50:00-04:00,394.6199035644531,394.6400146484375,393.92999267578125,394.25,147633,0
2026-07-07 12:55:00-04:00,394.29998779296875,394.5799865722656,393.94000244140625,394.04998779296875,173726,0
2026-07-07 13:00:00-04:00,394.04998779296875,394.30999755859375,393.80999755859375,394.25,136619,0
2026-07-07 13:05:00-04:00,394.2250061035156,394.2900085449219,393.3500061035156,393.6400146484375,175225,0
2026-07-07 13:10:00-04:00,393.625,394.2900085449219,393.4849853515625,393.54998779296875,144363,0
2026-07-07 13:15:00-04:00,393.5299987792969,393.5747985839844,392.95001220703125,393.3900146484375,168191,0
2026-07-07 13:20:00-04:00,393.4200134277344,393.8500061035156,393.30999755859375,393.55999755859375,175299,0
2026-07-07 13:25:00-04:00,393.5950012207031,393.7900085449219,393.3599853515625,393.5950012207031,134351,0
2026-07-07 13:30:00-04:00,393.5950012207031,393.5950012207031,392.760009765625,392.831298828125,156681,0
2026-07-07 13:35:00-04:00,392.79998779296875,393.32000732421875,392.7550048828125,392.9750061035156,135786,0
2026-07-07 13:40:00-04:00,392.9750061035156,393.3299865722656,392.9599914550781,393.0469970703125,119576,0
2026-07-07 13:45:00-04:00,393.0400085449219,393.1300048828125,392.55999755859375,392.67498779296875,138809,0
2026-07-07 13:50:00-04:00,392.67999267578125,392.8349914550781,392.37750244140625,392.4849853515625,120404,0
2026-07-07 13:55:00-04:00,392.5,393.0400085449219,392.2699890136719,392.81500244140625,195870,0
2026-07-07 14:00:00-04:00,392.8399963378906,393.3699951171875,392.7699890136719,393.19500732421875,210014,0
2026-07-07 14:05:00-04:00,393.1499938964844,393.3900146484375,392.6000061035156,392.7449951171875,154318,0
2026-07-07 14:10:00-04:00,392.7449951171875,392.8599853515625,392.55999755859375,392.6400146484375,155666,0
2026-07-07 14:15:00-04:00,392.6400146484375,393.1000061035156,392.55999755859375,392.7749938964844,157841,0
2026-07-07 14:20:00-04:00,392.80999755859375,392.80999755859375,392.1499938964844,392.1654052734375,634687,0
2026-07-07 14:25:00-04:00,392.1549987792969,392.1600036621094,391.7101135253906,391.82501220703125,175927,0
2026-07-07 14:30:00-04:00,391.8500061035156,391.8500061035156,391.4200134277344,391.5899963378906,188923,0
2026-07-07 14:35:00-04:00,391.6099853515625,392.0537109375,391.5899963378906,391.7950134277344,151813,0
2026-07-07 14:40:00-04:00,391.79998779296875,392.0299987792969,391.70001220703125,391.7867126464844,115627,0
2026-07-07 14:45:00-04:00,391.80999755859375,391.8900146484375,390.90008544921875,391.17498779296875,182439,0
2026-07-07 14:50:00-04:00,391.2099914550781,391.2200012207031,390.6600036621094,390.9601135253906,155489,0
2026-07-07 14:55:00-04:00,390.9599914550781,391.17999267578125,390.7699890136719,391.0199890136719,174661,0
2026-07-07 15:00:00-04:00,391.0199890136719,391.05999755859375,390.5450134277344,390.7049865722656,245237,0
2026-07-07 15:05:00-04:00,390.7200012207031,390.7200012207031,390.2799987792969,390.32000732421875,186602,0
2026-07-07 15:10:00-04:00,390.32000732421875,390.44000244140625,389.8500061035156,389.8800048828125,237664,0
2026-07-07 15:15:00-04:00,389.8800964355469,389.9100036621094,389.41009521484375,389.82000732421875,240699,0
2026-07-07 15:20:00-04:00,389.7921142578125,390.39990234375,389.760009765625,390.39990234375,289544,0
2026-07-07 15:25:00-04:00,390.3550109863281,390.3550109863281,389.4599914550781,389.5,235005,0
2026-07-07 15:30:00-04:00,389.5400085449219,390.1000061035156,389.2099914550781,389.94500732421875,253877,0
2026-07-07 15:35:00-04:00,389.9200134277344,390.1600036621094,389.54998779296875,389.6650085449219,219110,0
2026-07-07 15:40:00-04:00,389.6799011230469,389.8399963378906,389.04998779296875,389.1300048828125,245685,0
2026-07-07 15:45:00-04:00,389.1199951171875,389.4100036621094,388.5400085449219,388.75,281124,0
2026-07-07 15:50:00-04:00,388.7699890136719,389.1199951171875,388.4800109863281,388.92999267578125,481135,0
2026-07-07 15:55:00-04:00,388.9049987792969,389.1400146484375,388.2200012207031,388.8299865722656,1112790,0
2026-07-08 09:30:00-04:00,384.07501220703125,384.5899963378906,381.67999267578125,382.989990234375,2044560,0
2026-07-08 09:35:00-04:00,383.1199951171875,384.7799987792969,382.1000061035156,384.69500732421875,531834,0
2026-07-08 09:40:00-04:00,384.6400146484375,385.2900085449219,383.7099914550781,384.44500732421875,452942,0
2026-07-08 09:45:00-04:00,384.44500732421875,384.7099914550781,383.20001220703125,383.65960693359375,320136,0
2026-07-08 09:50:00-04:00,383.6700134277344,384.0799865722656,382.510009765625,382.5519104003906,283935,0
2026-07-08 09:55:00-04:00,382.60150146484375,384.1622009277344,382.3299865722656,383.20001220703125,287442,0
2026-07-08 10:00:00-04:00,383.1499938964844,383.96990966796875,382.92999267578125,383.3599853515625,274650,0
2026-07-08 10:05:00-04:00,383.29998779296875,384.510009765625,383.29998779296875,384.05999755859375,229743,0
2026-07-08 10:10:00-04:00,384.0299987792969,384.0423889160156,382.3500061035156,382.3500061035156,309665,0
2026-07-08 10:15:00-04:00,382.3399963378906,382.38958740234375,381.3299865722656,382.20001220703125,466793,0
2026-07-08 10:20:00-04:00,382.1400146484375,383.07000732421875,382.1000061035156,382.93499755859375,324260,0
2026-07-08 10:25:00-04:00,382.9599914550781,383.1600036621094,382.07000732421875,382.260009765625,288559,0
2026-07-08 10:30:00-04:00,382.2200012207031,382.7799072265625,382.1700134277344,382.67999267578125,216411,0
2026-07-08 10:35:00-04:00,382.67999267578125,382.67999267578125,381.7300109863281,381.9599914550781,344515,0
2026-07-08 10:40:00-04:00,382.01910400390625,383.09991455078125,381.94000244140625,382.92999267578125,199619,0
2026-07-08 10:45:00-04:00,382.9259948730469,383.481689453125,382.6199951171875,383.18499755859375,201514,0
2026-07-08 10:50:00-04:00,383.18499755859375,383.8500061035156,383.17999267578125,383.6400146484375,210045,0
2026-07-08 10:55:00-04:00,383.590087890625,383.6400146484375,382.8800048828125,383.1499938964844,167106,0
2026-07-08 11:00:00-04:00,383.1700134277344,383.25,382.6300048828125,382.67999267578125,185424,0
2026-07-08 11:05:00-04:00,382.6099853515625,383.1400146484375,382.510009765625,382.5924987792969,174027,0
2026-07-08 11:10:00-04:00,382.5799865722656,383.1400146484375,382.4200134277344,382.92401123046875,226009,0
2026-07-08 11:15:00-04:00,382.9200134277344,383.1152038574219,382.3299865722656,382.5199890136719,269176,0
2026-07-08 11:20:00-04:00,382.44000244140625,383.1199951171875,382.2850036621094,382.32000732421875,218889,0
2026-07-08 11:25:00-04:00,382.32000732421875,382.4599914550781,382.05999755859375,382.05999755859375,183248,0
2026-07-08 11:30:00-04:00,382.0675048828125,382.1600036621094,381.55999755859375,382.1400146484375,235371,0
2026-07-08 11:35:00-04:00,382.1099853515625,382.5899963378906,381.9601135253906,382.2900085449219,156743,0
2026-07-08 11:40:00-04:00,382.29998779296875,382.6300048828125,382.0,382.20001220703125,120343,0
2026-07-08 11:45:00-04:00,382.19500732421875,382.55999755859375,382.0400085449219,382.55999755859375,157035,0
2026-07-08 11:50:00-04:00,382.5450134277344,382.760009765625,382.260009765625,382.7449951171875,120792,0
2026-07-08 11:55:00-04:00,382.75,382.94000244140625,382.5199890136719,382.70001220703125,92184,0
2026-07-08 12:00:00-04:00,382.739990234375,382.94000244140625,382.45001220703125,382.5249938964844,106958,0
2026-07-08 12:05:00-04:00,382.5487060546875,382.9700012207031,382.5,382.6300048828125,103674,0
2026-07-08 12:10:00-04:00,382.6000061035156,382.8299865722656,382.3299865722656,382.6099853515625,126451,0
2026-07-08 12:15:00-04:00,382.6099853515625,382.8500061035156,382.5400085449219,382.6000061035156,92732,0
2026-07-08 12:20:00-04:00,382.57000732421875,382.6199951171875,382.0400085449219,382.4012145996094,112092,0
2026-07-08 12:25:00-04:00,382.45001220703125,382.5199890136719,382.2099914550781,382.489990234375,91548,0
2026-07-08 12:30:00-04:00,382.44000244140625,383.239990234375,382.3999938964844,382.6700134277344,160477,0
2026-07-08 12:35:00-04:00,382.6300048828125,382.95001220703125,382.1000061035156,382.55999755859375,116653,0
2026-07-08 12:40:00-04:00,382.3999938964844,383.1798095703125,382.3999938964844,382.7699890136719,140957,0
2026-07-08 12:45:00-04:00,382.7101135253906,382.9695129394531,382.55499267578125,382.7900085449219,116790,0
2026-07-08 12:50:00-04:00,382.8299865722656,382.9100036621094,382.5,382.5899963378906,124312,0
2026-07-08 12:55:00-04:00,382.58990478515625,382.6899108886719,382.0409851074219,382.0799865722656,1180696,0
2026-07-08 13:00:00-04:00,382.0799865722656,382.0799865722656,381.6400146484375,381.8900146484375,220419,0
2026-07-08 13:05:00-04:00,381.8900146484375,382.0098876953125,381.54998779296875,381.62200927734375,165574,0
2026-07-08 13:10:00-04:00,381.6099853515625,382.6700134277344,381.6099853515625,382.4735107421875,181380,0
2026-07-08 13:15:00-04:00,382.5199890136719,382.9700012207031,382.4800109863281,382.8799133300781,137046,0
2026-07-08 13:20:00-04:00,382.8500061035156,383.44000244140625,382.760009765625,383.3699951171875,200100,0
2026-07-08 13:25:00-04:00,383.3550109863281,383.5899963378906,383.25,383.489990234375,113027,0
2026-07-08 13:30:00-04:00,383.489990234375,383.67999267578125,383.3900146484375,383.3999938964844,340812,0
2026-07-08 13:35:00-04:00,383.4049987792969,383.4700012207031,383.0249938964844,383.07501220703125,152583,0
2026-07-08 13:40:00-04:00,383.07501220703125,383.54998779296875,382.9949951171875,383.44000244140625,126091,0
2026-07-08 13:45:00-04:00,383.3999938964844,383.6499938964844,383.2300109863281,383.6300048828125,317941,0
2026-07-08 13:50:00-04:00,383.6160888671875,383.7799987792969,383.4599914550781,383.61529541015625,0,0
2026-07-08 13:55:00-04:00,383.5950012207031,383.6300048828125,383.3599853515625,383.4800109863281,177465,0
2026-07-08 14:00:00-04:00,383.4800109863281,383.95001220703125,383.23028564453125,383.889892578125,196029,0
2026-07-08 14:05:00-04:00,383.8699951171875,384.0400085449219,383.760009765625,383.8500061035156,121505,0
2026-07-08 14:10:00-04:00,383.8299865722656,384.0199890136719,383.6499938964844,383.8312072753906,128932,0
2026-07-08 14:15:00-04:00,383.8492126464844,384.0199890136719,383.6199951171875,383.69000244140625,137798,0
2026-07-08 14:20:00-04:00,383.6400146484375,384.04998779296875,383.43170166015625,383.8999938964844,149790,0
2026-07-08 14:25:00-04:00,383.8800048828125,384.0,383.760009765625,383.8299865722656,98392,0
2026-07-08 14:30:00-04:00,383.864013671875,383.864013671875,383.5199890136719,383.6499938964844,126482,0
2026-07-08 14:35:00-04:00,383.6499938964844,384.54998779296875,383.5201110839844,384.5150146484375,145415,0
2026-07-08 14:40:00-04:00,384.5299987792969,384.55999755859375,384.0799865722656,384.22259521484375,179839,0
2026-07-08 14:45:00-04:00,384.2200012207031,384.4599914550781,384.07000732421875,384.19989013671875,187507,0
2026-07-08 14:50:00-04:00,384.1400146484375,384.1400146484375,383.55999755859375,383.8550109863281,138491,0
2026-07-08 14:55:00-04:00,383.82000732421875,383.94000244140625,383.55999755859375,383.8900146484375,120915,0
2026-07-08 15:00:00-04:00,383.9200134277344,383.95001220703125,383.239990234375,383.2950134277344,130657,0
2026-07-08 15:05:00-04:00,383.29998779296875,383.70001220703125,383.2250061035156,383.25,176384,0
2026-07-08 15:10:00-04:00,383.2749938964844,383.3299865722656,382.9700012207031,383.0400085449219,130560,0
2026-07-08 15:15:00-04:00,383.0400085449219,383.05999755859375,382.6499938964844,383.0,138554,0
2026-07-08 15:20:00-04:00,383.0,383.29998779296875,382.9700927734375,383.2900085449219,127763,0
2026-07-08 15:25:00-04:00,383.29998779296875,383.57000732421875,383.19000244140625,383.46990966796875,139750,0
2026-07-08 15:30:00-04:00,383.45001220703125,383.739990234375,383.1700134277344,383.2699890136719,180530,0
2026-07-08 15:35:00-04:00,383.30999755859375,383.6300048828125,383.20001220703125,383.489990234375,168243,0
2026-07-08 15:40:00-04:00,383.489990234375,383.6600036621094,383.3399963378906,383.4599914550781,164925,0
2026-07-08 15:45:00-04:00,383.42999267578125,383.7300109863281,383.04058837890625,383.3900146484375,288993,0
2026-07-08 15:50:00-04:00,383.3399963378906,383.7300109863281,382.6700134277344,382.7099914550781,448652,0
2026-07-08 15:55:00-04:00,382.74200439453125,383.44500732421875,382.739990234375,383.04998779296875,1197522,0
2026-07-09 09:30:00-04:00,374.45001220703125,375.95001220703125,373.3500061035156,375.8999938964844,2966602,0
2026-07-09 09:35:00-04:00,375.8399963378906,377.05999755859375,375.6300048828125,376.1099853515625,658111,0
2026-07-09 09:40:00-04:00,376.114990234375,378.5,376.114990234375,378.3299865722656,677303,0
2026-07-09 09:45:00-04:00,378.3599853515625,379.04998779296875,377.7200012207031,378.2699890136719,496710,0
2026-07-09 09:50:00-04:00,378.2200012207031,378.4700012207031,377.1300048828125,378.4549865722656,317632,0
2026-07-09 09:55:00-04:00,378.44000244140625,379.32000732421875,377.5,378.5899963378906,350873,0
2026-07-09 10:00:00-04:00,378.6600036621094,378.7919006347656,377.32000732421875,377.55999755859375,376230,0
2026-07-09 10:05:00-04:00,377.56500244140625,377.8999938964844,376.9200134277344,377.16949462890625,464732,0
2026-07-09 10:10:00-04:00,377.1000061035156,377.1000061035156,376.1099853515625,376.2200012207031,452412,0
2026-07-09 10:15:00-04:00,376.2099914550781,376.3500061035156,375.1499938964844,375.30999755859375,547039,0
2026-07-09 10:20:00-04:00,375.29998779296875,376.1600036621094,375.18499755859375,376.1199951171875,395928,0
2026-07-09 10:25:00-04:00,376.1199951171875,376.9200134277344,375.9700012207031,376.5450134277344,324707,0
2026-07-09 10:30:00-04:00,376.5450134277344,377.0400085449219,376.1050109863281,376.70001220703125,243201,0
2026-07-09 10:35:00-04:00,376.75,377.5400085449219,376.3385009765625,377.5400085449219,271982,0
2026-07-09 10:40:00-04:00,377.4949951171875,377.59991455078125,376.2900085449219,377.0799865722656,190037,0
2026-07-09 10:45:00-04:00,377.0450134277344,377.6315002441406,376.9700012207031,377.0350036621094,206767,0
2026-07-09 10:50:00-04:00,377.0350036621094,377.8900146484375,377.010009765625,377.8599853515625,274797,0
2026-07-09 10:55:00-04:00,377.8500061035156,378.9100036621094,377.4649963378906,378.9100036621094,280677,0
2026-07-09 11:00:00-04:00,378.95001220703125,379.9599914550781,378.8299865722656,379.5199890136719,337948,0
2026-07-09 11:05:00-04:00,379.4700012207031,379.6199951171875,378.9599914550781,379.20001220703125,236113,0
2026-07-09 11:10:00-04:00,379.2900085449219,379.5,378.95001220703125,379.0799865722656,254182,0
2026-07-09 11:15:00-04:00,379.0899963378906,379.75,379.0849914550781,379.6650085449219,205012,0
2026-07-09 11:20:00-04:00,379.67498779296875,380.1499938964844,379.3800048828125,379.989990234375,216858,0
2026-07-09 11:25:00-04:00,380.010009765625,380.2799987792969,379.9200134277344,380.125,220592,0
2026-07-09 11:30:00-04:00,380.1300048828125,380.30999755859375,379.82000732421875,379.8900146484375,173177,0
2026-07-09 11:35:00-04:00,379.9100036621094,380.4159851074219,379.8919982910156,380.3551025390625,208789,0
2026-07-09 11:40:00-04:00,380.364990234375,380.44000244140625,380.1400146484375,380.1650085449219,149662,0
2026-07-09 11:45:00-04:00,380.2099914550781,380.6000061035156,380.1499938964844,380.5799865722656,193650,0
2026-07-09 11:50:00-04:00,380.5899963378906,380.5899963378906,379.93499755859375,380.1099853515625,151092,0
2026-07-09 11:55:00-04:00,380.114990234375,380.5299987792969,379.9298095703125,380.0899963378906,164720,0
2026-07-09 12:00:00-04:00,380.1000061035156,380.20001220703125,379.6199951171875,380.04998779296875,140525,0
2026-07-09 12:05:00-04:00,380.0899963378906,380.1600036621094,379.54998779296875,379.67498779296875,138869,0
2026-07-09 12:10:00-04:00,379.6499938964844,379.7799987792969,379.3599853515625,379.43499755859375,169913,0
2026-07-09 12:15:00-04:00,379.4100036621094,379.5400085449219,378.9501037597656,379.1099853515625,157666,0
2026-07-09 12:20:00-04:00,379.04998779296875,379.7699890136719,379.0450134277344,379.5,139572,0
2026-07-09 12:25:00-04:00,379.5,379.8699951171875,379.4750061035156,379.6700134277344,136578,0
2026-07-09 12:30:00-04:00,379.659912109375,379.9100036621094,379.5,379.7300109863281,110830,0
2026-07-09 12:35:00-04:00,379.7200012207031,380.1300048828125,379.70001220703125,380.1000061035156,108467,0
2026-07-09 12:40:00-04:00,380.1000061035156,380.1499938964844,379.60699462890625,379.6600036621094,123633,0
2026-07-09 12:45:00-04:00,379.67999267578125,379.8699951171875,379.25,379.5199890136719,155305,0
2026-07-09 12:50:00-04:00,379.5299987792969,379.6600036621094,379.1700134277344,379.2799987792969,136654,0
2026-07-09 12:55:00-04:00,379.260009765625,379.6300048828125,379.19000244140625,379.4200134277344,155203,0
2026-07-09 13:00:00-04:00,379.44000244140625,379.92919921875,379.3999938964844,379.75,307258,0
2026-07-09 13:05:00-04:00,379.7699890136719,379.80999755859375,379.5799865722656,379.6000061035156,120564,0
2026-07-09 13:10:00-04:00,379.6099853515625,379.8900146484375,379.5400085449219,379.55999755859375,132055,0
2026-07-09 13:15:00-04:00,379.5899963378906,380.2799987792969,379.5299987792969,380.260009765625,207833,0
2026-07-09 13:20:00-04:00,380.260009765625,380.7200012207031,380.260009765625,380.57000732421875,165095,0
2026-07-09 13:25:00-04:00,380.54998779296875,380.9100036621094,380.5,380.83349609375,129378,0
2026-07-09 13:30:00-04:00,380.81298828125,380.9100036621094,380.4200134277344,380.7900085449219,136220,0
2026-07-09 13:35:00-04:00,380.7900085449219,380.79998779296875,380.2799987792969,380.375,177826,0
2026-07-09 13:40:00-04:00,380.375,380.6700134277344,380.2538146972656,380.5799865722656,205941,0
2026-07-09 13:45:00-04:00,380.6050109863281,380.6600036621094,380.42999267578125,380.5849914550781,136963,0
2026-07-09 13:50:00-04:00,380.6099853515625,380.75,380.45001220703125,380.6000061035156,172139,0
2026-07-09 13:55:00-04:00,380.57501220703125,380.6700134277344,380.29998779296875,380.6499938964844,168572,0
2026-07-09 14:00:00-04:00,380.69000244140625,381.1499938964844,380.510009765625,381.1300048828125,248311,0
2026-07-09 14:05:00-04:00,381.1099853515625,381.1300048828125,380.5199890136719,380.55999755859375,149200,0
2026-07-09 14:10:00-04:00,380.5299987792969,381.25,380.510009765625,381.0249938964844,136553,0
2026-07-09 14:15:00-04:00,381.0201110839844,381.1000061035156,380.4700012207031,380.67999267578125,157140,0
2026-07-09 14:20:00-04:00,380.6499938964844,380.7699890136719,380.5400085449219,380.6700134277344,112566,0
2026-07-09 14:25:00-04:00,380.67999267578125,380.80999755859375,380.3699951171875,380.6400146484375,155075,0
2026-07-09 14:30:00-04:00,380.6600036621094,380.8299865722656,380.5299987792969,380.635009765625,144572,0
2026-07-09 14:35:00-04:00,380.625,380.8699951171875,380.6000061035156,380.6700134277344,119384,0
2026-07-09 14:40:00-04:00,380.6549987792969,380.94000244140625,380.5199890136719,380.7950134277344,924865,0
2026-07-09 14:45:00-04:00,380.760009765625,380.885009765625,380.53009033203125,380.885009765625,168112,0
2026-07-09 14:50:00-04:00,380.885009765625,380.8999938964844,380.4200134277344,380.6300048828125,200519,0
2026-07-09 14:55:00-04:00,380.635009765625,380.8699951171875,380.5299987792969,380.7900085449219,173483,0
2026-07-09 15:00:00-04:00,380.7860107421875,381.8900146484375,380.739990234375,381.7499084472656,220140,0
2026-07-09 15:05:00-04:00,381.7300109863281,381.760009765625,381.30999755859375,381.5,157542,0
2026-07-09 15:10:00-04:00,381.510009765625,381.760009765625,381.3999938964844,381.46148681640625,125552,0
2026-07-09 15:15:00-04:00,381.4599914550781,381.8399963378906,381.44500732421875,381.614990234375,359095,0
2026-07-09 15:20:00-04:00,381.6099853515625,381.8500061035156,381.41009521484375,381.7799987792969,156122,0
2026-07-09 15:25:00-04:00,381.7749938964844,382.4200134277344,381.7749938964844,382.385009765625,308150,0
2026-07-09 15:30:00-04:00,382.385009765625,383.19000244140625,382.3500061035156,383.1600036621094,309435,0
2026-07-09 15:35:00-04:00,383.17999267578125,383.5,382.80999755859375,383.07501220703125,313776,0
2026-07-09 15:40:00-04:00,383.04998779296875,383.3500061035156,382.8999938964844,383.3399963378906,219242,0
2026-07-09 15:45:00-04:00,383.3299865722656,383.6499938964844,383.07000732421875,383.3999938964844,407125,0
2026-07-09 15:50:00-04:00,383.4200134277344,384.55999755859375,383.3599853515625,384.5400085449219,690331,0
2026-07-09 15:55:00-04:00,384.55999755859375,384.6499938964844,383.9200134277344,384.3500061035156,1307435,0
2026-07-10 09:30:00-04:00,387.79998779296875,390.1099853515625,386.3550109863281,389.5400085449219,1833258,0
2026-07-10 09:35:00-04:00,389.4620056152344,391.875,389.1600036621094,389.99951171875,772060,0
2026-07-10 09:40:00-04:00,389.87860107421875,390.05999755859375,386.6000061035156,386.82000732421875,469814,0
2026-07-10 09:45:00-04:00,386.8800048828125,386.94989013671875,385.6600036621094,385.6700134277344,427250,0
2026-07-10 09:50:00-04:00,385.7300109863281,386.4599914550781,384.7749938964844,385.7200012207031,382818,0
2026-07-10 09:55:00-04:00,385.7149963378906,386.4773864746094,385.0199890136719,385.04998779296875,279597,0
2026-07-10 10:00:00-04:00,385.04998779296875,385.19000244140625,383.489990234375,384.30999755859375,484830,0
2026-07-10 10:05:00-04:00,384.3226013183594,385.3299865722656,384.2699890136719,385.03509521484375,298190,0
2026-07-10 10:10:00-04:00,385.0899963378906,385.6300048828125,384.9501037597656,385.0,310980,0
2026-07-10 10:15:00-04:00,385.0,385.9200134277344,384.8500061035156,385.25,212036,0
2026-07-10 10:20:00-04:00,385.3702087402344,385.44720458984375,384.3168029785156,384.489990234375,207591,0
2026-07-10 10:25:00-04:00,384.4750061035156,384.4898986816406,383.8500061035156,384.32000732421875,236346,0
2026-07-10 10:30:00-04:00,384.3599853515625,384.5899963378906,381.92999267578125,383.135009765625,466154,0
2026-07-10 10:35:00-04:00,383.05999755859375,383.4049987792969,382.1499938964844,382.94000244140625,221764,0
2026-07-10 10:40:00-04:00,382.9100036621094,383.1700134277344,382.4129943847656,383.1449890136719,186932,0
2026-07-10 10:45:00-04:00,383.11370849609375,383.2099914550781,382.5450134277344,382.8800048828125,152269,0
2026-07-10 10:50:00-04:00,382.8800048828125,383.04998779296875,382.4100036621094,382.465087890625,208043,0
2026-07-10 10:55:00-04:00,382.4200134277344,382.6499938964844,382.30999755859375,382.5350036621094,173149,0
2026-07-10 11:00:00-04:00,382.57000732421875,382.5899963378906,381.7699890136719,381.7799987792969,216919,0
2026-07-10 11:05:00-04:00,381.7799987792969,382.6300048828125,381.5,382.6000061035156,212281,0
2026-07-10 11:10:00-04:00,382.5849914550781,382.95001220703125,382.0799865722656,382.239990234375,162595,0
2026-07-10 11:15:00-04:00,382.2550048828125,382.7699890136719,382.04998779296875,382.6643981933594,242878,0
2026-07-10 11:20:00-04:00,382.6300048828125,383.19000244140625,382.2799987792969,383.19000244140625,201843,0
2026-07-10 11:25:00-04:00,383.2099914550781,383.260009765625,382.3699951171875,382.9100036621094,158733,0
2026-07-10 11:30:00-04:00,382.9100036621094,383.8800048828125,382.8900146484375,383.67999267578125,201276,0
2026-07-10 11:35:00-04:00,383.6549987792969,384.7300109863281,383.5799865722656,383.79998779296875,866000,0
2026-07-10 11:40:00-04:00,383.7900085449219,384.1799011230469,383.5849914550781,383.9649963378906,205463,0
2026-07-10 11:45:00-04:00,383.98760986328125,384.3800048828125,383.489990234375,384.0199890136719,122494,0
2026-07-10 11:50:00-04:00,384.010009765625,384.5,383.9599914550781,384.2300109863281,121010,0
2026-07-10 11:55:00-04:00,384.2300109863281,384.7099914550781,384.04998779296875,384.1449890136719,148092,0
2026-07-10 12:00:00-04:00,384.1700134277344,384.3699951171875,383.82000732421875,383.8949890136719,212249,0
2026-07-10 12:05:00-04:00,383.9100036621094,384.106201171875,383.614990234375,384.0799865722656,174971,0
2026-07-10 12:10:00-04:00,384.1000061035156,384.44000244140625,383.8800048828125,384.4100036621094,162251,0
2026-07-10 12:15:00-04:00,384.3399963378906,385.06988525390625,384.25,384.4200134277344,185063,0
2026-07-10 12:20:00-04:00,384.3800048828125,384.70001220703125,384.0,384.4599914550781,117489,0
2026-07-10 12:25:00-04:00,384.4800109863281,384.7200012207031,384.3699951171875,384.6000061035156,160760,0
2026-07-10 12:30:00-04:00,384.56500244140625,385.2799987792969,384.56500244140625,384.9100036621094,149983,0
2026-07-10 12:35:00-04:00,384.8900146484375,384.989990234375,384.2799987792969,384.5,134237,0
2026-07-10 12:40:00-04:00,384.489990234375,384.8599853515625,384.29998779296875,384.81500244140625,136994,0
2026-07-10 12:45:00-04:00,384.8299865722656,385.17999267578125,384.6499938964844,385.0350036621094,110641,0
2026-07-10 12:50:00-04:00,385.0299987792969,385.3699951171875,384.90008544921875,385.30499267578125,156948,0
2026-07-10 12:55:00-04:00,385.3299865722656,385.739990234375,385.3299865722656,385.67498779296875,161244,0
2026-07-10 13:00:00-04:00,385.67498779296875,385.760009765625,385.360107421875,385.7099914550781,124868,0
2026-07-10 13:05:00-04:00,385.7099914550781,385.760009765625,385.2200012207031,385.32989501953125,114030,0
2026-07-10 13:10:00-04:00,385.32000732421875,385.3500061035156,384.94000244140625,385.2699890136719,609594,0
2026-07-10 13:15:00-04:00,385.2699890136719,385.3399963378906,384.8900146484375,384.92999267578125,98350,0
2026-07-10 13:20:00-04:00,384.9479064941406,384.989990234375,384.4200134277344,384.5150146484375,128661,0
2026-07-10 13:25:00-04:00,384.489990234375,384.54998779296875,384.1000061035156,384.1499938964844,130562,0
2026-07-10 13:30:00-04:00,384.1499938964844,384.4700012207031,384.03009033203125,384.45001220703125,130395,0
2026-07-10 13:35:00-04:00,384.45001220703125,384.6000061035156,383.9599914550781,384.08990478515625,121280,0
2026-07-10 13:40:00-04:00,384.0350036621094,384.1300048828125,383.1225891113281,383.2492980957031,126777,0
2026-07-10 13:45:00-04:00,383.2250061035156,383.531005859375,383.1700134277344,383.31500244140625,90230,0
2026-07-10 13:50:00-04:00,383.32000732421875,383.79998779296875,383.2699890136719,383.67498779296875,87032,0
2026-07-10 13:55:00-04:00,383.6650085449219,383.67999267578125,383.4700012207031,383.5199890136719,75684,0
2026-07-10 14:00:00-04:00,383.510009765625,383.7799987792969,383.42999267578125,383.7200012207031,114093,0
2026-07-10 14:05:00-04:00,383.7149963378906,384.1000061035156,383.6300048828125,383.9800109863281,152285,0
2026-07-10 14:10:00-04:00,383.9938049316406,384.1000061035156,383.75,383.8399963378906,573978,0
2026-07-10 14:15:00-04:00,383.8399963378906,384.07501220703125,383.70001220703125,383.8900146484375,128510,0
2026-07-10 14:20:00-04:00,383.92999267578125,384.44000244140625,383.8699951171875,384.4200134277344,129940,0
2026-07-10 14:25:00-04:00,384.4100036621094,385.19000244140625,384.4100036621094,385.05999755859375,222837,0
2026-07-10 14:30:00-04:00,385.0299987792969,385.6099853515625,384.9800109863281,385.3351135253906,151124,0
2026-07-10 14:35:00-04:00,385.3349914550781,385.46990966796875,385.1600036621094,385.3299865722656,97476,0
2026-07-10 14:40:00-04:00,385.3200988769531,385.55999755859375,385.2001037597656,385.4700012207031,400643,0
2026-07-10 14:45:00-04:00,385.44000244140625,385.45001220703125,385.17498779296875,385.19000244140625,119334,0
2026-07-10 14:50:00-04:00,385.1700134277344,385.1700134277344,384.80999755859375,384.94000244140625,132889,0
2026-07-10 14:55:00-04:00,384.94500732421875,385.19000244140625,384.7749938964844,384.9800109863281,108929,0
2026-07-10 15:00:00-04:00,385.0,385.2900085449219,384.8699951171875,385.2300109863281,115874,0
2026-07-10 15:05:00-04:00,385.2300109863281,385.57000732421875,385.1300048828125,385.510009765625,137076,0
2026-07-10 15:10:00-04:00,385.5,385.6400146484375,385.3100891113281,385.3799133300781,140277,0
2026-07-10 15:15:00-04:00,385.3500061035156,385.5299987792969,385.19000244140625,385.34100341796875,214603,0
2026-07-10 15:20:00-04:00,385.340087890625,385.3699035644531,385.1000061035156,385.1449890136719,152924,0
2026-07-10 15:25:00-04:00,385.110107421875,385.29998779296875,385.04998779296875,385.1199951171875,149391,0
2026-07-10 15:30:00-04:00,385.10150146484375,385.1600036621094,384.8599853515625,385.07501220703125,151518,0
2026-07-10 15:35:00-04:00,385.0899963378906,385.3450012207031,384.9800109863281,385.1650085449219,166548,0
2026-07-10 15:40:00-04:00,385.1650085449219,385.19989013671875,384.7799987792969,384.9100036621094,186885,0
2026-07-10 15:45:00-04:00,384.82501220703125,385.2669982910156,384.7850036621094,384.9800109863281,177291,0
2026-07-10 15:50:00-04:00,384.989990234375,385.510009765625,384.9800109863281,385.1050109863281,356783,0
2026-07-10 15:55:00-04:00,385.1400146484375,385.7099914550781,384.7799987792969,385.0799865722656,856285,0
2026-07-13 09:30:00-04:00,387.7250061035156,391.04998779296875,386.42999267578125,387.2149963378906,1493339,0
2026-07-13 09:35:00-04:00,387.81500244140625,389.6700134277344,387.6534118652344,389.4100036621094,472780,0
2026-07-13 09:40:00-04:00,389.4198913574219,389.8699951171875,388.79998779296875,389.6899108886719,371498,0
2026-07-13 09:45:00-04:00,389.6499938964844,389.6499938964844,387.30999755859375,387.6199951171875,403261,0
2026-07-13 09:50:00-04:00,387.68951416015625,387.6899108886719,385.6300048828125,387.30999755859375,460645,0
2026-07-13 09:55:00-04:00,387.3299865722656,387.94000244140625,387.0,387.31500244140625,317123,0
2026-07-13 10:00:00-04:00,387.3500061035156,387.7099914550781,386.5400085449219,386.8900146484375,308132,0
2026-07-13 10:05:00-04:00,386.8599853515625,387.1499938964844,384.57000732421875,385.69000244140625,456822,0
2026-07-13 10:10:00-04:00,385.69000244140625,386.2799987792969,385.25,385.8450012207031,288550,0
2026-07-13 10:15:00-04:00,385.9100036621094,386.42999267578125,384.4800109863281,385.5299987792969,386622,0
2026-07-13 10:20:00-04:00,385.5299987792969,385.7200012207031,384.1700134277344,384.57000732421875,341121,0
2026-07-13 10:25:00-04:00,384.54998779296875,385.8500061035156,384.1499938964844,385.6000061035156,274570,0
2026-07-13 10:30:00-04:00,385.6600036621094,386.1700134277344,385.4200134277344,385.6199951171875,246558,0
2026-07-13 10:35:00-04:00,385.625,386.25,385.5610046386719,385.95001220703125,188306,0
2026-07-13 10:40:00-04:00,386.0,386.2300109863281,385.7099914550781,385.79998779296875,207472,0
2026-07-13 10:45:00-04:00,385.79998779296875,388.3999938964844,385.5799865722656,388.364990234375,370855,0
2026-07-13 10:50:00-04:00,388.4100036621094,389.07000732421875,388.05499267578125,389.0450134277344,376463,0
2026-07-13 10:55:00-04:00,389.0,389.69000244140625,388.9200134277344,389.42498779296875,284528,0
2026-07-13 11:00:00-04:00,389.4700012207031,390.1510925292969,389.30999755859375,389.45001220703125,368502,0
2026-07-13 11:05:00-04:00,389.510009765625,390.2799987792969,389.42999267578125,390.0400085449219,323303,0
2026-07-13 11:10:00-04:00,390.07000732421875,390.6499938964844,389.760009765625,389.80999755859375,257888,0
2026-07-13 11:15:00-04:00,389.80999755859375,390.70001220703125,389.6000061035156,390.489990234375,226103,0
2026-07-13 11:20:00-04:00,390.5150146484375,391.04998779296875,390.4700012207031,390.7200012207031,238016,0
2026-07-13 11:25:00-04:00,390.7200012207031,391.1400146484375,390.260009765625,391.0400085449219,221148,0
2026-07-13 11:30:00-04:00,391.0400085449219,391.25,390.6000061035156,390.635009765625,214664,0
2026-07-13 11:35:00-04:00,390.6400146484375,391.1199951171875,390.5,390.5899963378906,222435,0
2026-07-13 11:40:00-04:00,390.659912109375,391.2099914550781,390.5,390.9700012207031,216453,0
2026-07-13 11:45:00-04:00,390.9700012207031,391.1600036621094,390.7001037597656,391.1300048828125,164902,0
2026-07-13 11:50:00-04:00,391.0950012207031,391.1199951171875,390.7099914550781,390.8800048828125,261437,0
2026-07-13 11:55:00-04:00,390.8800048828125,391.010009765625,390.3800048828125,390.6000061035156,239171,0
2026-07-13 12:00:00-04:00,390.55999755859375,390.9800109863281,390.30999755859375,390.3800964355469,207956,0
2026-07-13 12:05:00-04:00,390.44000244140625,390.6499938964844,390.30999755859375,390.489990234375,175066,0
2026-07-13 12:10:00-04:00,390.5350036621094,391.010009765625,390.42999267578125,390.7200012207031,259215,0
2026-07-13 12:15:00-04:00,390.760009765625,391.45001220703125,390.6499938964844,391.32501220703125,291348,0
2026-07-13 12:20:00-04:00,391.3500061035156,392.2300109863281,391.0899963378906,392.2099914550781,310166,0
2026-07-13 12:25:00-04:00,392.2799987792969,392.44500732421875,391.7699890136719,392.2900085449219,284116,0
2026-07-13 12:30:00-04:00,392.3299865722656,392.3299865722656,391.6600036621094,392.1000061035156,682415,0
2026-07-13 12:35:00-04:00,392.07000732421875,392.8399963378906,391.57000732421875,392.4100036621094,268014,0
2026-07-13 12:40:00-04:00,392.4045104980469,393.3599853515625,392.1499938964844,392.67999267578125,268197,0
2026-07-13 12:45:00-04:00,392.6700134277344,393.239990234375,392.4599914550781,393.2200012207031,241340,0
2026-07-13 12:50:00-04:00,393.18499755859375,393.2200012207031,392.57000732421875,392.57000732421875,197972,0
2026-07-13 12:55:00-04:00,392.57000732421875,393.07000732421875,392.4700012207031,393.0249938964844,170110,0
2026-07-13 13:00:00-04:00,393.0249938964844,393.2200012207031,392.70001220703125,392.760009765625,252803,0
2026-07-13 13:05:00-04:00,392.82000732421875,393.2900085449219,392.739990234375,393.2799987792969,178484,0
2026-07-13 13:10:00-04:00,393.2401123046875,393.57000732421875,392.3999938964844,392.7799987792969,239019,0
2026-07-13 13:15:00-04:00,392.7799987792969,393.1600036621094,392.6199951171875,392.6700134277344,180676,0
2026-07-13 13:20:00-04:00,392.6700134277344,392.8599853515625,392.42999267578125,392.5159912109375,169009,0
2026-07-13 13:25:00-04:00,392.57000732421875,392.6499938964844,392.25,392.5350036621094,169199,0
2026-07-13 13:30:00-04:00,392.54998779296875,392.7799987792969,392.3299865722656,392.42498779296875,177041,0
2026-07-13 13:35:00-04:00,392.42919921875,392.7799987792969,392.07000732421875,392.7550048828125,136895,0
2026-07-13 13:40:00-04:00,392.739990234375,392.7550048828125,392.30999755859375,392.30999755859375,145129,0
2026-07-13 13:45:00-04:00,392.3450012207031,392.6300048828125,392.0799865722656,392.2049865722656,149593,0
2026-07-13 13:50:00-04:00,392.2049865722656,392.2799987792969,391.3699951171875,391.8299865722656,229355,0
2026-07-13 13:55:00-04:00,391.82000732421875,392.0299987792969,391.6099853515625,391.8399963378906,139312,0
2026-07-13 14:00:00-04:00,391.8800048828125,392.55999755859375,391.8399963378906,392.30499267578125,137956,0
2026-07-13 14:05:00-04:00,392.2699890136719,392.5603942871094,392.010009765625,392.2699890136719,151021,0
2026-07-13 14:10:00-04:00,392.260009765625,392.3800048828125,391.94000244140625,392.2900085449219,138694,0
2026-07-13 14:15:00-04:00,392.2515869140625,392.2698974609375,391.9700012207031,392.1000061035156,120431,0
2026-07-13 14:20:00-04:00,392.1000061035156,392.42999267578125,391.9800109863281,392.2650146484375,140295,0
2026-07-13 14:25:00-04:00,392.2799987792969,392.5299987792969,392.07000732421875,392.3699951171875,151031,0
2026-07-13 14:30:00-04:00,392.3699951171875,392.6600036621094,392.1499938964844,392.39990234375,186543,0
2026-07-13 14:35:00-04:00,392.364990234375,392.80999755859375,392.364990234375,392.79998779296875,162335,0
2026-07-13 14:40:00-04:00,392.80999755859375,393.1099853515625,392.6405029296875,392.989990234375,238599,0
2026-07-13 14:45:00-04:00,392.989990234375,393.07000732421875,392.5799865722656,393.0400085449219,184277,0
2026-07-13 14:50:00-04:00,393.0350036621094,393.30999755859375,392.8999938964844,393.1001892089844,229384,0
2026-07-13 14:55:00-04:00,393.125,393.6400146484375,392.840087890625,392.8999938964844,337742,0
2026-07-13 15:00:00-04:00,392.8999938964844,393.010009765625,392.6400146484375,392.82000732421875,230124,0
2026-07-13 15:05:00-04:00,392.80999755859375,393.1600036621094,392.739990234375,392.875,221281,0
2026-07-13 15:10:00-04:00,392.8699951171875,392.9200134277344,391.9501037597656,392.0775146484375,228324,0
2026-07-13 15:15:00-04:00,392.05499267578125,392.1299133300781,391.6499938964844,391.75,244835,0
2026-07-13 15:20:00-04:00,391.760009765625,391.9100036621094,391.2200012207031,391.5150146484375,212709,0
2026-07-13 15:25:00-04:00,391.5299987792969,391.5400085449219,390.3599853515625,390.3699951171875,260723,0
2026-07-13 15:30:00-04:00,390.3699951171875,390.45001220703125,389.739990234375,389.8500061035156,349451,0
2026-07-13 15:35:00-04:00,389.8599853515625,390.21990966796875,389.5899963378906,389.8500061035156,348325,0
2026-07-13 15:40:00-04:00,389.8500061035156,390.57000732421875,389.75,390.5150146484375,278445,0
2026-07-13 15:45:00-04:00,390.5199890136719,390.8699951171875,390.2099914550781,390.3800048828125,285260,0
2026-07-13 15:50:00-04:00,390.42999267578125,390.69000244140625,389.80999755859375,389.9100036621094,586737,0
2026-07-13 15:55:00-04:00,389.9200134277344,391.6400146484375,389.9200134277344,390.9800109863281,1208374,0
2026-07-14 09:30:00-04:00,382.5050048828125,382.80029296875,378.6499938964844,381.0249938964844,3192164,0
2026-07-14 09:35:00-04:00,381.1099853515625,382.6600036621094,379.7300109863281,382.3403015136719,672255,0
2026-07-14 09:40:00-04:00,382.385009765625,383.4931945800781,381.7099914550781,382.9100036621094,465920,0
2026-07-14 09:45:00-04:00,382.8999938964844,383.4693908691406,381.70001220703125,383.3900146484375,454697,0
2026-07-14 09:50:00-04:00,383.3900146484375,383.8900146484375,382.239990234375,383.2349853515625,412684,0
2026-07-14 09:55:00-04:00,383.260009765625,385.2699890136719,383.0,385.24249267578125,498808,0
2026-07-14 10:00:00-04:00,385.2200012207031,385.6000061035156,383.3500061035156,383.5799865722656,597227,0
2026-07-14 10:05:00-04:00,383.7182922363281,384.3913879394531,382.79998779296875,384.2650146484375,418894,0
2026-07-14 10:10:00-04:00,384.2650146484375,384.760009765625,383.260009765625,384.7200012207031,311660,0
2026-07-14 10:15:00-04:00,384.7250061035156,384.7409973144531,383.0299987792969,383.42498779296875,399382,0
2026-07-14 10:20:00-04:00,383.4700012207031,384.6499938964844,383.360107421875,384.6050109863281,333320,0
2026-07-14 10:25:00-04:00,384.62359619140625,384.7099914550781,384.0400085449219,384.6549987792969,228614,0
2026-07-14 10:30:00-04:00,384.6099853515625,386.5199890136719,384.4949951171875,385.7601013183594,370458,0
2026-07-14 10:35:00-04:00,385.81500244140625,386.3794860839844,385.2200012207031,386.1300048828125,304563,0
2026-07-14 10:40:00-04:00,386.1700134277344,386.5199890136719,385.57000732421875,385.94000244140625,271929,0
2026-07-14 10:45:00-04:00,385.8900146484375,387.0,385.8301086425781,386.7799987792969,245694,0
2026-07-14 10:50:00-04:00,386.7099914550781,386.9700012207031,386.0950012207031,386.9150085449219,168113,0
2026-07-14 10:55:00-04:00,386.9150085449219,387.7499084472656,386.6000061035156,387.4599914550781,210158,0
2026-07-14 11:00:00-04:00,387.489990234375,387.6600036621094,386.239990234375,387.1700134277344,224090,0
2026-07-14 11:05:00-04:00,387.1000061035156,387.29998779296875,386.8559875488281,387.0174865722656,120975,0
2026-07-14 11:10:00-04:00,387.0400085449219,387.1300048828125,386.0,386.0799865722656,224758,0
2026-07-14 11:15:00-04:00,386.0899963378906,386.2054138183594,385.75,385.7650146484375,195522,0
2026-07-14 11:20:00-04:00,385.76251220703125,386.25,385.6499938964844,386.0849914550781,411476,0
2026-07-14 11:25:00-04:00,386.0849914550781,386.20001220703125,385.45001220703125,385.8500061035156,190686,0
2026-07-14 11:30:00-04:00,385.8599853515625,386.2200012207031,385.8349914550781,385.9649963378906,284874,0
2026-07-14 11:35:00-04:00,385.9649963378906,386.1600036621094,385.1000061035156,385.7300109863281,186267,0
2026-07-14 11:40:00-04:00,385.7598876953125,385.7598876953125,384.69000244140625,384.739990234375,250852,0
2026-07-14 11:45:00-04:00,384.7159118652344,384.9100036621094,384.4100036621094,384.7300109863281,204293,0
2026-07-14 11:50:00-04:00,384.7300109863281,385.42999267578125,384.7300109863281,385.04998779296875,187498,0
2026-07-14 11:55:00-04:00,385.04998779296875,385.1400146484375,384.5,384.7799987792969,200527,0
2026-07-14 12:00:00-04:00,384.7300109863281,384.7398986816406,384.1400146484375,384.32989501953125,132480,0
2026-07-14 12:05:00-04:00,384.2699890136719,384.8800048828125,384.20001220703125,384.8800048828125,127660,0
2026-07-14 12:10:00-04:00,384.8800048828125,385.1600036621094,384.43499755859375,385.125,124860,0
2026-07-14 12:15:00-04:00,385.125,385.4599914550781,384.94000244140625,385.2367858886719,117584,0
2026-07-14 12:20:00-04:00,385.27398681640625,386.0,385.1499938964844,385.93499755859375,155297,0
2026-07-14 12:25:00-04:00,385.93499755859375,386.6499938964844,385.70001220703125,386.6199951171875,214108,0
2026-07-14 12:30:00-04:00,386.6199951171875,386.95001220703125,386.3699951171875,386.94500732421875,162068,0
2026-07-14 12:35:00-04:00,386.92999267578125,387.5,386.8399963378906,387.2300109863281,149348,0
2026-07-14 12:40:00-04:00,387.17010498046875,387.25,386.7300109863281,386.84991455078125,189119,0
2026-07-14 12:45:00-04:00,386.8500061035156,387.2099914550781,386.7099914550781,387.19500732421875,117781,0
2026-07-14 12:50:00-04:00,387.1499938964844,387.4200134277344,387.0,387.3500061035156,130833,0
2026-07-14 12:55:00-04:00,387.3450012207031,387.5994873046875,387.2550048828125,387.54998779296875,120157,0
2026-07-14 13:00:00-04:00,387.5599060058594,388.19000244140625,387.3999938964844,387.5,203395,0
2026-07-14 13:05:00-04:00,387.5799865722656,387.6499938964844,387.0799865722656,387.1600036621094,164146,0
2026-07-14 13:10:00-04:00,387.1300048828125,387.1698913574219,386.4100036621094,386.489990234375,233894,0
2026-07-14 13:15:00-04:00,386.5299987792969,386.6499938964844,386.20001220703125,386.5824890136719,116930,0
2026-07-14 13:20:00-04:00,386.6300048828125,386.8299865722656,386.5,386.7049865722656,287555,0
2026-07-14 13:25:00-04:00,386.67999267578125,386.8699951171875,386.56500244140625,386.7445983886719,90537,0
2026-07-14 13:30:00-04:00,386.7200012207031,387.3399963378906,386.4513854980469,387.1076965332031,133210,0
2026-07-14 13:35:00-04:00,387.0799865722656,387.08990478515625,386.7349853515625,386.80999755859375,148187,0
2026-07-14 13:40:00-04:00,386.8500061035156,387.29998779296875,386.6600036621094,387.2908935546875,111990,0
2026-07-14 13:45:00-04:00,387.2650146484375,387.29998779296875,387.0,387.1199951171875,120618,0
2026-07-14 13:50:00-04:00,387.1099853515625,387.2799987792969,387.0,387.20001220703125,128154,0
2026-07-14 13:55:00-04:00,387.2300109863281,387.4200134277344,387.0199890136719,387.1400146484375,111327,0
2026-07-14 14:00:00-04:00,387.1400146484375,387.6300048828125,387.010009765625,387.5150146484375,147734,0
2026-07-14 14:05:00-04:00,387.4700012207031,387.4971008300781,387.0,387.0400085449219,148758,0
2026-07-14 14:10:00-04:00,387.0400085449219,387.159912109375,386.67999267578125,386.7699890136719,125765,0
2026-07-14 14:15:00-04:00,386.739990234375,386.8500061035156,386.3599853515625,386.3900146484375,102092,0
2026-07-14 14:20:00-04:00,386.3599853515625,387.2398986816406,386.260009765625,386.8800048828125,156283,0
2026-07-14 14:25:00-04:00,386.8299865722656,387.1600036621094,386.739990234375,386.8999938964844,122462,0
2026-07-14 14:30:00-04:00,386.8999938964844,386.95001220703125,386.6499938964844,386.79998779296875,98386,0
2026-07-14 14:35:00-04:00,386.7799987792969,386.8299865722656,386.5,386.6300048828125,116723,0
2026-07-14 14:40:00-04:00,386.6199951171875,386.6400146484375,386.2001037597656,386.5899963378906,203674,0
2026-07-14 14:45:00-04:00,386.6300048828125,386.6400146484375,386.0799865722656,386.1000061035156,128658,0
2026-07-14 14:50:00-04:00,386.1000061035156,386.135009765625,385.3399963378906,385.3399963378906,170141,0
2026-07-14 14:55:00-04:00,385.3399963378906,385.5299987792969,385.25,385.2731018066406,127775,0
2026-07-14 15:00:00-04:00,385.32000732421875,385.6000061035156,384.95001220703125,385.0,180914,0
2026-07-14 15:05:00-04:00,384.989990234375,385.3299865722656,384.989990234375,385.20001220703125,158053,0
2026-07-14 15:10:00-04:00,385.2300109863281,385.82000732421875,385.0799865722656,385.78009033203125,162925,0
2026-07-14 15:15:00-04:00,385.7799987792969,385.80999755859375,385.5,385.7699890136719,166227,0
2026-07-14 15:20:00-04:00,385.7850036621094,385.95001220703125,385.6199951171875,385.94000244140625,136228,0
2026-07-14 15:25:00-04:00,385.94000244140625,386.3500061035156,385.7300109863281,386.1304016113281,165870,0
2026-07-14 15:30:00-04:00,386.1050109863281,386.1099853515625,385.55999755859375,385.56500244140625,210633,0
2026-07-14 15:35:00-04:00,385.5794982910156,385.7200012207031,385.20001220703125,385.260009765625,233532,0
2026-07-14 15:40:00-04:00,385.29998779296875,385.4800109863281,384.7300109863281,385.44500732421875,246203,0
2026-07-14 15:45:00-04:00,385.44500732421875,385.6252136230469,385.1600036621094,385.489990234375,221406,0
2026-07-14 15:50:00-04:00,385.5,386.2294921875,384.8890075683594,385.1099853515625,690259,0
2026-07-14 15:55:00-04:00,385.1099853515625,385.5199890136719,384.79998779296875,384.95001220703125,1463435,0
2026-07-15 09:30:00-04:00,387.79998779296875,390.3299865722656,386.80499267578125,390.260009765625,1501856,0
2026-07-15 09:35:00-04:00,390.3599853515625,391.3800048828125,389.5899963378906,389.92999267578125,785076,0
2026-07-15 09:40:00-04:00,389.9100036621094,390.3900146484375,387.5,387.5151062011719,694531,0
2026-07-15 09:45:00-04:00,387.4700012207031,389.2900085449219,386.3999938964844,388.5950012207031,522039,0
2026-07-15 09:50:00-04:00,388.5799865722656,390.8598937988281,388.29998779296875,390.4200134277344,467991,0
2026-07-15 09:55:00-04:00,390.3900146484375,391.4577941894531,389.3599853515625,389.5400085449219,523492,0
2026-07-15 10:00:00-04:00,389.6000061035156,392.69000244140625,389.5450134277344,392.69000244140625,405577,0
2026-07-15 10:05:00-04:00,392.67999267578125,393.9700012207031,392.67999267578125,393.69000244140625,563124,0
2026-07-15 10:10:00-04:00,393.6700134277344,394.92999267578125,393.5299987792969,394.1600036621094,603021,0
2026-07-15 10:15:00-04:00,394.1400146484375,396.3900146484375,393.3900146484375,396.0249938964844,721314,0
2026-07-15 10:20:00-04:00,396.04998779296875,397.6400146484375,395.739990234375,396.05499267578125,704188,0
2026-07-15 10:25:00-04:00,396.05499267578125,396.260009765625,394.82000732421875,395.0400085449219,490290,0
2026-07-15 10:30:00-04:00,395.010009765625,396.95001220703125,394.9700012207031,396.260009765625,414117,0
2026-07-15 10:35:00-04:00,396.3500061035156,397.70001220703125,396.3500061035156,397.0849914550781,404705,0
2026-07-15 10:40:00-04:00,397.114990234375,397.7900085449219,396.0799865722656,396.260009765625,452307,0
2026-07-15 10:45:00-04:00,396.260009765625,396.739990234375,395.17999267578125,395.3900146484375,520116,0
2026-07-15 10:50:00-04:00,395.3900146484375,395.5299987792969,394.3026123046875,394.32000732421875,460383,0
2026-07-15 10:55:00-04:00,394.4200134277344,395.0498962402344,393.6708068847656,394.0050048828125,328970,0
2026-07-15 11:00:00-04:00,394.05999755859375,394.6300048828125,393.65008544921875,394.2699890136719,407984,0
2026-07-15 11:05:00-04:00,394.2650146484375,395.3695068359375,394.2002868652344,395.2503967285156,344797,0
2026-07-15 11:10:00-04:00,395.2200012207031,396.139892578125,395.1300048828125,395.760009765625,359816,0
2026-07-15 11:15:00-04:00,395.760009765625,396.3399963378906,395.610107421875,396.2699890136719,327953,0
2026-07-15 11:20:00-04:00,396.32000732421875,397.1400146484375,396.32000732421875,396.7799987792969,342694,0
2026-07-15 11:25:00-04:00,396.7650146484375,397.9100036621094,396.5899963378906,396.75,375524,0
2026-07-15 11:30:00-04:00,396.7799987792969,397.4800109863281,395.7799987792969,395.8395080566406,471227,0
2026-07-15 11:35:00-04:00,395.81500244140625,397.25,395.80731201171875,397.1199951171875,376163,0
2026-07-15 11:40:00-04:00,397.0950012207031,397.6099853515625,396.8999938964844,397.1400146484375,294911,0
2026-07-15 11:45:00-04:00,397.1400146484375,397.88909912109375,397.0,397.1199035644531,259901,0
2026-07-15 11:50:00-04:00,397.1199035644531,397.7799987792969,397.05999755859375,397.3800048828125,242044,0
2026-07-15 11:55:00-04:00,397.375,397.8399963378906,396.8500061035156,397.29998779296875,232603,0
2026-07-15 12:00:00-04:00,397.2699890136719,397.70001220703125,397.0899963378906,397.5950012207031,272342,0
2026-07-15 12:05:00-04:00,397.5950012207031,398.3299865722656,397.42498779296875,397.8901062011719,371468,0
2026-07-15 12:10:00-04:00,398.001708984375,398.9599914550781,397.864990234375,398.3599853515625,370904,0
2026-07-15 12:15:00-04:00,398.32000732421875,398.6600036621094,397.5799865722656,397.6449890136719,267666,0
2026-07-15 12:20:00-04:00,397.6200866699219,398.1199035644531,397.1700134277344,397.2749938964844,361128,0
2026-07-15 12:25:00-04:00,397.2799987792969,397.739990234375,397.05010986328125,397.6549987792969,302087,0
2026-07-15 12:30:00-04:00,397.69000244140625,397.8299865722656,396.340087890625,396.4100036621094,385380,0
2026-07-15 12:35:00-04:00,396.4930114746094,396.8299865722656,395.9200134277344,396.80999755859375,291693,0
2026-07-15 12:40:00-04:00,396.80499267578125,396.989990234375,395.7701110839844,396.1451110839844,315901,0
2026-07-15 12:45:00-04:00,396.2099914550781,396.239990234375,394.6199951171875,394.7699890136719,309394,0
2026-07-15 12:50:00-04:00,394.7449951171875,395.6499938964844,394.625,394.67999267578125,274122,0
2026-07-15 12:55:00-04:00,394.6499938964844,394.8399963378906,394.17999267578125,394.5199890136719,239542,0
2026-07-15 13:00:00-04:00,394.5150146484375,395.19000244140625,394.3299865722656,395.1600036621094,198560,0
2026-07-15 13:05:00-04:00,395.1700134277344,395.7200012207031,394.9700012207031,395.489990234375,220912,0
2026-07-15 13:10:00-04:00,395.4750061035156,396.06988525390625,395.3999938964844,395.8949890136719,177609,0
2026-07-15 13:15:00-04:00,395.8949890136719,396.17999267578125,395.55499267578125,395.6424865722656,210007,0
2026-07-15 13:20:00-04:00,395.5899963378906,395.8550109863281,395.1600036621094,395.44500732421875,157115,0
2026-07-15 13:25:00-04:00,395.44500732421875,396.5,395.23028564453125,396.44500732421875,168415,0
2026-07-15 13:30:00-04:00,396.44500732421875,396.8900146484375,396.1400146484375,396.2497863769531,207353,0
2026-07-15 13:35:00-04:00,396.2200012207031,396.489990234375,396.04998779296875,396.30999755859375,144772,0
2026-07-15 13:40:00-04:00,396.3299865722656,396.45001220703125,395.8599853515625,396.1099853515625,168174,0
2026-07-15 13:45:00-04:00,396.1499938964844,396.29998779296875,395.71551513671875,395.95001220703125,304894,0
2026-07-15 13:50:00-04:00,395.95001220703125,396.32000732421875,395.25,396.2550048828125,171250,0
2026-07-15 13:55:00-04:00,396.32000732421875,396.32000732421875,395.4800109863281,396.1300048828125,200225,0
2026-07-15 14:00:00-04:00,396.125,396.125,395.2799987792969,395.5,150647,0
2026-07-15 14:05:00-04:00,395.5119934082031,396.04998779296875,395.5,396.0,172351,0
2026-07-15 14:10:00-04:00,395.9599914550781,396.6899108886719,395.92999267578125,396.6050109863281,315650,0
2026-07-15 14:15:00-04:00,396.6499938964844,397.1499938964844,396.5400085449219,396.55999755859375,276165,0
2026-07-15 14:20:00-04:00,396.659912109375,397.0799865722656,396.0299987792969,396.510009765625,513374,0
2026-07-15 14:25:00-04:00,396.4700012207031,396.75,396.3399963378906,396.5150146484375,147443,0
2026-07-15 14:30:00-04:00,396.5,397.0,396.4150085449219,396.885009765625,188028,0
2026-07-15 14:35:00-04:00,396.8900146484375,397.1199951171875,396.70001220703125,396.8399963378906,241569,0
2026-07-15 14:40:00-04:00,396.8450012207031,396.92999267578125,396.4599914550781,396.5199890136719,147494,0
2026-07-15 14:45:00-04:00,396.5299987792969,396.5799865722656,395.8500061035156,395.9100036621094,202696,0
2026-07-15 14:50:00-04:00,395.92498779296875,396.4393005371094,395.7952880859375,395.8800048828125,211915,0
2026-07-15 14:55:00-04:00,395.8800048828125,396.1000061035156,395.6199951171875,395.6199951171875,238528,0
2026-07-15 15:00:00-04:00,395.6499938964844,396.0,395.5299987792969,395.614990234375,186265,0
2026-07-15 15:05:00-04:00,395.6400146484375,395.9200134277344,395.2699890136719,395.6600036621094,218490,0
2026-07-15 15:10:00-04:00,395.7049865722656,395.79998779296875,395.25,395.45819091796875,178147,0
2026-07-15 15:15:00-04:00,395.4612121582031,395.6400146484375,394.8299865722656,395.5299987792969,627861,0
2026-07-15 15:20:00-04:00,395.5450134277344,395.8500061035156,395.5299987792969,395.5899963378906,222825,0
2026-07-15 15:25:00-04:00,395.6300048828125,395.94000244140625,395.5,395.5585021972656,291188,0
2026-07-15 15:30:00-04:00,395.57000732421875,395.7099914550781,395.20001220703125,395.4599914550781,289963,0
2026-07-15 15:35:00-04:00,395.4750061035156,396.1199951171875,395.4128112792969,395.8900146484375,355825,0
2026-07-15 15:40:00-04:00,395.8800048828125,396.3800048828125,395.010009765625,395.1200866699219,276463,0
2026-07-15 15:45:00-04:00,395.1099853515625,395.510009765625,394.7300109863281,394.79998779296875,290565,0
2026-07-15 15:50:00-04:00,394.82000732421875,395.8800048828125,394.6499938964844,394.7650146484375,811767,0
2026-07-15 15:55:00-04:00,394.7650146484375,395.7300109863281,394.6400146484375,395.6199951171875,1141952,0
2026-07-16 09:30:00-04:00,398.0799865722656,398.7099914550781,394.2099914550781,395.9949951171875,2022678,0
2026-07-16 09:35:00-04:00,396.0799865722656,397.9685974121094,395.55999755859375,395.8349914550781,695537,0
2026-07-16 09:40:00-04:00,395.760009765625,396.1199951171875,392.0899963378906,392.20001220703125,715069,0
2026-07-16 09:45:00-04:00,392.29998779296875,394.5599060058594,392.05010986328125,394.125,386877,0
2026-07-16 09:50:00-04:00,394.125,395.05999755859375,393.8399963378906,394.7799987792969,341463,0
2026-07-16 09:55:00-04:00,394.70001220703125,395.5899963378906,393.2300109863281,393.31500244140625,482640,0
2026-07-16 10:00:00-04:00,393.2300109863281,394.45001220703125,393.0199890136719,394.3500061035156,364440,0
2026-07-16 10:05:00-04:00,394.3500061035156,394.5,392.6700134277344,392.94000244140625,325384,0
2026-07-16 10:10:00-04:00,392.92498779296875,394.5195007324219,392.7850036621094,394.45159912109375,315807,0
2026-07-16 10:15:00-04:00,394.4750061035156,394.7200012207031,393.5400085449219,394.6449890136719,412789,0
2026-07-16 10:20:00-04:00,394.625,395.46990966796875,394.2200012207031,395.42999267578125,322977,0
2026-07-16 10:25:00-04:00,395.3900146484375,396.2300109863281,394.93499755859375,395.9800109863281,362161,0
2026-07-16 10:30:00-04:00,396.0199890136719,397.0199890136719,395.9200134277344,396.7900085449219,363721,0
2026-07-16 10:35:00-04:00,396.8052062988281,397.2550048828125,396.2601013183594,396.8800048828125,308744,0
2026-07-16 10:40:00-04:00,396.8800048828125,397.7099914550781,396.54998779296875,397.4949951171875,298887,0
2026-07-16 10:45:00-04:00,397.45001220703125,398.17999267578125,397.25,397.6199951171875,350691,0
2026-07-16 10:50:00-04:00,397.6300048828125,397.6300964355469,396.5411071777344,396.7900085449219,220154,0
2026-07-16 10:55:00-04:00,396.7699890136719,397.3999938964844,396.70001220703125,397.3160095214844,205246,0
2026-07-16 11:00:00-04:00,397.3399963378906,397.6300048828125,396.9949951171875,397.1499938964844,197382,0
2026-07-16 11:05:00-04:00,397.17999267578125,397.9100036621094,396.8599853515625,397.6300048828125,231759,0
2026-07-16 11:10:00-04:00,397.6300048828125,398.2799072265625,397.2900085449219,397.54998779296875,215999,0
2026-07-16 11:15:00-04:00,397.510009765625,398.30999755859375,397.3200988769531,398.07501220703125,168158,0
2026-07-16 11:20:00-04:00,398.07501220703125,398.79998779296875,398.07501220703125,398.7200012207031,274326,0
2026-07-16 11:25:00-04:00,398.7250061035156,399.6400146484375,398.5299987792969,398.92999267578125,340880,0
2026-07-16 11:30:00-04:00,398.9949951171875,399.0,398.30999755859375,398.9200134277344,158234,0
2026-07-16 11:35:00-04:00,398.8999938964844,399.3399963378906,398.54998779296875,399.3349914550781,170152,0
2026-07-16 11:40:00-04:00,399.310302734375,399.5,398.8900146484375,399.05999755859375,182648,0
2026-07-16 11:45:00-04:00,399.0899963378906,399.5899963378906,398.7300109863281,399.07000732421875,238574,0
2026-07-16 11:50:00-04:00,399.0400085449219,399.8800048828125,399.0101013183594,399.7200012207031,186107,0
2026-07-16 11:55:00-04:00,399.7099914550781,400.5,399.3700866699219,400.4150085449219,404022,0
2026-07-16 12:00:00-04:00,400.4150085449219,400.6099853515625,400.010009765625,400.25,237174,0
2026-07-16 12:05:00-04:00,400.2799987792969,400.3399963378906,399.5101013183594,400.2449951171875,212182,0
2026-07-16 12:10:00-04:00,400.20001220703125,400.3900146484375,399.54998779296875,399.8800048828125,279031,0
2026-07-16 12:15:00-04:00,399.8949890136719,400.6000061035156,399.8847961425781,400.1400146484375,221248,0
2026-07-16 12:20:00-04:00,400.1099853515625,400.5400085449219,399.8999938964844,400.25,232118,0
2026-07-16 12:25:00-04:00,400.2900085449219,400.8599853515625,395.6300048828125,400.7226867675781,249293,0
2026-07-16 12:30:00-04:00,400.7300109863281,402.0400085449219,400.7049865722656,401.3949890136719,418440,0
2026-07-16 12:35:00-04:00,401.3999938964844,401.6300048828125,401.20001220703125,401.2149963378906,205093,0
2026-07-16 12:40:00-04:00,401.20001220703125,401.639892578125,401.05999755859375,401.54779052734375,236800,0
2026-07-16 12:45:00-04:00,401.5,403.7099914550781,401.5,403.489990234375,603884,0
2026-07-16 12:50:00-04:00,403.4750061035156,404.260009765625,403.42498779296875,404.02508544921875,476458,0
2026-07-16 12:55:00-04:00,404.0249938964844,404.45001220703125,402.8800048828125,403.0299987792969,438280,0
2026-07-16 13:00:00-04:00,403.05999755859375,403.239990234375,402.1300048828125,402.4700012207031,431329,0
2026-07-16 13:05:00-04:00,402.3900146484375,402.4800109863281,401.3699951171875,401.44000244140625,287725,0
2026-07-16 13:10:00-04:00,401.4100036621094,401.9700012207031,401.3299865722656,401.49639892578125,212600,0
2026-07-16 13:15:00-04:00,401.4599914550781,402.4999084472656,401.4100036621094,402.44000244140625,233435,0
2026-07-16 13:20:00-04:00,402.5,403.0299987792969,402.2200012207031,402.6449890136719,330109,0
2026-07-16 13:25:00-04:00,402.6449890136719,403.94000244140625,402.6400146484375,403.75,256337,0
2026-07-16 13:30:00-04:00,403.75,403.9800109863281,402.7200012207031,402.7200012207031,226505,0
2026-07-16 13:35:00-04:00,402.70001220703125,402.79998779296875,402.0,402.79998779296875,295497,0
2026-07-16 13:40:00-04:00,402.75,402.989990234375,402.29998779296875,402.9800109863281,233543,0
2026-07-16 13:45:00-04:00,403.0,403.1099853515625,402.5799865722656,402.69500732421875,207458,0
2026-07-16 13:50:00-04:00,402.6950988769531,403.04998779296875,402.1300048828125,402.5950012207031,247696,0
2026-07-16 13:55:00-04:00,402.54998779296875,402.7950134277344,402.45001220703125,402.6600036621094,208065,0
2026-07-16 14:00:00-04:00,402.6600036621094,403.2099914550781,402.5150146484375,402.989990234375,279380,0
2026-07-16 14:05:00-04:00,403.0,404.3599853515625,402.54998779296875,404.1650085449219,397699,0
2026-07-16 14:10:00-04:00,404.1650085449219,404.6000061035156,403.4100036621094,403.9200134277344,385725,0
2026-07-16 14:15:00-04:00,403.8900146484375,404.67999267578125,403.7099914550781,404.605712890625,309083,0
2026-07-16 14:20:00-04:00,404.6300048828125,404.75,404.0638122558594,404.1700134277344,429049,0
2026-07-16 14:25:00-04:00,404.2200012207031,404.5,403.94000244140625,404.0599060058594,333526,0
2026-07-16 14:30:00-04:00,404.0150146484375,404.55999755859375,403.6000061035156,404.4049987792969,378355,0
2026-07-16 14:35:00-04:00,404.4049987792969,404.8500061035156,404.1499938964844,404.1700134277344,338856,0
2026-07-16 14:40:00-04:00,404.20001220703125,404.42999267578125,403.8599853515625,404.0899963378906,261711,0
2026-07-16 14:45:00-04:00,404.06500244140625,404.7799987792969,403.9800109863281,404.5950012207031,256439,0
2026-07-16 14:50:00-04:00,404.6050109863281,404.7950134277344,404.3550109863281,404.5765075683594,211926,0
2026-07-16 14:55:00-04:00,404.5400085449219,405.7799987792969,404.5,405.57000732421875,507331,0
2026-07-16 15:00:00-04:00,405.6263122558594,405.989990234375,405.010009765625,405.1000061035156,547580,0
2026-07-16 15:05:00-04:00,405.1000061035156,405.32000732421875,403.19000244140625,403.20001220703125,490904,0
2026-07-16 15:10:00-04:00,403.1600036621094,403.8599853515625,402.3999938964844,402.4200134277344,491982,0
2026-07-16 15:15:00-04:00,402.45001220703125,403.1400146484375,402.0199890136719,402.3800048828125,643839,0
2026-07-16 15:20:00-04:00,402.385009765625,403.1698913574219,402.2449951171875,402.760009765625,333249,0
2026-07-16 15:25:00-04:00,402.7449951171875,402.9399108886719,401.73199462890625,401.75,348124,0
2026-07-16 15:30:00-04:00,401.75,401.8399963378906,399.9100036621094,400.4100036621094,463741,0
2026-07-16 15:35:00-04:00,400.4599914550781,400.5799865722656,399.760009765625,400.0299987792969,364075,0
2026-07-16 15:40:00-04:00,400.0299987792969,400.70001220703125,399.9649963378906,400.114990234375,452606,0
2026-07-16 15:45:00-04:00,400.1099853515625,400.2699890136719,399.0,400.0299987792969,601615,0
2026-07-16 15:50:00-04:00,399.9800109863281,401.3800048828125,399.5,400.9849853515625,636599,0
2026-07-16 15:55:00-04:00,400.9800109863281,401.20001220703125,400.2200012207031,401.1199951171875,1542935,0
2026-07-17 09:30:00-04:00,394.8550109863281,396.8900146484375,393.4100036621094,395.6050109863281,3732799,0
2026-07-17 09:35:00-04:00,395.6000061035156,398.3900146484375,394.7699890136719,397.44000244140625,897175,0
2026-07-17 09:40:00-04:00,397.57000732421875,397.75,394.7300109863281,395.19000244140625,629018,0
2026-07-17 09:45:00-04:00,395.19000244140625,395.4800109863281,392.3900146484375,393.5387878417969,612931,0
2026-07-17 09:50:00-04:00,393.5950012207031,394.6400146484375,393.00079345703125,393.8599853515625,400000,0
2026-07-17 09:55:00-04:00,393.885009765625,394.9200134277344,393.1000061035156,393.3450012207031,366453,0
2026-07-17 10:00:00-04:00,393.42999267578125,393.79998779296875,391.8599853515625,393.17999267578125,820294,0
2026-07-17 10:05:00-04:00,393.1499938964844,393.4898986816406,391.5281982421875,391.7300109863281,639151,0
2026-07-17 10:10:00-04:00,391.69000244140625,392.42999267578125,391.2200012207031,392.25,515847,0
2026-07-17 10:15:00-04:00,392.25,393.3399963378906,392.1400146484375,393.1050109863281,320810,0
2026-07-17 10:20:00-04:00,393.1300048828125,393.3900146484375,392.70001220703125,393.1300048828125,655544,0
2026-07-17 10:25:00-04:00,393.0299987792969,393.54998779296875,392.5299987792969,392.92999267578125,260743,0
2026-07-17 10:30:00-04:00,392.94000244140625,393.489990234375,392.4200134277344,392.989990234375,429755,0
2026-07-17 10:35:00-04:00,392.94000244140625,392.94000244140625,391.54998779296875,392.0450134277344,489678,0
2026-07-17 10:40:00-04:00,392.1099853515625,392.1499938964844,391.29998779296875,391.5450134277344,307769,0
2026-07-17 10:45:00-04:00,391.5450134277344,392.0899963378906,391.0299987792969,391.9150085449219,318316,0
2026-07-17 10:50:00-04:00,391.9150085449219,391.95001220703125,390.70001220703125,391.2049865722656,606491,0
2026-07-17 10:55:00-04:00,391.2099914550781,392.3500061035156,390.90008544921875,392.3493957519531,231380,0
2026-07-17 11:00:00-04:00,392.3800048828125,392.385009765625,391.1000061035156,391.6300048828125,268000,0
2026-07-17 11:05:00-04:00,391.5899963378906,392.2799987792969,391.3299865722656,391.6524963378906,165846,0
2026-07-17 11:10:00-04:00,391.69000244140625,391.7755126953125,390.1099853515625,390.1549987792969,547851,0
2026-07-17 11:15:00-04:00,390.2099914550781,390.29998779296875,389.3900146484375,389.885009765625,439119,0
2026-07-17 11:20:00-04:00,389.8634033203125,390.4200134277344,389.43310546875,390.3450012207031,280824,0
2026-07-17 11:25:00-04:00,390.3450012207031,391.159912109375,389.8501892089844,391.1400146484375,254853,0
2026-07-17 11:30:00-04:00,391.06500244140625,391.64898681640625,391.0,391.42498779296875,201377,0
2026-07-17 11:35:00-04:00,391.4375915527344,391.95001220703125,390.95001220703125,391.8800048828125,187360,0
2026-07-17 11:40:00-04:00,391.8800048828125,392.5,391.8800048828125,392.2453918457031,451034,0
2026-07-17 11:45:00-04:00,392.2950134277344,392.6000061035156,391.5400085449219,392.385009765625,251527,0
2026-07-17 11:50:00-04:00,392.385009765625,392.5899963378906,392.0299987792969,392.34271240234375,171832,0
2026-07-17 11:55:00-04:00,392.3900146484375,392.7099914550781,392.07000732421875,392.5249938964844,146264,0
2026-07-17 12:00:00-04:00,392.5799865722656,392.739990234375,391.6099853515625,391.67999267578125,250971,0
2026-07-17 12:05:00-04:00,391.7300109863281,391.8900146484375,391.1300048828125,391.6698913574219,145374,0
2026-07-17 12:10:00-04:00,391.6050109863281,391.95001220703125,391.42010498046875,391.95001220703125,122950,0
2026-07-17 12:15:00-04:00,391.92498779296875,392.9700012207031,391.8550109863281,392.6199951171875,205362,0
2026-07-17 12:20:00-04:00,392.6199951171875,392.7699890136719,391.94000244140625,392.30499267578125,150763,0
2026-07-17 12:25:00-04:00,392.2699890136719,393.0199890136719,391.94000244140625,392.6199951171875,180293,0
2026-07-17 12:30:00-04:00,392.6000061035156,393.25,392.4100036621094,393.1300048828125,164630,0
2026-07-17 12:35:00-04:00,393.1300048828125,393.4700012207031,393.0,393.2149963378906,123327,0
2026-07-17 12:40:00-04:00,393.19000244140625,393.8876953125,393.110107421875,393.5799865722656,120159,0
2026-07-17 12:45:00-04:00,393.6199951171875,394.5899963378906,393.489990234375,394.2300109863281,174466,0
2026-07-17 12:50:00-04:00,394.2301025390625,394.75,394.20001220703125,394.52899169921875,193591,0
2026-07-17 12:55:00-04:00,394.5,394.5050048828125,393.79998779296875,393.93499755859375,565892,0
2026-07-17 13:00:00-04:00,393.9800109863281,394.7850036621094,393.9800109863281,394.6000061035156,159313,0
2026-07-17 13:05:00-04:00,394.56500244140625,394.56500244140625,394.04998779296875,394.3900146484375,150258,0
2026-07-17 13:10:00-04:00,394.3699951171875,394.4700012207031,394.07000732421875,394.17999267578125,182757,0
2026-07-17 13:15:00-04:00,394.17999267578125,394.6099853515625,394.1099853515625,394.42498779296875,140475,0
2026-07-17 13:20:00-04:00,394.3800048828125,394.7900085449219,394.2950134277344,394.67999267578125,135634,0
2026-07-17 13:25:00-04:00,394.6700134277344,394.92608642578125,394.5,394.6600036621094,158508,0
2026-07-17 13:30:00-04:00,394.6600036621094,395.2699890136719,394.6499938964844,395.0,166769,0
2026-07-17 13:35:00-04:00,395.0350036621094,395.4632873535156,394.70001220703125,395.4200134277344,164560,0
2026-07-17 13:40:00-04:00,395.4200134277344,395.44000244140625,394.8500061035156,394.9200134277344,114064,0
2026-07-17 13:45:00-04:00,394.94000244140625,395.0799865722656,394.6300048828125,394.860107421875,120046,0
2026-07-17 13:50:00-04:00,394.9599914550781,395.0299987792969,394.5400085449219,394.8900146484375,88962,0
2026-07-17 13:55:00-04:00,394.8800048828125,395.1000061035156,394.79010009765625,395.0101013183594,129724,0
2026-07-17 14:00:00-04:00,395.010009765625,395.3500061035156,394.5299987792969,395.2699890136719,171470,0
2026-07-17 14:05:00-04:00,395.2300109863281,395.3500061035156,394.67999267578125,395.2200012207031,388890,0
2026-07-17 14:10:00-04:00,395.2300109863281,395.9700012207031,395.21051025390625,395.8599853515625,257603,0
2026-07-17 14:15:00-04:00,395.864990234375,395.9700012207031,395.3699951171875,395.44000244140625,170707,0
2026-07-17 14:20:00-04:00,395.4450988769531,395.6698913574219,395.2900085449219,395.489990234375,126685,0
2026-07-17 14:25:00-04:00,395.5199890136719,395.5400085449219,394.7301025390625,394.7950134277344,122070,0
2026-07-17 14:30:00-04:00,394.739990234375,395.05499267578125,394.6199951171875,394.715087890625,123665,0
2026-07-17 14:35:00-04:00,394.70001220703125,394.70001220703125,394.20001220703125,394.2799987792969,257637,0
2026-07-17 14:40:00-04:00,394.3800048828125,394.6300048828125,394.2099914550781,394.2799987792969,142066,0
2026-07-17 14:45:00-04:00,394.260009765625,395.0,393.95001220703125,394.8450012207031,170161,0
2026-07-17 14:50:00-04:00,394.8450012207031,395.1300048828125,394.5707092285156,395.04998779296875,111000,0
2026-07-17 14:55:00-04:00,395.0799865722656,395.29998779296875,394.9100036621094,395.17498779296875,172130,0
2026-07-17 15:00:00-04:00,395.17498779296875,395.20001220703125,394.5320129394531,394.614990234375,672932,0
2026-07-17 15:05:00-04:00,394.614990234375,395.0899963378906,394.4599914550781,394.94500732421875,154780,0
2026-07-17 15:10:00-04:00,394.93499755859375,395.0,394.65179443359375,394.7950134277344,238589,0
2026-07-17 15:15:00-04:00,394.760009765625,395.1300048828125,394.44000244140625,394.739990234375,217236,0
2026-07-17 15:20:00-04:00,394.79998779296875,395.1300048828125,394.6099853515625,395.0400085449219,186521,0
2026-07-17 15:25:00-04:00,395.0400085449219,395.6400146484375,394.9549865722656,395.6199951171875,219023,0
2026-07-17 15:30:00-04:00,395.5899963378906,395.8999938964844,394.8500061035156,395.30999755859375,272655,0
2026-07-17 15:35:00-04:00,395.3500061035156,395.6199951171875,395.0,395.1400146484375,261600,0
2026-07-17 15:40:00-04:00,395.1400146484375,395.1400146484375,394.6199951171875,395.0799865722656,230269,0
2026-07-17 15:45:00-04:00,395.0350036621094,395.2799987792969,394.8999938964844,395.2099914550781,315120,0
2026-07-17 15:50:00-04:00,395.2300109863281,395.54998779296875,394.7699890136719,395.1650085449219,415792,0
2026-07-17 15:55:00-04:00,395.1400146484375,395.1600036621094,393.7300109863281,393.7699890136719,1207442,0
2026-07-20 09:30:00-04:00,391.1000061035156,392.29998779296875,389.6700134277344,392.2825012207031,1632180,0
2026-07-20 09:35:00-04:00,392.2049865722656,392.8999938964844,390.9949951171875,391.82000732421875,527844,0
2026-07-20 09:40:00-04:00,391.8399963378906,392.67999267578125,390.9800109863281,391.9599914550781,423785,0
2026-07-20 09:45:00-04:00,391.9617004394531,392.340087890625,390.9200134277344,391.05999755859375,437273,0
2026-07-20 09:50:00-04:00,391.114990234375,392.1600036621094,390.0669860839844,390.8599853515625,460461,0
2026-07-20 09:55:00-04:00,390.8599853515625,391.364990234375,390.05999755859375,390.9800109863281,282082,0
2026-07-20 10:00:00-04:00,390.9800109863281,391.1700134277344,390.1499938964844,391.0150146484375,373998,0
2026-07-20 10:05:00-04:00,390.9599914550781,391.7200012207031,390.6600036621094,391.5799865722656,293836,0
2026-07-20 10:10:00-04:00,391.5299987792969,392.69000244140625,390.9549865722656,392.5899963378906,250901,0
2026-07-20 10:15:00-04:00,392.6600036621094,395.239990234375,392.5299987792969,393.5299987792969,492178,0
2026-07-20 10:20:00-04:00,393.5090026855469,394.510009765625,393.17999267578125,394.45001220703125,263171,0
2026-07-20 10:25:00-04:00,394.45001220703125,394.45001220703125,394.0299987792969,394.32501220703125,162134,0
2026-07-20 10:30:00-04:00,394.3599853515625,395.2900085449219,394.07049560546875,395.07501220703125,285693,0
2026-07-20 10:35:00-04:00,395.1000061035156,396.1199951171875,395.03009033203125,395.2049865722656,306572,0
2026-07-20 10:40:00-04:00,395.25,395.927001953125,394.57501220703125,395.4100036621094,272548,0
2026-07-20 10:45:00-04:00,395.4200134277344,395.5,394.760009765625,394.989990234375,212274,0
2026-07-20 10:50:00-04:00,394.989990234375,396.0899963378906,394.6600036621094,395.9198913574219,240970,0
2026-07-20 10:55:00-04:00,395.8699951171875,396.260009765625,395.4100036621094,395.8599853515625,215316,0
2026-07-20 11:00:00-04:00,395.8599853515625,396.6000061035156,395.5299987792969,396.5,270342,0
2026-07-20 11:05:00-04:00,396.5,396.6025085449219,396.010009765625,396.260009765625,222653,0
2026-07-20 11:10:00-04:00,396.260009765625,396.7799987792969,396.07501220703125,396.635009765625,267444,0
2026-07-20 11:15:00-04:00,396.635009765625,397.55999755859375,396.4599914550781,397.45001220703125,265690,0
2026-07-20 11:20:00-04:00,397.42999267578125,397.8999938964844,397.260009765625,397.7149963378906,289230,0
2026-07-20 11:25:00-04:00,397.69000244140625,398.1300048828125,396.9200134277344,397.7466125488281,305495,0
2026-07-20 11:30:00-04:00,397.69000244140625,397.69000244140625,397.07000732421875,397.40008544921875,213626,0
2026-07-20 11:35:00-04:00,397.45001220703125,398.0199890136719,397.1099853515625,397.78680419921875,204845,0
2026-07-20 11:40:00-04:00,397.75,398.4700012207031,397.7200012207031,398.4599914550781,221057,0
2026-07-20 11:45:00-04:00,398.489990234375,398.7200012207031,397.9128112792969,398.25,172836,0
2026-07-20 11:50:00-04:00,398.30999755859375,399.04998779296875,398.20050048828125,398.8800048828125,212258,0
2026-07-20 11:55:00-04:00,398.8800048828125,399.20001220703125,398.75,398.94000244140625,146618,0
2026-07-20 12:00:00-04:00,398.9800109863281,399.45001220703125,398.75250244140625,399.385009765625,216237,0
2026-07-20 12:05:00-04:00,399.3800964355469,400.1000061035156,399.3399963378906,399.79998779296875,302537,0
2026-07-20 12:10:00-04:00,399.8710021972656,400.1299133300781,399.4599914550781,399.7550048828125,182787,0
2026-07-20 12:15:00-04:00,399.80999755859375,400.1700134277344,399.6099853515625,400.0400085449219,165963,0
2026-07-20 12:20:00-04:00,400.1000061035156,401.760009765625,400.0899963378906,401.510009765625,391454,0
2026-07-20 12:25:00-04:00,401.5400085449219,401.6099853515625,401.0400085449219,401.489990234375,212011,0
2026-07-20 12:30:00-04:00,401.489990234375,402.70001220703125,401.43011474609375,402.32501220703125,386884,0
2026-07-20 12:35:00-04:00,402.3599853515625,402.7799987792969,401.8599853515625,402.7049865722656,275719,0
2026-07-20 12:40:00-04:00,402.7300109863281,403.17999267578125,401.55999755859375,402.1300048828125,463595,0
2026-07-20 12:45:00-04:00,402.07000732421875,402.4800109863281,401.5199890136719,402.110107421875,215706,0
2026-07-20 12:50:00-04:00,402.17279052734375,402.19000244140625,401.4601135253906,401.79998779296875,217869,0
2026-07-20 12:55:00-04:00,401.8500061035156,402.1499938964844,401.3599853515625,401.4100036621094,253715,0
2026-07-20 13:00:00-04:00,401.3999938964844,401.5150146484375,400.2200927734375,400.24798583984375,315301,0
2026-07-20 13:05:00-04:00,400.2699890136719,401.0899963378906,400.2699890136719,400.79998779296875,245664,0
2026-07-20 13:10:00-04:00,400.82818603515625,400.94000244140625,400.5400085449219,400.7349853515625,147372,0
2026-07-20 13:15:00-04:00,400.7300109863281,401.4599914550781,400.4200134277344,401.42498779296875,159880,0
2026-07-20 13:20:00-04:00,401.4119873046875,402.0899963378906,401.3500061035156,401.7799987792969,220289,0
2026-07-20 13:25:00-04:00,401.7200012207031,402.07000732421875,401.6400146484375,401.8900146484375,168956,0
2026-07-20 13:30:00-04:00,401.9200134277344,402.3399963378906,401.8915100097656,402.3399963378906,184805,0
2026-07-20 13:35:00-04:00,402.3399963378906,402.3900146484375,401.7799987792969,401.8399963378906,178846,0
2026-07-20 13:40:00-04:00,401.814697265625,401.8599853515625,400.80010986328125,401.0400085449219,209102,0
2026-07-20 13:45:00-04:00,401.0,401.773193359375,400.9599914550781,401.7095947265625,163294,0
2026-07-20 13:50:00-04:00,401.6924133300781,401.9599914550781,401.5899963378906,401.8949890136719,145147,0
2026-07-20 13:55:00-04:00,401.9490051269531,401.9490051269531,401.3399963378906,401.7200012207031,147321,0
2026-07-20 14:00:00-04:00,401.739990234375,401.9750061035156,401.43011474609375,401.7799987792969,121067,0
2026-07-20 14:05:00-04:00,401.7550048828125,401.7900085449219,401.3800048828125,401.7300109863281,144534,0
2026-07-20 14:10:00-04:00,401.7300109863281,401.8500061035156,401.6199951171875,401.7850036621094,153309,0
2026-07-20 14:15:00-04:00,401.7850036621094,402.29998779296875,401.6449890136719,402.20001220703125,169369,0
2026-07-20 14:20:00-04:00,402.2300109863281,402.3699951171875,401.260009765625,401.3450012207031,164540,0
2026-07-20 14:25:00-04:00,401.4100036621094,402.2300109863281,401.3550109863281,401.9549865722656,196799,0
2026-07-20 14:30:00-04:00,401.9549865722656,401.9800109863281,401.70721435546875,401.760009765625,168625,0
2026-07-20 14:35:00-04:00,401.80999755859375,402.2300109863281,401.4700012207031,401.54071044921875,259557,0
2026-07-20 14:40:00-04:00,401.5343933105469,401.5400085449219,400.0600891113281,400.114990234375,346128,0
2026-07-20 14:45:00-04:00,400.114990234375,400.7850036621094,399.840087890625,400.4200134277344,275148,0
2026-07-20 14:50:00-04:00,400.4700012207031,400.8500061035156,400.3299865722656,400.7200012207031,207191,0
2026-07-20 14:55:00-04:00,400.739990234375,400.739990234375,400.3599853515625,400.57000732421875,185905,0
2026-07-20 15:00:00-04:00,400.5400085449219,401.1700134277344,400.45001220703125,401.1700134277344,332112,0
2026-07-20 15:05:00-04:00,401.1400146484375,401.3999938964844,400.80999755859375,401.05499267578125,256562,0
2026-07-20 15:10:00-04:00,401.04998779296875,401.31500244140625,400.7099914550781,400.7550048828125,185375,0
2026-07-20 15:15:00-04:00,400.7200012207031,401.0,400.5400085449219,400.8599853515625,163135,0
2026-07-20 15:20:00-04:00,400.8550109863281,401.29998779296875,400.7099914550781,401.1199951171875,152205,0
2026-07-20 15:25:00-04:00,401.1700134277344,401.4200134277344,400.8699951171875,401.2300109863281,170957,0
2026-07-20 15:30:00-04:00,401.239990234375,401.8299865722656,401.1650085449219,401.5950012207031,242911,0
2026-07-20 15:35:00-04:00,401.6199951171875,402.0,401.42999267578125,401.8900146484375,236249,0
2026-07-20 15:40:00-04:00,401.864990234375,402.57000732421875,401.69000244140625,401.8450012207031,291561,0
2026-07-20 15:45:00-04:00,401.8399963378906,402.010009765625,401.1200866699219,401.5950012207031,403085,0
2026-07-20 15:50:00-04:00,401.57000732421875,402.1300048828125,400.70001220703125,402.1199951171875,552999,0
2026-07-20 15:55:00-04:00,402.1099853515625,402.67999267578125,401.5,402.510009765625,1818459,0
2026-07-21 09:30:00-04:00,398.80499267578125,399.70001220703125,396.32000732421875,399.406005859375,1450268,0
2026-07-21 09:35:00-04:00,399.4549865722656,401.4700012207031,398.5199890136719,400.05999755859375,803745,0
2026-07-21 09:40:00-04:00,399.9848937988281,400.45001220703125,398.5799865722656,399.95001220703125,450322,0
2026-07-21 09:45:00-04:00,399.9100036621094,400.4200134277344,398.7301025390625,399.25,384384,0
2026-07-21 09:50:00-04:00,399.25,400.364990234375,398.8699951171875,399.9849853515625,293861,0
2026-07-21 09:55:00-04:00,400.0249938964844,400.5,399.6099853515625,400.05999755859375,302064,0
2026-07-21 10:00:00-04:00,399.92999267578125,400.7900085449219,398.8800048828125,399.2449951171875,432787,0
2026-07-21 10:05:00-04:00,399.2550048828125,400.3699951171875,398.9700012207031,400.2701110839844,252882,0
2026-07-21 10:10:00-04:00,400.20098876953125,400.760009765625,399.610107421875,400.010009765625,266598,0
2026-07-21 10:15:00-04:00,399.989990234375,400.25,398.2608947753906,400.07000732421875,408806,0
2026-07-21 10:20:00-04:00,400.1650085449219,400.3399963378906,399.5,399.95001220703125,191252,0
2026-07-21 10:25:00-04:00,399.9549865722656,401.3699951171875,399.94000244140625,401.0799865722656,204423,0
2026-07-21 10:30:00-04:00,401.0299987792969,401.32000732421875,400.29998779296875,400.5098876953125,475015,0
2026-07-21 10:35:00-04:00,400.4700012207031,400.7699890136719,399.989990234375,400.6000061035156,318078,0
2026-07-21 10:40:00-04:00,400.55999755859375,400.55999755859375,399.67999267578125,400.1195068359375,220140,0
2026-07-21 10:45:00-04:00,400.114990234375,400.8999938964844,400.05999755859375,400.6650085449219,175559,0
2026-07-21 10:50:00-04:00,400.6200866699219,400.9150085449219,400.1400146484375,400.3302917480469,172426,0
2026-07-21 10:55:00-04:00,400.331787109375,400.3883972167969,399.260009765625,399.3599853515625,213592,0
2026-07-21 11:00:00-04:00,399.3500061035156,399.3599853515625,398.20001220703125,398.7449951171875,347628,0
2026-07-21 11:05:00-04:00,398.739990234375,399.1400146484375,398.29998779296875,398.9649963378906,212016,0
2026-07-21 11:10:00-04:00,398.9200134277344,399.17999267578125,398.3713073730469,398.5799865722656,224320,0
2026-07-21 11:15:00-04:00,398.55499267578125,399.09991455078125,398.04998779296875,398.8399963378906,256419,0
2026-07-21 11:20:00-04:00,398.8399963378906,399.20001220703125,398.30999755859375,398.3800048828125,179331,0
2026-07-21 11:25:00-04:00,398.3699951171875,398.8599853515625,398.2200012207031,398.739990234375,208763,0
2026-07-21 11:30:00-04:00,398.67498779296875,399.5,398.6300048828125,399.3299865722656,135291,0
2026-07-21 11:35:00-04:00,399.3299865722656,400.04998779296875,399.010009765625,399.8999938964844,214162,0
2026-07-21 11:40:00-04:00,399.8800048828125,399.94000244140625,399.4200134277344,399.7550048828125,142032,0
2026-07-21 11:45:00-04:00,399.7550048828125,399.7550048828125,399.1099853515625,399.18499755859375,741260,0
2026-07-21 11:50:00-04:00,399.1976013183594,399.4599914550781,398.8999938964844,398.9649963378906,98327,0
2026-07-21 11:55:00-04:00,398.9324035644531,399.2699890136719,398.4800109863281,398.57501220703125,140732,0
2026-07-21 12:00:00-04:00,398.489990234375,398.67999267578125,398.29998779296875,398.45001220703125,176973,0
2026-07-21 12:05:00-04:00,398.4999084472656,398.6000061035156,397.9599914550781,398.0350036621094,166517,0
2026-07-21 12:10:00-04:00,398.04998779296875,398.1282958984375,397.6199951171875,397.7799987792969,213347,0
2026-07-21 12:15:00-04:00,397.7101135253906,397.92999267578125,397.4142150878906,397.79010009765625,194149,0
2026-07-21 12:20:00-04:00,397.80999755859375,398.3500061035156,397.739990234375,398.2799987792969,215147,0
2026-07-21 12:25:00-04:00,398.2799987792969,398.2799987792969,397.9200134277344,398.0199890136719,138692,0
2026-07-21 12:30:00-04:00,398.0,398.4599914550781,397.7145080566406,398.42498779296875,162703,0
2026-07-21 12:35:00-04:00,398.42498779296875,398.760009765625,398.1300048828125,398.635009765625,150813,0
2026-07-21 12:40:00-04:00,398.6300048828125,398.6400146484375,398.25,398.32000732421875,116834,0
2026-07-21 12:45:00-04:00,398.32501220703125,398.92999267578125,398.32501220703125,398.57000732421875,129065,0
2026-07-21 12:50:00-04:00,398.5,398.8999938964844,398.3699951171875,398.7503967285156,102226,0
2026-07-21 12:55:00-04:00,398.7699890136719,399.3587951660156,398.5899963378906,398.6199951171875,184930,0
2026-07-21 13:00:00-04:00,398.625,398.7492980957031,398.3399963378906,398.3399963378906,148015,0
2026-07-21 13:05:00-04:00,398.3399963378906,398.57000732421875,398.0400085449219,398.489990234375,156955,0
2026-07-21 13:10:00-04:00,398.489990234375,398.67999267578125,398.3399963378906,398.56500244140625,110448,0
2026-07-21 13:15:00-04:00,398.55999755859375,398.8900146484375,398.20001220703125,398.6400146484375,125614,0
2026-07-21 13:20:00-04:00,398.6700134277344,399.4599914550781,398.5199890136719,399.2900085449219,141410,0
2026-07-21 13:25:00-04:00,399.2900085449219,399.6300048828125,399.25,399.4549865722656,161607,0
2026-07-21 13:30:00-04:00,399.4549865722656,399.5299987792969,398.8599853515625,398.9549865722656,113817,0
2026-07-21 13:35:00-04:00,398.9200134277344,399.54998779296875,398.67999267578125,399.3550109863281,125021,0
2026-07-21 13:40:00-04:00,399.32000732421875,399.5299987792969,398.9599914550781,398.9800109863281,114441,0
2026-07-21 13:45:00-04:00,398.9599914550781,399.1000061035156,398.5299987792969,399.0400085449219,113498,0
2026-07-21 13:50:00-04:00,399.0400085449219,399.4919128417969,399.0400085449219,399.2200012207031,102295,0
2026-07-21 13:55:00-04:00,399.2550964355469,399.3299865722656,399.1600036621094,399.20001220703125,96782,0
2026-07-21 14:00:00-04:00,399.2200012207031,399.2200012207031,398.5,398.5199890136719,105625,0
2026-07-21 14:05:00-04:00,398.4580078125,398.92999267578125,398.260009765625,398.635009765625,122072,0
2026-07-21 14:10:00-04:00,398.6099853515625,398.8999938964844,398.4800109863281,398.6903991699219,94732,0
2026-07-21 14:15:00-04:00,398.7099914550781,398.8699951171875,398.55999755859375,398.7149963378906,96204,0
2026-07-21 14:20:00-04:00,398.7099914550781,398.9100036621094,398.5199890136719,398.54998779296875,110777,0
2026-07-21 14:25:00-04:00,398.5299987792969,398.7900085449219,398.3800048828125,398.7900085449219,106439,0
2026-07-21 14:30:00-04:00,398.7650146484375,398.8599853515625,398.4200134277344,398.4700012207031,93992,0
2026-07-21 14:35:00-04:00,398.4200134277344,398.4599914550781,398.1000061035156,398.1400146484375,126396,0
2026-07-21 14:40:00-04:00,398.1400146484375,398.55999755859375,398.0400085449219,398.5400085449219,108140,0
2026-07-21 14:45:00-04:00,398.5400085449219,398.5899963378906,397.9800109863281,398.4100036621094,159841,0
2026-07-21 14:50:00-04:00,398.42999267578125,398.42999267578125,398.1499938964844,398.38079833984375,129050,0
2026-07-21 14:55:00-04:00,398.3599853515625,398.3800048828125,398.04998779296875,398.1600036621094,129437,0
2026-07-21 15:00:00-04:00,398.1600036621094,398.55999755859375,398.0400085449219,398.3949890136719,140234,0
2026-07-21 15:05:00-04:00,398.3699951171875,399.07000732421875,398.3599853515625,399.0,170891,0
2026-07-21 15:10:00-04:00,399.0350036621094,399.3599853515625,398.8599853515625,399.20989990234375,171649,0
2026-07-21 15:15:00-04:00,399.239990234375,399.5,399.1300048828125,399.2550048828125,153358,0
2026-07-21 15:20:00-04:00,399.25,399.2900085449219,398.9100036621094,399.2049865722656,129637,0
2026-07-21 15:25:00-04:00,399.19000244140625,399.6000061035156,399.1246032714844,399.510009765625,145488,0
2026-07-21 15:30:00-04:00,399.55499267578125,399.6499938964844,399.1700134277344,399.2200012207031,185213,0
2026-07-21 15:35:00-04:00,399.2200012207031,399.3599853515625,398.9100036621094,399.039306640625,166114,0
2026-07-21 15:40:00-04:00,399.0249938964844,399.05999755859375,398.5299987792969,398.739990234375,154210,0
2026-07-21 15:45:00-04:00,398.739990234375,398.7699890136719,398.32000732421875,398.5050048828125,168638,0
2026-07-21 15:50:00-04:00,398.4599914550781,398.4700012207031,397.1199951171875,397.5398864746094,501485,0
2026-07-21 15:55:00-04:00,397.5400085449219,398.0299987792969,397.4700012207031,397.6400146484375,976835,0
2026-07-22 09:30:00-04:00,399.5799865722656,401.0,394.2200012207031,394.6000061035156,1212540,0
2026-07-22 09:35:00-04:00,394.6499938964844,395.3699035644531,392.79998779296875,392.9700012207031,474934,0
2026-07-22 09:40:00-04:00,392.9800109863281,393.1600036621094,392.2099914550781,392.489990234375,468120,0
2026-07-22 09:45:00-04:00,392.4949951171875,393.4599914550781,391.8599853515625,392.2149963378906,400381,0
2026-07-22 09:50:00-04:00,392.19000244140625,392.30999755859375,390.75,391.6600036621094,439140,0
2026-07-22 09:55:00-04:00,391.6600036621094,392.29998779296875,391.2799987792969,391.5299987792969,367216,0
2026-07-22 10:00:00-04:00,391.5799865722656,392.6000061035156,391.489990234375,392.18011474609375,357450,0
2026-07-22 10:05:00-04:00,392.2650146484375,393.0,391.7099914550781,391.94000244140625,261326,0
2026-07-22 10:10:00-04:00,391.8399963378906,392.13018798828125,391.5,391.635009765625,274020,0
2026-07-22 10:15:00-04:00,391.6600036621094,392.010009765625,390.30999755859375,390.3349914550781,304379,0
2026-07-22 10:20:00-04:00,390.3349914550781,390.6300048828125,389.5,390.2900085449219,388127,0
2026-07-22 10:25:00-04:00,390.2950134277344,390.32000732421875,389.5,389.67498779296875,216827,0
2026-07-22 10:30:00-04:00,389.67498779296875,390.3399963378906,389.510009765625,390.05999755859375,262749,0
2026-07-22 10:35:00-04:00,390.1050109863281,390.1400146484375,389.2200012207031,389.3599853515625,255067,0
2026-07-22 10:40:00-04:00,389.3299865722656,389.3299865722656,388.2001037597656,388.8294982910156,382686,0
2026-07-22 10:45:00-04:00,388.7900085449219,388.8800048828125,388.3500061035156,388.6199951171875,292236,0
2026-07-22 10:50:00-04:00,388.625,389.54998779296875,388.25,389.385009765625,334563,0
2026-07-22 10:55:00-04:00,389.3900146484375,389.7250061035156,389.1199951171875,389.5877990722656,482197,0
2026-07-22 11:00:00-04:00,389.5799865722656,389.6199951171875,388.92999267578125,389.32000732421875,233313,0
2026-07-22 11:05:00-04:00,389.3500061035156,389.7298889160156,389.20001220703125,389.30999755859375,193677,0
2026-07-22 11:10:00-04:00,389.32000732421875,389.5199890136719,389.0101013183594,389.32501220703125,203858,0
2026-07-22 11:15:00-04:00,389.29998779296875,389.44989013671875,388.9800109863281,389.1700134277344,164087,0
2026-07-22 11:20:00-04:00,389.1400146484375,389.8999938964844,389.0400085449219,389.8800048828125,242441,0
2026-07-22 11:25:00-04:00,389.8699951171875,390.0799865722656,389.5199890136719,389.6300048828125,235735,0
2026-07-22 11:30:00-04:00,389.6300048828125,389.67999267578125,388.5899963378906,388.6050109863281,275281,0
2026-07-22 11:35:00-04:00,388.5899963378906,388.69000244140625,388.29998779296875,388.45001220703125,236111,0
2026-07-22 11:40:00-04:00,388.4599914550781,388.8800048828125,388.0899963378906,388.4700012207031,262868,0
2026-07-22 11:45:00-04:00,388.5199890136719,389.1400146484375,388.489990234375,389.0799865722656,183359,0
2026-07-22 11:50:00-04:00,389.07000732421875,389.3599853515625,388.8999938964844,389.1000061035156,129305,0
