timestamps,open,high,low,close,volume,amount
2026-04-29 09:30:00-04:00,139.75999450683594,139.75999450683594,136.27999877929688,136.74989318847656,3418561,0
2026-04-29 09:35:00-04:00,136.69500732421875,137.33990478515625,135.88999938964844,137.0970001220703,1286541,0
2026-04-29 09:40:00-04:00,137.00999450683594,137.36000061035156,136.14999389648438,136.17999267578125,1001702,0
2026-04-29 09:45:00-04:00,136.16000366210938,137.08999633789062,135.77999877929688,136.9600067138672,1179541,0
2026-04-29 09:50:00-04:00,136.93499755859375,137.58799743652344,136.35000610351562,136.831298828125,838503,0
2026-04-29 09:55:00-04:00,136.86000061035156,137.13999938964844,136.61000061035156,136.69000244140625,438691,0
2026-04-29 10:00:00-04:00,136.67410278320312,136.67999267578125,135.6199951171875,135.89500427246094,931132,0
2026-04-29 10:05:00-04:00,135.89500427246094,135.9600067138672,134.8000030517578,134.9250030517578,1239821,0
2026-04-29 10:10:00-04:00,134.8800048828125,135.80990600585938,134.67999267578125,135.64999389648438,826820,0
2026-04-29 10:15:00-04:00,135.6427001953125,136.16000366210938,135.4199981689453,135.8800048828125,575476,0
2026-04-29 10:20:00-04:00,135.8715057373047,136.08999633789062,135.6300048828125,136.08999633789062,406226,0
2026-04-29 10:25:00-04:00,136.0800018310547,136.33999633789062,135.88999938964844,136.2799072265625,426692,0
2026-04-29 10:30:00-04:00,136.27000427246094,136.27000427246094,135.6903076171875,135.8300018310547,449619,0
2026-04-29 10:35:00-04:00,135.8592071533203,135.95309448242188,135.57000732421875,135.6051025390625,316075,0
2026-04-29 10:40:00-04:00,135.5749969482422,135.89999389648438,135.5,135.89999389648438,312724,0
2026-04-29 10:45:00-04:00,135.89500427246094,135.97999572753906,135.5399932861328,135.92999267578125,392409,0
2026-04-29 10:50:00-04:00,135.91000366210938,136.2299041748047,135.61000061035156,136.02999877929688,283188,0
2026-04-29 10:55:00-04:00,136.03500366210938,136.4199981689453,136.0,136.25999450683594,262732,0
2026-04-29 11:00:00-04:00,136.27000427246094,136.4499969482422,136.17999267578125,136.37010192871094,321292,0
2026-04-29 11:05:00-04:00,136.37989807128906,136.41000366210938,136.00010681152344,136.10679626464844,268776,0
2026-04-29 11:10:00-04:00,136.0500030517578,136.3000030517578,135.97000122070312,136.19000244140625,322862,0
2026-04-29 11:15:00-04:00,136.16000366210938,136.4199981689453,136.11500549316406,136.33999633789062,296605,0
2026-04-29 11:20:00-04:00,136.35000610351562,136.83999633789062,136.2012939453125,136.82000732421875,371073,0
2026-04-29 11:25:00-04:00,136.80999755859375,137.13999938964844,136.73500061035156,137.10000610351562,307909,0
2026-04-29 11:30:00-04:00,137.0800018310547,137.1750030517578,136.77999877929688,137.00999450683594,256827,0
2026-04-29 11:35:00-04:00,137.02000427246094,137.11000061035156,136.77999877929688,136.9499969482422,261358,0
2026-04-29 11:40:00-04:00,136.92999267578125,136.97999572753906,136.610107421875,136.97999572753906,255326,0
2026-04-29 11:45:00-04:00,136.97000122070312,137.11000061035156,136.90499877929688,137.0998992919922,214021,0
2026-04-29 11:50:00-04:00,137.09500122070312,137.1199951171875,136.08999633789062,136.22500610351562,507183,0
2026-04-29 11:55:00-04:00,136.1999969482422,136.52499389648438,136.0500030517578,136.41000366210938,298868,0
2026-04-29 12:00:00-04:00,136.39999389648438,136.74000549316406,136.38999938964844,136.72500610351562,201041,0
2026-04-29 12:05:00-04:00,136.72500610351562,136.9600067138672,136.69000244140625,136.8699951171875,172557,0
2026-04-29 12:10:00-04:00,136.8699951171875,137.04989624023438,136.8101043701172,136.9530029296875,189460,0
2026-04-29 12:15:00-04:00,136.9799041748047,137.0500030517578,136.5500030517578,136.58999633789062,168784,0
2026-04-29 12:20:00-04:00,136.5850067138672,136.83999633789062,136.5500030517578,136.77000427246094,298579,0
2026-04-29 12:25:00-04:00,136.781005859375,136.99969482421875,136.66000366210938,136.875,164126,0
2026-04-29 12:30:00-04:00,136.86000061035156,136.86000061035156,136.4499969482422,136.73500061035156,240902,0
2026-04-29 12:35:00-04:00,136.75,136.9398956298828,136.51010131835938,136.9199981689453,148321,0
2026-04-29 12:40:00-04:00,136.9199981689453,137.14010620117188,136.85009765625,137.08999633789062,231641,0
2026-04-29 12:45:00-04:00,137.08999633789062,137.13999938964844,136.8699951171875,137.02499389648438,126429,0
2026-04-29 12:50:00-04:00,137.00999450683594,137.04879760742188,136.82000732421875,136.97000122070312,144226,0
2026-04-29 12:55:00-04:00,136.9600067138672,137.0500030517578,136.80999755859375,136.85000610351562,124472,0
2026-04-29 13:00:00-04:00,136.8800048828125,136.88999938964844,136.63999938964844,136.8000030517578,111562,0
2026-04-29 13:05:00-04:00,136.84500122070312,136.94000244140625,136.6999969482422,136.91000366210938,109783,0
2026-04-29 13:10:00-04:00,136.92990112304688,137.0399932861328,136.80999755859375,136.88499450683594,119134,0
2026-04-29 13:15:00-04:00,136.875,136.89500427246094,136.73080444335938,136.77000427246094,85565,0
2026-04-29 13:20:00-04:00,136.7501983642578,137.0850067138672,136.7501983642578,136.98500061035156,145840,0
2026-04-29 13:25:00-04:00,136.99989318847656,137.11000061035156,136.9149932861328,137.08999633789062,92290,0
2026-04-29 13:30:00-04:00,137.14439392089844,137.39999389648438,137.10000610351562,137.26010131835938,202786,0
2026-04-29 13:35:00-04:00,137.26499938964844,137.35000610351562,137.2050018310547,137.22500610351562,131740,0
2026-04-29 13:40:00-04:00,137.21009826660156,137.2740020751953,137.0402069091797,137.25990295410156,119365,0
2026-04-29 13:45:00-04:00,137.24000549316406,137.48989868164062,137.22000122070312,137.4499969482422,168043,0
2026-04-29 13:50:00-04:00,137.44500732421875,137.7299041748047,137.33999633789062,137.36990356445312,233639,0
2026-04-29 13:55:00-04:00,137.360107421875,137.37989807128906,137.0399932861328,137.1300048828125,264427,0
2026-04-29 14:00:00-04:00,137.13999938964844,137.1999053955078,136.5,136.52999877929688,306250,0
2026-04-29 14:05:00-04:00,136.52000427246094,136.74000549316406,136.3000030517578,136.36000061035156,358486,0
2026-04-29 14:10:00-04:00,136.35000610351562,136.6999969482422,136.22000122070312,136.57000732421875,352494,0
2026-04-29 14:15:00-04:00,136.57000732421875,137.05999755859375,136.5500030517578,136.96499633789062,272239,0
2026-04-29 14:20:00-04:00,136.96499633789062,137.22500610351562,136.84010314941406,137.0050048828125,1013503,0
2026-04-29 14:25:00-04:00,137.02000427246094,137.14999389648438,136.95010375976562,137.07000732421875,163719,0
2026-04-29 14:30:00-04:00,137.08999633789062,137.5861053466797,137.0850067138672,137.54989624023438,278911,0
2026-04-29 14:35:00-04:00,137.54989624023438,138.02999877929688,137.48500061035156,137.52999877929688,420131,0
2026-04-29 14:40:00-04:00,137.50999450683594,137.55499267578125,137.14500427246094,137.22000122070312,285163,0
2026-04-29 14:45:00-04:00,137.19500732421875,137.8300018310547,137.1199951171875,137.80499267578125,283525,0
2026-04-29 14:50:00-04:00,137.81500244140625,138.1510009765625,137.07000732421875,137.92999267578125,239018,0
2026-04-29 14:55:00-04:00,137.91000366210938,138.1199951171875,137.80999755859375,138.02000427246094,572079,0
2026-04-29 15:00:00-04:00,138.02000427246094,138.2550048828125,137.94000244140625,137.9499969482422,215651,0
2026-04-29 15:05:00-04:00,137.9600067138672,137.9600067138672,137.67999267578125,137.77999877929688,262334,0
2026-04-29 15:10:00-04:00,137.78770446777344,138.03030395507812,137.77999877929688,137.9250030517578,185724,0
2026-04-29 15:15:00-04:00,137.9499969482422,138.125,137.9149932861328,137.9949951171875,155515,0
2026-04-29 15:20:00-04:00,137.9949951171875,138.0500030517578,137.8000030517578,137.92999267578125,362305,0
2026-04-29 15:25:00-04:00,137.94000244140625,137.94500732421875,137.72999572753906,137.75999450683594,200933,0
2026-04-29 15:30:00-04:00,137.75999450683594,137.7899932861328,137.36099243164062,137.51690673828125,344907,0
2026-04-29 15:35:00-04:00,137.5399932861328,137.64990234375,137.47000122070312,137.5,211325,0
2026-04-29 15:40:00-04:00,137.5,137.5699005126953,137.3699951171875,137.4199981689453,189561,0
2026-04-29 15:45:00-04:00,137.4199981689453,137.6199951171875,137.36500549316406,137.55999755859375,181204,0
2026-04-29 15:50:00-04:00,137.52999877929688,137.6999969482422,137.06500244140625,137.52000427246094,488032,0
2026-04-29 15:55:00-04:00,137.52999877929688,138.00999450683594,137.06500244140625,138.0,874580,0
2026-04-30 09:30:00-04:00,138.47500610351562,138.80999755859375,137.10000610351562,137.36500549316406,3076313,0
2026-04-30 09:35:00-04:00,137.3300018310547,138.38999938964844,137.32000732421875,137.55999755859375,698154,0
2026-04-30 09:40:00-04:00,137.5615997314453,138.6699981689453,137.35009765625,138.3300018310547,544570,0
2026-04-30 09:45:00-04:00,138.4199981689453,138.8300018310547,138.0800018310547,138.22000122070312,557304,0
2026-04-30 09:50:00-04:00,138.22999572753906,138.36830139160156,136.85000610351562,136.85000610351562,613624,0
2026-04-30 09:55:00-04:00,136.83999633789062,137.83999633789062,136.64999389648438,137.35000610351562,516679,0
2026-04-30 10:00:00-04:00,137.3699951171875,138.35000610351562,137.33999633789062,137.9250030517578,500455,0
2026-04-30 10:05:00-04:00,137.93499755859375,138.10000610351562,137.3699951171875,137.47500610351562,392708,0
2026-04-30 10:10:00-04:00,137.49000549316406,137.8498992919922,137.2301025390625,137.4600067138672,406036,0
2026-04-30 10:15:00-04:00,137.44000244140625,137.67990112304688,136.6699981689453,137.67990112304688,462682,0
2026-04-30 10:20:00-04:00,137.64500427246094,138.22000122070312,137.4600067138672,138.02000427246094,353428,0
2026-04-30 10:25:00-04:00,138.00999450683594,138.47999572753906,137.52999877929688,138.375,425661,0
2026-04-30 10:30:00-04:00,138.36000061035156,138.72000122070312,138.0709991455078,138.2949981689453,467132,0
2026-04-30 10:35:00-04:00,138.3000030517578,138.61000061035156,138.02999877929688,138.47999572753906,328983,0
2026-04-30 10:40:00-04:00,138.50750732421875,139.43899536132812,138.47109985351562,139.32000732421875,507852,0
2026-04-30 10:45:00-04:00,139.3300018310547,139.6699981689453,139.12010192871094,139.5800018310547,371372,0
2026-04-30 10:50:00-04:00,139.57000732421875,139.99000549316406,139.38999938964844,139.8000030517578,381401,0
2026-04-30 10:55:00-04:00,139.75999450683594,139.97999572753906,139.50999450683594,139.8350067138672,365305,0
2026-04-30 11:00:00-04:00,139.82000732421875,140.1999969482422,139.82000732421875,140.14999389648438,389401,0
2026-04-30 11:05:00-04:00,140.1199951171875,140.17999267578125,139.85000610351562,140.0500030517578,416277,0
2026-04-30 11:10:00-04:00,140.0399932861328,140.14999389648438,139.68499755859375,139.73570251464844,268078,0
2026-04-30 11:15:00-04:00,139.77999877929688,140.02999877929688,139.6300048828125,139.89990234375,253762,0
2026-04-30 11:20:00-04:00,139.91600036621094,139.92990112304688,139.52000427246094,139.72000122070312,234049,0
2026-04-30 11:25:00-04:00,139.71839904785156,139.74000549316406,139.47120666503906,139.66000366210938,231176,0
2026-04-30 11:30:00-04:00,139.69000244140625,139.75,139.29010009765625,139.35000610351562,207936,0
2026-04-30 11:35:00-04:00,139.2899932861328,139.32000732421875,138.8800048828125,139.02499389648438,239283,0
2026-04-30 11:40:00-04:00,139.0,139.47500610351562,138.91000366210938,139.375,227318,0
2026-04-30 11:45:00-04:00,139.36000061035156,139.36500549316406,138.97000122070312,139.30999755859375,225343,0
2026-04-30 11:50:00-04:00,139.32000732421875,139.52000427246094,139.15069580078125,139.4149932861328,205551,0
2026-04-30 11:55:00-04:00,139.40499877929688,139.50999450683594,139.22000122070312,139.23500061035156,172696,0
2026-04-30 12:00:00-04:00,139.24000549316406,139.38999938964844,139.11000061035156,139.27999877929688,173885,0
2026-04-30 12:05:00-04:00,139.25999450683594,139.37989807128906,138.88999938964844,138.89999389648438,150473,0
2026-04-30 12:10:00-04:00,138.89500427246094,139.02999877929688,138.7899932861328,138.85000610351562,158018,0
2026-04-30 12:15:00-04:00,138.86000061035156,138.8699951171875,138.56500244140625,138.57000732421875,197310,0
2026-04-30 12:20:00-04:00,138.60000610351562,138.6199951171875,138.41009521484375,138.4700927734375,187557,0
2026-04-30 12:25:00-04:00,138.44000244140625,138.49000549316406,138.22999572753906,138.3300018310547,218816,0
2026-04-30 12:30:00-04:00,138.3249969482422,138.47999572753906,138.22999572753906,138.2899932861328,195081,0
2026-04-30 12:35:00-04:00,138.27000427246094,138.3699951171875,137.9499969482422,138.2899932861328,379275,0
2026-04-30 12:40:00-04:00,138.24000549316406,138.33999633789062,138.0,138.02999877929688,243599,0
2026-04-30 12:45:00-04:00,138.02499389648438,138.17999267578125,137.83999633789062,138.1199951171875,285303,0
2026-04-30 12:50:00-04:00,138.11000061035156,138.13999938964844,137.6999969482422,137.74000549316406,255852,0
2026-04-30 12:55:00-04:00,137.72999572753906,137.75999450683594,137.5601043701172,137.625,240473,0
2026-04-30 13:00:00-04:00,137.6300048828125,138.0399932861328,137.51260375976562,137.77499389648438,419412,0
2026-04-30 13:05:00-04:00,137.80999755859375,138.3699951171875,137.69000244140625,138.3000030517578,337694,0
2026-04-30 13:10:00-04:00,138.32749938964844,138.5478057861328,138.1699981689453,138.51499938964844,602819,0
2026-04-30 13:15:00-04:00,138.50990295410156,138.72999572753906,138.4499969482422,138.625,265882,0
2026-04-30 13:20:00-04:00,138.625,138.88999938964844,138.57000732421875,138.77999877929688,301752,0
2026-04-30 13:25:00-04:00,138.77000427246094,138.82989501953125,138.55999755859375,138.75999450683594,230687,0
2026-04-30 13:30:00-04:00,138.77000427246094,139.10549926757812,138.77000427246094,138.97000122070312,294951,0
2026-04-30 13:35:00-04:00,139.0,139.02999877929688,138.72000122070312,138.82000732421875,216404,0
2026-04-30 13:40:00-04:00,138.82000732421875,138.92999267578125,138.74000549316406,138.77999877929688,141059,0
2026-04-30 13:45:00-04:00,138.76010131835938,138.83999633789062,138.55999755859375,138.55999755859375,193397,0
2026-04-30 13:50:00-04:00,138.57009887695312,138.73500061035156,138.44000244140625,138.50999450683594,201648,0
2026-04-30 13:55:00-04:00,138.5030059814453,138.99989318847656,138.5030059814453,138.86000061035156,251063,0
2026-04-30 14:00:00-04:00,138.83999633789062,139.25,138.8300018310547,139.1999969482422,247769,0
2026-04-30 14:05:00-04:00,139.1699981689453,139.36000061035156,139.0500030517578,139.32000732421875,221816,0
2026-04-30 14:10:00-04:00,139.3000946044922,139.4499053955078,139.16000366210938,139.1699981689453,205190,0
2026-04-30 14:15:00-04:00,139.2100067138672,139.4149932861328,139.17999267578125,139.30499267578125,174894,0
2026-04-30 14:20:00-04:00,139.2899932861328,139.4499053955078,139.24000549316406,139.32000732421875,131543,0
2026-04-30 14:25:00-04:00,139.30999755859375,139.3300018310547,139.05999755859375,139.25999450683594,623696,0
2026-04-30 14:30:00-04:00,139.25999450683594,139.47999572753906,139.19009399414062,139.47000122070312,139850,0
2026-04-30 14:35:00-04:00,139.5,139.75,139.49000549316406,139.60000610351562,222359,0
2026-04-30 14:40:00-04:00,139.60000610351562,139.80999755859375,139.60000610351562,139.80999755859375,163092,0
2026-04-30 14:45:00-04:00,139.80999755859375,139.889892578125,139.72999572753906,139.85499572753906,171313,0
2026-04-30 14:50:00-04:00,139.86000061035156,139.91000366210938,139.6898956298828,139.71499633789062,203234,0
2026-04-30 14:55:00-04:00,139.697998046875,139.6999969482422,139.50999450683594,139.60000610351562,149342,0
2026-04-30 15:00:00-04:00,139.63999938964844,139.64999389648438,139.38999938964844,139.59500122070312,199076,0
2026-04-30 15:05:00-04:00,139.59170532226562,139.72000122070312,139.44000244140625,139.6300048828125,168607,0
2026-04-30 15:10:00-04:00,139.6376953125,139.75,139.56500244140625,139.6999969482422,184173,0
2026-04-30 15:15:00-04:00,139.69000244140625,139.72999572753906,139.49000549316406,139.67999267578125,172396,0
2026-04-30 15:20:00-04:00,139.63499450683594,139.97999572753906,139.41259765625,139.9541015625,234420,0
2026-04-30 15:25:00-04:00,139.9499969482422,139.9774932861328,139.72000122070312,139.72000122070312,200957,0
2026-04-30 15:30:00-04:00,139.72000122070312,139.77000427246094,139.52000427246094,139.52000427246094,241508,0
2026-04-30 15:35:00-04:00,139.52000427246094,139.5998992919922,139.35000610351562,139.38999938964844,227331,0
2026-04-30 15:40:00-04:00,139.36500549316406,139.37989807128906,139.22500610351562,139.3300018310547,301167,0
2026-04-30 15:45:00-04:00,139.32000732421875,139.41000366210938,139.08999633789062,139.09500122070312,328310,0
2026-04-30 15:50:00-04:00,139.10000610351562,139.64999389648438,139.08999633789062,139.5399932861328,636093,0
2026-04-30 15:55:00-04:00,139.55999755859375,139.61000061035156,138.88999938964844,139.05999755859375,1502905,0
2026-05-01 09:30:00-04:00,143.2949981689453,146.1999969482422,143.2949981689453,145.51499938964844,3395118,0
2026-05-01 09:35:00-04:00,145.51499938964844,146.04989624023438,144.8000030517578,145.35000610351562,1063564,0
2026-05-01 09:40:00-04:00,145.3800048828125,146.44000244140625,144.8300018310547,145.08999633789062,1146275,0
2026-05-01 09:45:00-04:00,145.05999755859375,145.39999389648438,144.25999450683594,144.77999877929688,800668,0
2026-05-01 09:50:00-04:00,144.77999877929688,144.99000549316406,144.07000732421875,144.3000030517578,701040,0
2026-05-01 09:55:00-04:00,144.3000030517578,144.74000549316406,143.4199981689453,143.5399932861328,666172,0
2026-05-01 10:00:00-04:00,143.57000732421875,143.6300048828125,142.0500030517578,142.10220336914062,916848,0
2026-05-01 10:05:00-04:00,142.09500122070312,142.49989318847656,141.8300018310547,142.25999450683594,856694,0
2026-05-01 10:10:00-04:00,142.2205047607422,142.39990234375,141.38999938964844,141.97500610351562,743863,0
2026-05-01 10:15:00-04:00,141.99000549316406,142.2899932861328,141.5749969482422,142.27999877929688,555089,0
2026-05-01 10:20:00-04:00,142.27499389648438,142.85000610351562,142.14999389648438,142.6699981689453,648805,0
2026-05-01 10:25:00-04:00,142.66000366210938,142.8800048828125,142.41000366210938,142.8300018310547,428524,0
2026-05-01 10:30:00-04:00,142.8699951171875,142.88999938964844,142.20010375976562,142.67889404296875,460891,0
2026-05-01 10:35:00-04:00,142.6999969482422,142.8249969482422,141.75999450683594,142.51229858398438,420908,0
2026-05-01 10:40:00-04:00,142.5399932861328,142.85000610351562,142.33999633789062,142.6699981689453,296560,0
2026-05-01 10:45:00-04:00,142.6699981689453,143.5395050048828,142.60000610351562,143.2592010498047,465297,0
2026-05-01 10:50:00-04:00,143.27999877929688,143.69000244140625,143.1999969482422,143.36000061035156,344729,0
2026-05-01 10:55:00-04:00,143.35499572753906,144.1649932861328,143.3300018310547,144.07000732421875,423426,0
2026-05-01 11:00:00-04:00,144.07000732421875,144.1999969482422,143.22999572753906,143.42999267578125,397358,0
2026-05-01 11:05:00-04:00,143.44000244140625,143.62989807128906,143.1199951171875,143.27999877929688,321507,0
2026-05-01 11:10:00-04:00,143.2449951171875,143.69000244140625,143.13999938964844,143.625,255561,0
2026-05-01 11:15:00-04:00,143.64999389648438,143.860107421875,143.54409790039062,143.80999755859375,320669,0
2026-05-01 11:20:00-04:00,143.83999633789062,144.25,143.78050231933594,143.9105987548828,359501,0
2026-05-01 11:25:00-04:00,143.9499969482422,144.13999938964844,143.82000732421875,144.11500549316406,218747,0
2026-05-01 11:30:00-04:00,144.1199951171875,144.189697265625,143.7899932861328,144.11500549316406,224228,0
2026-05-01 11:35:00-04:00,144.10000610351562,144.5399932861328,144.01010131835938,144.36000061035156,376750,0
2026-05-01 11:40:00-04:00,144.39999389648438,144.58999633789062,144.05999755859375,144.22999572753906,257319,0
2026-05-01 11:45:00-04:00,144.25,144.4499969482422,144.13499450683594,144.44000244140625,205538,0
2026-05-01 11:50:00-04:00,144.44500732421875,144.5,143.7200927734375,143.77499389648438,348371,0
2026-05-01 11:55:00-04:00,143.7899932861328,144.1999969482422,143.72000122070312,143.99000549316406,178511,0
2026-05-01 12:00:00-04:00,143.97509765625,144.19000244140625,143.85000610351562,144.16000366210938,197494,0
2026-05-01 12:05:00-04:00,144.1699981689453,144.19000244140625,143.44000244140625,143.5699005126953,217779,0
2026-05-01 12:10:00-04:00,143.57000732421875,143.74000549316406,143.4499969482422,143.66000366210938,171826,0
2026-05-01 12:15:00-04:00,143.64500427246094,144.07000732421875,143.58999633789062,144.0500030517578,164176,0
2026-05-01 12:20:00-04:00,144.04739379882812,144.3300018310547,143.86000061035156,144.02999877929688,241105,0
2026-05-01 12:25:00-04:00,144.03500366210938,144.11000061035156,143.64999389648438,144.0500030517578,156348,0
2026-05-01 12:30:00-04:00,144.05999755859375,144.21499633789062,143.75,144.0,156901,0
2026-05-01 12:35:00-04:00,143.98089599609375,144.05990600585938,143.72999572753906,143.9600067138672,127585,0
2026-05-01 12:40:00-04:00,144.0,144.0050048828125,143.61000061035156,143.63499450683594,119346,0
2026-05-01 12:45:00-04:00,143.61000061035156,143.61000061035156,143.1300048828125,143.27999877929688,258393,0
2026-05-01 12:50:00-04:00,143.27999877929688,143.9376983642578,143.18890380859375,143.91000366210938,200664,0
2026-05-01 12:55:00-04:00,143.91000366210938,144.3300018310547,143.91000366210938,144.3300018310547,229860,0
2026-05-01 13:00:00-04:00,144.3300018310547,144.39999389648438,144.1199951171875,144.2899932861328,189193,0
2026-05-01 13:05:00-04:00,144.2899932861328,144.5800018310547,144.2899932861328,144.56500244140625,203572,0
2026-05-01 13:10:00-04:00,144.57000732421875,144.81500244140625,144.5500030517578,144.6699981689453,267277,0
2026-05-01 13:15:00-04:00,144.6999969482422,144.89999389648438,144.6699981689453,144.8798065185547,179243,0
2026-05-01 13:20:00-04:00,144.86500549316406,144.9600067138672,144.77000427246094,144.8800048828125,196576,0
2026-05-01 13:25:00-04:00,144.86500549316406,144.95640563964844,144.68499755859375,144.95640563964844,150065,0
2026-05-01 13:30:00-04:00,144.92999267578125,144.94720458984375,144.75,144.89999389648438,162508,0
2026-05-01 13:35:00-04:00,144.91000366210938,145.22000122070312,144.82000732421875,145.22000122070312,282972,0
2026-05-01 13:40:00-04:00,145.2100067138672,145.35000610351562,145.0,145.18499755859375,289608,0
2026-05-01 13:45:00-04:00,145.20509338378906,145.24000549316406,144.8249969482422,144.9499969482422,154572,0
2026-05-01 13:50:00-04:00,144.97999572753906,145.08889770507812,144.86000061035156,144.99000549316406,172574,0
2026-05-01 13:55:00-04:00,144.98500061035156,145.22000122070312,144.97000122070312,145.14999389648438,182974,0
2026-05-01 14:00:00-04:00,145.14999389648438,145.24000549316406,144.83999633789062,144.86000061035156,202112,0
2026-05-01 14:05:00-04:00,144.8415985107422,144.99000549316406,144.7899932861328,144.875,148060,0
2026-05-01 14:10:00-04:00,144.88999938964844,144.9250030517578,144.27999877929688,144.3300018310547,378352,0
2026-05-01 14:15:00-04:00,144.33999633789062,144.50999450683594,144.27999877929688,144.4499969482422,241114,0
2026-05-01 14:20:00-04:00,144.44000244140625,144.58999633789062,144.4199981689453,144.52000427246094,211529,0
2026-05-01 14:25:00-04:00,144.52999877929688,144.67999267578125,144.41000366210938,144.66000366210938,215896,0
2026-05-01 14:30:00-04:00,144.66000366210938,144.6999969482422,144.19009399414062,144.5,240529,0
2026-05-01 14:35:00-04:00,144.49000549316406,144.52000427246094,144.35000610351562,144.37989807128906,115548,0
2026-05-01 14:40:00-04:00,144.36500549316406,144.41000366210938,144.05999755859375,144.1699981689453,189939,0
2026-05-01 14:45:00-04:00,144.17999267578125,144.19790649414062,143.69000244140625,143.97999572753906,305408,0
2026-05-01 14:50:00-04:00,143.9600067138672,144.0800018310547,143.83999633789062,143.97500610351562,226395,0
2026-05-01 14:55:00-04:00,143.97000122070312,144.24000549316406,143.91000366210938,144.10000610351562,235624,0
2026-05-01 15:00:00-04:00,144.08999633789062,144.3800048828125,144.03900146484375,144.2899932861328,202187,0
2026-05-01 15:05:00-04:00,144.2899932861328,144.49000549316406,144.24000549316406,144.33999633789062,212983,0
2026-05-01 15:10:00-04:00,144.35000610351562,144.4499969482422,144.16099548339844,144.4199981689453,249279,0
2026-05-01 15:15:00-04:00,144.41000366210938,144.4499969482422,144.1699981689453,144.27000427246094,208376,0
2026-05-01 15:20:00-04:00,144.2899932861328,144.49000549316406,144.18060302734375,144.4499969482422,279532,0
2026-05-01 15:25:00-04:00,144.42999267578125,144.5500030517578,144.3699951171875,144.39999389648438,202546,0
2026-05-01 15:30:00-04:00,144.4199981689453,144.6300048828125,144.2550048828125,144.58999633789062,270760,0
2026-05-01 15:35:00-04:00,144.5800018310547,144.59500122070312,144.24000549316406,144.5,287453,0
2026-05-01 15:40:00-04:00,144.5050048828125,144.52999877929688,144.32000732421875,144.47999572753906,214054,0
2026-05-01 15:45:00-04:00,144.5,144.69000244140625,144.39999389648438,144.62010192871094,339971,0
2026-05-01 15:50:00-04:00,144.6199951171875,144.6999969482422,144.32000732421875,144.50999450683594,549060,0
2026-05-01 15:55:00-04:00,144.47999572753906,144.47999572753906,144.00999450683594,144.07989501953125,1212040,0
2026-05-04 09:30:00-04:00,147.8350067138672,148.9499969482422,146.57000732421875,147.5301055908203,5427708,0
2026-05-04 09:35:00-04:00,147.625,149.6199951171875,147.54010009765625,149.3699951171875,2394553,0
2026-05-04 09:40:00-04:00,149.3800048828125,149.52000427246094,148.2301025390625,148.27999877929688,1341407,0
2026-05-04 09:45:00-04:00,148.22999572753906,149.5050048828125,148.10000610351562,148.89500427246094,1334432,0
2026-05-04 09:50:00-04:00,148.8699951171875,149.17990112304688,147.32249450683594,148.1649932861328,1081299,0
2026-05-04 09:55:00-04:00,148.2100067138672,148.2899932861328,146.8800048828125,146.9600067138672,915466,0
2026-05-04 10:00:00-04:00,146.92999267578125,147.08999633789062,146.30999755859375,146.7801055908203,1073267,0
2026-05-04 10:05:00-04:00,146.83999633789062,146.92990112304688,146.30999755859375,146.3699951171875,746439,0
2026-05-04 10:10:00-04:00,146.38999938964844,147.1699981689453,146.35000610351562,147.05999755859375,634113,0
2026-05-04 10:15:00-04:00,147.05999755859375,147.6199951171875,146.77999877929688,147.5399932861328,835292,0
2026-05-04 10:20:00-04:00,147.52499389648438,147.60000610351562,147.00599670410156,147.4600067138672,525605,0
2026-05-04 10:25:00-04:00,147.44500732421875,147.80999755859375,147.3101043701172,147.3300018310547,520389,0
2026-05-04 10:30:00-04:00,147.3300018310547,147.8000030517578,147.10000610351562,147.63819885253906,450975,0
2026-05-04 10:35:00-04:00,147.61129760742188,147.7631072998047,147.22999572753906,147.38999938964844,421637,0
2026-05-04 10:40:00-04:00,147.44000244140625,147.63999938964844,147.12010192871094,147.19000244140625,428256,0
2026-05-04 10:45:00-04:00,147.19000244140625,148.0500030517578,147.14439392089844,147.9730987548828,491331,0
2026-05-04 10:50:00-04:00,147.9600067138672,148.27099609375,147.83999633789062,148.17999267578125,471886,0
2026-05-04 10:55:00-04:00,148.1699981689453,148.25,146.75880432128906,146.79640197753906,823468,0
2026-05-04 11:00:00-04:00,146.85000610351562,147.79989624023438,146.57000732421875,147.05999755859375,814413,0
2026-05-04 11:05:00-04:00,147.11929321289062,147.11929321289062,145.92999267578125,145.9600067138672,1065376,0
2026-05-04 11:10:00-04:00,145.97000122070312,146.69000244140625,145.89999389648438,146.65499877929688,563011,0
2026-05-04 11:15:00-04:00,146.64999389648438,146.83050537109375,146.02999877929688,146.07000732421875,393717,0
2026-05-04 11:20:00-04:00,146.11000061035156,146.27330017089844,145.64039611816406,145.8249969482422,623077,0
2026-05-04 11:25:00-04:00,145.8350067138672,146.22999572753906,145.7899932861328,146.0800018310547,681888,0
2026-05-04 11:30:00-04:00,146.17979431152344,146.4290008544922,145.82000732421875,146.21229553222656,464557,0
2026-05-04 11:35:00-04:00,146.28570556640625,146.2949981689453,145.77000427246094,145.93960571289062,367686,0
2026-05-04 11:40:00-04:00,145.93499755859375,146.3000030517578,145.27999877929688,146.264892578125,516327,0
2026-05-04 11:45:00-04:00,146.2449951171875,146.36000061035156,145.8000030517578,145.89999389648438,355092,0
2026-05-04 11:50:00-04:00,145.89999389648438,146.3800048828125,145.5,146.33009338378906,463026,0
2026-05-04 11:55:00-04:00,146.35000610351562,146.5684051513672,146.14999389648438,146.3300018310547,423038,0
2026-05-04 12:00:00-04:00,146.3350067138672,146.47999572753906,145.94000244140625,146.30990600585938,304853,0
2026-05-04 12:05:00-04:00,146.28500366210938,146.33999633789062,145.22500610351562,145.5850067138672,538372,0
2026-05-04 12:10:00-04:00,145.57000732421875,145.97999572753906,145.27000427246094,145.77999877929688,351392,0
2026-05-04 12:15:00-04:00,145.75999450683594,146.47999572753906,145.4199981689453,146.3040008544922,426918,0
2026-05-04 12:20:00-04:00,146.33009338378906,146.58999633789062,146.25999450683594,146.4499969482422,365751,0
2026-05-04 12:25:00-04:00,146.44000244140625,146.82000732421875,146.41000366210938,146.58009338378906,327642,0
2026-05-04 12:30:00-04:00,146.60000610351562,146.9499969482422,146.53500366210938,146.9499969482422,318333,0
2026-05-04 12:35:00-04:00,146.92999267578125,146.98989868164062,146.4199981689453,146.47999572753906,317105,0
2026-05-04 12:40:00-04:00,146.49989318847656,146.9199981689453,146.49989318847656,146.77999877929688,334173,0
2026-05-04 12:45:00-04:00,146.7550048828125,146.8800048828125,146.67999267578125,146.80499267578125,259086,0
2026-05-04 12:50:00-04:00,146.8280029296875,146.89999389648438,146.6699981689453,146.7899932861328,264106,0
2026-05-04 12:55:00-04:00,146.7899932861328,147.22000122070312,146.7899932861328,147.16000366210938,1056114,0
2026-05-04 13:00:00-04:00,147.1649932861328,147.25,147.00999450683594,147.10000610351562,387503,0
2026-05-04 13:05:00-04:00,147.1300048828125,147.24000549316406,146.82000732421875,146.97000122070312,302803,0
2026-05-04 13:10:00-04:00,146.97000122070312,147.11990356445312,146.86000061035156,147.02000427246094,254794,0
2026-05-04 13:15:00-04:00,147.02000427246094,147.4698944091797,146.9801025390625,147.38499450683594,383817,0
2026-05-04 13:20:00-04:00,147.3699951171875,147.5,147.17999267578125,147.39999389648438,427231,0
2026-05-04 13:25:00-04:00,147.41000366210938,147.5,147.26010131835938,147.48989868164062,353814,0
2026-05-04 13:30:00-04:00,147.48289489746094,147.94000244140625,147.41000366210938,147.8699951171875,729888,0
2026-05-04 13:35:00-04:00,147.89630126953125,147.89999389648438,147.5,147.7899932861328,456315,0
2026-05-04 13:40:00-04:00,147.8000030517578,147.92999267578125,147.62010192871094,147.8249969482422,354491,0
2026-05-04 13:45:00-04:00,147.8249969482422,148.08999633789062,147.6999969482422,147.99000549316406,461507,0
2026-05-04 13:50:00-04:00,147.99000549316406,148.3800048828125,147.8699951171875,148.1649932861328,437008,0
2026-05-04 13:55:00-04:00,148.16000366210938,148.389892578125,148.13009643554688,148.13009643554688,506321,0
2026-05-04 14:00:00-04:00,148.13999938964844,148.3300018310547,148.00999450683594,148.1750030517578,585316,0
2026-05-04 14:05:00-04:00,148.14999389648438,148.3000030517578,147.9499969482422,147.98500061035156,404493,0
2026-05-04 14:10:00-04:00,147.96530151367188,148.1300048828125,147.91000366210938,148.0399932861328,532792,0
2026-05-04 14:15:00-04:00,148.0399932861328,148.1199951171875,147.92999267578125,148.0800018310547,370945,0
2026-05-04 14:20:00-04:00,148.05999755859375,148.22509765625,147.89199829101562,148.13999938964844,449818,0
2026-05-04 14:25:00-04:00,148.1199951171875,148.22000122070312,147.8800048828125,148.18499755859375,355373,0
2026-05-04 14:30:00-04:00,148.17999267578125,148.24000549316406,147.72560119628906,147.8300018310547,312205,0
2026-05-04 14:35:00-04:00,147.83990478515625,147.9600067138672,147.72000122070312,147.85000610351562,243373,0
2026-05-04 14:40:00-04:00,147.84500122070312,148.1497039794922,147.8000030517578,147.94000244140625,332679,0
2026-05-04 14:45:00-04:00,147.92999267578125,148.1999969482422,147.8800048828125,148.0749969482422,356379,0
2026-05-04 14:50:00-04:00,148.0800018310547,148.1199951171875,147.75,147.75999450683594,405915,0
2026-05-04 14:55:00-04:00,147.77999877929688,148.02000427246094,147.75999450683594,147.8699951171875,293627,0
2026-05-04 15:00:00-04:00,147.86000061035156,147.9600067138672,147.61000061035156,147.6699981689453,375870,0
2026-05-04 15:05:00-04:00,147.67999267578125,147.9199981689453,147.50999450683594,147.5240020751953,381536,0
2026-05-04 15:10:00-04:00,147.52499389648438,147.6300048828125,147.3000946044922,147.3350067138672,452138,0
2026-05-04 15:15:00-04:00,147.35000610351562,147.37989807128906,147.0500946044922,147.068603515625,585954,0
2026-05-04 15:20:00-04:00,147.06500244140625,147.5399932861328,147.00999450683594,147.50999450683594,465948,0
2026-05-04 15:25:00-04:00,147.52999877929688,147.80999755859375,147.4199981689453,147.5800018310547,644081,0
2026-05-04 15:30:00-04:00,147.60000610351562,147.6999969482422,147.24000549316406,147.3300018310547,616438,0
2026-05-04 15:35:00-04:00,147.36900329589844,147.389892578125,146.82000732421875,146.91990661621094,872687,0
2026-05-04 15:40:00-04:00,146.89999389648438,147.1300048828125,146.6999969482422,146.7003936767578,718251,0
2026-05-04 15:45:00-04:00,146.6999969482422,146.9199981689453,146.4250030517578,146.69000244140625,905886,0
2026-05-04 15:50:00-04:00,146.67999267578125,146.67999267578125,145.8000030517578,146.10000610351562,1465664,0
2026-05-04 15:55:00-04:00,146.10499572753906,146.22000122070312,145.69000244140625,146.19000244140625,2768295,0
2026-05-05 09:30:00-04:00,140.2949981689453,142.8800048828125,138.70010375976562,141.35989379882812,11291527,0
2026-05-05 09:35:00-04:00,141.35989379882812,142.97999572753906,141.06500244140625,141.22500610351562,2506602,0
2026-05-05 09:40:00-04:00,141.13270568847656,141.8896942138672,139.3000030517578,139.50999450683594,2022139,0
2026-05-05 09:45:00-04:00,139.4499969482422,140.5,139.00999450683594,139.35330200195312,2293041,0
2026-05-05 09:50:00-04:00,139.375,139.63999938964844,137.59010314941406,137.7100067138672,3247616,0
2026-05-05 09:55:00-04:00,137.6999969482422,138.94000244140625,137.60000610351562,138.63999938964844,2004566,0
2026-05-05 10:00:00-04:00,138.63999938964844,138.97000122070312,137.92999267578125,137.97999572753906,1917453,0
2026-05-05 10:05:00-04:00,137.98989868164062,138.5,137.67999267578125,138.38980102539062,1451275,0
2026-05-05 10:10:00-04:00,138.3498992919922,139.50999450683594,138.21009826660156,139.1999969482422,1528333,0
2026-05-05 10:15:00-04:00,139.17999267578125,139.89999389648438,138.91000366210938,139.2899932861328,1273770,0
2026-05-05 10:20:00-04:00,139.27999877929688,139.6199951171875,138.5,138.5749969482422,1243449,0
2026-05-05 10:25:00-04:00,138.5749969482422,138.86000061035156,137.77999877929688,137.860107421875,1459963,0
2026-05-05 10:30:00-04:00,137.89979553222656,137.89999389648438,137.16000366210938,137.26980590820312,1713464,0
2026-05-05 10:35:00-04:00,137.24000549316406,137.72000122070312,136.60000610351562,136.72000122070312,1775974,0
2026-05-05 10:40:00-04:00,136.67999267578125,137.66990661621094,136.59500122070312,137.39999389648438,1246279,0
2026-05-05 10:45:00-04:00,137.42649841308594,137.80999755859375,137.25,137.4199981689453,732979,0
2026-05-05 10:50:00-04:00,137.4199981689453,137.50999450683594,136.86000061035156,137.11500549316406,998216,0
2026-05-05 10:55:00-04:00,137.1300048828125,137.4499969482422,136.9600067138672,137.19000244140625,753761,0
2026-05-05 11:00:00-04:00,137.14999389648438,137.85000610351562,137.02000427246094,137.4199981689453,790007,0
2026-05-05 11:05:00-04:00,137.44000244140625,137.5500030517578,137.1300048828125,137.4550018310547,682203,0
2026-05-05 11:10:00-04:00,137.47999572753906,138.22999572753906,137.47000122070312,138.07009887695312,866997,0
2026-05-05 11:15:00-04:00,138.07000732421875,138.3800048828125,137.60000610351562,138.1999969482422,832637,0
2026-05-05 11:20:00-04:00,138.2100067138672,138.38999938964844,137.80999755859375,138.10000610351562,791375,0
2026-05-05 11:25:00-04:00,138.08999633789062,138.19000244140625,137.77999877929688,138.0500030517578,478522,0
2026-05-05 11:30:00-04:00,138.0500030517578,138.0998992919922,137.60000610351562,137.72500610351562,485216,0
2026-05-05 11:35:00-04:00,137.72999572753906,137.72999572753906,137.22999572753906,137.3249969482422,782170,0
2026-05-05 11:40:00-04:00,137.3249969482422,137.4425048828125,136.8000030517578,136.97500610351562,1161589,0
2026-05-05 11:45:00-04:00,136.98500061035156,137.0,136.5,136.60989379882812,1086073,0
2026-05-05 11:50:00-04:00,136.60989379882812,136.75,136.22999572753906,136.38999938964844,925500,0
2026-05-05 11:55:00-04:00,136.38510131835938,136.47999572753906,136.17999267578125,136.3699951171875,642673,0
2026-05-05 12:00:00-04:00,136.35000610351562,136.47999572753906,135.92999267578125,136.16000366210938,1131471,0
2026-05-05 12:05:00-04:00,136.19000244140625,136.22000122070312,135.67999267578125,135.69500732421875,841153,0
2026-05-05 12:10:00-04:00,135.70989990234375,135.82530212402344,135.1300048828125,135.13999938964844,1262588,0
2026-05-05 12:15:00-04:00,135.1750030517578,135.25,134.72999572753906,135.07000732421875,1715550,0
2026-05-05 12:20:00-04:00,135.0500030517578,135.66990661621094,134.74000549316406,135.65499877929688,1033510,0
2026-05-05 12:25:00-04:00,135.66000366210938,135.79989624023438,135.1300048828125,135.22000122070312,880362,0
2026-05-05 12:30:00-04:00,135.22500610351562,135.38999938964844,134.72999572753906,135.25,975021,0
2026-05-05 12:35:00-04:00,135.25,135.44000244140625,135.11000061035156,135.2899932861328,539336,0
2026-05-05 12:40:00-04:00,135.2899932861328,135.5500030517578,135.13009643554688,135.3699951171875,664682,0
2026-05-05 12:45:00-04:00,135.36000061035156,135.75,135.3000030517578,135.625,661831,0
2026-05-05 12:50:00-04:00,135.625,136.39999389648438,135.49000549316406,136.3300018310547,859715,0
2026-05-05 12:55:00-04:00,136.3300018310547,136.33009338378906,136.05999755859375,136.14500427246094,433948,0
2026-05-05 13:00:00-04:00,136.16000366210938,136.32000732421875,135.92999267578125,136.3000030517578,467654,0
2026-05-05 13:05:00-04:00,136.30999755859375,136.37989807128906,136.10000610351562,136.2501983642578,431520,0
2026-05-05 13:10:00-04:00,136.25999450683594,136.49000549316406,136.16000366210938,136.40499877929688,449758,0
2026-05-05 13:15:00-04:00,136.39810180664062,136.47000122070312,136.0,136.07000732421875,408009,0
2026-05-05 13:20:00-04:00,136.07000732421875,136.19000244140625,135.75999450683594,135.8800048828125,466409,0
2026-05-05 13:25:00-04:00,135.89500427246094,135.9199981689453,135.61000061035156,135.75,425000,0
2026-05-05 13:30:00-04:00,135.75,135.7899932861328,135.5500030517578,135.72000122070312,386284,0
2026-05-05 13:35:00-04:00,135.72999572753906,135.9550018310547,135.50999450683594,135.84500122070312,398746,0
2026-05-05 13:40:00-04:00,135.84500122070312,136.1300048828125,135.80999755859375,136.0500030517578,423308,0
2026-05-05 13:45:00-04:00,136.03500366210938,136.22999572753906,135.8300018310547,136.2100067138672,406116,0
2026-05-05 13:50:00-04:00,136.2100067138672,136.29989624023438,136.08999633789062,136.1999969482422,362267,0
2026-05-05 13:55:00-04:00,136.1999969482422,136.22999572753906,135.91000366210938,135.93499755859375,332346,0
2026-05-05 14:00:00-04:00,135.94000244140625,136.6699981689453,135.85000610351562,136.64999389648438,611519,0
2026-05-05 14:05:00-04:00,136.63499450683594,136.64999389648438,136.33009338378906,136.58999633789062,453850,0
2026-05-05 14:10:00-04:00,136.5800018310547,136.7899932861328,136.39999389648438,136.73500061035156,453442,0
2026-05-05 14:15:00-04:00,136.74000549316406,136.77999877929688,136.30999755859375,136.35499572753906,446690,0
2026-05-05 14:20:00-04:00,136.35499572753906,136.39999389648438,135.89999389648438,135.9149932861328,539010,0
2026-05-05 14:25:00-04:00,135.9149932861328,135.9149932861328,135.5500030517578,135.57000732421875,544339,0
2026-05-05 14:30:00-04:00,135.56500244140625,135.8800048828125,135.5500030517578,135.61500549316406,585125,0
2026-05-05 14:35:00-04:00,135.61000061035156,135.8800048828125,135.5,135.5301055908203,518564,0
2026-05-05 14:40:00-04:00,135.5399932861328,135.6999969482422,135.43299865722656,135.63999938964844,533793,0
2026-05-05 14:45:00-04:00,135.6300048828125,135.70989990234375,135.39999389648438,135.4803009033203,434282,0
2026-05-05 14:50:00-04:00,135.4499969482422,135.57000732421875,134.82000732421875,134.95989990234375,991495,0
2026-05-05 14:55:00-04:00,134.9600067138672,135.69000244140625,134.75,135.34500122070312,875605,0
2026-05-05 15:00:00-04:00,135.35000610351562,135.3800048828125,135.0449981689453,135.13999938964844,591129,0
2026-05-05 15:05:00-04:00,135.16000366210938,135.35000610351562,135.0800018310547,135.17999267578125,500008,0
2026-05-05 15:10:00-04:00,135.1898956298828,135.6699981689453,135.02999877929688,135.63999938964844,578810,0
2026-05-05 15:15:00-04:00,135.6529998779297,136.08990478515625,135.60000610351562,135.8300018310547,775479,0
2026-05-05 15:20:00-04:00,135.8498992919922,135.97999572753906,135.6199951171875,135.94000244140625,724967,0
2026-05-05 15:25:00-04:00,135.94000244140625,135.9698944091797,135.50999450683594,135.80999755859375,548910,0
2026-05-05 15:30:00-04:00,135.80999755859375,135.89990234375,135.3800048828125,135.3800048828125,698895,0
2026-05-05 15:35:00-04:00,135.38999938964844,136.25,135.38999938964844,136.1652069091797,849155,0
2026-05-05 15:40:00-04:00,136.1699981689453,136.39999389648438,136.14999389648438,136.3699951171875,691137,0
2026-05-05 15:45:00-04:00,136.3699951171875,136.42999267578125,135.94000244140625,136.41000366210938,777077,0
2026-05-05 15:50:00-04:00,136.39999389648438,136.66000366210938,136.2100067138672,136.3800048828125,1188684,0
2026-05-05 15:55:00-04:00,136.35000610351562,136.35000610351562,135.85000610351562,135.91000366210938,1831707,0
2026-05-06 09:30:00-04:00,133.5749969482422,133.5749969482422,131.1501007080078,132.32000732421875,7212760,0
2026-05-06 09:35:00-04:00,132.2899932861328,133.9600067138672,131.9199981689453,133.1999969482422,1827022,0
2026-05-06 09:40:00-04:00,133.1999969482422,134.16000366210938,132.8000030517578,134.1199951171875,1201863,0
2026-05-06 09:45:00-04:00,134.1199951171875,134.49000549316406,132.8000030517578,133.08999633789062,1132174,0
2026-05-06 09:50:00-04:00,133.05999755859375,133.74180603027344,132.65060424804688,133.50999450683594,1119736,0
2026-05-06 09:55:00-04:00,133.49000549316406,133.75990295410156,133.07000732421875,133.47250366210938,956067,0
2026-05-06 10:00:00-04:00,133.47500610351562,134.14999389648438,133.42999267578125,134.08949279785156,769177,0
2026-05-06 10:05:00-04:00,134.08999633789062,135.22000122070312,133.8300018310547,135.17999267578125,1197505,0
2026-05-06 10:10:00-04:00,135.1999969482422,135.55990600585938,135.02999877929688,135.1699981689453,1024175,0
2026-05-06 10:15:00-04:00,135.19000244140625,135.44000244140625,134.72000122070312,135.3699951171875,761771,0
2026-05-06 10:20:00-04:00,135.36500549316406,135.6999969482422,134.8000030517578,134.86000061035156,848859,0
2026-05-06 10:25:00-04:00,134.86459350585938,135.38999938964844,134.8000030517578,135.11000061035156,552590,0
2026-05-06 10:30:00-04:00,135.10000610351562,135.39999389648438,134.75,134.84080505371094,705214,0
2026-05-06 10:35:00-04:00,134.8498992919922,135.33999633789062,134.66000366210938,134.74000549316406,678121,0
2026-05-06 10:40:00-04:00,134.75,134.9250030517578,133.89999389648438,133.9949951171875,885311,0
2026-05-06 10:45:00-04:00,133.97500610351562,134.27000427246094,133.80999755859375,134.2100067138672,826127,0
2026-05-06 10:50:00-04:00,134.2100067138672,134.49000549316406,133.95010375976562,134.16000366210938,516226,0
2026-05-06 10:55:00-04:00,134.1699981689453,134.5998992919922,133.95010375976562,134.07000732421875,552679,0
2026-05-06 11:00:00-04:00,134.0749969482422,134.2899932861328,133.75999450683594,133.7899932861328,555780,0
2026-05-06 11:05:00-04:00,133.7949981689453,133.83160400390625,133.4503936767578,133.61000061035156,532327,0
2026-05-06 11:10:00-04:00,133.63510131835938,133.8800048828125,133.3300018310547,133.38999938964844,558478,0
2026-05-06 11:15:00-04:00,133.4149932861328,133.52999877929688,133.0,133.02000427246094,722561,0
2026-05-06 11:20:00-04:00,133.00999450683594,133.4696044921875,132.6699981689453,133.07000732421875,925084,0
2026-05-06 11:25:00-04:00,133.09120178222656,133.1999969482422,132.8800048828125,133.00999450683594,534606,0
2026-05-06 11:30:00-04:00,133.01499938964844,133.1999969482422,132.7100067138672,132.91000366210938,580090,0
2026-05-06 11:35:00-04:00,132.91000366210938,132.94000244140625,132.6800994873047,132.7100067138672,504628,0
2026-05-06 11:40:00-04:00,132.7100067138672,132.9600067138672,132.5200958251953,132.94650268554688,603610,0
2026-05-06 11:45:00-04:00,132.90330505371094,133.19000244140625,132.79010009765625,133.13999938964844,516106,0
2026-05-06 11:50:00-04:00,133.14500427246094,133.3498992919922,132.97999572753906,133.3470001220703,390856,0
2026-05-06 11:55:00-04:00,133.3498992919922,133.55999755859375,133.1269989013672,133.39500427246094,509938,0
2026-05-06 12:00:00-04:00,133.3699951171875,133.50999450683594,133.25,133.41000366210938,347375,0
2026-05-06 12:05:00-04:00,133.39999389648438,133.6300048828125,133.3302001953125,133.58999633789062,423295,0
2026-05-06 12:10:00-04:00,133.5749969482422,133.6699981689453,133.4600067138672,133.61500549316406,355788,0
2026-05-06 12:15:00-04:00,133.61000061035156,133.6699981689453,133.1199951171875,133.27499389648438,454154,0
2026-05-06 12:20:00-04:00,133.25,133.27000427246094,133.0399932861328,133.07000732421875,320547,0
2026-05-06 12:25:00-04:00,133.07009887695312,133.22999572753906,133.06629943847656,133.16000366210938,329458,0
2026-05-06 12:30:00-04:00,133.17999267578125,133.28500366210938,133.0,133.01499938964844,324608,0
2026-05-06 12:35:00-04:00,133.00010681152344,133.01499938964844,132.51499938964844,132.6199951171875,531665,0
2026-05-06 12:40:00-04:00,132.58999633789062,132.89959716796875,132.55999755859375,132.82000732421875,354089,0
2026-05-06 12:45:00-04:00,132.82009887695312,133.24000549316406,132.7449951171875,133.2100067138672,383435,0
2026-05-06 12:50:00-04:00,133.22999572753906,133.57989501953125,133.14999389648438,133.17999267578125,464780,0
2026-05-06 12:55:00-04:00,133.17999267578125,133.3699951171875,133.0800018310547,133.16000366210938,254960,0
2026-05-06 13:00:00-04:00,133.16000366210938,133.35000610351562,133.1501007080078,133.22999572753906,264115,0
2026-05-06 13:05:00-04:00,133.2100067138672,133.24339294433594,133.0500030517578,133.14999389648438,269579,0
2026-05-06 13:10:00-04:00,133.16000366210938,133.24989318847656,133.1300048828125,133.1999969482422,205573,0
2026-05-06 13:15:00-04:00,133.19000244140625,133.2899932861328,133.0,133.14999389648438,255072,0
2026-05-06 13:20:00-04:00,133.1199951171875,133.25999450683594,133.02000427246094,133.1999969482422,266425,0
2026-05-06 13:25:00-04:00,133.19500732421875,133.38999938964844,133.06500244140625,133.35000610351562,250868,0
2026-05-06 13:30:00-04:00,133.35000610351562,133.9199981689453,133.35000610351562,133.77000427246094,430907,0
2026-05-06 13:35:00-04:00,133.77999877929688,133.7949981689453,133.33999633789062,133.3780059814453,390895,0
2026-05-06 13:40:00-04:00,133.375,133.47999572753906,133.22999572753906,133.4499969482422,373159,0
2026-05-06 13:45:00-04:00,133.4199981689453,133.72000122070312,133.3300018310547,133.6999969482422,276670,0
2026-05-06 13:50:00-04:00,133.6999969482422,133.6999969482422,133.4600067138672,133.52000427246094,228970,0
2026-05-06 13:55:00-04:00,133.51220703125,133.85000610351562,133.42999267578125,133.4799041748047,283498,0
2026-05-06 14:00:00-04:00,133.4600067138672,133.52999877929688,133.27000427246094,133.38999938964844,290290,0
2026-05-06 14:05:00-04:00,133.4156036376953,133.75,133.39500427246094,133.6999969482422,338717,0
2026-05-06 14:10:00-04:00,133.71499633789062,134.05499267578125,133.61000061035156,134.02999877929688,348562,0
2026-05-06 14:15:00-04:00,134.02000427246094,134.3000030517578,134.02000427246094,134.2449951171875,287567,0
2026-05-06 14:20:00-04:00,134.2449951171875,134.47000122070312,134.16000366210938,134.25,355875,0
2026-05-06 14:25:00-04:00,134.25,134.47999572753906,134.11160278320312,134.18280029296875,351881,0
2026-05-06 14:30:00-04:00,134.1750030517578,134.1999969482422,133.83009338378906,133.86000061035156,355974,0
2026-05-06 14:35:00-04:00,133.8699951171875,134.02999877929688,133.8000030517578,133.82000732421875,337792,0
2026-05-06 14:40:00-04:00,133.81500244140625,134.0,133.66000366210938,133.66000366210938,359617,0
2026-05-06 14:45:00-04:00,133.64999389648438,133.97000122070312,133.4499969482422,133.4499969482422,426795,0
2026-05-06 14:50:00-04:00,133.4550018310547,133.47999572753906,133.25999450683594,133.2899932861328,343164,0
2026-05-06 14:55:00-04:00,133.3000030517578,133.39999389648438,133.10000610351562,133.24000549316406,839389,0
2026-05-06 15:00:00-04:00,133.25,133.25,132.9600067138672,133.11000061035156,536431,0
2026-05-06 15:05:00-04:00,133.11000061035156,133.12989807128906,132.5601043701172,132.62010192871094,688157,0
2026-05-06 15:10:00-04:00,132.64999389648438,133.3000030517578,132.5500030517578,133.26010131835938,1074431,0
2026-05-06 15:15:00-04:00,133.25,133.4199981689453,133.10000610351562,133.3000030517578,407307,0
2026-05-06 15:20:00-04:00,133.33059692382812,133.49000549316406,133.07000732421875,133.1300048828125,481977,0
2026-05-06 15:25:00-04:00,133.14990234375,133.29010009765625,133.00999450683594,133.17999267578125,400240,0
2026-05-06 15:30:00-04:00,133.17999267578125,133.3000030517578,133.00100708007812,133.27000427246094,395683,0
2026-05-06 15:35:00-04:00,133.25999450683594,133.58999633789062,133.1999969482422,133.5449981689453,459151,0
2026-05-06 15:40:00-04:00,133.5399932861328,133.5399932861328,133.3300018310547,133.50999450683594,478931,0
2026-05-06 15:45:00-04:00,133.50999450683594,133.63999938964844,133.3699951171875,133.38499450683594,555547,0
2026-05-06 15:50:00-04:00,133.3800048828125,133.8000030517578,133.1999969482422,133.6999969482422,875948,0
2026-05-06 15:55:00-04:00,133.7100067138672,133.82000732421875,133.52999877929688,133.7550048828125,1876816,0
2026-05-07 09:30:00-04:00,135.09500122070312,137.64990234375,134.8000030517578,136.23500061035156,4726832,0
2026-05-07 09:35:00-04:00,136.25999450683594,137.44000244140625,136.16000366210938,136.75,1414836,0
2026-05-07 09:40:00-04:00,136.77499389648438,138.6699981689453,136.72999572753906,137.96499633789062,1955496,0
2026-05-07 09:45:00-04:00,137.97000122070312,137.99000549316406,136.8000030517578,137.72000122070312,1150411,0
2026-05-07 09:50:00-04:00,137.72500610351562,138.0800018310547,137.5,137.72000122070312,984541,0
2026-05-07 09:55:00-04:00,137.71499633789062,138.52000427246094,137.5,137.6584930419922,1047043,0
2026-05-07 10:00:00-04:00,137.6999969482422,138.4398956298828,137.55999755859375,138.05499267578125,808092,0
2026-05-07 10:05:00-04:00,138.07000732421875,138.3800048828125,137.85000610351562,138.0,768888,0
2026-05-07 10:10:00-04:00,137.9700927734375,139.02999877929688,137.93499755859375,138.92999267578125,1272942,0
2026-05-07 10:15:00-04:00,138.94000244140625,139.11000061035156,137.4001007080078,137.85000610351562,1221008,0
2026-05-07 10:20:00-04:00,137.85000610351562,138.1999969482422,137.1999969482422,137.47999572753906,725456,0
2026-05-07 10:25:00-04:00,137.48500061035156,138.28990173339844,137.47999572753906,138.19000244140625,799430,0
2026-05-07 10:30:00-04:00,138.2100067138672,138.42010498046875,137.94000244140625,138.2801055908203,675117,0
2026-05-07 10:35:00-04:00,138.3199005126953,138.86500549316406,137.89999389648438,138.86000061035156,665607,0
2026-05-07 10:40:00-04:00,138.86000061035156,139.4199981689453,138.7301025390625,139.4199981689453,959909,0
2026-05-07 10:45:00-04:00,139.41990661621094,140.17999267578125,139.3699951171875,140.09010314941406,1612743,0
2026-05-07 10:50:00-04:00,140.08999633789062,140.9499969482422,140.08999633789062,140.3800048828125,1528209,0
2026-05-07 10:55:00-04:00,140.36500549316406,140.77999877929688,139.72000122070312,139.91000366210938,920479,0
2026-05-07 11:00:00-04:00,139.90499877929688,139.93589782714844,138.88760375976562,139.19000244140625,838685,0
2026-05-07 11:05:00-04:00,139.2100067138672,139.89999389648438,138.8000030517578,139.86000061035156,837981,0
2026-05-07 11:10:00-04:00,139.88499450683594,140.2100067138672,139.1699981689453,139.6300048828125,717344,0
2026-05-07 11:15:00-04:00,139.60000610351562,139.95989990234375,139.5200958251953,139.84030151367188,456277,0
2026-05-07 11:20:00-04:00,139.86000061035156,139.94000244140625,139.41409301757812,139.64999389648438,445079,0
2026-05-07 11:25:00-04:00,139.65020751953125,139.85000610351562,139.1699981689453,139.52000427246094,443837,0
2026-05-07 11:30:00-04:00,139.5,139.7899932861328,139.39120483398438,139.52999877929688,416353,0
2026-05-07 11:35:00-04:00,139.54510498046875,139.67559814453125,139.39999389648438,139.61500549316406,283845,0
2026-05-07 11:40:00-04:00,139.58999633789062,139.66000366210938,139.3101043701172,139.41000366210938,311292,0
2026-05-07 11:45:00-04:00,139.4250030517578,139.75,139.3000030517578,139.61000061035156,566316,0
2026-05-07 11:50:00-04:00,139.639892578125,139.639892578125,139.02999877929688,139.47000122070312,535510,0
2026-05-07 11:55:00-04:00,139.46499633789062,139.49000549316406,138.66000366210938,138.77000427246094,423189,0
2026-05-07 12:00:00-04:00,138.77999877929688,138.86000061035156,138.38999938964844,138.59500122070312,542866,0
2026-05-07 12:05:00-04:00,138.56500244140625,138.56500244140625,138.00999450683594,138.1999969482422,517342,0
2026-05-07 12:10:00-04:00,138.1999969482422,138.2100067138672,137.56500244140625,137.86500549316406,545679,0
2026-05-07 12:15:00-04:00,137.860107421875,137.860107421875,137.36000061035156,137.4001007080078,454042,0
2026-05-07 12:20:00-04:00,137.4149932861328,138.27999877929688,137.37010192871094,138.21009826660156,896528,0
2026-05-07 12:25:00-04:00,138.2100067138672,138.80990600585938,138.16000366210938,138.7050018310547,397499,0
2026-05-07 12:30:00-04:00,138.7050018310547,138.74549865722656,138.3531951904297,138.64999389648438,380300,0
2026-05-07 12:35:00-04:00,138.63999938964844,138.72000122070312,138.41009521484375,138.44500732421875,345041,0
2026-05-07 12:40:00-04:00,138.41000366210938,138.64990234375,138.2899932861328,138.45050048828125,256007,0
2026-05-07 12:45:00-04:00,138.4600067138672,138.5800018310547,137.9499969482422,138.0399932861328,265675,0
2026-05-07 12:50:00-04:00,138.0500030517578,138.1199951171875,137.75010681152344,137.84500122070312,271344,0
2026-05-07 12:55:00-04:00,137.8300018310547,137.90499877929688,137.44000244140625,137.75999450683594,329962,0
2026-05-07 13:00:00-04:00,137.78500366210938,137.91619873046875,137.5800018310547,137.5800018310547,216179,0
2026-05-07 13:05:00-04:00,137.60499572753906,137.71949768066406,137.39999389648438,137.54989624023438,268585,0
2026-05-07 13:10:00-04:00,137.5500030517578,137.55999755859375,137.13999938964844,137.43499755859375,335085,0
2026-05-07 13:15:00-04:00,137.4199981689453,137.42999267578125,136.9600067138672,136.9600067138672,378931,0
2026-05-07 13:20:00-04:00,136.9600067138672,137.4499969482422,136.8000030517578,137.36500549316406,373149,0
2026-05-07 13:25:00-04:00,137.39500427246094,137.47000122070312,136.43429565429688,136.77999877929688,438041,0
2026-05-07 13:30:00-04:00,136.7998046875,137.0399932861328,136.54010009765625,136.7899932861328,276826,0
2026-05-07 13:35:00-04:00,136.77000427246094,137.1645050048828,136.64999389648438,137.11000061035156,302960,0
2026-05-07 13:40:00-04:00,137.125,137.3000030517578,136.82899475097656,136.89999389648438,299360,0
2026-05-07 13:45:00-04:00,136.91000366210938,137.12989807128906,136.8699951171875,136.97500610351562,229856,0
2026-05-07 13:50:00-04:00,136.9600067138672,137.27999877929688,136.94000244140625,137.22500610351562,283115,0
2026-05-07 13:55:00-04:00,137.22500610351562,137.57000732421875,137.1699981689453,137.5,361061,0
2026-05-07 14:00:00-04:00,137.47999572753906,137.55499267578125,137.32000732421875,137.4600067138672,239442,0
2026-05-07 14:05:00-04:00,137.4600067138672,137.63999938964844,137.2429962158203,137.29010009765625,268288,0
2026-05-07 14:10:00-04:00,137.27999877929688,137.47000122070312,137.22999572753906,137.27999877929688,202450,0
2026-05-07 14:15:00-04:00,137.2899932861328,137.5800018310547,137.1300048828125,137.2449951171875,305375,0
2026-05-07 14:20:00-04:00,137.25,137.5500030517578,137.15499877929688,137.19000244140625,222878,0
2026-05-07 14:25:00-04:00,137.19000244140625,137.5500030517578,137.16000366210938,137.39999389648438,204813,0
2026-05-07 14:30:00-04:00,137.41990661621094,137.8000030517578,137.3300018310547,137.77000427246094,233183,0
2026-05-07 14:35:00-04:00,137.77000427246094,137.7899932861328,137.05299377441406,137.16000366210938,261585,0
2026-05-07 14:40:00-04:00,137.16000366210938,137.1999053955078,136.3300018310547,136.41000366210938,340657,0
2026-05-07 14:45:00-04:00,136.42999267578125,136.62989807128906,136.3000030517578,136.3000030517578,317284,0
2026-05-07 14:50:00-04:00,136.3300018310547,136.60000610351562,136.16000366210938,136.41000366210938,333931,0
2026-05-07 14:55:00-04:00,136.4199981689453,136.85989379882812,136.38999938964844,136.76499938964844,304687,0
2026-05-07 15:00:00-04:00,136.75,137.0399932861328,136.67999267578125,136.90040588378906,233881,0
2026-05-07 15:05:00-04:00,136.92999267578125,137.0,136.6699981689453,136.7480010986328,221722,0
2026-05-07 15:10:00-04:00,136.7449951171875,136.91000366210938,136.70199584960938,136.75999450683594,239342,0
2026-05-07 15:15:00-04:00,136.75999450683594,136.77000427246094,136.38499450683594,136.5449981689453,269190,0
2026-05-07 15:20:00-04:00,136.52999877929688,136.64999389648438,136.3800048828125,136.64999389648438,244671,0
2026-05-07 15:25:00-04:00,136.64999389648438,136.80999755859375,136.55999755859375,136.72999572753906,202319,0
2026-05-07 15:30:00-04:00,136.7100067138672,136.99000549316406,136.6844940185547,136.8699951171875,250886,0
2026-05-07 15:35:00-04:00,136.8800048828125,137.3000030517578,136.8800048828125,137.2899932861328,426193,0
2026-05-07 15:40:00-04:00,137.27999877929688,137.4600067138672,137.22000122070312,137.32000732421875,389991,0
2026-05-07 15:45:00-04:00,137.3000030517578,137.35499572753906,136.97000122070312,137.0,354563,0
2026-05-07 15:50:00-04:00,137.0,137.2100067138672,136.8000030517578,136.9499969482422,587603,0
2026-05-07 15:55:00-04:00,136.94000244140625,137.14999389648438,136.94000244140625,137.11000061035156,1004555,0
2026-05-08 09:30:00-04:00,135.86500549316406,136.48989868164062,134.55999755859375,134.77999877929688,3298455,0
2026-05-08 09:35:00-04:00,134.83999633789062,134.88499450683594,133.4499969482422,133.77999877929688,1692081,0
2026-05-08 09:40:00-04:00,133.7924041748047,134.13999938964844,133.02999877929688,133.51499938964844,1247806,0
2026-05-08 09:45:00-04:00,133.48370361328125,134.46499633789062,133.47000122070312,133.87399291992188,1040476,0
2026-05-08 09:50:00-04:00,133.9199981689453,134.64990234375,133.83999633789062,133.8603057861328,762264,0
2026-05-08 09:55:00-04:00,133.88999938964844,134.2899932861328,133.8699951171875,134.25999450683594,603088,0
2026-05-08 10:00:00-04:00,134.2698974609375,134.75,134.1999969482422,134.25,710805,0
2026-05-08 10:05:00-04:00,134.25,134.69000244140625,134.12010192871094,134.60000610351562,621408,0
2026-05-08 10:10:00-04:00,134.61000061035156,134.70989990234375,134.2373046875,134.3699951171875,645114,0
2026-05-08 10:15:00-04:00,134.3699951171875,134.66839599609375,134.24000549316406,134.50999450683594,480959,0
2026-05-08 10:20:00-04:00,134.52999877929688,134.9499053955078,134.38999938964844,134.76010131835938,582466,0
2026-05-08 10:25:00-04:00,134.76499938964844,134.92999267578125,134.10000610351562,134.75999450683594,648467,0
2026-05-08 10:30:00-04:00,134.7899932861328,134.9398956298828,134.0500030517578,134.80499267578125,598375,0
2026-05-08 10:35:00-04:00,134.8300018310547,135.41990661621094,134.58999633789062,135.38499450683594,555127,0
2026-05-08 10:40:00-04:00,135.3699951171875,135.39999389648438,134.9199981689453,135.25,617607,0
2026-05-08 10:45:00-04:00,135.22999572753906,135.65789794921875,135.17999267578125,135.50999450683594,559970,0
2026-05-08 10:50:00-04:00,135.52000427246094,135.8800048828125,135.24000549316406,135.83999633789062,554725,0
2026-05-08 10:55:00-04:00,135.86959838867188,136.2899932861328,135.80999755859375,136.0399932861328,753978,0
2026-05-08 11:00:00-04:00,136.0,136.27000427246094,135.77999877929688,135.89999389648438,546719,0
2026-05-08 11:05:00-04:00,135.88510131835938,136.10000610351562,135.70010375976562,135.72999572753906,408088,0
2026-05-08 11:10:00-04:00,135.74000549316406,136.1887969970703,135.74000549316406,135.9499969482422,279796,0
2026-05-08 11:15:00-04:00,135.94000244140625,135.97999572753906,135.6199951171875,135.66000366210938,361256,0
2026-05-08 11:20:00-04:00,135.66000366210938,135.75,135.360107421875,135.44000244140625,428519,0
2026-05-08 11:25:00-04:00,135.44500732421875,136.2899932861328,135.375,136.26400756835938,614275,0
2026-05-08 11:30:00-04:00,136.25,136.81089782714844,136.2050018310547,136.6300048828125,548224,0
2026-05-08 11:35:00-04:00,136.61000061035156,136.6699981689453,135.9499969482422,135.96449279785156,365509,0
2026-05-08 11:40:00-04:00,135.9600067138672,136.0,135.3699951171875,135.5399932861328,346371,0
2026-05-08 11:45:00-04:00,135.54220581054688,135.8498992919922,135.3300018310547,135.8300018310547,281753,0
2026-05-08 11:50:00-04:00,135.80999755859375,136.0500030517578,134.9499969482422,135.02000427246094,404676,0
2026-05-08 11:55:00-04:00,135.02999877929688,135.3300018310547,134.96009826660156,135.2281036376953,337659,0
2026-05-08 12:00:00-04:00,135.22000122070312,135.35800170898438,134.9499969482422,135.1300048828125,281209,0
2026-05-08 12:05:00-04:00,135.1300048828125,135.38999938964844,135.10850524902344,135.3625946044922,186213,0
2026-05-08 12:10:00-04:00,135.37950134277344,135.63999938964844,135.3101043701172,135.55999755859375,276033,0
2026-05-08 12:15:00-04:00,135.55999755859375,135.6387939453125,135.3000030517578,135.36000061035156,223353,0
2026-05-08 12:20:00-04:00,135.39439392089844,135.58999633789062,135.2100067138672,135.32000732421875,230661,0
2026-05-08 12:25:00-04:00,135.32000732421875,135.5800018310547,135.2200927734375,135.38560485839844,194792,0
2026-05-08 12:30:00-04:00,135.3365936279297,135.389892578125,135.15060424804688,135.25999450683594,202735,0
2026-05-08 12:35:00-04:00,135.27999877929688,135.39939880371094,135.1199951171875,135.17999267578125,208334,0
2026-05-08 12:40:00-04:00,135.1999969482422,135.2100067138672,135.00999450683594,135.1750030517578,240446,0
2026-05-08 12:45:00-04:00,135.1750030517578,135.61000061035156,135.1739959716797,135.51499938964844,363154,0
2026-05-08 12:50:00-04:00,135.51499938964844,135.52000427246094,135.22999572753906,135.25999450683594,213111,0
2026-05-08 12:55:00-04:00,135.27000427246094,135.36990356445312,135.07000732421875,135.22000122070312,564112,0
2026-05-08 13:00:00-04:00,135.22250366210938,135.32000732421875,134.8000030517578,134.9866943359375,358130,0
2026-05-08 13:05:00-04:00,134.97999572753906,135.34820556640625,134.88999938964844,135.18499755859375,273622,0
2026-05-08 13:10:00-04:00,135.17999267578125,135.2100067138672,135.03770446777344,135.0800018310547,152077,0
2026-05-08 13:15:00-04:00,135.11000061035156,135.60000610351562,135.10000610351562,135.58799743652344,276814,0
2026-05-08 13:20:00-04:00,135.5749969482422,135.73500061035156,135.42999267578125,135.6300048828125,259312,0
2026-05-08 13:25:00-04:00,135.63499450683594,135.77000427246094,135.5500030517578,135.7100067138672,219546,0
2026-05-08 13:30:00-04:00,135.72000122070312,135.87989807128906,135.57000732421875,135.8249969482422,263336,0
2026-05-08 13:35:00-04:00,135.84500122070312,135.88580322265625,135.57000732421875,135.64999389648438,216574,0
2026-05-08 13:40:00-04:00,135.65499877929688,135.8000030517578,135.52000427246094,135.5500946044922,190735,0
2026-05-08 13:45:00-04:00,135.55999755859375,135.94000244140625,135.5500030517578,135.8699951171875,199882,0
2026-05-08 13:50:00-04:00,135.86000061035156,135.9499053955078,135.6800994873047,135.9208984375,214763,0
2026-05-08 13:55:00-04:00,135.91000366210938,136.28990173339844,135.83999633789062,136.22000122070312,428983,0
2026-05-08 14:00:00-04:00,136.22500610351562,136.80999755859375,136.2100067138672,136.75,489439,0
2026-05-08 14:05:00-04:00,136.7301025390625,136.9600067138672,136.64010620117188,136.83999633789062,396357,0
2026-05-08 14:10:00-04:00,136.83990478515625,136.88999938964844,136.52999877929688,136.5800018310547,331076,0
2026-05-08 14:15:00-04:00,136.5800018310547,136.9149932861328,136.54010009765625,136.87010192871094,301023,0
2026-05-08 14:20:00-04:00,136.86000061035156,136.99000549316406,136.74000549316406,136.83999633789062,296207,0
2026-05-08 14:25:00-04:00,136.85499572753906,137.2852020263672,136.85000610351562,137.1699981689453,539827,0
2026-05-08 14:30:00-04:00,137.18499755859375,137.33990478515625,136.74000549316406,136.80999755859375,332597,0
2026-05-08 14:35:00-04:00,136.83999633789062,136.85000610351562,136.5399932861328,136.67999267578125,220392,0
2026-05-08 14:40:00-04:00,136.66000366210938,136.92990112304688,136.6199951171875,136.6699981689453,294109,0
2026-05-08 14:45:00-04:00,136.64999389648438,136.85000610351562,136.60000610351562,136.80999755859375,222936,0
2026-05-08 14:50:00-04:00,136.81039428710938,136.97999572753906,136.47000122070312,136.52999877929688,255149,0
2026-05-08 14:55:00-04:00,136.5500946044922,136.6699981689453,136.34010314941406,136.47500610351562,216450,0
2026-05-08 15:00:00-04:00,136.48500061035156,136.6750030517578,136.4499969482422,136.52499389648438,206840,0
2026-05-08 15:05:00-04:00,136.52499389648438,136.69000244140625,136.35000610351562,136.61000061035156,234831,0
2026-05-08 15:10:00-04:00,136.6300048828125,136.69000244140625,136.51010131835938,136.55499267578125,211409,0
2026-05-08 15:15:00-04:00,136.54010009765625,136.6999969482422,136.39999389648438,136.57000732421875,186849,0
2026-05-08 15:20:00-04:00,136.58999633789062,136.8300018310547,136.50999450683594,136.80999755859375,291263,0
2026-05-08 15:25:00-04:00,136.8000030517578,136.8498992919922,136.67999267578125,136.8000030517578,282458,0
2026-05-08 15:30:00-04:00,136.8000030517578,136.9799041748047,136.67999267578125,136.96499633789062,325849,0
2026-05-08 15:35:00-04:00,136.96499633789062,137.07009887695312,136.77000427246094,137.05999755859375,416830,0
2026-05-08 15:40:00-04:00,137.05999755859375,137.33999633789062,136.97999572753906,137.30999755859375,708852,0
2026-05-08 15:45:00-04:00,137.30499267578125,137.30499267578125,137.02999877929688,137.17999267578125,459013,0
2026-05-08 15:50:00-04:00,137.17999267578125,137.47000122070312,137.1649932861328,137.3300018310547,784726,0
2026-05-08 15:55:00-04:00,137.33999633789062,137.8800048828125,137.32000732421875,137.8000030517578,2361248,0
2026-05-11 09:30:00-04:00,134.89999389648438,136.66000366210938,133.3000030517578,133.33999633789062,4507576,0
2026-05-11 09:35:00-04:00,133.3300018310547,133.85000610351562,132.77099609375,133.27999877929688,2022396,0
2026-05-11 09:40:00-04:00,133.29859924316406,133.72000122070312,132.91000366210938,133.63510131835938,1281955,0
2026-05-11 09:45:00-04:00,133.64309692382812,134.47999572753906,133.60000610351562,134.2949981689453,1048616,0
2026-05-11 09:50:00-04:00,134.2949981689453,134.39999389648438,133.89999389648438,133.9949951171875,775180,0
2026-05-11 09:55:00-04:00,133.99000549316406,134.7899932861328,133.71009826660156,134.72999572753906,824823,0
2026-05-11 10:00:00-04:00,134.6699981689453,135.14990234375,134.52999877929688,134.60499572753906,732956,0
2026-05-11 10:05:00-04:00,134.6199951171875,134.97999572753906,134.54800415039062,134.9488067626953,548432,0
2026-05-11 10:10:00-04:00,134.94509887695312,135.75,134.91000366210938,135.35400390625,1038926,0
2026-05-11 10:15:00-04:00,135.36000061035156,135.75,135.17999267578125,135.25,556485,0
2026-05-11 10:20:00-04:00,135.25,135.49960327148438,135.04010009765625,135.44000244140625,390383,0
2026-05-11 10:25:00-04:00,135.47000122070312,135.69000244140625,134.9600067138672,135.13999938964844,575016,0
2026-05-11 10:30:00-04:00,135.08999633789062,135.1699981689453,134.5749969482422,134.7519989013672,530742,0
2026-05-11 10:35:00-04:00,134.72000122070312,135.44500732421875,134.5500946044922,135.44500732421875,427306,0
2026-05-11 10:40:00-04:00,135.44000244140625,135.72999572753906,135.3800048828125,135.6300048828125,535684,0
2026-05-11 10:45:00-04:00,135.6300048828125,135.72000122070312,134.9503936767578,135.0,397631,0
2026-05-11 10:50:00-04:00,134.94500732421875,134.97999572753906,134.6999969482422,134.94000244140625,366463,0
2026-05-11 10:55:00-04:00,134.92999267578125,135.17999267578125,134.89999389648438,134.99000549316406,316760,0
2026-05-11 11:00:00-04:00,134.9949951171875,135.1300048828125,134.6199951171875,134.6300048828125,285992,0
2026-05-11 11:05:00-04:00,134.6300048828125,134.99000549316406,134.61000061035156,134.8699951171875,235229,0
2026-05-11 11:10:00-04:00,134.8300018310547,134.8300018310547,134.27000427246094,134.30999755859375,343581,0
2026-05-11 11:15:00-04:00,134.30499267578125,134.60000610351562,134.27499389648438,134.41000366210938,304440,0
2026-05-11 11:20:00-04:00,134.39999389648438,134.4844970703125,134.2100067138672,134.41000366210938,245200,0
2026-05-11 11:25:00-04:00,134.42999267578125,134.8699951171875,134.3000946044922,134.80990600585938,364972,0
2026-05-11 11:30:00-04:00,134.77040100097656,134.79989624023438,134.1699981689453,134.2550048828125,322689,0
2026-05-11 11:35:00-04:00,134.2550048828125,134.47999572753906,134.1199951171875,134.46670532226562,324097,0
2026-05-11 11:40:00-04:00,134.4499969482422,134.639892578125,134.2613067626953,134.53500366210938,276090,0
2026-05-11 11:45:00-04:00,134.53500366210938,134.9499969482422,134.52049255371094,134.6501007080078,390234,0
2026-05-11 11:50:00-04:00,134.6699981689453,135.0500030517578,134.6199951171875,135.03500366210938,385807,0
2026-05-11 11:55:00-04:00,135.02000427246094,135.19500732421875,134.9199981689453,135.03500366210938,339129,0
2026-05-11 12:00:00-04:00,135.04879760742188,135.5,134.97000122070312,135.4250030517578,487464,0
2026-05-11 12:05:00-04:00,135.4199981689453,136.0500030517578,135.41799926757812,135.94000244140625,589433,0
2026-05-11 12:10:00-04:00,135.94500732421875,136.05999755859375,135.55999755859375,135.6750030517578,249490,0
2026-05-11 12:15:00-04:00,135.67999267578125,135.8498992919922,135.64500427246094,135.7198944091797,207246,0
2026-05-11 12:20:00-04:00,135.7100067138672,135.85000610351562,135.5,135.50999450683594,231892,0
2026-05-11 12:25:00-04:00,135.5050048828125,135.8249969482422,135.3800048828125,135.82009887695312,215044,0
2026-05-11 12:30:00-04:00,135.85000610351562,135.88999938964844,135.55599975585938,135.5800018310547,193613,0
2026-05-11 12:35:00-04:00,135.60000610351562,135.66000366210938,135.42010498046875,135.42010498046875,207964,0
2026-05-11 12:40:00-04:00,135.42999267578125,135.5299072265625,134.88999938964844,134.9550018310547,398283,0
2026-05-11 12:45:00-04:00,134.95399475097656,135.17990112304688,134.86500549316406,135.0449981689453,268229,0
2026-05-11 12:50:00-04:00,135.0500030517578,135.07000732421875,134.7899932861328,134.87010192871094,274611,0
2026-05-11 12:55:00-04:00,134.8800048828125,134.9499053955078,134.66000366210938,134.7550048828125,286186,0
2026-05-11 13:00:00-04:00,134.77000427246094,135.0,134.72000122070312,134.86500549316406,214061,0
2026-05-11 13:05:00-04:00,134.85499572753906,135.0449981689453,134.80999755859375,134.9149932861328,195296,0
2026-05-11 13:10:00-04:00,134.95700073242188,135.08999633789062,134.82000732421875,134.93499755859375,214150,0
2026-05-11 13:15:00-04:00,134.93499755859375,135.1999969482422,134.93499755859375,135.164306640625,188592,0
2026-05-11 13:20:00-04:00,135.16000366210938,135.32000732421875,135.02000427246094,135.1699981689453,200717,0
2026-05-11 13:25:00-04:00,135.16009521484375,135.2899932861328,135.0800018310547,135.10499572753906,181262,0
2026-05-11 13:30:00-04:00,135.10499572753906,135.57000732421875,135.01010131835938,135.2698974609375,322449,0
2026-05-11 13:35:00-04:00,135.2550048828125,135.35989379882812,135.05999755859375,135.27000427246094,160376,0
2026-05-11 13:40:00-04:00,135.26010131835938,135.52999877929688,135.16000366210938,135.50999450683594,207686,0
2026-05-11 13:45:00-04:00,135.52000427246094,135.6300048828125,135.3699951171875,135.5,268827,0
2026-05-11 13:50:00-04:00,135.48500061035156,135.60000610351562,135.41000366210938,135.4799041748047,188199,0
2026-05-11 13:55:00-04:00,135.47999572753906,135.6300048828125,135.4149932861328,135.4600067138672,203230,0
2026-05-11 14:00:00-04:00,135.47999572753906,135.61990356445312,135.22999572753906,135.4949951171875,276535,0
2026-05-11 14:05:00-04:00,135.4949951171875,135.61000061035156,135.39999389648438,135.52999877929688,163416,0
2026-05-11 14:10:00-04:00,135.52999877929688,135.5399932861328,135.22000122070312,135.3000030517578,213115,0
2026-05-11 14:15:00-04:00,135.32000732421875,135.47000122070312,135.32000732421875,135.4199981689453,232066,0
2026-05-11 14:20:00-04:00,135.43499755859375,135.89999389648438,135.27999877929688,135.82000732421875,318224,0
2026-05-11 14:25:00-04:00,135.82069396972656,136.0,135.67999267578125,135.85000610351562,336603,0
2026-05-11 14:30:00-04:00,135.87989807128906,136.1199951171875,135.68040466308594,135.8800048828125,373599,0
2026-05-11 14:35:00-04:00,135.8780059814453,135.89999389648438,135.6136932373047,135.72999572753906,246825,0
2026-05-11 14:40:00-04:00,135.77000427246094,135.9499969482422,135.75999450683594,135.80999755859375,214366,0
2026-05-11 14:45:00-04:00,135.82000732421875,136.32000732421875,135.78500366210938,136.25,294363,0
2026-05-11 14:50:00-04:00,136.25,136.52499389648438,136.10000610351562,136.3000030517578,405206,0
2026-05-11 14:55:00-04:00,136.3000030517578,136.47999572753906,136.00999450683594,136.0800018310547,274049,0
2026-05-11 15:00:00-04:00,136.07000732421875,136.22500610351562,136.02999877929688,136.17999267578125,194330,0
2026-05-11 15:05:00-04:00,136.19000244140625,136.58999633789062,136.17999267578125,136.47999572753906,344756,0
2026-05-11 15:10:00-04:00,136.47999572753906,136.8800048828125,136.42999267578125,136.87989807128906,355860,0
2026-05-11 15:15:00-04:00,136.8800048828125,136.97000122070312,136.5800018310547,136.61000061035156,346082,0
2026-05-11 15:20:00-04:00,136.60000610351562,136.67999267578125,136.27999877929688,136.3300018310547,311720,0
2026-05-11 15:25:00-04:00,136.3300018310547,136.47000122070312,136.3083953857422,136.42999267578125,263190,0
2026-05-11 15:30:00-04:00,136.4199981689453,137.00999450683594,136.30999755859375,137.00999450683594,551357,0
2026-05-11 15:35:00-04:00,137.02000427246094,137.13999938964844,136.33999633789062,136.5800018310547,470234,0
2026-05-11 15:40:00-04:00,136.5800018310547,136.7790069580078,136.36000061035156,136.39999389648438,300641,0
2026-05-11 15:45:00-04:00,136.36000061035156,136.44970703125,136.17999267578125,136.24000549316406,322765,0
2026-05-11 15:50:00-04:00,136.22999572753906,136.75,136.11000061035156,136.7449951171875,465009,0
2026-05-11 15:55:00-04:00,136.76499938964844,136.92999267578125,136.58999633789062,136.87010192871094,1195044,0
2026-05-12 09:30:00-04:00,136.60000610351562,137.3000030517578,135.67999267578125,136.5,3027376,0
2026-05-12 09:35:00-04:00,136.5,136.80999755859375,135.89999389648438,136.24000549316406,691368,0
2026-05-12 09:40:00-04:00,136.24920654296875,136.8300018310547,135.97000122070312,136.72000122070312,630523,0
2026-05-12 09:45:00-04:00,136.75999450683594,137.41549682617188,135.52000427246094,135.77999877929688,977246,0
2026-05-12 09:50:00-04:00,135.75999450683594,136.3000030517578,135.37010192871094,136.0800018310547,569591,0
2026-05-12 09:55:00-04:00,136.0850067138672,136.14990234375,135.3699951171875,135.80999755859375,546431,0
2026-05-12 10:00:00-04:00,135.8249969482422,135.85000610351562,135.08009338378906,135.58999633789062,593480,0
2026-05-12 10:05:00-04:00,135.6199951171875,135.9799041748047,135.6199951171875,135.8000030517578,388223,0
2026-05-12 10:10:00-04:00,135.77999877929688,135.8300018310547,135.18499755859375,135.7449951171875,400833,0
2026-05-12 10:15:00-04:00,135.75999450683594,136.24000549316406,135.61000061035156,136.1750030517578,445187,0
2026-05-12 10:20:00-04:00,136.19000244140625,136.47999572753906,136.0323028564453,136.05499267578125,1212857,0
2026-05-12 10:25:00-04:00,136.08909606933594,136.1300048828125,135.25,135.40499877929688,495571,0
2026-05-12 10:30:00-04:00,135.40499877929688,135.44000244140625,134.7899932861328,135.1649932861328,607470,0
2026-05-12 10:35:00-04:00,135.1649932861328,135.4698944091797,134.88999938964844,135.431396484375,345856,0
2026-05-12 10:40:00-04:00,135.4499969482422,136.22500610351562,135.39010620117188,135.8300018310547,476128,0
2026-05-12 10:45:00-04:00,135.82989501953125,135.83999633789062,135.5,135.75999450683594,295794,0
2026-05-12 10:50:00-04:00,135.77000427246094,135.77000427246094,135.30999755859375,135.35000610351562,245864,0
2026-05-12 10:55:00-04:00,135.34500122070312,135.47000122070312,135.10000610351562,135.19500732421875,262615,0
2026-05-12 11:00:00-04:00,135.1699981689453,135.2899932861328,134.94000244140625,134.94020080566406,306928,0
2026-05-12 11:05:00-04:00,134.9600067138672,135.3199005126953,134.8300018310547,135.2449951171875,471782,0
2026-05-12 11:10:00-04:00,135.24000549316406,135.3300018310547,135.11000061035156,135.21620178222656,266842,0
2026-05-12 11:15:00-04:00,135.22000122070312,135.23989868164062,134.2899932861328,134.49000549316406,514687,0
2026-05-12 11:20:00-04:00,134.49000549316406,134.58999633789062,134.0399932861328,134.1179962158203,372190,0
2026-05-12 11:25:00-04:00,134.10000610351562,134.15989685058594,133.8000030517578,134.04400634765625,521071,0
2026-05-12 11:30:00-04:00,134.05999755859375,134.1999969482422,133.9199981689453,134.13999938964844,314449,0
2026-05-12 11:35:00-04:00,134.13999938964844,134.1999969482422,133.92149353027344,134.17999267578125,289507,0
2026-05-12 11:40:00-04:00,134.16000366210938,134.63999938964844,134.16000366210938,134.625,290680,0
2026-05-12 11:45:00-04:00,134.6300048828125,134.77000427246094,134.42010498046875,134.44500732421875,241585,0
2026-05-12 11:50:00-04:00,134.45989990234375,134.48500061035156,134.16000366210938,134.17999267578125,178964,0
2026-05-12 11:55:00-04:00,134.16000366210938,134.25999450683594,133.83999633789062,133.94000244140625,236604,0
2026-05-12 12:00:00-04:00,133.9600067138672,134.27699279785156,133.8249969482422,134.2550048828125,300304,0
2026-05-12 12:05:00-04:00,134.23190307617188,134.3800048828125,134.14999389648438,134.27999877929688,188977,0
2026-05-12 12:10:00-04:00,134.27999877929688,134.88999938964844,134.27999877929688,134.86000061035156,196658,0
2026-05-12 12:15:00-04:00,134.8699951171875,134.9499969482422,134.47000122070312,134.7050018310547,1079627,0
2026-05-12 12:20:00-04:00,134.7198944091797,134.94000244140625,134.68299865722656,134.92010498046875,207056,0
2026-05-12 12:25:00-04:00,134.94000244140625,135.03880310058594,134.57000732421875,134.61000061035156,201364,0
2026-05-12 12:30:00-04:00,134.59060668945312,134.6699981689453,134.19000244140625,134.3520965576172,377570,0
2026-05-12 12:35:00-04:00,134.3800048828125,134.50999450683594,134.27999877929688,134.3350067138672,226818,0
2026-05-12 12:40:00-04:00,134.3350067138672,134.48989868164062,134.20010375976562,134.3300018310547,155327,0
2026-05-12 12:45:00-04:00,134.32069396972656,134.38999938964844,133.85000610351562,133.88499450683594,420769,0
2026-05-12 12:50:00-04:00,133.86000061035156,133.89990234375,133.4600067138672,133.6199951171875,355836,0
2026-05-12 12:55:00-04:00,133.6300048828125,133.86000061035156,133.57420349121094,133.75999450683594,267891,0
2026-05-12 13:00:00-04:00,133.8000030517578,134.0299072265625,133.77999877929688,133.80999755859375,181031,0
2026-05-12 13:05:00-04:00,133.8300018310547,134.1999969482422,133.80999755859375,134.0399932861328,220635,0
2026-05-12 13:10:00-04:00,134.02000427246094,134.02999877929688,133.8000030517578,133.91000366210938,165879,0
2026-05-12 13:15:00-04:00,133.9199981689453,134.13999938964844,133.71090698242188,134.05999755859375,178875,0
2026-05-12 13:20:00-04:00,134.05499267578125,134.30999755859375,133.97999572753906,134.27000427246094,186713,0
2026-05-12 13:25:00-04:00,134.27000427246094,134.3300018310547,134.0500030517578,134.22000122070312,194940,0
2026-05-12 13:30:00-04:00,134.19000244140625,134.58999633789062,134.17999267578125,134.47000122070312,212896,0
2026-05-12 13:35:00-04:00,134.4499969482422,134.5399932861328,134.27999877929688,134.35000610351562,141464,0
2026-05-12 13:40:00-04:00,134.375,134.55999755859375,134.35000610351562,134.47000122070312,134395,0
2026-05-12 13:45:00-04:00,134.48500061035156,134.5850067138672,134.3101043701172,134.41000366210938,134410,0
2026-05-12 13:50:00-04:00,134.38999938964844,134.4499969482422,134.2100067138672,134.3699951171875,135569,0
2026-05-12 13:55:00-04:00,134.36990356445312,134.38999938964844,134.1300048828125,134.18499755859375,225295,0
2026-05-12 14:00:00-04:00,134.125,134.23989868164062,133.86000061035156,134.0399932861328,247651,0
2026-05-12 14:05:00-04:00,134.05499267578125,134.0800018310547,133.86000061035156,133.89999389648438,148528,0
2026-05-12 14:10:00-04:00,133.88499450683594,134.0,133.61000061035156,133.83990478515625,205745,0
2026-05-12 14:15:00-04:00,133.82589721679688,133.86990356445312,133.5509033203125,133.64999389648438,3480073,0
2026-05-12 14:20:00-04:00,133.66000366210938,133.9499969482422,133.66000366210938,133.875,199066,0
2026-05-12 14:25:00-04:00,133.9199981689453,134.08999633789062,133.55999755859375,133.66000366210938,267434,0
2026-05-12 14:30:00-04:00,133.6999969482422,133.82969665527344,133.6699981689453,133.77999877929688,156102,0
2026-05-12 14:35:00-04:00,133.78500366210938,134.05990600585938,133.77000427246094,133.8300018310547,159540,0
2026-05-12 14:40:00-04:00,133.80999755859375,134.00999450683594,133.79010009765625,133.9149932861328,161976,0
2026-05-12 14:45:00-04:00,133.89999389648438,134.21339416503906,133.7899932861328,134.13499450683594,249454,0
2026-05-12 14:50:00-04:00,134.16000366210938,134.30999755859375,134.11000061035156,134.25,188769,0
2026-05-12 14:55:00-04:00,134.25990295410156,134.33999633789062,133.97000122070312,134.15499877929688,272475,0
2026-05-12 15:00:00-04:00,134.16000366210938,134.2899932861328,134.0800018310547,134.18310546875,136011,0
2026-05-12 15:05:00-04:00,134.17999267578125,134.3800048828125,134.0500030517578,134.22000122070312,175354,0
2026-05-12 15:10:00-04:00,134.21499633789062,134.3300018310547,134.0749969482422,134.10989379882812,167415,0
2026-05-12 15:15:00-04:00,134.11000061035156,134.22000122070312,133.89999389648438,133.92999267578125,187939,0
2026-05-12 15:20:00-04:00,133.94000244140625,134.0399932861328,133.83999633789062,133.97999572753906,239792,0
2026-05-12 15:25:00-04:00,133.97999572753906,134.14999389648438,133.85000610351562,133.94500732421875,189861,0
2026-05-12 15:30:00-04:00,133.95550537109375,134.4600067138672,133.92999267578125,134.44000244140625,250229,0
2026-05-12 15:35:00-04:00,134.44500732421875,134.74000549316406,134.39999389648438,134.6750030517578,368542,0
2026-05-12 15:40:00-04:00,134.66000366210938,134.85000610351562,134.52000427246094,134.8300018310547,297948,0
2026-05-12 15:45:00-04:00,134.84030151367188,135.60000610351562,134.7100067138672,135.58299255371094,585598,0
2026-05-12 15:50:00-04:00,135.6199951171875,136.0395965576172,135.61000061035156,135.99000549316406,1490301,0
2026-05-12 15:55:00-04:00,135.99000549316406,136.07000732421875,135.6999969482422,136.02999877929688,1738563,0
2026-05-13 09:30:00-04:00,134.00599670410156,136.98989868164062,133.77000427246094,135.8800048828125,3233219,0
2026-05-13 09:35:00-04:00,135.88499450683594,136.3249969482422,134.5399932861328,134.64500427246094,1006504,0
2026-05-13 09:40:00-04:00,134.6208038330078,135.02999877929688,133.4600067138672,133.57000732421875,988001,0
2026-05-13 09:45:00-04:00,133.5800018310547,133.6898956298828,132.16000366210938,132.4149932861328,1537082,0
2026-05-13 09:50:00-04:00,132.4499969482422,132.63999938964844,131.9600067138672,132.61990356445312,1308849,0
2026-05-13 09:55:00-04:00,132.61500549316406,132.889892578125,132.1199951171875,132.55499267578125,707619,0
2026-05-13 10:00:00-04:00,132.5800018310547,132.64999389648438,132.0,132.14010620117188,740326,0
2026-05-13 10:05:00-04:00,132.11500549316406,132.8885955810547,132.0500030517578,132.5800018310547,637881,0
2026-05-13 10:10:00-04:00,132.55999755859375,132.67999267578125,131.9600067138672,132.03500366210938,748407,0
2026-05-13 10:15:00-04:00,132.02999877929688,132.10000610351562,130.72999572753906,130.91000366210938,1433792,0
2026-05-13 10:20:00-04:00,130.92999267578125,131.8300018310547,130.86000061035156,131.6699981689453,958395,0
2026-05-13 10:25:00-04:00,131.5601043701172,131.6699981689453,129.92999267578125,130.0399932861328,1886465,0
2026-05-13 10:30:00-04:00,130.06500244140625,130.10000610351562,129.42999267578125,129.85989379882812,1473014,0
2026-05-13 10:35:00-04:00,129.84500122070312,130.36000061035156,129.66000366210938,129.91000366210938,1173126,0
2026-05-13 10:40:00-04:00,129.9199981689453,130.1199951171875,129.7301025390625,129.98500061035156,801171,0
2026-05-13 10:45:00-04:00,129.98500061035156,130.33990478515625,129.86000061035156,130.0500030517578,799588,0
2026-05-13 10:50:00-04:00,130.02999877929688,130.66000366210938,130.02999877929688,130.64999389648438,900261,0
2026-05-13 10:55:00-04:00,130.64999389648438,130.77999877929688,130.00999450683594,130.0500030517578,668839,0
2026-05-13 11:00:00-04:00,130.0399932861328,130.51499938964844,129.9199981689453,130.02999877929688,776374,0
2026-05-13 11:05:00-04:00,130.0500030517578,130.39999389648438,129.91000366210938,130.35000610351562,466220,0
2026-05-13 11:10:00-04:00,130.35000610351562,130.58999633789062,130.07000732421875,130.5,552546,0
2026-05-13 11:15:00-04:00,130.5,130.75,130.47000122070312,130.65989685058594,643432,0
2026-05-13 11:20:00-04:00,130.63999938964844,130.8699951171875,130.41000366210938,130.49000549316406,566816,0
2026-05-13 11:25:00-04:00,130.47999572753906,130.50999450683594,130.16990661621094,130.32009887695312,432821,0
2026-05-13 11:30:00-04:00,130.30999755859375,130.64999389648438,130.13009643554688,130.61000061035156,375248,0
2026-05-13 11:35:00-04:00,130.61000061035156,131.07000732421875,130.58999633789062,130.97500610351562,486035,0
2026-05-13 11:40:00-04:00,130.99000549316406,131.03990173339844,130.72999572753906,131.0272979736328,386108,0
2026-05-13 11:45:00-04:00,131.02000427246094,131.02999877929688,130.63999938964844,130.7899932861328,375046,0
2026-05-13 11:50:00-04:00,130.7949981689453,130.7949981689453,130.4199981689453,130.51280212402344,441960,0
2026-05-13 11:55:00-04:00,130.5,130.74000549316406,130.3000030517578,130.42709350585938,516002,0
2026-05-13 12:00:00-04:00,130.42999267578125,130.6300048828125,130.22999572753906,130.5970001220703,312093,0
2026-05-13 12:05:00-04:00,130.57009887695312,130.94000244140625,130.5601043701172,130.8800048828125,395578,0
2026-05-13 12:10:00-04:00,130.8699951171875,131.2100067138672,130.7100067138672,131.18600463867188,450360,0
2026-05-13 12:15:00-04:00,131.1699981689453,131.32000732421875,130.89999389648438,130.89999389648438,501283,0
2026-05-13 12:20:00-04:00,130.90499877929688,131.35000610351562,130.75,131.3000030517578,414434,0
2026-05-13 12:25:00-04:00,131.3000030517578,131.3300018310547,131.00999450683594,131.0399932861328,293945,0
2026-05-13 12:30:00-04:00,131.0399932861328,131.48989868164062,131.02000427246094,131.4199981689453,390992,0
2026-05-13 12:35:00-04:00,131.4199981689453,131.5644989013672,131.1800994873047,131.4600067138672,291013,0
2026-05-13 12:40:00-04:00,131.47000122070312,131.52999877929688,131.27000427246094,131.44000244140625,275167,0
2026-05-13 12:45:00-04:00,131.47999572753906,131.52999877929688,131.19000244140625,131.36000061035156,298707,0
2026-05-13 12:50:00-04:00,131.36000061035156,131.42999267578125,131.10000610351562,131.18499755859375,432298,0
2026-05-13 12:55:00-04:00,131.18499755859375,131.47000122070312,131.14999389648438,131.2969970703125,253656,0
2026-05-13 13:00:00-04:00,131.27999877929688,131.73989868164062,131.27999877929688,131.2949981689453,526110,0
2026-05-13 13:05:00-04:00,131.2949981689453,131.389892578125,131.00999450683594,131.0299072265625,262047,0
2026-05-13 13:10:00-04:00,131.02000427246094,131.19000244140625,130.9199981689453,130.9949951171875,270492,0
2026-05-13 13:15:00-04:00,131.0,131.15499877929688,130.91000366210938,131.02000427246094,274973,0
2026-05-13 13:20:00-04:00,131.02000427246094,131.0399932861328,130.75999450683594,130.8000030517578,320162,0
2026-05-13 13:25:00-04:00,130.7949981689453,130.89999389648438,130.52999877929688,130.5800018310547,371306,0
2026-05-13 13:30:00-04:00,130.57510375976562,130.6300048828125,130.3699951171875,130.3800048828125,393918,0
2026-05-13 13:35:00-04:00,130.3800048828125,130.3800048828125,129.9510040283203,130.02499389648438,879640,0
2026-05-13 13:40:00-04:00,130.02000427246094,130.19000244140625,129.80999755859375,130.07000732421875,561255,0
2026-05-13 13:45:00-04:00,130.05499267578125,130.08999633789062,129.89999389648438,130.0,334352,0
2026-05-13 13:50:00-04:00,129.99000549316406,130.08999633789062,129.89999389648438,130.0200958251953,323806,0
2026-05-13 13:55:00-04:00,130.02999877929688,130.0500030517578,129.72999572753906,129.77000427246094,386190,0
2026-05-13 14:00:00-04:00,129.75,129.99000549316406,129.74000549316406,129.96499633789062,429272,0
2026-05-13 14:05:00-04:00,129.96499633789062,130.29849243164062,129.9499969482422,130.27000427246094,545393,0
2026-05-13 14:10:00-04:00,130.25999450683594,130.43980407714844,130.23500061035156,130.3800048828125,370359,0
2026-05-13 14:15:00-04:00,130.375,130.5500030517578,130.33309936523438,130.51499938964844,315300,0
2026-05-13 14:20:00-04:00,130.50999450683594,130.6199951171875,130.27999877929688,130.3249969482422,368110,0
2026-05-13 14:25:00-04:00,130.32000732421875,130.36000061035156,130.02000427246094,130.10000610351562,512353,0
2026-05-13 14:30:00-04:00,130.11500549316406,130.30999755859375,129.8699951171875,129.9250030517578,547879,0
2026-05-13 14:35:00-04:00,129.9199981689453,129.99000549316406,129.8300018310547,129.96499633789062,394670,0
2026-05-13 14:40:00-04:00,129.96499633789062,130.00990295410156,129.6999969482422,129.7100067138672,348855,0
2026-05-13 14:45:00-04:00,129.71800231933594,129.99000549316406,129.6999969482422,129.89999389648438,323924,0
2026-05-13 14:50:00-04:00,129.90499877929688,129.9196014404297,129.6199951171875,129.77999877929688,424822,0
2026-05-13 14:55:00-04:00,129.8000030517578,129.9199981689453,129.0749969482422,129.1699981689453,1127556,0
2026-05-13 15:00:00-04:00,129.1699981689453,129.33999633789062,128.8249969482422,128.92990112304688,1166075,0
2026-05-13 15:05:00-04:00,128.9199981689453,129.1699981689453,128.75,129.07009887695312,865578,0
2026-05-13 15:10:00-04:00,129.05999755859375,129.5998992919922,129.0,129.46499633789062,617993,0
2026-05-13 15:15:00-04:00,129.45010375976562,130.30499267578125,129.45010375976562,130.25999450683594,686644,0
2026-05-13 15:20:00-04:00,130.2899932861328,130.33999633789062,130.0399932861328,130.07449340820312,467619,0
2026-05-13 15:25:00-04:00,130.0749969482422,130.24989318847656,129.83999633789062,129.9499969482422,615000,0
2026-05-13 15:30:00-04:00,129.9600067138672,130.40989685058594,129.89999389648438,130.3800048828125,404425,0
2026-05-13 15:35:00-04:00,130.38999938964844,130.52499389648438,130.27999877929688,130.47000122070312,453416,0
2026-05-13 15:40:00-04:00,130.47500610351562,130.55999755859375,130.36000061035156,130.52000427246094,427528,0
2026-05-13 15:45:00-04:00,130.49000549316406,130.5050048828125,130.125,130.25999450683594,607359,0
2026-05-13 15:50:00-04:00,130.22999572753906,130.3800048828125,130.00999450683594,130.25,1074934,0
2026-05-13 15:55:00-04:00,130.24000549316406,130.3300018310547,130.02999877929688,130.05499267578125,1551120,0
2026-05-14 09:30:00-04:00,129.69000244140625,131.94000244140625,129.4600067138672,131.77999877929688,3055861,0
2026-05-14 09:35:00-04:00,131.7550048828125,132.25999450683594,130.8000030517578,130.82000732421875,1222390,0
2026-05-14 09:40:00-04:00,130.86000061035156,131.5,130.24000549316406,131.3350067138672,822125,0
2026-05-14 09:45:00-04:00,131.38009643554688,131.4499053955078,130.610107421875,130.81500244140625,738876,0
2026-05-14 09:50:00-04:00,130.72000122070312,131.1999969482422,130.72000122070312,130.97999572753906,652307,0
2026-05-14 09:55:00-04:00,130.96800231933594,131.79400634765625,130.71749877929688,130.76089477539062,701385,0
2026-05-14 10:00:00-04:00,130.79989624023438,132.0800018310547,130.72999572753906,131.9949951171875,679784,0
2026-05-14 10:05:00-04:00,131.9949951171875,132.3000030517578,131.3699951171875,132.22000122070312,758455,0
2026-05-14 10:10:00-04:00,132.23219299316406,132.36000061035156,131.55999755859375,131.90499877929688,663034,0
2026-05-14 10:15:00-04:00,131.88340759277344,131.9499969482422,131.25050354003906,131.32000732421875,613469,0
2026-05-14 10:20:00-04:00,131.35000610351562,132.0,131.25999450683594,131.9499053955078,570064,0
2026-05-14 10:25:00-04:00,131.89999389648438,132.08999633789062,131.5301055908203,131.7899932861328,529654,0
2026-05-14 10:30:00-04:00,131.83999633789062,132.13999938964844,131.42059326171875,131.4615020751953,578390,0
2026-05-14 10:35:00-04:00,131.47000122070312,131.9799041748047,131.30999755859375,131.4763946533203,478235,0
2026-05-14 10:40:00-04:00,131.4550018310547,132.22000122070312,131.39010620117188,131.91000366210938,522828,0
2026-05-14 10:45:00-04:00,131.94000244140625,132.52000427246094,131.89999389648438,132.30999755859375,609289,0
2026-05-14 10:50:00-04:00,132.30999755859375,132.66000366210938,132.20010375976562,132.5500030517578,488379,0
2026-05-14 10:55:00-04:00,132.5800018310547,132.6300048828125,131.9199981689453,131.9949951171875,450085,0
2026-05-14 11:00:00-04:00,132.0,132.35850524902344,131.97000122070312,132.16000366210938,277268,0
2026-05-14 11:05:00-04:00,132.13999938964844,132.53500366210938,132.0500030517578,132.3000030517578,356629,0
2026-05-14 11:10:00-04:00,132.27999877929688,132.85000610351562,132.1300048828125,132.7449951171875,455498,0
2026-05-14 11:15:00-04:00,132.75990295410156,132.8199005126953,132.24000549316406,132.4250030517578,396317,0
2026-05-14 11:20:00-04:00,132.43499755859375,132.72999572753906,132.3975067138672,132.52000427246094,317980,0
2026-05-14 11:25:00-04:00,132.50999450683594,132.7270050048828,132.25999450683594,132.5800018310547,340449,0
2026-05-14 11:30:00-04:00,132.58009338378906,133.1699981689453,132.52149963378906,133.05999755859375,699771,0
2026-05-14 11:35:00-04:00,133.05999755859375,133.19000244140625,132.66099548339844,132.7779998779297,354741,0
2026-05-14 11:40:00-04:00,132.77000427246094,133.30880737304688,132.66050720214844,133.11000061035156,380047,0
2026-05-14 11:45:00-04:00,133.11000061035156,133.2899932861328,133.01190185546875,133.125,322919,0
2026-05-14 11:50:00-04:00,133.1300048828125,133.2899932861328,133.00999450683594,133.10000610351562,349895,0
2026-05-14 11:55:00-04:00,133.1020050048828,133.4600067138672,133.1020050048828,133.2834930419922,363459,0
2026-05-14 12:00:00-04:00,133.2899932861328,133.9199981689453,133.24000549316406,133.77000427246094,509874,0
2026-05-14 12:05:00-04:00,133.77000427246094,134.39999389648438,133.75,134.3699951171875,608694,0
2026-05-14 12:10:00-04:00,134.37120056152344,134.47999572753906,133.86590576171875,133.90499877929688,417581,0
2026-05-14 12:15:00-04:00,133.8907928466797,133.97999572753906,133.33999633789062,133.39999389648438,398574,0
2026-05-14 12:20:00-04:00,133.39999389648438,133.63999938964844,133.1699981689453,133.1999969482422,355579,0
2026-05-14 12:25:00-04:00,133.2100067138672,133.47430419921875,133.1300048828125,133.45750427246094,265422,0
2026-05-14 12:30:00-04:00,133.47999572753906,133.52999877929688,133.25,133.41000366210938,225404,0
2026-05-14 12:35:00-04:00,133.43499755859375,133.66000366210938,133.42999267578125,133.48500061035156,313655,0
2026-05-14 12:40:00-04:00,133.47000122070312,133.83999633789062,133.32000732421875,133.5800018310547,312981,0
2026-05-14 12:45:00-04:00,133.5500030517578,133.84910583496094,133.51199340820312,133.69000244140625,268764,0
2026-05-14 12:50:00-04:00,133.7100067138672,133.72000122070312,133.0800018310547,133.11500549316406,302704,0
2026-05-14 12:55:00-04:00,133.09500122070312,133.4600067138672,132.8699951171875,133.44000244140625,419589,0
2026-05-14 13:00:00-04:00,133.43499755859375,133.4600067138672,133.04010009765625,133.1490020751953,228643,0
2026-05-14 13:05:00-04:00,133.13999938964844,133.24000549316406,132.9499969482422,133.08999633789062,239401,0
2026-05-14 13:10:00-04:00,133.06849670410156,133.3000030517578,132.97999572753906,133.25,229611,0
2026-05-14 13:15:00-04:00,133.17999267578125,133.3300018310547,133.0,133.16000366210938,252580,0
2026-05-14 13:20:00-04:00,133.1300048828125,133.49989318847656,133.02999877929688,133.14370727539062,245913,0
2026-05-14 13:25:00-04:00,133.1199951171875,133.2899932861328,132.9409942626953,133.27000427246094,216941,0
2026-05-14 13:30:00-04:00,133.2760009765625,133.52999877929688,133.22999572753906,133.4575958251953,262798,0
2026-05-14 13:35:00-04:00,133.4550018310547,133.79849243164062,133.39999389648438,133.72500610351562,253333,0
2026-05-14 13:40:00-04:00,133.72000122070312,133.9290008544922,133.66000366210938,133.74000549316406,217336,0
2026-05-14 13:45:00-04:00,133.7550048828125,134.1300048828125,133.72999572753906,134.02999877929688,318838,0
2026-05-14 13:50:00-04:00,134.02000427246094,134.08999633789062,133.80999755859375,133.968505859375,163796,0
2026-05-14 13:55:00-04:00,133.97000122070312,134.0800018310547,133.72999572753906,133.81370544433594,242102,0
2026-05-14 14:00:00-04:00,133.77999877929688,133.81500244140625,133.37010192871094,133.60000610351562,233859,0
2026-05-14 14:05:00-04:00,133.5800018310547,133.83999633789062,133.52000427246094,133.6699981689453,310165,0
2026-05-14 14:10:00-04:00,133.6699981689453,134.25,133.64010620117188,134.21009826660156,298479,0
2026-05-14 14:15:00-04:00,134.2100067138672,134.2100067138672,133.8800048828125,134.0944061279297,242888,0
2026-05-14 14:20:00-04:00,134.1300048828125,134.3300018310547,134.0500030517578,134.3000030517578,228913,0
2026-05-14 14:25:00-04:00,134.3000030517578,134.42990112304688,133.94000244140625,133.9949951171875,240877,0
2026-05-14 14:30:00-04:00,134.0,134.27000427246094,133.98609924316406,134.16000366210938,199874,0
2026-05-14 14:35:00-04:00,134.17999267578125,134.27000427246094,134.02999877929688,134.0500030517578,195030,0
2026-05-14 14:40:00-04:00,134.05999755859375,134.0800018310547,133.91009521484375,133.94000244140625,186041,0
2026-05-14 14:45:00-04:00,133.93499755859375,133.9550018310547,133.8000030517578,133.86500549316406,186933,0
2026-05-14 14:50:00-04:00,133.8800048828125,133.8800048828125,133.4600067138672,133.5500030517578,280300,0
2026-05-14 14:55:00-04:00,133.5399932861328,133.72999572753906,133.36000061035156,133.50999450683594,229377,0
2026-05-14 15:00:00-04:00,133.52999877929688,133.89999389648438,133.52499389648438,133.8800048828125,195658,0
2026-05-14 15:05:00-04:00,133.8800048828125,134.02999877929688,133.80999755859375,133.80999755859375,217728,0
2026-05-14 15:10:00-04:00,133.83999633789062,133.89990234375,133.39999389648438,133.5,232139,0
2026-05-14 15:15:00-04:00,133.48500061035156,133.52999877929688,133.3101043701172,133.39500427246094,257549,0
2026-05-14 15:20:00-04:00,133.38999938964844,133.61000061035156,133.34010314941406,133.4149932861328,215307,0
2026-05-14 15:25:00-04:00,133.4149932861328,133.47000122070312,133.10009765625,133.1999969482422,257140,0
2026-05-14 15:30:00-04:00,133.19500732421875,133.5,133.17999267578125,133.49000549316406,311096,0
2026-05-14 15:35:00-04:00,133.47999572753906,133.58999633789062,133.33999633789062,133.42999267578125,264030,0
2026-05-14 15:40:00-04:00,133.42990112304688,133.63470458984375,133.3800048828125,133.5200958251953,272096,0
2026-05-14 15:45:00-04:00,133.52000427246094,133.7373046875,133.49000549316406,133.63999938964844,280128,0
2026-05-14 15:50:00-04:00,133.6300048828125,133.83999633789062,133.47000122070312,133.72999572753906,507110,0
2026-05-14 15:55:00-04:00,133.75,133.8199005126953,133.55999755859375,133.74000549316406,1026949,0
2026-05-15 09:30:00-04:00,132.8000030517578,134.1199951171875,132.64999389648438,133.81500244140625,3288800,0
2026-05-15 09:35:00-04:00,133.8498992919922,133.9600067138672,132.64979553222656,133.8105926513672,817688,0
2026-05-15 09:40:00-04:00,133.86000061035156,134.98939514160156,132.62640380859375,132.75399780273438,969606,0
2026-05-15 09:45:00-04:00,132.71499633789062,134.31500244140625,132.29010009765625,134.19000244140625,930136,0
2026-05-15 09:50:00-04:00,134.22999572753906,134.35000610351562,133.2899932861328,134.01499938964844,504629,0
2026-05-15 09:55:00-04:00,134.0399932861328,134.2050018310547,133.17999267578125,133.39500427246094,525143,0
2026-05-15 10:00:00-04:00,133.4499969482422,134.1999969482422,133.1199951171875,133.75,587719,0
2026-05-15 10:05:00-04:00,133.77999877929688,134.22000122070312,133.45010375976562,133.98500061035156,477148,0
2026-05-15 10:10:00-04:00,133.98500061035156,134.3498992919922,133.80999755859375,134.2100067138672,397723,0
2026-05-15 10:15:00-04:00,134.2100067138672,134.389892578125,133.52000427246094,133.52999877929688,490576,0
2026-05-15 10:20:00-04:00,133.5449981689453,133.9499969482422,133.4199981689453,133.63499450683594,340060,0
2026-05-15 10:25:00-04:00,133.64999389648438,133.75,133.27499389648438,133.5800018310547,335349,0
2026-05-15 10:30:00-04:00,133.64500427246094,134.27999877929688,133.63999938964844,133.8800048828125,464740,0
2026-05-15 10:35:00-04:00,133.875,134.6300048828125,133.8000030517578,134.19000244140625,449416,0
2026-05-15 10:40:00-04:00,134.19000244140625,134.69000244140625,134.17999267578125,134.27999877929688,410795,0
2026-05-15 10:45:00-04:00,134.27999877929688,134.37989807128906,133.47999572753906,133.6199951171875,434421,0
2026-05-15 10:50:00-04:00,133.61000061035156,133.74000549316406,133.05999755859375,133.6999969482422,528264,0
2026-05-15 10:55:00-04:00,133.74000549316406,134.0500030517578,133.50999450683594,133.55999755859375,386667,0
2026-05-15 11:00:00-04:00,133.57000732421875,133.7100067138672,133.03500366210938,133.2050018310547,372746,0
2026-05-15 11:05:00-04:00,133.1999969482422,133.5749969482422,132.88999938964844,133.47000122070312,486498,0
2026-05-15 11:10:00-04:00,133.47000122070312,133.6300048828125,132.7301025390625,132.87030029296875,358310,0
2026-05-15 11:15:00-04:00,132.85000610351562,133.42999267578125,132.77000427246094,133.42999267578125,366343,0
2026-05-15 11:20:00-04:00,133.44500732421875,133.83900451660156,133.42120361328125,133.52000427246094,336820,0
2026-05-15 11:25:00-04:00,133.5399932861328,133.78880310058594,133.4001007080078,133.69000244140625,198009,0
2026-05-15 11:30:00-04:00,133.67999267578125,134.14999389648438,133.67999267578125,133.88999938964844,236123,0
2026-05-15 11:35:00-04:00,133.89500427246094,134.33999633789062,133.85000610351562,133.85009765625,256607,0
2026-05-15 11:40:00-04:00,133.85000610351562,134.03990173339844,133.4199981689453,133.47500610351562,214830,0
2026-05-15 11:45:00-04:00,133.4199981689453,133.77999877929688,133.4199981689453,133.66000366210938,160536,0
2026-05-15 11:50:00-04:00,133.64999389648438,133.72999572753906,133.4199981689453,133.49000549316406,138266,0
2026-05-15 11:55:00-04:00,133.5,133.83999633789062,133.3000946044922,133.7449951171875,165436,0
2026-05-15 12:00:00-04:00,133.80999755859375,134.06500244140625,133.7899932861328,133.87030029296875,238988,0
2026-05-15 12:05:00-04:00,133.86000061035156,134.17990112304688,133.79010009765625,134.16000366210938,221834,0
2026-05-15 12:10:00-04:00,134.13999938964844,134.31849670410156,133.84140014648438,134.2947998046875,161975,0
2026-05-15 12:15:00-04:00,134.28599548339844,134.29849243164062,133.86000061035156,133.9550018310547,184260,0
2026-05-15 12:20:00-04:00,133.9600067138672,134.49000549316406,133.9499969482422,134.44000244140625,264496,0
2026-05-15 12:25:00-04:00,134.4550018310547,134.64999389648438,134.41009521484375,134.64500427246094,321415,0
2026-05-15 12:30:00-04:00,134.625,134.85459899902344,134.58999633789062,134.6300048828125,222661,0
2026-05-15 12:35:00-04:00,134.6300048828125,134.7947998046875,134.3699951171875,134.56500244140625,251325,0
2026-05-15 12:40:00-04:00,134.56500244140625,134.64999389648438,134.27499389648438,134.4250030517578,214123,0
2026-05-15 12:45:00-04:00,134.4149932861328,134.52499389648438,134.25,134.32000732421875,137389,0
2026-05-15 12:50:00-04:00,134.32000732421875,134.38800048828125,133.9199981689453,134.00999450683594,188238,0
2026-05-15 12:55:00-04:00,134.03990173339844,134.3699951171875,134.03990173339844,134.3699951171875,170244,0
2026-05-15 13:00:00-04:00,134.3699951171875,134.5,134.25999450683594,134.375,157218,0
2026-05-15 13:05:00-04:00,134.36000061035156,134.52999877929688,134.27999877929688,134.50999450683594,137860,0
2026-05-15 13:10:00-04:00,134.52999877929688,134.64999389648438,134.3300018310547,134.44000244140625,188009,0
2026-05-15 13:15:00-04:00,134.4499969482422,134.60000610351562,134.25,134.5800018310547,179665,0
2026-05-15 13:20:00-04:00,134.58999633789062,134.9199981689453,134.52999877929688,134.89999389648438,230073,0
2026-05-15 13:25:00-04:00,134.89999389648438,135.0749969482422,134.85499572753906,134.92010498046875,441940,0
2026-05-15 13:30:00-04:00,134.94000244140625,135.4600067138672,134.88999938964844,135.2899932861328,363872,0
2026-05-15 13:35:00-04:00,135.3000030517578,135.32000732421875,135.00999450683594,135.0850067138672,1131797,0
2026-05-15 13:40:00-04:00,135.07000732421875,135.11000061035156,134.80999755859375,134.97000122070312,167212,0
2026-05-15 13:45:00-04:00,134.97000122070312,135.11000061035156,134.875,135.0850067138672,156727,0
2026-05-15 13:50:00-04:00,135.10000610351562,135.27000427246094,135.05999755859375,135.1999969482422,187185,0
2026-05-15 13:55:00-04:00,135.22999572753906,135.42779541015625,135.2100067138672,135.35499572753906,190930,0
2026-05-15 14:00:00-04:00,135.3699951171875,135.6199951171875,135.2899932861328,135.38999938964844,393458,0
2026-05-15 14:05:00-04:00,135.38009643554688,135.4199981689453,135.1219940185547,135.24000549316406,187657,0
2026-05-15 14:10:00-04:00,135.22999572753906,135.53990173339844,135.2100067138672,135.49000549316406,176801,0
2026-05-15 14:15:00-04:00,135.4600067138672,135.63999938964844,135.22500610351562,135.2449951171875,305609,0
2026-05-15 14:20:00-04:00,135.2449951171875,135.39999389648438,135.10000610351562,135.1199951171875,167406,0
2026-05-15 14:25:00-04:00,135.1199951171875,135.19000244140625,134.77169799804688,134.80990600585938,184277,0
2026-05-15 14:30:00-04:00,134.7949981689453,134.86000061035156,134.4149932861328,134.5500030517578,240642,0
2026-05-15 14:35:00-04:00,134.57000732421875,135.27000427246094,134.5554962158203,135.24000549316406,195687,0
2026-05-15 14:40:00-04:00,135.24000549316406,135.27000427246094,135.07000732421875,135.2100067138672,151155,0
2026-05-15 14:45:00-04:00,135.22000122070312,135.22000122070312,134.9199981689453,135.1750030517578,177736,0
2026-05-15 14:50:00-04:00,135.14999389648438,135.1999969482422,134.9250030517578,135.12010192871094,145410,0
2026-05-15 14:55:00-04:00,135.1199951171875,135.1699981689453,134.44000244140625,134.47999572753906,275722,0
2026-05-15 15:00:00-04:00,134.5,134.5500030517578,134.15089416503906,134.32000732421875,268045,0
2026-05-15 15:05:00-04:00,134.32000732421875,134.52099609375,134.3000030517578,134.4499969482422,194848,0
2026-05-15 15:10:00-04:00,134.42999267578125,134.44000244140625,134.13999938964844,134.17999267578125,220982,0
2026-05-15 15:15:00-04:00,134.22000122070312,134.30999755859375,134.1199951171875,134.15499877929688,203984,0
2026-05-15 15:20:00-04:00,134.15499877929688,134.23500061035156,133.8800048828125,133.9300994873047,272929,0
2026-05-15 15:25:00-04:00,133.93499755859375,134.05999755859375,133.89999389648438,134.02499389648438,245119,0
2026-05-15 15:30:00-04:00,134.02000427246094,134.1999969482422,133.97999572753906,134.05999755859375,277993,0
2026-05-15 15:35:00-04:00,134.07000732421875,134.27999877929688,134.0,134.11990356445312,252402,0
2026-05-15 15:40:00-04:00,134.09750366210938,134.28500366210938,134.0449981689453,134.1699981689453,260491,0
2026-05-15 15:45:00-04:00,134.16000366210938,134.3699951171875,133.94000244140625,134.2449951171875,362697,0
2026-05-15 15:50:00-04:00,134.22000122070312,134.30999755859375,133.8101043701172,133.83999633789062,523379,0
2026-05-15 15:55:00-04:00,133.82000732421875,134.08999633789062,133.75,133.97000122070312,1283174,0
2026-05-18 09:30:00-04:00,132.50759887695312,133.3699951171875,131.3300018310547,132.27999877929688,3294124,0
2026-05-18 09:35:00-04:00,132.30999755859375,132.9600067138672,132.0500030517578,132.53500366210938,633745,0
2026-05-18 09:40:00-04:00,132.5054931640625,132.8699951171875,132.1833038330078,132.5,750780,0
2026-05-18 09:45:00-04:00,132.5,133.9199981689453,132.4149932861328,133.41000366210938,789545,0
2026-05-18 09:50:00-04:00,133.41000366210938,134.32000732421875,133.3300018310547,134.0500030517578,781587,0
2026-05-18 09:55:00-04:00,134.06500244140625,135.1300048828125,134.01060485839844,135.0,1017516,0
2026-05-18 10:00:00-04:00,135.0,135.25,134.13009643554688,135.22000122070312,800076,0
2026-05-18 10:05:00-04:00,135.22500610351562,135.75,134.83999633789062,135.60499572753906,913809,0
2026-05-18 10:10:00-04:00,135.58999633789062,135.6699981689453,135.07009887695312,135.21499633789062,500601,0
2026-05-18 10:15:00-04:00,135.2050018310547,135.8199005126953,135.14999389648438,135.7899932861328,528394,0
2026-05-18 10:20:00-04:00,135.80499267578125,135.93499755859375,134.52999877929688,134.80990600585938,559105,0
2026-05-18 10:25:00-04:00,134.80499267578125,135.1999969482422,134.65499877929688,134.80999755859375,492387,0
2026-05-18 10:30:00-04:00,134.83999633789062,134.97999572753906,132.91000366210938,132.9949951171875,689825,0
2026-05-18 10:35:00-04:00,133.03500366210938,133.60000610351562,132.8699951171875,133.47630310058594,529798,0
2026-05-18 10:40:00-04:00,133.47000122070312,133.99000549316406,133.1300048828125,133.85000610351562,410708,0
2026-05-18 10:45:00-04:00,133.85000610351562,133.98500061035156,133.14999389648438,133.2642059326172,330902,0
2026-05-18 10:50:00-04:00,133.27499389648438,133.72999572753906,133.11000061035156,133.14999389648438,288316,0
2026-05-18 10:55:00-04:00,133.14999389648438,133.35000610351562,132.93499755859375,133.1179962158203,309004,0
2026-05-18 11:00:00-04:00,133.13999938964844,133.24000549316406,132.5,133.02000427246094,452273,0
2026-05-18 11:05:00-04:00,133.05990600585938,133.23989868164062,132.9149932861328,132.9199981689453,342050,0
2026-05-18 11:10:00-04:00,132.9250030517578,133.14999389648438,132.69000244140625,133.00999450683594,283080,0
2026-05-18 11:15:00-04:00,132.99949645996094,133.02999877929688,132.47000122070312,132.50999450683594,247766,0
2026-05-18 11:20:00-04:00,132.41000366210938,132.84010314941406,132.375,132.77999877929688,257006,0
2026-05-18 11:25:00-04:00,132.8000030517578,133.02999877929688,132.4801025390625,132.50999450683594,232997,0
2026-05-18 11:30:00-04:00,132.50999450683594,133.10000610351562,132.30999755859375,133.0200958251953,387738,0
2026-05-18 11:35:00-04:00,133.05999755859375,133.24000549316406,132.91000366210938,132.94000244140625,207133,0
2026-05-18 11:40:00-04:00,132.9499969482422,133.1199951171875,132.39999389648438,132.39999389648438,298609,0
2026-05-18 11:45:00-04:00,132.39999389648438,132.55999755859375,132.27999877929688,132.49000549316406,210297,0
2026-05-18 11:50:00-04:00,132.47450256347656,132.74000549316406,132.2899932861328,132.69000244140625,229783,0
2026-05-18 11:55:00-04:00,132.66000366210938,133.0399932861328,132.64999389648438,132.7899932861328,194134,0
2026-05-18 12:00:00-04:00,132.80999755859375,132.8800048828125,132.5399932861328,132.6898956298828,208661,0
2026-05-18 12:05:00-04:00,132.70989990234375,132.8699951171875,132.61000061035156,132.74000549316406,130915,0
2026-05-18 12:10:00-04:00,132.74000549316406,133.19000244140625,132.74000549316406,133.16000366210938,170784,0
2026-05-18 12:15:00-04:00,133.1699981689453,133.4199981689453,133.10000610351562,133.3300018310547,288295,0
2026-05-18 12:20:00-04:00,133.3800048828125,133.57000732421875,133.19000244140625,133.25010681152344,216436,0
2026-05-18 12:25:00-04:00,133.3000030517578,133.32000732421875,132.52000427246094,132.55999755859375,274573,0
2026-05-18 12:30:00-04:00,132.53829956054688,133.35000610351562,132.38999938964844,133.13999938964844,248056,0
2026-05-18 12:35:00-04:00,133.1300048828125,133.52000427246094,133.0449981689453,133.32000732421875,209988,0
2026-05-18 12:40:00-04:00,133.2700958251953,133.3800048828125,133.02000427246094,133.13499450683594,156536,0
2026-05-18 12:45:00-04:00,133.1999969482422,133.35000610351562,133.10000610351562,133.35000610351562,154753,0
2026-05-18 12:50:00-04:00,133.34500122070312,133.74989318847656,133.2949981689453,133.7100067138672,206803,0
2026-05-18 12:55:00-04:00,133.70620727539062,133.99000549316406,133.58999633789062,133.64999389648438,237774,0
2026-05-18 13:00:00-04:00,133.64999389648438,133.86000061035156,133.456298828125,133.84500122070312,155474,0
2026-05-18 13:05:00-04:00,133.81500244140625,134.2725067138672,133.77000427246094,134.14999389648438,244993,0
2026-05-18 13:10:00-04:00,134.14999389648438,134.24000549316406,133.9499969482422,133.9600067138672,173089,0
2026-05-18 13:15:00-04:00,133.9600067138672,134.1898956298828,133.94000244140625,134.13119506835938,161622,0
2026-05-18 13:20:00-04:00,134.14500427246094,134.15499877929688,133.75999450683594,133.7899932861328,163067,0
2026-05-18 13:25:00-04:00,133.8000030517578,134.04010009765625,133.6999969482422,133.97500610351562,143433,0
2026-05-18 13:30:00-04:00,133.98500061035156,134.2100067138672,133.8800048828125,134.0699005126953,160797,0
2026-05-18 13:35:00-04:00,134.06500244140625,134.24000549316406,134.0399932861328,134.1750030517578,190679,0
2026-05-18 13:40:00-04:00,134.19000244140625,134.4499969482422,134.125,134.35000610351562,182192,0
2026-05-18 13:45:00-04:00,134.3524932861328,134.42999267578125,134.16000366210938,134.25999450683594,175712,0
2026-05-18 13:50:00-04:00,134.25999450683594,134.49000549316406,134.17999267578125,134.2550048828125,212543,0
2026-05-18 13:55:00-04:00,134.24000549316406,134.4499969482422,134.18499755859375,134.31500244140625,182731,0
2026-05-18 14:00:00-04:00,134.3000030517578,134.35499572753906,134.00999450683594,134.03199768066406,245673,0
2026-05-18 14:05:00-04:00,134.0500030517578,134.14999389648438,133.9001007080078,134.07009887695312,145405,0
2026-05-18 14:10:00-04:00,134.07000732421875,134.25,134.0,134.03500366210938,126542,0
2026-05-18 14:15:00-04:00,134.02000427246094,134.02000427246094,133.39309692382812,133.5050048828125,315369,0
2026-05-18 14:20:00-04:00,133.52000427246094,133.64999389648438,133.32240295410156,133.57000732421875,213018,0
2026-05-18 14:25:00-04:00,133.55999755859375,133.5709991455078,133.2100067138672,133.49000549316406,217286,0
2026-05-18 14:30:00-04:00,133.50990295410156,133.72999572753906,133.44000244140625,133.64999389648438,233230,0
2026-05-18 14:35:00-04:00,133.65499877929688,133.75,133.5,133.52999877929688,132837,0
2026-05-18 14:40:00-04:00,133.5399932861328,133.5500030517578,133.25,133.25,165298,0
2026-05-18 14:45:00-04:00,133.27999877929688,133.44000244140625,133.09249877929688,133.1699981689453,180848,0
2026-05-18 14:50:00-04:00,133.1699981689453,133.30999755859375,132.89999389648438,132.9199981689453,248101,0
2026-05-18 14:55:00-04:00,132.90980529785156,133.1291046142578,132.85350036621094,132.9591064453125,246672,0
2026-05-18 15:00:00-04:00,132.97999572753906,134.36000061035156,132.96279907226562,133.92709350585938,476764,0
2026-05-18 15:05:00-04:00,133.9199981689453,134.06500244140625,133.4550018310547,133.74000549316406,261766,0
2026-05-18 15:10:00-04:00,133.75999450683594,133.97500610351562,133.64999389648438,133.74989318847656,255952,0
2026-05-18 15:15:00-04:00,133.7550048828125,133.83999633789062,133.60000610351562,133.6300048828125,208083,0
2026-05-18 15:20:00-04:00,133.63270568847656,133.88999938964844,133.55999755859375,133.57000732421875,225379,0
2026-05-18 15:25:00-04:00,133.57000732421875,133.61500549316406,133.38999938964844,133.61500549316406,193908,0
2026-05-18 15:30:00-04:00,133.6199951171875,134.1699981689453,133.52999877929688,134.1699981689453,336485,0
2026-05-18 15:35:00-04:00,134.17999267578125,134.52000427246094,134.14999389648438,134.4600067138672,347708,0
2026-05-18 15:40:00-04:00,134.47000122070312,134.8000030517578,134.39999389648438,134.7899932861328,344206,0
2026-05-18 15:45:00-04:00,134.7899932861328,135.02499389648438,134.71090698242188,134.88499450683594,421158,0
2026-05-18 15:50:00-04:00,134.89999389648438,135.32000732421875,134.88999938964844,135.10000610351562,717344,0
2026-05-18 15:55:00-04:00,135.10499572753906,135.22999572753906,134.8699951171875,135.1199951171875,1178046,0
2026-05-19 09:30:00-04:00,135.2100067138672,137.4600067138672,135.19000244140625,135.85000610351562,2759305,0
2026-05-19 09:35:00-04:00,135.8513946533203,136.13999938964844,134.77000427246094,135.8000030517578,881894,0
2026-05-19 09:40:00-04:00,135.79330444335938,136.02999877929688,134.6199951171875,134.72999572753906,772450,0
2026-05-19 09:45:00-04:00,134.75,135.98939514160156,134.6300048828125,135.60000610351562,888278,0
2026-05-19 09:50:00-04:00,135.5399932861328,136.12989807128906,135.39999389648438,135.99000549316406,515925,0
2026-05-19 09:55:00-04:00,135.99000549316406,136.28990173339844,135.39010620117188,135.8000030517578,512200,0
2026-05-19 10:00:00-04:00,135.77999877929688,136.5,135.5800018310547,136.41000366210938,602749,0
2026-05-19 10:05:00-04:00,136.39500427246094,136.5,135.14999389648438,135.50999450683594,565672,0
2026-05-19 10:10:00-04:00,135.5,135.89999389648438,135.05999755859375,135.2324981689453,513494,0
2026-05-19 10:15:00-04:00,135.19500732421875,135.6999969482422,135.05999755859375,135.6300048828125,489608,0
2026-05-19 10:20:00-04:00,135.63999938964844,135.75,134.7666015625,134.875,510051,0
2026-05-19 10:25:00-04:00,134.91839599609375,135.02000427246094,134.5500030517578,134.63999938964844,318392,0
2026-05-19 10:30:00-04:00,134.6649932861328,135.17999267578125,134.5,134.6999969482422,369416,0
2026-05-19 10:35:00-04:00,134.68499755859375,134.91000366210938,134.3300018310547,134.80999755859375,363415,0
2026-05-19 10:40:00-04:00,134.80499267578125,135.57000732421875,134.55999755859375,134.72999572753906,555552,0
2026-05-19 10:45:00-04:00,134.72999572753906,134.8199005126953,134.25999450683594,134.61500549316406,496964,0
2026-05-19 10:50:00-04:00,134.60000610351562,134.74000549316406,134.1656036376953,134.2949981689453,373246,0
2026-05-19 10:55:00-04:00,134.2949981689453,135.14999389648438,134.2700958251953,135.0449981689453,368211,0
2026-05-19 11:00:00-04:00,135.02999877929688,135.22000122070312,134.5500030517578,134.9824981689453,313706,0
2026-05-19 11:05:00-04:00,134.9600067138672,135.25,134.8000030517578,135.19500732421875,269486,0
2026-05-19 11:10:00-04:00,135.24549865722656,135.88999938964844,135.19000244140625,135.87989807128906,339289,0
2026-05-19 11:15:00-04:00,135.8800048828125,135.94000244140625,134.7707977294922,134.7707977294922,400923,0
2026-05-19 11:20:00-04:00,134.7899932861328,135.11990356445312,134.36000061035156,134.375,332907,0
2026-05-19 11:25:00-04:00,134.34500122070312,134.6199951171875,134.25,134.36500549316406,284896,0
2026-05-19 11:30:00-04:00,134.30999755859375,134.6699981689453,134.10000610351562,134.47999572753906,249741,0
2026-05-19 11:35:00-04:00,134.43499755859375,135.00990295410156,134.41000366210938,134.8699951171875,183041,0
2026-05-19 11:40:00-04:00,134.83999633789062,134.9600067138672,134.42999267578125,134.49000549316406,227256,0
2026-05-19 11:45:00-04:00,134.50999450683594,134.52000427246094,134.05999755859375,134.39010620117188,242974,0
2026-05-19 11:50:00-04:00,134.39010620117188,134.39010620117188,134.02000427246094,134.0749969482422,168731,0
2026-05-19 11:55:00-04:00,134.05999755859375,134.1300048828125,133.6699981689453,134.03500366210938,287567,0
2026-05-19 12:00:00-04:00,134.05999755859375,134.4600067138672,134.05999755859375,134.27999877929688,203605,0
2026-05-19 12:05:00-04:00,134.27000427246094,134.32000732421875,133.6999969482422,133.6999969482422,219218,0
2026-05-19 12:10:00-04:00,133.66000366210938,133.8699951171875,133.60000610351562,133.86500549316406,220140,0
2026-05-19 12:15:00-04:00,133.91000366210938,134.10000610351562,133.76010131835938,134.02999877929688,191029,0
2026-05-19 12:20:00-04:00,134.02999877929688,134.14999389648438,133.80999755859375,134.0800018310547,136090,0
2026-05-19 12:25:00-04:00,134.0749969482422,134.2093048095703,133.7100067138672,133.80999755859375,202662,0
2026-05-19 12:30:00-04:00,133.77999877929688,133.94000244140625,133.64999389648438,133.93499755859375,164990,0
2026-05-19 12:35:00-04:00,133.93499755859375,134.0399932861328,133.6999969482422,133.91000366210938,179555,0
2026-05-19 12:40:00-04:00,133.90499877929688,134.2198944091797,133.8800048828125,134.05999755859375,186391,0
2026-05-19 12:45:00-04:00,134.06500244140625,134.24000549316406,133.8699951171875,134.2100067138672,162680,0
2026-05-19 12:50:00-04:00,134.19500732421875,134.71499633789062,134.12010192871094,134.67990112304688,235803,0
2026-05-19 12:55:00-04:00,134.6699981689453,134.67010498046875,134.41000366210938,134.5500030517578,214255,0
2026-05-19 13:00:00-04:00,134.52000427246094,134.5800018310547,134.3800048828125,134.44000244140625,172608,0
2026-05-19 13:05:00-04:00,134.4499969482422,134.6699981689453,134.39999389648438,134.64999389648438,149002,0
2026-05-19 13:10:00-04:00,134.64500427246094,134.80999755859375,134.5399932861328,134.72500610351562,176139,0
2026-05-19 13:15:00-04:00,134.7449951171875,134.83999633789062,134.27000427246094,134.42010498046875,199107,0
2026-05-19 13:20:00-04:00,134.4199981689453,135.08999633789062,134.4199981689453,135.02499389648438,260236,0
2026-05-19 13:25:00-04:00,135.02999877929688,135.27999877929688,134.89999389648438,135.25999450683594,316372,0
2026-05-19 13:30:00-04:00,135.25999450683594,135.97000122070312,135.2301025390625,135.57000732421875,446749,0
2026-05-19 13:35:00-04:00,135.57009887695312,135.97000122070312,135.57000732421875,135.92999267578125,240709,0
2026-05-19 13:40:00-04:00,135.91000366210938,136.08999633789062,135.7899932861328,135.9499969482422,291783,0
2026-05-19 13:45:00-04:00,135.9499969482422,135.98500061035156,135.3699951171875,135.6300048828125,267043,0
2026-05-19 13:50:00-04:00,135.625,135.6999969482422,135.22999572753906,135.41990661621094,195662,0
2026-05-19 13:55:00-04:00,135.4080047607422,135.6199951171875,135.24000549316406,135.4550018310547,199999,0
2026-05-19 14:00:00-04:00,135.4499969482422,135.5500030517578,135.2801055908203,135.44000244140625,164635,0
2026-05-19 14:05:00-04:00,135.44000244140625,135.64999389648438,135.3800048828125,135.5500030517578,168303,0
2026-05-19 14:10:00-04:00,135.5399932861328,135.72999572753906,135.2100067138672,135.27000427246094,223839,0
2026-05-19 14:15:00-04:00,135.25010681152344,135.5,135.21139526367188,135.4499969482422,183705,0
2026-05-19 14:20:00-04:00,135.47000122070312,135.6199951171875,135.35000610351562,135.52000427246094,205767,0
2026-05-19 14:25:00-04:00,135.5,135.52000427246094,135.1199951171875,135.32000732421875,190903,0
2026-05-19 14:30:00-04:00,135.3300018310547,135.74000549316406,135.19000244140625,135.69000244140625,220185,0
2026-05-19 14:35:00-04:00,135.7050018310547,135.7799072265625,135.52999877929688,135.55760192871094,156255,0
2026-05-19 14:40:00-04:00,135.52999877929688,135.5399932861328,135.27639770507812,135.4199981689453,212560,0
2026-05-19 14:45:00-04:00,135.42999267578125,135.4499969482422,135.16000366210938,135.19000244140625,207517,0
2026-05-19 14:50:00-04:00,135.19000244140625,135.2100067138672,134.85000610351562,134.9149932861328,204169,0
2026-05-19 14:55:00-04:00,134.9149932861328,135.16000366210938,134.75,135.0124053955078,220370,0
2026-05-19 15:00:00-04:00,135.02999877929688,135.24000549316406,135.02999877929688,135.15499877929688,182775,0
2026-05-19 15:05:00-04:00,135.13999938964844,135.27000427246094,134.75,135.22000122070312,236434,0
2026-05-19 15:10:00-04:00,135.22999572753906,135.4398956298828,135.05999755859375,135.31500244140625,212052,0
2026-05-19 15:15:00-04:00,135.3101043701172,135.39500427246094,134.99000549316406,135.11000061035156,190587,0
2026-05-19 15:20:00-04:00,135.11500549316406,135.2899932861328,134.94500732421875,134.94500732421875,223528,0
2026-05-19 15:25:00-04:00,134.9499969482422,135.13999938964844,134.76010131835938,135.139892578125,256266,0
2026-05-19 15:30:00-04:00,135.14999389648438,135.5399932861328,135.14999389648438,135.32000732421875,298920,0
2026-05-19 15:35:00-04:00,135.35000610351562,135.58999633789062,135.3000030517578,135.52670288085938,274447,0
2026-05-19 15:40:00-04:00,135.5,135.5500030517578,135.36000061035156,135.52000427246094,342137,0
2026-05-19 15:45:00-04:00,135.5,135.7100067138672,135.4499969482422,135.6199951171875,390348,0
2026-05-19 15:50:00-04:00,135.61000061035156,135.72999572753906,135.44000244140625,135.52000427246094,524583,0
2026-05-19 15:55:00-04:00,135.5050048828125,135.60000610351562,135.10000610351562,135.25,1264969,0
2026-05-20 09:30:00-04:00,134.14500427246094,134.86000061035156,133.1300048828125,133.25999450683594,1948812,0
2026-05-20 09:35:00-04:00,133.25999450683594,133.6999969482422,132.4199981689453,133.66000366210938,1212401,0
2026-05-20 09:40:00-04:00,133.6750030517578,134.66000366210938,133.59719848632812,134.2899932861328,788748,0
2026-05-20 09:45:00-04:00,134.27499389648438,135.24989318847656,134.27499389648438,134.7071075439453,712552,0
2026-05-20 09:50:00-04:00,134.73500061035156,134.91000366210938,134.110107421875,134.47000122070312,419593,0
2026-05-20 09:55:00-04:00,134.47500610351562,134.75,134.25,134.75,314645,0
2026-05-20 10:00:00-04:00,134.72999572753906,135.75,134.66000366210938,135.43499755859375,735317,0
2026-05-20 10:05:00-04:00,135.44000244140625,135.69000244140625,134.86000061035156,135.27000427246094,504079,0
2026-05-20 10:10:00-04:00,135.33059692382812,136.05999755859375,134.8800048828125,135.57000732421875,623000,0
2026-05-20 10:15:00-04:00,135.5800018310547,136.5,135.22999572753906,135.77999877929688,642169,0
2026-05-20 10:20:00-04:00,135.75,135.97000122070312,134.77000427246094,134.97000122070312,423591,0
2026-05-20 10:25:00-04:00,134.9499969482422,135.52499389648438,134.75,135.5,392864,0
2026-05-20 10:30:00-04:00,135.49000549316406,136.02999877929688,135.4600067138672,135.8249969482422,422734,0
2026-05-20 10:35:00-04:00,135.80999755859375,135.8988037109375,135.36000061035156,135.55499267578125,262054,0
2026-05-20 10:40:00-04:00,135.5399932861328,135.88999938964844,135.5,135.7899932861328,331925,0
2026-05-20 10:45:00-04:00,135.7899932861328,135.88999938964844,135.60000610351562,135.8000030517578,276960,0
2026-05-20 10:50:00-04:00,135.8000030517578,136.1699981689453,135.72500610351562,136.10499572753906,301977,0
2026-05-20 10:55:00-04:00,136.1199951171875,136.50999450683594,135.9600067138672,136.30999755859375,432492,0
2026-05-20 11:00:00-04:00,136.25,136.3699951171875,135.86000061035156,136.28500366210938,277735,0
2026-05-20 11:05:00-04:00,136.2899932861328,136.42999267578125,136.11000061035156,136.35569763183594,260692,0
2026-05-20 11:10:00-04:00,136.375,136.4398956298828,135.7100067138672,135.9199981689453,331669,0
2026-05-20 11:15:00-04:00,135.91000366210938,136.75,135.63009643554688,136.02999877929688,591882,0
2026-05-20 11:20:00-04:00,136.02999877929688,136.139892578125,135.6999969482422,136.11500549316406,326126,0
2026-05-20 11:25:00-04:00,136.10000610351562,136.17999267578125,135.7899932861328,135.9199981689453,166206,0
2026-05-20 11:30:00-04:00,135.93499755859375,136.3699951171875,135.92999267578125,136.13250732421875,197318,0
2026-05-20 11:35:00-04:00,136.13499450683594,136.23550415039062,135.77999877929688,135.8699951171875,157912,0
2026-05-20 11:40:00-04:00,135.88999938964844,135.93380737304688,135.57000732421875,135.82000732421875,146638,0
2026-05-20 11:45:00-04:00,135.8249969482422,135.92999267578125,135.7100067138672,135.90499877929688,182392,0
2026-05-20 11:50:00-04:00,135.89999389648438,135.91000366210938,135.63999938964844,135.72000122070312,153514,0
2026-05-20 11:55:00-04:00,135.71499633789062,135.82000732421875,135.4001007080078,135.6999969482422,196977,0
2026-05-20 12:00:00-04:00,135.69500732421875,135.7899932861328,135.3350067138672,135.52499389648438,183844,0
2026-05-20 12:05:00-04:00,135.53500366210938,135.6300048828125,135.4199981689453,135.61500549316406,132873,0
2026-05-20 12:10:00-04:00,135.61500549316406,135.8300018310547,135.5399932861328,135.72500610351562,196758,0
2026-05-20 12:15:00-04:00,135.6999969482422,135.7899932861328,135.5399932861328,135.66000366210938,149517,0
2026-05-20 12:20:00-04:00,135.66000366210938,135.97999572753906,135.47999572753906,135.83009338378906,242545,0
2026-05-20 12:25:00-04:00,135.8300018310547,135.9600067138672,135.60000610351562,135.64999389648438,184427,0
2026-05-20 12:30:00-04:00,135.64999389648438,135.8699951171875,135.50999450683594,135.77999877929688,152217,0
2026-05-20 12:35:00-04:00,135.80499267578125,135.9250030517578,135.67999267578125,135.8000030517578,105735,0
2026-05-20 12:40:00-04:00,135.80999755859375,136.1199951171875,135.75999450683594,136.1199951171875,224969,0
2026-05-20 12:45:00-04:00,136.1125030517578,136.2550048828125,135.83999633789062,135.9199981689453,246631,0
2026-05-20 12:50:00-04:00,135.93499755859375,136.0850067138672,135.85000610351562,135.92990112304688,116670,0
2026-05-20 12:55:00-04:00,135.92999267578125,136.11000061035156,135.82000732421875,136.09500122070312,150432,0
2026-05-20 13:00:00-04:00,136.09500122070312,136.2299041748047,135.75999450683594,135.8300018310547,205217,0
2026-05-20 13:05:00-04:00,135.86000061035156,135.96099853515625,135.77999877929688,135.9250030517578,111376,0
2026-05-20 13:10:00-04:00,135.93499755859375,136.25,135.7949981689453,136.02000427246094,238107,0
2026-05-20 13:15:00-04:00,136.01010131835938,136.02000427246094,135.6602020263672,135.97000122070312,149349,0
2026-05-20 13:20:00-04:00,135.98500061035156,135.98500061035156,135.67300415039062,135.85000610351562,133380,0
2026-05-20 13:25:00-04:00,135.85000610351562,136.0399932861328,135.8000946044922,135.94000244140625,155050,0
2026-05-20 13:30:00-04:00,135.97999572753906,136.05999755859375,135.8300018310547,135.9499053955078,228531,0
2026-05-20 13:35:00-04:00,135.9199981689453,136.24989318847656,135.9199981689453,136.16000366210938,221629,0
2026-05-20 13:40:00-04:00,136.13999938964844,136.36000061035156,136.10000610351562,136.16000366210938,182584,0
2026-05-20 13:45:00-04:00,136.17999267578125,136.18499755859375,136.0,136.07000732421875,151066,0
2026-05-20 13:50:00-04:00,136.07000732421875,136.0800018310547,135.8000030517578,135.85000610351562,150583,0
2026-05-20 13:55:00-04:00,135.82000732421875,135.8300018310547,135.6999969482422,135.78500366210938,138595,0
2026-05-20 14:00:00-04:00,135.7949981689453,136.00990295410156,135.64059448242188,135.8699951171875,185961,0
2026-05-20 14:05:00-04:00,135.86500549316406,135.9398956298828,135.64999389648438,135.76499938964844,135524,0
2026-05-20 14:10:00-04:00,135.77000427246094,135.79100036621094,135.5800018310547,135.77000427246094,128794,0
2026-05-20 14:15:00-04:00,135.75,135.89999389648438,135.74000549316406,135.875,140115,0
2026-05-20 14:20:00-04:00,135.8800048828125,135.99000549316406,135.7550048828125,135.88499450683594,152586,0
2026-05-20 14:25:00-04:00,135.9199981689453,136.0399932861328,135.85000610351562,135.92599487304688,144845,0
2026-05-20 14:30:00-04:00,135.94000244140625,136.25999450683594,135.89500427246094,136.25999450683594,714358,0
2026-05-20 14:35:00-04:00,136.2501983642578,136.55499267578125,136.19009399414062,136.4600067138672,322800,0
2026-05-20 14:40:00-04:00,136.4600067138672,136.58999633789062,136.39999389648438,136.44000244140625,318266,0
2026-05-20 14:45:00-04:00,136.44500732421875,136.6199951171875,136.3065948486328,136.61000061035156,323135,0
2026-05-20 14:50:00-04:00,136.61500549316406,136.77999877929688,136.41000366210938,136.75999450683594,263694,0
2026-05-20 14:55:00-04:00,136.75,136.76499938964844,136.33999633789062,136.39500427246094,278445,0
2026-05-20 15:00:00-04:00,136.3800048828125,136.5,136.24000549316406,136.2801055908203,203158,0
2026-05-20 15:05:00-04:00,136.27999877929688,136.4499969482422,136.18499755859375,136.4199981689453,286329,0
2026-05-20 15:10:00-04:00,136.41000366210938,136.6300048828125,136.38999938964844,136.58999633789062,290897,0
2026-05-20 15:15:00-04:00,136.59500122070312,136.77000427246094,136.50999450683594,136.69509887695312,296766,0
2026-05-20 15:20:00-04:00,136.69500732421875,136.7100067138672,136.4499969482422,136.4600067138672,348734,0
2026-05-20 15:25:00-04:00,136.47000122070312,136.5800018310547,136.36000061035156,136.57000732421875,262418,0
2026-05-20 15:30:00-04:00,136.57000732421875,136.8488006591797,136.55999755859375,136.64999389648438,531070,0
2026-05-20 15:35:00-04:00,136.64999389648438,136.8000030517578,136.4600067138672,136.7899932861328,421273,0
2026-05-20 15:40:00-04:00,136.7899932861328,136.88999938964844,136.6199951171875,136.8699951171875,401540,0
2026-05-20 15:45:00-04:00,136.88999938964844,136.97999572753906,136.63999938964844,136.9792022705078,403900,0
2026-05-20 15:50:00-04:00,136.97999572753906,137.24000549316406,136.625,137.1300048828125,858089,0
2026-05-20 15:55:00-04:00,137.16000366210938,137.19000244140625,136.77999877929688,137.14500427246094,1305069,0
2026-05-21 09:30:00-04:00,135.8000030517578,138.14999389648438,135.43060302734375,137.81500244140625,2065656,0
2026-05-21 09:35:00-04:00,137.86000061035156,138.1699981689453,137.24000549316406,137.4600067138672,753995,0
2026-05-21 09:40:00-04:00,137.4600067138672,137.8979949951172,136.5,137.36000061035156,538013,0
2026-05-21 09:45:00-04:00,137.3572998046875,137.97999572753906,137.23500061035156,137.7949981689453,453948,0
2026-05-21 09:50:00-04:00,137.75999450683594,138.0,137.22000122070312,137.52499389648438,538487,0
2026-05-21 09:55:00-04:00,137.52000427246094,137.8291015625,136.75,137.1999969482422,451583,0
2026-05-21 10:00:00-04:00,137.1999969482422,137.5399932861328,136.8800048828125,137.01499938964844,420862,0
2026-05-21 10:05:00-04:00,137.0399932861328,137.39999389648438,136.75999450683594,137.3300018310547,410631,0
2026-05-21 10:10:00-04:00,137.36000061035156,137.5500030517578,136.9199981689453,137.27499389648438,481217,0
2026-05-21 10:15:00-04:00,137.27000427246094,137.85000610351562,136.85000610351562,136.9425048828125,446173,0
2026-05-21 10:20:00-04:00,136.94509887695312,137.38400268554688,136.76010131835938,137.35000610351562,391058,0
2026-05-21 10:25:00-04:00,137.3350067138672,137.44000244140625,136.89999389648438,137.10499572753906,288919,0
2026-05-21 10:30:00-04:00,137.10499572753906,137.33799743652344,136.32009887695312,136.4739990234375,332700,0
2026-05-21 10:35:00-04:00,136.47500610351562,137.43499755859375,136.45010375976562,137.3699951171875,420825,0
2026-05-21 10:40:00-04:00,137.3979949951172,137.47999572753906,137.07000732421875,137.47000122070312,280852,0
2026-05-21 10:45:00-04:00,137.47000122070312,138.27000427246094,137.2949981689453,138.25999450683594,609876,0
2026-05-21 10:50:00-04:00,138.25999450683594,138.50999450683594,137.8603057861328,138.0399932861328,529107,0
2026-05-21 10:55:00-04:00,138.02000427246094,138.5,137.82000732421875,138.3300018310547,340702,0
2026-05-21 11:00:00-04:00,138.3300018310547,138.47000122070312,137.86000061035156,137.875,303811,0
2026-05-21 11:05:00-04:00,137.860107421875,137.9199981689453,137.114501953125,137.22999572753906,369838,0
2026-05-21 11:10:00-04:00,137.22999572753906,137.82550048828125,137.0500030517578,137.55499267578125,411640,0
2026-05-21 11:15:00-04:00,137.5399932861328,137.72000122070312,137.43499755859375,137.7100067138672,183474,0
2026-05-21 11:20:00-04:00,137.67999267578125,137.70919799804688,137.44000244140625,137.52499389648438,195227,0
2026-05-21 11:25:00-04:00,137.50999450683594,137.76800537109375,137.41000366210938,137.55999755859375,175966,0
2026-05-21 11:30:00-04:00,137.56500244140625,137.56500244140625,137.10000610351562,137.14010620117188,238149,0
2026-05-21 11:35:00-04:00,137.13999938964844,137.35000610351562,136.9499969482422,137.27000427246094,214987,0
2026-05-21 11:40:00-04:00,137.2899932861328,137.44000244140625,137.1699981689453,137.36500549316406,160946,0
2026-05-21 11:45:00-04:00,137.33999633789062,137.6199951171875,137.1999969482422,137.6199951171875,149803,0
2026-05-21 11:50:00-04:00,137.58999633789062,137.64999389648438,137.3699951171875,137.58999633789062,136702,0
2026-05-21 11:55:00-04:00,137.61000061035156,137.610595703125,137.4499969482422,137.50180053710938,122296,0
2026-05-21 12:00:00-04:00,137.52000427246094,137.74000549316406,137.42999267578125,137.4499969482422,132679,0
2026-05-21 12:05:00-04:00,137.4600067138672,137.5399932861328,137.27999877929688,137.4510040283203,157466,0
2026-05-21 12:10:00-04:00,137.4219970703125,137.57000732421875,137.0,137.375,251826,0
2026-05-21 12:15:00-04:00,137.38999938964844,137.4499969482422,137.25999450683594,137.3699951171875,117712,0
2026-05-21 12:20:00-04:00,137.36500549316406,137.39999389648438,136.9199981689453,137.00999450683594,152223,0
2026-05-21 12:25:00-04:00,137.02499389648438,137.0399932861328,136.85499572753906,136.9199981689453,121754,0
2026-05-21 12:30:00-04:00,136.9199981689453,136.99000549316406,136.7899932861328,136.9199981689453,106948,0
2026-05-21 12:35:00-04:00,136.9199981689453,137.0050048828125,136.82000732421875,136.97500610351562,100235,0
2026-05-21 12:40:00-04:00,136.97999572753906,137.0800018310547,136.83419799804688,136.86500549316406,93486,0
2026-05-21 12:45:00-04:00,136.88999938964844,137.00999450683594,136.74490356445312,136.97000122070312,144142,0
2026-05-21 12:50:00-04:00,136.99000549316406,137.0749969482422,136.80999755859375,137.05499267578125,124315,0
2026-05-21 12:55:00-04:00,137.0500030517578,137.1699981689453,136.85000610351562,136.8800048828125,153624,0
2026-05-21 13:00:00-04:00,136.8800048828125,137.0500030517578,136.5500946044922,136.57969665527344,155027,0
2026-05-21 13:05:00-04:00,136.56500244140625,136.74989318847656,136.52999877929688,136.72000122070312,126727,0
2026-05-21 13:10:00-04:00,136.74000549316406,137.51499938964844,136.72999572753906,137.24000549316406,247165,0
2026-05-21 13:15:00-04:00,137.24000549316406,137.8699951171875,137.1699981689453,137.57000732421875,251960,0
2026-05-21 13:20:00-04:00,137.5500030517578,137.83999633789062,137.16000366210938,137.52000427246094,199159,0
2026-05-21 13:25:00-04:00,137.57510375976562,137.62989807128906,137.38999938964844,137.53500366210938,104725,0
2026-05-21 13:30:00-04:00,137.50999450683594,137.9799041748047,137.50999450683594,137.94009399414062,159098,0
2026-05-21 13:35:00-04:00,137.97999572753906,138.01499938964844,137.77999877929688,137.86500549316406,175755,0
2026-05-21 13:40:00-04:00,137.875,138.0800018310547,137.875,137.97999572753906,134255,0
2026-05-21 13:45:00-04:00,137.97000122070312,138.05999755859375,137.82000732421875,138.05999755859375,115926,0
2026-05-21 13:50:00-04:00,138.0749969482422,138.389892578125,137.97000122070312,138.35499572753906,487283,0
2026-05-21 13:55:00-04:00,138.35499572753906,138.5500030517578,138.09080505371094,138.14999389648438,360028,0
2026-05-21 14:00:00-04:00,138.16000366210938,138.26229858398438,138.0,138.0800018310547,156318,0
2026-05-21 14:05:00-04:00,138.0500030517578,138.3000030517578,137.97000122070312,138.24000549316406,134340,0
2026-05-21 14:10:00-04:00,138.24989318847656,138.3000030517578,137.88009643554688,137.89999389648438,125548,0
2026-05-21 14:15:00-04:00,137.94000244140625,137.94000244140625,137.67010498046875,137.8699951171875,131805,0
2026-05-21 14:20:00-04:00,137.8249969482422,137.94000244140625,137.5800018310547,137.91000366210938,135557,0
2026-05-21 14:25:00-04:00,137.91000366210938,137.91000366210938,137.67999267578125,137.8000030517578,115084,0
2026-05-21 14:30:00-04:00,137.80999755859375,137.9600067138672,137.80999755859375,137.9600067138672,110390,0
2026-05-21 14:35:00-04:00,137.9691925048828,138.08990478515625,137.89999389648438,138.04010009765625,142423,0
2026-05-21 14:40:00-04:00,138.0399932861328,138.23989868164062,138.02999877929688,138.1199951171875,128708,0
2026-05-21 14:45:00-04:00,138.1300048828125,138.1999969482422,137.8699951171875,137.9615936279297,156667,0
2026-05-21 14:50:00-04:00,137.97000122070312,138.11399841308594,137.36000061035156,137.39990234375,199762,0
2026-05-21 14:55:00-04:00,137.3699951171875,137.5800018310547,137.35000610351562,137.46499633789062,184678,0
2026-05-21 15:00:00-04:00,137.4499969482422,137.58999633789062,137.3699951171875,137.51010131835938,109873,0
2026-05-21 15:05:00-04:00,137.50999450683594,137.6699981689453,137.46499633789062,137.50999450683594,189499,0
2026-05-21 15:10:00-04:00,137.5,137.6199951171875,137.22999572753906,137.3300018310547,125704,0
2026-05-21 15:15:00-04:00,137.3350067138672,137.57000732421875,137.31300354003906,137.55499267578125,131393,0
2026-05-21 15:20:00-04:00,137.55999755859375,137.639892578125,137.25999450683594,137.36000061035156,154347,0
2026-05-21 15:25:00-04:00,137.36500549316406,137.4199981689453,137.2301025390625,137.3300018310547,129922,0
2026-05-21 15:30:00-04:00,137.32000732421875,137.6300048828125,137.32000732421875,137.4550018310547,145358,0
2026-05-21 15:35:00-04:00,137.4499969482422,137.63999938964844,137.4499969482422,137.52499389648438,112936,0
2026-05-21 15:40:00-04:00,137.52999877929688,137.61500549316406,137.3000030517578,137.3000030517578,128462,0
2026-05-21 15:45:00-04:00,137.3000030517578,137.43499755859375,137.1699981689453,137.25,262520,0
2026-05-21 15:50:00-04:00,137.2899932861328,137.39999389648438,136.86000061035156,137.03500366210938,480341,0
2026-05-21 15:55:00-04:00,137.02999877929688,137.50999450683594,136.97999572753906,137.41000366210938,941847,0
2026-05-22 09:30:00-04:00,137.44000244140625,138.69000244140625,137.25,137.3350067138672,1705771,0
2026-05-22 09:35:00-04:00,137.3300018310547,138.75,137.14999389648438,138.62010192871094,665091,0
2026-05-22 09:40:00-04:00,138.64999389648438,139.0,138.2899932861328,138.5050048828125,1476846,0
2026-05-22 09:45:00-04:00,138.5800018310547,139.02000427246094,138.05999755859375,138.64999389648438,716208,0
2026-05-22 09:50:00-04:00,138.681396484375,139.02000427246094,138.1199951171875,138.2100067138672,523768,0
2026-05-22 09:55:00-04:00,138.1699981689453,138.30499267578125,136.89999389648438,137.24920654296875,748134,0
2026-05-22 10:00:00-04:00,137.22000122070312,137.3800048828125,136.36000061035156,136.7100067138672,642292,0
2026-05-22 10:05:00-04:00,136.6999969482422,136.71499633789062,135.45750427246094,135.94000244140625,775236,0
2026-05-22 10:10:00-04:00,135.94000244140625,136.10000610351562,135.5,135.5500030517578,567801,0
2026-05-22 10:15:00-04:00,135.5399932861328,136.10000610351562,135.33999633789062,135.86000061035156,524039,0
2026-05-22 10:20:00-04:00,135.8350067138672,135.92669677734375,134.86000061035156,134.88999938964844,645367,0
2026-05-22 10:25:00-04:00,134.8800048828125,134.8800048828125,134.3000030517578,134.55499267578125,698015,0
2026-05-22 10:30:00-04:00,134.5500030517578,134.9199981689453,134.52000427246094,134.58999633789062,569517,0
2026-05-22 10:35:00-04:00,134.5800018310547,135.2100067138672,134.43069458007812,135.0,476986,0
2026-05-22 10:40:00-04:00,135.00999450683594,135.49000549316406,134.91000366210938,135.19500732421875,462696,0
2026-05-22 10:45:00-04:00,135.2100067138672,135.72999572753906,135.13999938964844,135.6649932861328,340502,0
2026-05-22 10:50:00-04:00,135.63999938964844,135.7899932861328,135.5800018310547,135.72000122070312,359952,0
2026-05-22 10:55:00-04:00,135.72999572753906,135.8300018310547,135.5404052734375,135.75,315082,0
2026-05-22 11:00:00-04:00,135.75,136.04989624023438,135.72000122070312,135.7700958251953,345704,0
2026-05-22 11:05:00-04:00,135.77999877929688,136.22999572753906,135.77000427246094,136.13999938964844,281969,0
2026-05-22 11:10:00-04:00,136.14190673828125,136.39999389648438,136.08999633789062,136.24000549316406,256240,0
2026-05-22 11:15:00-04:00,136.27000427246094,136.4600067138672,136.13999938964844,136.375,231211,0
2026-05-22 11:20:00-04:00,136.375,136.67999267578125,136.25,136.52499389648438,242078,0
2026-05-22 11:25:00-04:00,136.55999755859375,136.6999053955078,136.3699951171875,136.58999633789062,205677,0
2026-05-22 11:30:00-04:00,136.58999633789062,136.65890502929688,136.2899932861328,136.3782958984375,302375,0
2026-05-22 11:35:00-04:00,136.3101043701172,136.50950622558594,136.30870056152344,136.44000244140625,169557,0
2026-05-22 11:40:00-04:00,136.43499755859375,136.52999877929688,136.25010681152344,136.44500732421875,188066,0
2026-05-22 11:45:00-04:00,136.44500732421875,136.5,136.22999572753906,136.42999267578125,181342,0
2026-05-22 11:50:00-04:00,136.38999938964844,136.52999877929688,136.30999755859375,136.3800048828125,185168,0
2026-05-22 11:55:00-04:00,136.38510131835938,136.6750030517578,136.34500122070312,136.4550018310547,139540,0
2026-05-22 12:00:00-04:00,136.44000244140625,136.79989624023438,136.41000366210938,136.60000610351562,166144,0
2026-05-22 12:05:00-04:00,136.59500122070312,136.67999267578125,136.39999389648438,136.4600067138672,118096,0
2026-05-22 12:10:00-04:00,136.47000122070312,136.67999267578125,136.27999877929688,136.56820678710938,121195,0
2026-05-22 12:15:00-04:00,136.5800018310547,136.61000061035156,136.3179931640625,136.32000732421875,132935,0
2026-05-22 12:20:00-04:00,136.33999633789062,136.64999389648438,136.1999969482422,136.22000122070312,177026,0
2026-05-22 12:25:00-04:00,136.1999969482422,136.5500030517578,136.14999389648438,136.39500427246094,146675,0
2026-05-22 12:30:00-04:00,136.38999938964844,136.59500122070312,136.3800048828125,136.50999450683594,170112,0
2026-05-22 12:35:00-04:00,136.5399932861328,136.6999053955078,136.39999389648438,136.6199951171875,192065,0
2026-05-22 12:40:00-04:00,136.61000061035156,136.64959716796875,136.41000366210938,136.4499969482422,126275,0
2026-05-22 12:45:00-04:00,136.44749450683594,136.6300048828125,136.39999389648438,136.52000427246094,142998,0
2026-05-22 12:50:00-04:00,136.50999450683594,136.7899932861328,136.49000549316406,136.7801971435547,170015,0
2026-05-22 12:55:00-04:00,136.77999877929688,137.0500030517578,136.75,136.9600067138672,198905,0
2026-05-22 13:00:00-04:00,136.94000244140625,137.13999938964844,136.91000366210938,137.08999633789062,245632,0
2026-05-22 13:05:00-04:00,137.0998992919922,137.1739959716797,137.00999450683594,137.07009887695312,166810,0
2026-05-22 13:10:00-04:00,137.0800018310547,137.17010498046875,136.91000366210938,137.1699981689453,159212,0
2026-05-22 13:15:00-04:00,137.17999267578125,137.2821044921875,137.02000427246094,137.02000427246094,184020,0
2026-05-22 13:20:00-04:00,137.0500030517578,137.19500732421875,136.85499572753906,137.0,186050,0
2026-05-22 13:25:00-04:00,137.0,137.5,136.99000549316406,137.46009826660156,313581,0
2026-05-22 13:30:00-04:00,137.47999572753906,137.60879516601562,137.13999938964844,137.17779541015625,218417,0
2026-05-22 13:35:00-04:00,137.17999267578125,137.33999633789062,137.02999877929688,137.220703125,115712,0
2026-05-22 13:40:00-04:00,137.2100067138672,137.29139709472656,137.05999755859375,137.2100067138672,145305,0
2026-05-22 13:45:00-04:00,137.19000244140625,137.25,137.07000732421875,137.1999969482422,96190,0
2026-05-22 13:50:00-04:00,137.2100067138672,137.25,136.91000366210938,136.97999572753906,151671,0
2026-05-22 13:55:00-04:00,136.9600067138672,136.99169921875,136.77999877929688,136.8300018310547,141850,0
2026-05-22 14:00:00-04:00,136.835693359375,137.10000610351562,136.72000122070312,137.0399932861328,214490,0
2026-05-22 14:05:00-04:00,137.02999877929688,137.1199951171875,136.92999267578125,136.96499633789062,87345,0
2026-05-22 14:10:00-04:00,136.9499969482422,137.05999755859375,136.94000244140625,137.0,84937,0
2026-05-22 14:15:00-04:00,136.9971923828125,137.1300048828125,136.97000122070312,137.10499572753906,117137,0
2026-05-22 14:20:00-04:00,137.10499572753906,137.32989501953125,137.08009338378906,137.2899932861328,112457,0
2026-05-22 14:25:00-04:00,137.2899932861328,137.3300018310547,137.16000366210938,137.28500366210938,95807,0
2026-05-22 14:30:00-04:00,137.28500366210938,137.47999572753906,137.1800994873047,137.39999389648438,180498,0
2026-05-22 14:35:00-04:00,137.39990234375,137.77000427246094,137.27000427246094,137.67999267578125,259788,0
2026-05-22 14:40:00-04:00,137.69000244140625,137.6990966796875,137.4600067138672,137.53500366210938,204506,0
2026-05-22 14:45:00-04:00,137.5449981689453,137.59559631347656,137.3000030517578,137.33999633789062,177513,0
2026-05-22 14:50:00-04:00,137.34500122070312,137.5500030517578,137.1999969482422,137.4499969482422,190130,0
2026-05-22 14:55:00-04:00,137.4499969482422,137.47999572753906,137.16000366210938,137.25,149765,0
2026-05-22 15:00:00-04:00,137.24000549316406,137.53550720214844,137.1699981689453,137.24000549316406,208897,0
2026-05-22 15:05:00-04:00,137.22000122070312,137.4600067138672,137.21009826660156,137.3699951171875,129370,0
2026-05-22 15:10:00-04:00,137.3699951171875,137.41000366210938,137.00999450683594,137.08999633789062,193206,0
2026-05-22 15:15:00-04:00,137.08999633789062,137.1750030517578,137.0399932861328,137.07000732421875,126543,0
2026-05-22 15:20:00-04:00,137.0500030517578,137.1300048828125,136.91000366210938,137.0850067138672,128609,0
2026-05-22 15:25:00-04:00,137.10000610351562,137.1199951171875,136.7899932861328,136.85000610351562,159307,0
2026-05-22 15:30:00-04:00,136.83999633789062,137.10000610351562,136.72999572753906,137.0800018310547,220081,0
2026-05-22 15:35:00-04:00,137.0399932861328,137.14999389648438,136.8699951171875,136.91990661621094,196739,0
2026-05-22 15:40:00-04:00,136.9199981689453,137.11000061035156,136.8699951171875,137.05999755859375,216204,0
2026-05-22 15:45:00-04:00,137.0500030517578,137.07000732421875,136.8258056640625,136.89999389648438,202670,0
2026-05-22 15:50:00-04:00,136.8800048828125,136.9600067138672,136.73500061035156,136.89999389648438,382486,0
2026-05-22 15:55:00-04:00,136.88999938964844,136.97999572753906,136.7899932861328,136.8000030517578,861375,0
2026-05-26 09:30:00-04:00,136.1699981689453,137.38999938964844,134.5399932861328,135.07000732421875,2924529,0
2026-05-26 09:35:00-04:00,135.03500366210938,135.3065948486328,133.3000030517578,133.42999267578125,1353204,0
2026-05-26 09:40:00-04:00,133.44410705566406,134.2987060546875,133.30999755859375,134.0399932861328,1028127,0
2026-05-26 09:45:00-04:00,134.14999389648438,134.8699951171875,133.85000610351562,134.80999755859375,762670,0
2026-05-26 09:50:00-04:00,134.81500244140625,135.0500030517578,134.02000427246094,134.37010192871094,737732,0
2026-05-26 09:55:00-04:00,134.42999267578125,134.89999389648438,134.19000244140625,134.75,598586,0
2026-05-26 10:00:00-04:00,134.80999755859375,135.77999877929688,134.7825927734375,135.3699951171875,966923,0
2026-05-26 10:05:00-04:00,135.3699951171875,135.8000030517578,135.16000366210938,135.5399932861328,492189,0
2026-05-26 10:10:00-04:00,135.52999877929688,135.55499267578125,135.16000366210938,135.44509887695312,463222,0
2026-05-26 10:15:00-04:00,135.4600067138672,135.77000427246094,135.1219940185547,135.44000244140625,521625,0
2026-05-26 10:20:00-04:00,135.4250030517578,135.7799072265625,135.4250030517578,135.50999450683594,434675,0
2026-05-26 10:25:00-04:00,135.5050048828125,135.86000061035156,135.22999572753906,135.32000732421875,386362,0
2026-05-26 10:30:00-04:00,135.30499267578125,135.3699951171875,134.72999572753906,134.77000427246094,434337,0
2026-05-26 10:35:00-04:00,134.75999450683594,135.39999389648438,134.75999450683594,135.35000610351562,408530,0
2026-05-26 10:40:00-04:00,135.36000061035156,135.97000122070312,135.2301025390625,135.74000549316406,584497,0
2026-05-26 10:45:00-04:00,135.74000549316406,136.08999633789062,135.27999877929688,135.72999572753906,643495,0
2026-05-26 10:50:00-04:00,135.7550048828125,136.1199951171875,135.55999755859375,135.86000061035156,380719,0
2026-05-26 10:55:00-04:00,135.8699951171875,136.1300048828125,135.74000549316406,135.86000061035156,324723,0
2026-05-26 11:00:00-04:00,135.89999389648438,136.3800048828125,135.7899932861328,136.25,450860,0
2026-05-26 11:05:00-04:00,136.24000549316406,136.3000030517578,135.9199981689453,136.1750030517578,442372,0
2026-05-26 11:10:00-04:00,136.19000244140625,136.3300018310547,135.97999572753906,136.22500610351562,305189,0
2026-05-26 11:15:00-04:00,136.2292938232422,137.10000610351562,136.1199951171875,137.0399932861328,490501,0
2026-05-26 11:20:00-04:00,137.03500366210938,137.25,136.84010314941406,137.10499572753906,351036,0
2026-05-26 11:25:00-04:00,137.13999938964844,138.22999572753906,137.1199951171875,137.72999572753906,885154,0
2026-05-26 11:30:00-04:00,137.73989868164062,138.22000122070312,137.57000732421875,138.2100067138672,505771,0
2026-05-26 11:35:00-04:00,138.24000549316406,138.3800048828125,137.97999572753906,138.3350067138672,481660,0
2026-05-26 11:40:00-04:00,138.35000610351562,138.67999267578125,137.97000122070312,138.00990295410156,571079,0
2026-05-26 11:45:00-04:00,138.00999450683594,138.22999572753906,137.86000061035156,138.00999450683594,342412,0
2026-05-26 11:50:00-04:00,138.00999450683594,138.0399932861328,137.5500030517578,137.67999267578125,315585,0
2026-05-26 11:55:00-04:00,137.67999267578125,137.8000030517578,137.1199951171875,137.4499969482422,300396,0
2026-05-26 12:00:00-04:00,137.4499969482422,137.52999877929688,137.14999389648438,137.16009521484375,233638,0
2026-05-26 12:05:00-04:00,137.16000366210938,137.3800048828125,137.0749969482422,137.19000244140625,234671,0
2026-05-26 12:10:00-04:00,137.19000244140625,137.19000244140625,136.75,136.77000427246094,252782,0
2026-05-26 12:15:00-04:00,136.7760009765625,137.13999938964844,136.72000122070312,137.0800018310547,224674,0
2026-05-26 12:20:00-04:00,137.08990478515625,137.1300048828125,136.8939971923828,137.0,162006,0
2026-05-26 12:25:00-04:00,137.00999450683594,137.22000122070312,136.9600067138672,137.1300048828125,202751,0
2026-05-26 12:30:00-04:00,137.13499450683594,137.3000030517578,137.05999755859375,137.1999969482422,172869,0
2026-05-26 12:35:00-04:00,137.1999969482422,137.47169494628906,137.1300048828125,137.1300048828125,189989,0
2026-05-26 12:40:00-04:00,137.1300048828125,137.25,136.97000122070312,137.05409240722656,204390,0
2026-05-26 12:45:00-04:00,137.05999755859375,137.50999450683594,137.02999877929688,137.32009887695312,179567,0
2026-05-26 12:50:00-04:00,137.33999633789062,137.6649932861328,137.19500732421875,137.37010192871094,204742,0
2026-05-26 12:55:00-04:00,137.36000061035156,137.39999389648438,137.08999633789062,137.19500732421875,160704,0
2026-05-26 13:00:00-04:00,137.17999267578125,137.32000732421875,137.06100463867188,137.09500122070312,134260,0
2026-05-26 13:05:00-04:00,137.1300048828125,137.4499969482422,137.11000061035156,137.3249969482422,159295,0
2026-05-26 13:10:00-04:00,137.3350067138672,137.63999938964844,137.2899932861328,137.5050048828125,141837,0
2026-05-26 13:15:00-04:00,137.5,137.65499877929688,137.39999389648438,137.44500732421875,162020,0
2026-05-26 13:20:00-04:00,137.4600067138672,137.57000732421875,137.35000610351562,137.36500549316406,163264,0
2026-05-26 13:25:00-04:00,137.375,137.47000122070312,137.24000549316406,137.36000061035156,165054,0
2026-05-26 13:30:00-04:00,137.36000061035156,137.71499633789062,137.3249969482422,137.5386962890625,150372,0
2026-05-26 13:35:00-04:00,137.52999877929688,137.67990112304688,137.3300018310547,137.3800048828125,139282,0
2026-05-26 13:40:00-04:00,137.39999389648438,137.57989501953125,137.39999389648438,137.4149932861328,135266,0
2026-05-26 13:45:00-04:00,137.42999267578125,137.44000244140625,137.1300048828125,137.1300048828125,162414,0
2026-05-26 13:50:00-04:00,137.1199951171875,137.39999389648438,137.09249877929688,137.09249877929688,118705,0
2026-05-26 13:55:00-04:00,137.0800018310547,137.27000427246094,137.02000427246094,137.0500030517578,112865,0
2026-05-26 14:00:00-04:00,137.08999633789062,137.08999633789062,136.9199981689453,137.02059936523438,148888,0
2026-05-26 14:05:00-04:00,137.0399932861328,137.22000122070312,136.92779541015625,137.0301055908203,141307,0
2026-05-26 14:10:00-04:00,137.05499267578125,137.22999572753906,136.99000549316406,137.02999877929688,144739,0
2026-05-26 14:15:00-04:00,137.0500030517578,137.25,137.0050048828125,137.22500610351562,105915,0
2026-05-26 14:20:00-04:00,137.22509765625,137.39999389648438,137.2082977294922,137.27999877929688,179648,0
2026-05-26 14:25:00-04:00,137.2899932861328,137.47999572753906,137.19000244140625,137.22500610351562,138626,0
2026-05-26 14:30:00-04:00,137.22999572753906,137.36000061035156,137.19000244140625,137.27999877929688,140918,0
2026-05-26 14:35:00-04:00,137.28500366210938,137.33999633789062,137.09010314941406,137.09010314941406,139385,0
2026-05-26 14:40:00-04:00,137.11500549316406,137.14100646972656,136.83999633789062,136.83999633789062,156612,0
2026-05-26 14:45:00-04:00,136.85000610351562,136.99000549316406,136.7100067138672,136.83009338378906,175539,0
2026-05-26 14:50:00-04:00,136.8354034423828,136.83999633789062,136.55999755859375,136.55999755859375,163662,0
2026-05-26 14:55:00-04:00,136.58999633789062,136.72999572753906,136.47000122070312,136.57000732421875,191296,0
2026-05-26 15:00:00-04:00,136.5800018310547,136.8444061279297,136.4600067138672,136.75,198319,0
2026-05-26 15:05:00-04:00,136.75999450683594,136.8000030517578,136.64999389648438,136.7100067138672,177254,0
2026-05-26 15:10:00-04:00,136.6999969482422,136.8000030517578,136.66000366210938,136.69000244140625,158348,0
2026-05-26 15:15:00-04:00,136.7050018310547,136.83999633789062,136.57000732421875,136.5749969482422,202920,0
2026-05-26 15:20:00-04:00,136.5749969482422,136.80999755859375,136.5500030517578,136.58999633789062,244957,0
2026-05-26 15:25:00-04:00,136.58999633789062,136.72000122070312,136.3699951171875,136.48500061035156,210255,0
2026-05-26 15:30:00-04:00,136.5,136.55499267578125,136.25,136.28500366210938,201429,0
2026-05-26 15:35:00-04:00,136.28500366210938,136.41990661621094,136.22999572753906,136.318603515625,191646,0
2026-05-26 15:40:00-04:00,136.3300018310547,136.4199981689453,136.13999938964844,136.1999969482422,211001,0
2026-05-26 15:45:00-04:00,136.1999969482422,136.33990478515625,136.16000366210938,136.19000244140625,262646,0
2026-05-26 15:50:00-04:00,136.2100067138672,136.5,136.16000366210938,136.49000549316406,568473,0
2026-05-26 15:55:00-04:00,136.5,136.6300048828125,136.27000427246094,136.61500549316406,1007646,0
2026-05-27 09:30:00-04:00,133.2899932861328,133.52000427246094,131.6300048828125,132.43209838867188,4737681,0
2026-05-27 09:35:00-04:00,132.38999938964844,133.44000244140625,132.3699951171875,132.47500610351562,1468967,0
2026-05-27 09:40:00-04:00,132.4499969482422,133.0399932861328,132.02999877929688,133.00999450683594,1003703,0
2026-05-27 09:45:00-04:00,133.02499389648438,133.47999572753906,132.4199981689453,132.5050048828125,817841,0
2026-05-27 09:50:00-04:00,132.5399932861328,132.6699981689453,131.72000122070312,132.25,1022876,0
2026-05-27 09:55:00-04:00,132.2449951171875,132.9199981689453,132.2449951171875,132.72500610351562,573363,0
2026-05-27 10:00:00-04:00,132.74000549316406,133.91000366210938,132.74000549316406,133.74000549316406,777097,0
2026-05-27 10:05:00-04:00,133.72000122070312,133.90989685058594,133.39999389648438,133.79989624023438,512756,0
2026-05-27 10:10:00-04:00,133.77999877929688,134.58999633789062,133.60260009765625,134.47000122070312,661149,0
2026-05-27 10:15:00-04:00,134.44000244140625,135.22000122070312,134.24000549316406,135.0399932861328,689397,0
2026-05-27 10:20:00-04:00,135.0500030517578,135.66000366210938,134.9499969482422,135.2550048828125,541221,0
2026-05-27 10:25:00-04:00,135.2550048828125,135.5399932861328,135.02000427246094,135.1699981689453,638090,0
2026-05-27 10:30:00-04:00,135.1699981689453,135.69000244140625,135.02999877929688,135.34010314941406,515138,0
2026-05-27 10:35:00-04:00,135.3699951171875,135.72999572753906,135.10000610351562,135.58990478515625,326920,0
2026-05-27 10:40:00-04:00,135.50999450683594,135.55999755859375,135.22000122070312,135.25999450683594,249559,0
2026-05-27 10:45:00-04:00,135.25,135.49000549316406,134.8800048828125,134.94500732421875,296933,0
2026-05-27 10:50:00-04:00,134.9199981689453,135.00999450683594,134.27670288085938,134.30999755859375,370098,0
2026-05-27 10:55:00-04:00,134.31500244140625,134.38999938964844,134.07000732421875,134.2050018310547,325848,0
2026-05-27 11:00:00-04:00,134.1750030517578,134.24000549316406,133.78500366210938,133.90499877929688,426009,0
2026-05-27 11:05:00-04:00,133.9008026123047,134.0,133.38999938964844,133.8679962158203,368791,0
2026-05-27 11:10:00-04:00,133.85000610351562,133.89999389648438,133.58009338378906,133.64500427246094,290581,0
2026-05-27 11:15:00-04:00,133.66000366210938,133.75999450683594,133.35000610351562,133.40499877929688,259045,0
2026-05-27 11:20:00-04:00,133.40499877929688,133.93780517578125,133.39999389648438,133.89999389648438,259420,0
2026-05-27 11:25:00-04:00,133.9149932861328,134.02000427246094,133.69000244140625,133.8000030517578,238967,0
2026-05-27 11:30:00-04:00,133.81500244140625,134.08999633789062,133.74639892578125,133.9199981689453,199969,0
2026-05-27 11:35:00-04:00,133.9199981689453,133.9499969482422,133.66000366210938,133.6707000732422,184893,0
2026-05-27 11:40:00-04:00,133.6699981689453,133.72000122070312,133.36000061035156,133.44000244140625,213453,0
2026-05-27 11:45:00-04:00,133.4199981689453,133.639892578125,133.22999572753906,133.35000610351562,216085,0
2026-05-27 11:50:00-04:00,133.3800048828125,133.5283966064453,133.16000366210938,133.38499450683594,268262,0
2026-05-27 11:55:00-04:00,133.35699462890625,133.5240020751953,133.14999389648438,133.2100067138672,207042,0
2026-05-27 12:00:00-04:00,133.22000122070312,133.5,133.14999389648438,133.32000732421875,175515,0
2026-05-27 12:05:00-04:00,133.3000030517578,133.67999267578125,133.3000030517578,133.55999755859375,187430,0
2026-05-27 12:10:00-04:00,133.57989501953125,133.5800018310547,133.39999389648438,133.4499969482422,189725,0
2026-05-27 12:15:00-04:00,133.47000122070312,133.47000122070312,133.1999969482422,133.38499450683594,163166,0
2026-05-27 12:20:00-04:00,133.34010314941406,133.7259979248047,133.22000122070312,133.66000366210938,236180,0
2026-05-27 12:25:00-04:00,133.6300048828125,133.72000122070312,133.44000244140625,133.6699981689453,135906,0
2026-05-27 12:30:00-04:00,133.6750030517578,133.78500366210938,133.58999633789062,133.63999938964844,170612,0
2026-05-27 12:35:00-04:00,133.64999389648438,133.99989318847656,133.64999389648438,133.94500732421875,165893,0
2026-05-27 12:40:00-04:00,133.9550018310547,134.00999450683594,133.72000122070312,133.85000610351562,232501,0
2026-05-27 12:45:00-04:00,133.85000610351562,134.0,133.67999267578125,133.86000061035156,175594,0
2026-05-27 12:50:00-04:00,133.85000610351562,133.94000244140625,133.625,133.83999633789062,116916,0
2026-05-27 12:55:00-04:00,133.8300018310547,134.00999450683594,133.8000030517578,133.8699951171875,167007,0
2026-05-27 13:00:00-04:00,133.8800048828125,133.88999938964844,133.5500030517578,133.6374969482422,176178,0
2026-05-27 13:05:00-04:00,133.6199951171875,133.66909790039062,133.1199951171875,133.1199951171875,243982,0
2026-05-27 13:10:00-04:00,133.13999938964844,133.2899932861328,133.10000610351562,133.11000061035156,215276,0
2026-05-27 13:15:00-04:00,133.11990356445312,133.139892578125,132.97000122070312,133.05050659179688,311655,0
2026-05-27 13:20:00-04:00,133.05999755859375,133.11000061035156,132.9600067138672,133.02999877929688,150059,0
2026-05-27 13:25:00-04:00,133.0399932861328,133.1999053955078,133.00999450683594,133.10009765625,214826,0
2026-05-27 13:30:00-04:00,133.13839721679688,133.39999389648438,133.0800018310547,133.35000610351562,222761,0
2026-05-27 13:35:00-04:00,133.35499572753906,133.4600067138672,133.27999877929688,133.39500427246094,160202,0
2026-05-27 13:40:00-04:00,133.33999633789062,133.3699951171875,133.0800018310547,133.1199951171875,159273,0
2026-05-27 13:45:00-04:00,133.10000610351562,133.24000549316406,132.8699951171875,132.90499877929688,185442,0
2026-05-27 13:50:00-04:00,132.90499877929688,133.0,132.86000061035156,132.92999267578125,151085,0
2026-05-27 13:55:00-04:00,132.96279907226562,132.96519470214844,132.77999877929688,132.85499572753906,146739,0
2026-05-27 14:00:00-04:00,132.85000610351562,132.88999938964844,132.67999267578125,132.72999572753906,180737,0
2026-05-27 14:05:00-04:00,132.72000122070312,133.00999450683594,132.6699981689453,132.8800048828125,200396,0
2026-05-27 14:10:00-04:00,132.89500427246094,132.97000122070312,132.77000427246094,132.89999389648438,133238,0
2026-05-27 14:15:00-04:00,132.90499877929688,133.23500061035156,132.86000061035156,133.22000122070312,205004,0
2026-05-27 14:20:00-04:00,133.2050018310547,133.47900390625,133.1999969482422,133.44000244140625,248779,0
2026-05-27 14:25:00-04:00,133.4499969482422,133.4499969482422,133.13999938964844,133.14999389648438,143100,0
2026-05-27 14:30:00-04:00,133.14999389648438,133.19000244140625,133.00999450683594,133.16549682617188,196052,0
2026-05-27 14:35:00-04:00,133.139892578125,133.17999267578125,132.88999938964844,132.89999389648438,229150,0
2026-05-27 14:40:00-04:00,132.9199981689453,133.0399932861328,132.82000732421875,132.97999572753906,220751,0
2026-05-27 14:45:00-04:00,132.99000549316406,133.32000732421875,132.96009826660156,133.09500122070312,179240,0
2026-05-27 14:50:00-04:00,133.08999633789062,133.2550048828125,133.08999633789062,133.1199951171875,199496,0
2026-05-27 14:55:00-04:00,133.125,133.16000366210938,132.99000549316406,133.05999755859375,171397,0
2026-05-27 15:00:00-04:00,133.0749969482422,133.13999938964844,132.9499969482422,132.9600067138672,152572,0
2026-05-27 15:05:00-04:00,132.97999572753906,133.00999450683594,132.8300018310547,132.97000122070312,237240,0
2026-05-27 15:10:00-04:00,132.97000122070312,133.0,132.8699951171875,132.9801025390625,228943,0
2026-05-27 15:15:00-04:00,132.99000549316406,133.19000244140625,132.96780395507812,132.97500610351562,197973,0
2026-05-27 15:20:00-04:00,133.0,133.07000732421875,132.86000061035156,132.9600067138672,162559,0
2026-05-27 15:25:00-04:00,132.9600067138672,133.16000366210938,132.9199981689453,133.14999389648438,197914,0
2026-05-27 15:30:00-04:00,133.13999938964844,133.13999938964844,132.9499969482422,132.9949951171875,202221,0
2026-05-27 15:35:00-04:00,132.97000122070312,133.3699951171875,132.97000122070312,133.2899932861328,276824,0
2026-05-27 15:40:00-04:00,133.27999877929688,133.27999877929688,132.95010375976562,133.02999877929688,254455,0
2026-05-27 15:45:00-04:00,133.00999450683594,133.02499389648438,132.84750366210938,132.84750366210938,253971,0
2026-05-27 15:50:00-04:00,132.8300018310547,132.88999938964844,132.57000732421875,132.77000427246094,666249,0
2026-05-27 15:55:00-04:00,132.77000427246094,132.81500244140625,132.4600067138672,132.52000427246094,1193309,0
2026-05-28 09:30:00-04:00,133.16000366210938,135.81500244140625,133.02000427246094,134.9550018310547,3326091,0
2026-05-28 09:35:00-04:00,134.91990661621094,135.3699951171875,134.30999755859375,135.3582000732422,831157,0
2026-05-28 09:40:00-04:00,135.3531951904297,135.64999389648438,134.69000244140625,135.5,770777,0
2026-05-28 09:45:00-04:00,135.49000549316406,136.33999633789062,135.47999572753906,136.0399932861328,1011352,0
2026-05-28 09:50:00-04:00,136.0500030517578,136.69000244140625,135.42999267578125,136.61000061035156,935807,0
2026-05-28 09:55:00-04:00,136.69000244140625,138.0299072265625,136.54249572753906,138.01499938964844,1450421,0
2026-05-28 10:00:00-04:00,138.0,139.39999389648438,138.0,139.39999389648438,2097772,0
2026-05-28 10:05:00-04:00,139.3699951171875,139.55999755859375,137.9199981689453,137.93499755859375,1418979,0
2026-05-28 10:10:00-04:00,137.93499755859375,138.25,137.1486053466797,138.125,1285785,0
2026-05-28 10:15:00-04:00,138.14999389648438,138.36000061035156,137.74000549316406,137.97900390625,709048,0
2026-05-28 10:20:00-04:00,137.9499969482422,138.35000610351562,137.65750122070312,138.35000610351562,592738,0
2026-05-28 10:25:00-04:00,138.33140563964844,138.6999969482422,138.14089965820312,138.3000030517578,499569,0
2026-05-28 10:30:00-04:00,138.27999877929688,138.27999877929688,137.25,137.375,509568,0
2026-05-28 10:35:00-04:00,137.3800048828125,137.52000427246094,136.77000427246094,136.8300018310547,425453,0
2026-05-28 10:40:00-04:00,136.8249969482422,137.5,136.72999572753906,137.5,414455,0
2026-05-28 10:45:00-04:00,137.49000549316406,137.72000122070312,137.25,137.63499450683594,429983,0
2026-05-28 10:50:00-04:00,137.63999938964844,138.07000732421875,137.57000732421875,137.9698944091797,373496,0
2026-05-28 10:55:00-04:00,137.92999267578125,138.17990112304688,137.8000030517578,138.16000366210938,313089,0
2026-05-28 11:00:00-04:00,138.16000366210938,138.33999633789062,137.7449951171875,137.8350067138672,497162,0
2026-05-28 11:05:00-04:00,137.85000610351562,137.97860717773438,137.59010314941406,137.72999572753906,380563,0
2026-05-28 11:10:00-04:00,137.72000122070312,138.03500366210938,137.6699981689453,137.92630004882812,277073,0
2026-05-28 11:15:00-04:00,137.9250030517578,137.98699951171875,137.61000061035156,137.8699951171875,244447,0
2026-05-28 11:20:00-04:00,137.86500549316406,138.52999877929688,137.8300018310547,138.47000122070312,365161,0
2026-05-28 11:25:00-04:00,138.47000122070312,139.11000061035156,138.44000244140625,138.96800231933594,625844,0
2026-05-28 11:30:00-04:00,138.97999572753906,139.2469940185547,138.83279418945312,139.14500427246094,422480,0
2026-05-28 11:35:00-04:00,139.16000366210938,139.39999389648438,139.05999755859375,139.36500549316406,506859,0
2026-05-28 11:40:00-04:00,139.3699951171875,139.94000244140625,139.2899932861328,139.72900390625,833384,0
2026-05-28 11:45:00-04:00,139.72000122070312,140.27999877929688,139.70010375976562,140.02499389648438,1080677,0
2026-05-28 11:50:00-04:00,140.02499389648438,140.1199951171875,139.66000366210938,139.82000732421875,438686,0
2026-05-28 11:55:00-04:00,139.80999755859375,139.9199981689453,139.66000366210938,139.8300018310547,360755,0
2026-05-28 12:00:00-04:00,139.82000732421875,140.41000366210938,139.74000549316406,140.33999633789062,513306,0
2026-05-28 12:05:00-04:00,140.33999633789062,140.5399932861328,140.06500244140625,140.12989807128906,416871,0
2026-05-28 12:10:00-04:00,140.11000061035156,140.11000061035156,139.3800048828125,139.47000122070312,367856,0
2026-05-28 12:15:00-04:00,139.4600067138672,140.27999877929688,139.4499969482422,140.10000610351562,352216,0
2026-05-28 12:20:00-04:00,140.09010314941406,140.27999877929688,140.00999450683594,140.17999267578125,303241,0
2026-05-28 12:25:00-04:00,140.1750030517578,140.42999267578125,140.09019470214844,140.1300048828125,317206,0
2026-05-28 12:30:00-04:00,140.1300048828125,140.14999389648438,139.88499450683594,139.91009521484375,261416,0
2026-05-28 12:35:00-04:00,139.9149932861328,140.0491943359375,139.5800018310547,139.61000061035156,340130,0
2026-05-28 12:40:00-04:00,139.61000061035156,139.66000366210938,139.3800048828125,139.5800018310547,285460,0
2026-05-28 12:45:00-04:00,139.5850067138672,139.77789306640625,139.4600067138672,139.47000122070312,277618,0
2026-05-28 12:50:00-04:00,139.47000122070312,139.6199951171875,139.32000732421875,139.431396484375,460414,0
2026-05-28 12:55:00-04:00,139.42999267578125,139.5800018310547,139.3000030517578,139.41000366210938,228935,0
2026-05-28 13:00:00-04:00,139.4199981689453,139.6300048828125,139.3800048828125,139.52999877929688,188466,0
2026-05-28 13:05:00-04:00,139.539794921875,139.7198944091797,139.44009399414062,139.61000061035156,268219,0
2026-05-28 13:10:00-04:00,139.61000061035156,139.90499877929688,139.50010681152344,139.83999633789062,212166,0
2026-05-28 13:15:00-04:00,139.8321075439453,140.32000732421875,139.80999755859375,140.27000427246094,410559,0
2026-05-28 13:20:00-04:00,140.2613067626953,140.72000122070312,140.14999389648438,140.52499389648438,510856,0
2026-05-28 13:25:00-04:00,140.5399932861328,140.86000061035156,140.52999877929688,140.84500122070312,352901,0
2026-05-28 13:30:00-04:00,140.85000610351562,141.5800018310547,140.75999450683594,141.42999267578125,791856,0
2026-05-28 13:35:00-04:00,141.4250030517578,141.83999633789062,141.33200073242188,141.69000244140625,653943,0
2026-05-28 13:40:00-04:00,141.6999969482422,141.88999938964844,141.4199981689453,141.42999267578125,510024,0
2026-05-28 13:45:00-04:00,141.41000366210938,141.94000244140625,141.3699951171875,141.8000030517578,479279,0
2026-05-28 13:50:00-04:00,141.80999755859375,142.3000030517578,141.67999267578125,142.27000427246094,735569,0
2026-05-28 13:55:00-04:00,142.27499389648438,142.4499969482422,141.9499969482422,142.0399932861328,483930,0
2026-05-28 14:00:00-04:00,142.0399932861328,142.24000549316406,141.83999633789062,142.14999389648438,411507,0
2026-05-28 14:05:00-04:00,142.1750030517578,142.4700927734375,141.9199981689453,142.21429443359375,482995,0
2026-05-28 14:10:00-04:00,142.24000549316406,142.44000244140625,141.88999938964844,141.9949951171875,434208,0
2026-05-28 14:15:00-04:00,142.0,142.0399932861328,141.61000061035156,141.69000244140625,362164,0
2026-05-28 14:20:00-04:00,141.69000244140625,141.86500549316406,141.5500030517578,141.6750030517578,320918,0
2026-05-28 14:25:00-04:00,141.6750030517578,141.6999969482422,141.13999938964844,141.39500427246094,395943,0
2026-05-28 14:30:00-04:00,141.39999389648438,141.75,141.2301025390625,141.69500732421875,273750,0
2026-05-28 14:35:00-04:00,141.69500732421875,141.8800048828125,141.6199951171875,141.83999633789062,302572,0
2026-05-28 14:40:00-04:00,141.8498992919922,142.07989501953125,141.73500061035156,142.06500244140625,331749,0
2026-05-28 14:45:00-04:00,142.07000732421875,142.6199951171875,142.07000732421875,142.16000366210938,572701,0
2026-05-28 14:50:00-04:00,142.16000366210938,142.35000610351562,142.10000610351562,142.2100067138672,291732,0
2026-05-28 14:55:00-04:00,142.1999969482422,142.33990478515625,141.9600067138672,142.1699981689453,314157,0
2026-05-28 15:00:00-04:00,142.19000244140625,142.41000366210938,142.13499450683594,142.24009704589844,312244,0
2026-05-28 15:05:00-04:00,142.25,142.39999389648438,142.16000366210938,142.2689971923828,296913,0
2026-05-28 15:10:00-04:00,142.25050354003906,142.6999969482422,142.25050354003906,142.67999267578125,414230,0
2026-05-28 15:15:00-04:00,142.6699981689453,142.97000122070312,142.6300048828125,142.97000122070312,507821,0
2026-05-28 15:20:00-04:00,142.96499633789062,143.10000610351562,142.74000549316406,142.7949981689453,531293,0
2026-05-28 15:25:00-04:00,142.7899932861328,142.97999572753906,142.55999755859375,142.9199981689453,385647,0
2026-05-28 15:30:00-04:00,142.9199981689453,142.94000244140625,142.6300048828125,142.63999938964844,327667,0
2026-05-28 15:35:00-04:00,142.64990234375,142.92999267578125,142.52999877929688,142.6199951171875,561453,0
2026-05-28 15:40:00-04:00,142.61000061035156,142.67999267578125,142.32000732421875,142.4149932861328,414383,0
2026-05-28 15:45:00-04:00,142.4149932861328,142.9199981689453,142.41250610351562,142.74000549316406,658447,0
2026-05-28 15:50:00-04:00,142.72999572753906,142.72999572753906,141.6999969482422,142.49000549316406,1197471,0
2026-05-28 15:55:00-04:00,142.5,143.39999389648438,142.4499969482422,143.3300018310547,2326952,0
2026-05-29 09:30:00-04:00,147.8350067138672,149.60000610351562,145.7899932861328,148.80499267578125,7094474,0
2026-05-29 09:35:00-04:00,148.80499267578125,151.08990478515625,148.4499969482422,150.97000122070312,3470202,0
2026-05-29 09:40:00-04:00,150.96270751953125,152.92999267578125,150.22999572753906,152.5800018310547,2904699,0
2026-05-29 09:45:00-04:00,152.56399536132812,153.11000061035156,151.6199951171875,151.64999389648438,2611684,0
2026-05-29 09:50:00-04:00,151.65499877929688,152.77999877929688,151.25,152.6999053955078,1577780,0
2026-05-29 09:55:00-04:00,152.6999969482422,153.80999755859375,152.30999755859375,153.4801025390625,1942278,0
2026-05-29 10:00:00-04:00,153.5050048828125,155.8800048828125,153.5050048828125,155.82000732421875,2803448,0
2026-05-29 10:05:00-04:00,155.81500244140625,155.8699951171875,154.39999389648438,154.83999633789062,2105689,0
2026-05-29 10:10:00-04:00,154.8000030517578,155.13999938964844,154.10000610351562,155.0050048828125,1245936,0
2026-05-29 10:15:00-04:00,155.03500366210938,155.08990478515625,153.66009521484375,154.13999938964844,1298021,0
2026-05-29 10:20:00-04:00,154.13999938964844,155.18899536132812,153.92999267578125,154.8800048828125,1187795,0
2026-05-29 10:25:00-04:00,154.875,155.44500732421875,153.63999938964844,155.44000244140625,1310633,0
2026-05-29 10:30:00-04:00,155.4499969482422,157.3448944091797,155.4384002685547,157.3300018310547,2249670,0
2026-05-29 10:35:00-04:00,157.3300018310547,157.72500610351562,156.83999633789062,157.32510375976562,1906719,0
2026-05-29 10:40:00-04:00,157.3300018310547,157.38999938964844,155.60000610351562,155.60000610351562,1705499,0
2026-05-29 10:45:00-04:00,155.64999389648438,155.79989624023438,154.91000366210938,155.1199951171875,1365233,0
2026-05-29 10:50:00-04:00,155.14500427246094,155.90499877929688,154.75,155.66000366210938,1048079,0
2026-05-29 10:55:00-04:00,155.6300048828125,156.35000610351562,155.36000061035156,156.17999267578125,918329,0
2026-05-29 11:00:00-04:00,156.1999969482422,157.47999572753906,155.860107421875,157.4355010986328,959536,0
2026-05-29 11:05:00-04:00,157.45989990234375,157.77940368652344,157.02999877929688,157.22000122070312,980094,0
2026-05-29 11:10:00-04:00,157.2100067138672,157.2899932861328,155.94000244140625,156.09190368652344,1086803,0
2026-05-29 11:15:00-04:00,156.08999633789062,156.39999389648438,155.89999389648438,156.17999267578125,708465,0
2026-05-29 11:20:00-04:00,156.2100067138672,156.64999389648438,155.77000427246094,156.5399932861328,661772,0
2026-05-29 11:25:00-04:00,156.5449981689453,157.17269897460938,156.3000030517578,157.0800018310547,658086,0
2026-05-29 11:30:00-04:00,157.0749969482422,157.3000030517578,156.4499969482422,156.8350067138672,692229,0
2026-05-29 11:35:00-04:00,156.8249969482422,157.24000549316406,156.58999633789062,157.22999572753906,510702,0
2026-05-29 11:40:00-04:00,157.2100067138672,157.4199981689453,156.45069885253906,156.5749969482422,650216,0
2026-05-29 11:45:00-04:00,156.5749969482422,156.9600067138672,156.4600067138672,156.6999969482422,494420,0
2026-05-29 11:50:00-04:00,156.6999969482422,157.0,156.67999267578125,156.985107421875,535858,0
2026-05-29 11:55:00-04:00,157.0,157.06080627441406,156.63009643554688,156.76499938964844,360566,0
2026-05-29 12:00:00-04:00,156.83999633789062,156.85499572753906,156.0,156.32000732421875,504783,0
2026-05-29 12:05:00-04:00,156.3300018310547,156.75999450683594,156.3000030517578,156.4949951171875,389690,0
2026-05-29 12:10:00-04:00,156.49000549316406,156.52999877929688,156.02999877929688,156.0402069091797,367835,0
2026-05-29 12:15:00-04:00,156.04510498046875,156.08999633789062,155.50999450683594,155.57000732421875,602333,0
2026-05-29 12:20:00-04:00,155.5749969482422,155.78919982910156,155.08999633789062,155.289794921875,618523,0
2026-05-29 12:25:00-04:00,155.3350067138672,155.88999938964844,155.24000549316406,155.85000610351562,454686,0
2026-05-29 12:30:00-04:00,155.83999633789062,156.4499053955078,155.6999969482422,156.36000061035156,539567,0
2026-05-29 12:35:00-04:00,156.35589599609375,156.52000427246094,156.0800018310547,156.44000244140625,507713,0
2026-05-29 12:40:00-04:00,156.4499969482422,156.54930114746094,156.13999938964844,156.36000061035156,327127,0
2026-05-29 12:45:00-04:00,156.36000061035156,156.39999389648438,155.77000427246094,155.8699951171875,409717,0
2026-05-29 12:50:00-04:00,155.8699951171875,156.07000732421875,155.67999267578125,155.71209716796875,369529,0
2026-05-29 12:55:00-04:00,155.72000122070312,156.0218963623047,155.2010040283203,155.4499969482422,486931,0
2026-05-29 13:00:00-04:00,155.4199981689453,155.72000122070312,155.3000030517578,155.66510009765625,284970,0
2026-05-29 13:05:00-04:00,155.6649932861328,155.68499755859375,155.3699951171875,155.5157012939453,278543,0
2026-05-29 13:10:00-04:00,155.5050048828125,155.7183074951172,155.34500122070312,155.5843963623047,256577,0
2026-05-29 13:15:00-04:00,155.61000061035156,156.19000244140625,155.5800018310547,156.00999450683594,401537,0
2026-05-29 13:20:00-04:00,155.99000549316406,156.3800048828125,155.8300018310547,156.35009765625,371667,0
2026-05-29 13:25:00-04:00,156.3699951171875,156.48989868164062,155.9001007080078,156.13999938964844,407155,0
2026-05-29 13:30:00-04:00,156.16990661621094,156.43499755859375,156.11000061035156,156.3007049560547,225851,0
2026-05-29 13:35:00-04:00,156.30999755859375,156.4499969482422,156.1414031982422,156.4499969482422,283718,0
2026-05-29 13:40:00-04:00,156.4600067138672,156.5,156.22999572753906,156.3000030517578,224022,0
2026-05-29 13:45:00-04:00,156.31500244140625,156.41000366210938,156.05999755859375,156.2449951171875,274763,0
2026-05-29 13:50:00-04:00,156.2449951171875,156.4199981689453,155.9600067138672,156.0449981689453,308741,0
2026-05-29 13:55:00-04:00,156.0500030517578,156.05999755859375,155.64999389648438,155.82000732421875,311346,0
2026-05-29 14:00:00-04:00,155.7958984375,155.85989379882812,155.41000366210938,155.71499633789062,358445,0
2026-05-29 14:05:00-04:00,155.72000122070312,156.25,155.72000122070312,156.00999450683594,1059345,0
2026-05-29 14:10:00-04:00,156.00999450683594,156.05990600585938,155.8699951171875,155.92999267578125,228863,0
2026-05-29 14:15:00-04:00,155.94000244140625,156.19000244140625,155.88999938964844,156.1699981689453,324120,0
2026-05-29 14:20:00-04:00,156.1699981689453,156.32000732421875,156.0,156.02999877929688,390647,0
2026-05-29 14:25:00-04:00,156.03500366210938,156.07000732421875,155.73500061035156,156.05999755859375,368154,0
2026-05-29 14:30:00-04:00,156.0800018310547,156.4199981689453,156.07000732421875,156.16000366210938,481233,0
2026-05-29 14:35:00-04:00,156.16000366210938,156.39999389648438,155.94000244140625,156.39999389648438,297751,0
2026-05-29 14:40:00-04:00,156.39999389648438,156.44000244140625,155.86000061035156,155.88580322265625,383055,0
2026-05-29 14:45:00-04:00,155.88499450683594,155.88999938964844,155.375,155.47999572753906,414681,0
2026-05-29 14:50:00-04:00,155.47999572753906,155.5800018310547,155.07020568847656,155.5601043701172,541855,0
2026-05-29 14:55:00-04:00,155.57000732421875,155.74200439453125,155.33999633789062,155.69000244140625,324590,0
2026-05-29 15:00:00-04:00,155.6699981689453,155.73989868164062,155.1300048828125,155.52499389648438,438492,0
2026-05-29 15:05:00-04:00,155.52999877929688,155.6199951171875,155.2100067138672,155.52999877929688,353037,0
2026-05-29 15:10:00-04:00,155.52000427246094,156.0399932861328,155.52000427246094,156.02999877929688,372832,0
2026-05-29 15:15:00-04:00,156.03500366210938,156.50999450683594,156.0,156.5,567102,0
2026-05-29 15:20:00-04:00,156.5,156.8800048828125,156.49000549316406,156.7899932861328,722689,0
2026-05-29 15:25:00-04:00,156.8000030517578,157.0399932861328,156.72000122070312,156.89999389648438,1042296,0
2026-05-29 15:30:00-04:00,156.89999389648438,157.13999938964844,156.4600067138672,156.73500061035156,798372,0
2026-05-29 15:35:00-04:00,156.72000122070312,156.78500366210938,156.27000427246094,156.33999633789062,532172,0
2026-05-29 15:40:00-04:00,156.35000610351562,156.74000549316406,156.33999633789062,156.66000366210938,417713,0
2026-05-29 15:45:00-04:00,156.61000061035156,156.69000244140625,156.3699951171875,156.65499877929688,513111,0
2026-05-29 15:50:00-04:00,156.6699981689453,156.6999969482422,154.80999755859375,155.60000610351562,2491210,0
2026-05-29 15:55:00-04:00,155.60000610351562,156.66000366210938,155.5,156.58999633789062,2289540,0
2026-06-01 09:30:00-04:00,159.97999572753906,160.47999572753906,157.0,157.83749389648438,8251750,0
2026-06-01 09:35:00-04:00,157.7100067138672,160.10000610351562,157.2899932861328,159.99839782714844,1982500,0
2026-06-01 09:40:00-04:00,160.0050048828125,161.3000030517578,159.69000244140625,161.13999938964844,2001178,0
2026-06-01 09:45:00-04:00,161.13999938964844,162.10000610351562,160.6999969482422,161.39999389648438,2039541,0
2026-06-01 09:50:00-04:00,161.38650512695312,161.69830322265625,160.3000030517578,160.87010192871094,1106417,0
2026-06-01 09:55:00-04:00,160.89500427246094,161.11000061035156,159.16009521484375,159.42999267578125,1120377,0
2026-06-01 10:00:00-04:00,159.3800048828125,159.80999755859375,158.25999450683594,158.32510375976562,1019208,0
2026-06-01 10:05:00-04:00,158.3000030517578,159.47000122070312,158.1699981689453,159.4199981689453,1024281,0
2026-06-01 10:10:00-04:00,159.38999938964844,159.64999389648438,158.5500030517578,158.63400268554688,729792,0
2026-06-01 10:15:00-04:00,158.5800018310547,159.7899932861328,158.5800018310547,158.67999267578125,653650,0
2026-06-01 10:20:00-04:00,158.63999938964844,158.82000732421875,157.32000732421875,157.54220581054688,1023687,0
2026-06-01 10:25:00-04:00,157.5,157.5399932861328,156.08999633789062,156.25999450683594,1449391,0
2026-06-01 10:30:00-04:00,156.2100067138672,156.57679748535156,155.8800048828125,156.47000122070312,1053520,0
2026-06-01 10:35:00-04:00,156.47999572753906,157.1898956298828,156.43499755859375,156.8800048828125,874839,0
2026-06-01 10:40:00-04:00,156.91000366210938,157.61000061035156,156.55999755859375,157.55999755859375,634856,0
2026-06-01 10:45:00-04:00,157.5850067138672,158.60000610351562,157.52999877929688,158.25999450683594,784084,0
2026-06-01 10:50:00-04:00,158.29989624023438,158.61000061035156,157.6199951171875,157.75,587136,0
2026-06-01 10:55:00-04:00,157.77310180664062,158.69000244140625,157.74000549316406,158.47999572753906,497003,0
2026-06-01 11:00:00-04:00,158.4720001220703,159.4199981689453,158.34010314941406,159.22000122070312,510601,0
2026-06-01 11:05:00-04:00,159.22000122070312,159.5500030517578,158.9499969482422,159.25999450683594,608063,0
2026-06-01 11:10:00-04:00,159.25,159.61000061035156,159.11720275878906,159.52999877929688,462974,0
2026-06-01 11:15:00-04:00,159.50999450683594,159.69000244140625,159.0800018310547,159.1199951171875,481888,0
2026-06-01 11:20:00-04:00,159.10499572753906,159.27999877929688,158.7949981689453,159.05499267578125,349926,0
2026-06-01 11:25:00-04:00,159.0500030517578,159.72000122070312,158.81500244140625,159.60499572753906,471948,0
2026-06-01 11:30:00-04:00,159.60499572753906,160.7100067138672,159.5449981689453,160.68499755859375,795849,0
2026-06-01 11:35:00-04:00,160.69000244140625,160.8795928955078,160.41009521484375,160.55999755859375,520036,0
2026-06-01 11:40:00-04:00,160.58999633789062,160.7899932861328,160.38999938964844,160.38999938964844,417756,0
2026-06-01 11:45:00-04:00,160.39999389648438,160.41000366210938,159.91000366210938,160.14999389648438,418855,0
2026-06-01 11:50:00-04:00,160.14999389648438,160.35000610351562,159.91000366210938,160.17999267578125,407158,0
2026-06-01 11:55:00-04:00,160.18499755859375,160.47999572753906,159.77000427246094,160.4199981689453,377282,0
2026-06-01 12:00:00-04:00,160.42999267578125,160.72000122070312,160.22999572753906,160.61000061035156,407350,0
2026-06-01 12:05:00-04:00,160.61500549316406,161.22999572753906,160.5301055908203,161.2100067138672,531828,0
2026-06-01 12:10:00-04:00,161.2100067138672,161.22000122070312,160.4600067138672,160.88999938964844,458631,0
2026-06-01 12:15:00-04:00,160.8699951171875,160.8699951171875,160.41000366210938,160.4600067138672,294838,0
2026-06-01 12:20:00-04:00,160.44000244140625,161.02999877929688,160.27999877929688,160.8800048828125,373692,0
2026-06-01 12:25:00-04:00,160.8699951171875,161.14999389648438,160.75,160.97349548339844,304287,0
2026-06-01 12:30:00-04:00,160.97999572753906,161.4698944091797,160.86000061035156,161.42190551757812,398682,0
2026-06-01 12:35:00-04:00,161.44500732421875,161.72000122070312,161.24000549316406,161.6199951171875,434602,0
2026-06-01 12:40:00-04:00,161.60000610351562,161.75,161.4199981689453,161.5500030517578,276071,0
2026-06-01 12:45:00-04:00,161.5500030517578,161.6591033935547,161.25010681152344,161.27499389648438,592543,0
2026-06-01 12:50:00-04:00,161.27999877929688,161.60000610351562,161.13999938964844,161.4149932861328,256792,0
2026-06-01 12:55:00-04:00,161.44000244140625,161.67999267578125,161.2550048828125,161.2799072265625,243196,0
2026-06-01 13:00:00-04:00,161.27999877929688,162.1584014892578,161.22999572753906,162.04510498046875,819730,0
2026-06-01 13:05:00-04:00,162.0500030517578,162.3699951171875,161.89999389648438,162.24000549316406,501331,0
2026-06-01 13:10:00-04:00,162.19000244140625,162.19000244140625,161.7100067138672,161.85499572753906,380708,0
2026-06-01 13:15:00-04:00,161.85499572753906,162.11000061035156,161.6999969482422,161.72999572753906,318426,0
2026-06-01 13:20:00-04:00,161.73500061035156,162.22000122070312,161.72000122070312,161.9550018310547,290209,0
2026-06-01 13:25:00-04:00,161.96499633789062,162.06500244140625,161.63999938964844,161.99000549316406,293221,0
2026-06-01 13:30:00-04:00,162.02000427246094,162.34640502929688,161.86000061035156,162.2100067138672,383967,0
2026-06-01 13:35:00-04:00,162.17999267578125,162.6300048828125,162.14500427246094,162.50999450683594,489267,0
2026-06-01 13:40:00-04:00,162.52999877929688,163.6898956298828,162.5,163.13999938964844,957361,0
2026-06-01 13:45:00-04:00,163.13999938964844,163.33999633789062,162.66000366210938,162.6699981689453,359142,0
2026-06-01 13:50:00-04:00,162.6699981689453,162.84500122070312,162.44149780273438,162.6999969482422,288656,0
2026-06-01 13:55:00-04:00,162.75,162.7899932861328,162.5399932861328,162.55999755859375,295343,0
2026-06-01 14:00:00-04:00,162.5850067138672,162.8524932861328,162.35000610351562,162.79510498046875,288721,0
2026-06-01 14:05:00-04:00,162.80999755859375,163.0998992919922,162.80999755859375,162.96499633789062,335121,0
2026-06-01 14:10:00-04:00,162.9600067138672,163.25,162.8000030517578,162.8112030029297,336332,0
2026-06-01 14:15:00-04:00,162.83999633789062,162.9600067138672,162.6699981689453,162.85000610351562,229239,0
2026-06-01 14:20:00-04:00,162.85000610351562,162.94000244140625,162.5399932861328,162.8800048828125,239276,0
2026-06-01 14:25:00-04:00,162.8800048828125,162.9199981689453,162.44500732421875,162.67999267578125,287241,0
2026-06-01 14:30:00-04:00,162.67999267578125,162.82000732421875,162.35000610351562,162.3699951171875,347007,0
2026-06-01 14:35:00-04:00,162.35009765625,162.42999267578125,161.64999389648438,161.673095703125,1125499,0
2026-06-01 14:40:00-04:00,161.6999969482422,161.86000061035156,161.360107421875,161.48500061035156,351993,0
2026-06-01 14:45:00-04:00,161.48500061035156,162.0449981689453,161.33999633789062,161.82000732421875,393644,0
2026-06-01 14:50:00-04:00,161.80999755859375,161.86990356445312,161.5500030517578,161.6300048828125,257361,0
2026-06-01 14:55:00-04:00,161.625,161.6699981689453,161.35000610351562,161.38999938964844,338429,0
2026-06-01 15:00:00-04:00,161.3800048828125,161.67999267578125,161.16009521484375,161.58999633789062,355940,0
2026-06-01 15:05:00-04:00,161.59500122070312,162.01759338378906,161.4199981689453,161.4499969482422,525911,0
2026-06-01 15:10:00-04:00,161.44000244140625,161.88999938964844,161.42999267578125,161.8800048828125,242587,0
2026-06-01 15:15:00-04:00,161.860107421875,161.9499053955078,161.52499389648438,161.6300048828125,281702,0
2026-06-01 15:20:00-04:00,161.61529541015625,161.6199951171875,161.08999633789062,161.2100067138672,309645,0
2026-06-01 15:25:00-04:00,161.17999267578125,161.3300018310547,160.8699951171875,160.9149932861328,295080,0
2026-06-01 15:30:00-04:00,160.88999938964844,161.0146026611328,160.72000122070312,160.91000366210938,283897,0
2026-06-01 15:35:00-04:00,160.91000366210938,161.0,160.44000244140625,160.47999572753906,392757,0
2026-06-01 15:40:00-04:00,160.4600067138672,160.80999755859375,160.42999267578125,160.55999755859375,568205,0
2026-06-01 15:45:00-04:00,160.57000732421875,161.1468963623047,160.5399932861328,161.0500030517578,961565,0
2026-06-01 15:50:00-04:00,161.07000732421875,161.07000732421875,160.6999969482422,160.82000732421875,561272,0
2026-06-01 15:55:00-04:00,160.80499267578125,160.82000732421875,160.27999877929688,160.63999938964844,1153439,0
2026-06-02 09:30:00-04:00,156.86839294433594,159.5225067138672,155.07000732421875,155.60000610351562,4172515,0
2026-06-02 09:35:00-04:00,155.59710693359375,155.6999969482422,154.4499969482422,154.5800018310547,1502018,0
2026-06-02 09:40:00-04:00,154.58999633789062,154.9499969482422,153.61700439453125,154.02999877929688,1516544,0
2026-06-02 09:45:00-04:00,154.05499267578125,155.35000610351562,153.83999633789062,154.41000366210938,1035807,0
2026-06-02 09:50:00-04:00,154.33999633789062,154.39999389648438,152.67999267578125,152.83999633789062,1265471,0
2026-06-02 09:55:00-04:00,152.83999633789062,153.22000122070312,152.16729736328125,153.0850067138672,1308531,0
2026-06-02 10:00:00-04:00,153.10499572753906,153.2949981689453,152.1999969482422,152.92010498046875,927552,0
2026-06-02 10:05:00-04:00,153.00999450683594,153.7198944091797,152.8323974609375,152.86000061035156,910677,0
2026-06-02 10:10:00-04:00,152.8000030517578,154.4669952392578,152.53309631347656,154.38009643554688,943660,0
2026-06-02 10:15:00-04:00,154.4698944091797,154.57000732421875,153.6300048828125,153.75,646851,0
2026-06-02 10:20:00-04:00,153.76499938964844,153.97000122070312,152.5399932861328,152.75660705566406,660406,0
2026-06-02 10:25:00-04:00,152.74000549316406,152.77999877929688,151.8000030517578,151.85000610351562,976403,0
2026-06-02 10:30:00-04:00,151.8800048828125,151.99000549316406,151.4499969482422,151.72500610351562,919891,0
2026-06-02 10:35:00-04:00,151.72500610351562,152.22999572753906,151.64999389648438,152.05499267578125,674205,0
2026-06-02 10:40:00-04:00,152.00999450683594,152.03909301757812,151.093994140625,151.6699981689453,690312,0
2026-06-02 10:45:00-04:00,151.62890625,152.2899932861328,151.5399932861328,151.9687042236328,631636,0
2026-06-02 10:50:00-04:00,151.93499755859375,152.0283966064453,151.30999755859375,151.6300048828125,660793,0
2026-06-02 10:55:00-04:00,151.61000061035156,151.61000061035156,150.91000366210938,150.99940490722656,764749,0
2026-06-02 11:00:00-04:00,150.97999572753906,151.39999389648438,150.94000244140625,151.12100219726562,616504,0
2026-06-02 11:05:00-04:00,151.09500122070312,151.31500244140625,150.24000549316406,150.33670043945312,625688,0
2026-06-02 11:10:00-04:00,150.3101043701172,150.44000244140625,149.8000030517578,150.42999267578125,1078029,0
2026-06-02 11:15:00-04:00,150.3800048828125,150.889892578125,150.24000549316406,150.7899932861328,453204,0
2026-06-02 11:20:00-04:00,150.80999755859375,151.14599609375,150.47999572753906,151.07000732421875,443307,0
2026-06-02 11:25:00-04:00,151.07000732421875,151.1699981689453,150.3300018310547,150.6300048828125,518169,0
2026-06-02 11:30:00-04:00,150.62489318847656,151.13999938964844,150.59039306640625,151.11000061035156,316908,0
2026-06-02 11:35:00-04:00,151.11500549316406,151.6699981689453,151.10000610351562,151.5240020751953,503010,0
2026-06-02 11:40:00-04:00,151.5800018310547,152.22999572753906,151.55499267578125,152.19500732421875,573290,0
2026-06-02 11:45:00-04:00,152.2050018310547,153.24000549316406,152.19000244140625,153.1750030517578,650497,0
2026-06-02 11:50:00-04:00,153.1999969482422,153.36000061035156,152.9499969482422,153.13999938964844,646514,0
2026-06-02 11:55:00-04:00,153.13999938964844,153.6300048828125,153.0749969482422,153.52499389648438,365655,0
2026-06-02 12:00:00-04:00,153.5399932861328,153.64540100097656,153.0800018310547,153.25,403093,0
2026-06-02 12:05:00-04:00,153.2550048828125,153.61599731445312,153.12010192871094,153.2899932861328,337345,0
2026-06-02 12:10:00-04:00,153.27450561523438,153.5,153.0399932861328,153.19000244140625,302914,0
2026-06-02 12:15:00-04:00,153.1649932861328,153.4998016357422,152.69580078125,153.4001007080078,349804,0
2026-06-02 12:20:00-04:00,153.4199981689453,153.69000244140625,153.02999877929688,153.52000427246094,281659,0
2026-06-02 12:25:00-04:00,153.57000732421875,153.72999572753906,153.2899932861328,153.58999633789062,236367,0
2026-06-02 12:30:00-04:00,153.57009887695312,153.6649932861328,153.29119873046875,153.42999267578125,199915,0
2026-06-02 12:35:00-04:00,153.44009399414062,153.67999267578125,153.25,153.55499267578125,173359,0
2026-06-02 12:40:00-04:00,153.52000427246094,153.60000610351562,153.24000549316406,153.25,191149,0
2026-06-02 12:45:00-04:00,153.25999450683594,153.47889709472656,153.19000244140625,153.30999755859375,242866,0
2026-06-02 12:50:00-04:00,153.30999755859375,153.34500122070312,152.67999267578125,152.7845001220703,310773,0
2026-06-02 12:55:00-04:00,152.7899932861328,152.9499969482422,152.63009643554688,152.83990478515625,175294,0
2026-06-02 13:00:00-04:00,152.8300018310547,153.07000732421875,152.52999877929688,153.0449981689453,201295,0
2026-06-02 13:05:00-04:00,153.056396484375,153.25770568847656,152.83999633789062,153.00999450683594,236081,0
2026-06-02 13:10:00-04:00,153.03640747070312,153.1645965576172,152.92999267578125,153.0800018310547,177284,0
2026-06-02 13:15:00-04:00,153.10000610351562,153.24000549316406,152.94039916992188,153.15499877929688,208716,0
2026-06-02 13:20:00-04:00,153.17999267578125,153.35499572753906,153.07000732421875,153.2801055908203,161389,0
2026-06-02 13:25:00-04:00,153.30999755859375,153.52999877929688,153.10000610351562,153.5,167956,0
2026-06-02 13:30:00-04:00,153.4801025390625,153.5186004638672,153.14999389648438,153.36000061035156,199312,0
2026-06-02 13:35:00-04:00,153.34010314941406,153.4730987548828,153.2301025390625,153.25999450683594,142976,0
2026-06-02 13:40:00-04:00,153.24000549316406,153.3800048828125,152.89999389648438,153.0,185773,0
2026-06-02 13:45:00-04:00,152.97999572753906,153.02999877929688,152.85000610351562,152.90989685058594,153863,0
2026-06-02 13:50:00-04:00,152.90980529785156,153.08999633789062,152.89500427246094,153.02000427246094,133379,0
2026-06-02 13:55:00-04:00,153.0,153.04220581054688,152.4001007080078,152.4499053955078,234200,0
2026-06-02 14:00:00-04:00,152.4199981689453,153.1593017578125,152.32000732421875,152.7449951171875,360945,0
2026-06-02 14:05:00-04:00,152.75999450683594,152.92999267578125,152.5500030517578,152.9250030517578,143135,0
2026-06-02 14:10:00-04:00,152.9250030517578,152.9499053955078,152.13999938964844,152.16000366210938,243614,0
2026-06-02 14:15:00-04:00,152.1699981689453,152.1999969482422,151.97999572753906,152.02999877929688,286236,0
2026-06-02 14:20:00-04:00,152.02999877929688,152.125,151.9499969482422,152.02999877929688,152819,0
2026-06-02 14:25:00-04:00,152.0583953857422,152.22999572753906,151.92999267578125,152.02999877929688,165357,0
2026-06-02 14:30:00-04:00,152.00999450683594,152.61000061035156,152.0,152.5500030517578,188330,0
2026-06-02 14:35:00-04:00,152.5399932861328,152.63999938964844,152.36000061035156,152.3699951171875,145225,0
2026-06-02 14:40:00-04:00,152.3800048828125,152.55990600585938,152.32000732421875,152.5399932861328,129393,0
2026-06-02 14:45:00-04:00,152.5500030517578,152.62989807128906,152.49000549316406,152.61000061035156,123689,0
2026-06-02 14:50:00-04:00,152.60000610351562,152.72999572753906,152.32000732421875,152.33999633789062,146030,0
2026-06-02 14:55:00-04:00,152.3249969482422,152.3874053955078,152.09010314941406,152.3350067138672,196468,0
2026-06-02 15:00:00-04:00,152.33999633789062,152.3800048828125,152.22999572753906,152.3699951171875,104075,0
2026-06-02 15:05:00-04:00,152.3800048828125,152.44000244140625,152.17999267578125,152.24000549316406,144897,0
2026-06-02 15:10:00-04:00,152.22999572753906,152.39999389648438,152.10000610351562,152.39999389648438,127929,0
2026-06-02 15:15:00-04:00,152.3800048828125,152.4600067138672,152.1009979248047,152.3350067138672,210861,0
2026-06-02 15:20:00-04:00,152.30999755859375,152.60000610351562,152.30999755859375,152.50999450683594,146819,0
2026-06-02 15:25:00-04:00,152.50999450683594,152.5800018310547,152.27999877929688,152.39999389648438,188262,0
2026-06-02 15:30:00-04:00,152.3800048828125,152.89999389648438,152.3800048828125,152.69000244140625,259582,0
2026-06-02 15:35:00-04:00,152.6999969482422,152.74000549316406,152.52999877929688,152.6999969482422,168015,0
2026-06-02 15:40:00-04:00,152.6999969482422,152.6999969482422,152.36000061035156,152.36000061035156,275201,0
2026-06-02 15:45:00-04:00,152.3699951171875,152.41000366210938,152.02999877929688,152.07000732421875,316733,0
2026-06-02 15:50:00-04:00,152.0800018310547,152.75,151.8000030517578,151.82000732421875,889490,0
2026-06-02 15:55:00-04:00,151.86000061035156,152.4199981689453,151.7899932861328,152.1699981689453,1036403,0
2026-06-03 09:30:00-04:00,149.6999969482422,151.67999267578125,147.0800018310547,147.1367950439453,3556253,0
2026-06-03 09:35:00-04:00,147.125,147.24000549316406,145.91000366210938,145.98500061035156,1259221,0
2026-06-03 09:40:00-04:00,145.99630737304688,145.99630737304688,145.15139770507812,145.4600067138672,1122096,0
2026-06-03 09:45:00-04:00,145.49000549316406,146.0500030517578,144.8000030517578,144.8800048828125,1317727,0
2026-06-03 09:50:00-04:00,144.875,145.7899932861328,144.6999969482422,145.0050048828125,978999,0
2026-06-03 09:55:00-04:00,145.0050048828125,145.2899932861328,144.47000122070312,144.96499633789062,956966,0
2026-06-03 10:00:00-04:00,144.9600067138672,145.97000122070312,144.64999389648438,145.96499633789062,794271,0
2026-06-03 10:05:00-04:00,146.0,146.60009765625,145.94000244140625,146.1300048828125,783672,0
2026-06-03 10:10:00-04:00,146.13999938964844,146.34500122070312,145.64999389648438,145.82000732421875,583941,0
2026-06-03 10:15:00-04:00,145.8350067138672,146.49000549316406,145.77999877929688,146.36549377441406,496279,0
2026-06-03 10:20:00-04:00,146.375,146.58999633789062,146.03179931640625,146.1750030517578,418005,0
2026-06-03 10:25:00-04:00,146.1699981689453,146.5,145.77000427246094,145.9600067138672,410144,0
2026-06-03 10:30:00-04:00,145.94000244140625,146.0998992919922,145.22999572753906,145.44500732421875,468226,0
2026-06-03 10:35:00-04:00,145.44000244140625,145.4698944091797,145.02000427246094,145.38999938964844,404492,0
2026-06-03 10:40:00-04:00,145.41000366210938,145.90989685058594,145.35000610351562,145.5,361724,0
2026-06-03 10:45:00-04:00,145.47000122070312,145.80999755859375,145.26010131835938,145.30999755859375,312087,0
2026-06-03 10:50:00-04:00,145.30999755859375,145.41000366210938,145.07000732421875,145.27499389648438,285446,0
2026-06-03 10:55:00-04:00,145.27000427246094,145.5,145.0800018310547,145.3800048828125,204715,0
2026-06-03 11:00:00-04:00,145.36000061035156,145.57400512695312,145.2301025390625,145.42999267578125,190629,0
2026-06-03 11:05:00-04:00,145.42999267578125,145.47000122070312,144.5,144.88499450683594,586441,0
2026-06-03 11:10:00-04:00,144.8800048828125,145.8199005126953,144.85000610351562,145.46499633789062,491093,0
2026-06-03 11:15:00-04:00,145.46499633789062,145.5399932861328,145.22000122070312,145.33349609375,267603,0
2026-06-03 11:20:00-04:00,145.30999755859375,145.35000610351562,144.92999267578125,145.0,315214,0
2026-06-03 11:25:00-04:00,145.02999877929688,145.30599975585938,144.91009521484375,145.25999450683594,254577,0
2026-06-03 11:30:00-04:00,145.27000427246094,145.3000030517578,144.36000061035156,144.3800048828125,495848,0
2026-06-03 11:35:00-04:00,144.38999938964844,144.55999755859375,143.8000030517578,143.86990356445312,554416,0
2026-06-03 11:40:00-04:00,143.84500122070312,144.17999267578125,143.75,144.1199951171875,320779,0
2026-06-03 11:45:00-04:00,144.13999938964844,144.17999267578125,143.91000366210938,144.02999877929688,258327,0
2026-06-03 11:50:00-04:00,144.02999877929688,144.11000061035156,143.8300018310547,143.97999572753906,235030,0
2026-06-03 11:55:00-04:00,143.9550018310547,144.1790008544922,143.92999267578125,144.0500030517578,256175,0
2026-06-03 12:00:00-04:00,144.07000732421875,144.14999389648438,143.7899932861328,143.85000610351562,262836,0
2026-06-03 12:05:00-04:00,143.8699951171875,143.877197265625,143.67999267578125,143.72000122070312,261319,0
2026-06-03 12:10:00-04:00,143.6999969482422,143.8000030517578,143.33009338378906,143.39999389648438,328171,0
2026-06-03 12:15:00-04:00,143.39999389648438,143.4698944091797,143.2100067138672,143.30999755859375,360101,0
2026-06-03 12:20:00-04:00,143.28500366210938,143.41000366210938,143.07009887695312,143.2899932861328,342833,0
2026-06-03 12:25:00-04:00,143.2899932861328,143.30499267578125,143.00999450683594,143.02999877929688,274519,0
2026-06-03 12:30:00-04:00,143.02999877929688,143.11000061035156,142.8300018310547,142.94000244140625,459274,0
2026-06-03 12:35:00-04:00,142.94000244140625,142.97500610351562,142.6501007080078,142.72999572753906,369356,0
2026-06-03 12:40:00-04:00,142.73800659179688,142.91000366210938,142.64999389648438,142.71499633789062,260135,0
2026-06-03 12:45:00-04:00,142.89990234375,143.11000061035156,142.8231964111328,142.9600067138672,305983,0
2026-06-03 12:50:00-04:00,143.0050048828125,143.08999633789062,142.61000061035156,142.63560485839844,391749,0
2026-06-03 12:55:00-04:00,142.65499877929688,142.8000030517578,142.61000061035156,142.69000244140625,190116,0
2026-06-03 13:00:00-04:00,142.7050018310547,143.06500244140625,142.6999969482422,142.9499969482422,264509,0
2026-06-03 13:05:00-04:00,142.92999267578125,143.08999633789062,142.77999877929688,142.86500549316406,190875,0
2026-06-03 13:10:00-04:00,142.86500549316406,142.94000244140625,142.42999267578125,142.4550018310547,249465,0
2026-06-03 13:15:00-04:00,142.4600067138672,142.5299072265625,142.17999267578125,142.38999938964844,388443,0
2026-06-03 13:20:00-04:00,142.38999938964844,142.5991973876953,142.30999755859375,142.5601043701172,300547,0
2026-06-03 13:25:00-04:00,142.7100067138672,142.72000122070312,142.5850067138672,142.66000366210938,126979,0
2026-06-03 13:30:00-04:00,142.64999389648438,142.9600067138672,142.5500030517578,142.91000366210938,195803,0
2026-06-03 13:35:00-04:00,143.07000732421875,143.41000366210938,143.07000732421875,143.34500122070312,326285,0
2026-06-03 13:40:00-04:00,143.34500122070312,143.47999572753906,142.99000549316406,143.41000366210938,274251,0
2026-06-03 13:45:00-04:00,143.40179443359375,143.40179443359375,142.9001007080078,142.9199981689453,243242,0
2026-06-03 13:50:00-04:00,142.9149932861328,142.9199981689453,142.7100067138672,142.86380004882812,186585,0
2026-06-03 13:55:00-04:00,142.86000061035156,142.86000061035156,142.54200744628906,142.5749969482422,196301,0
2026-06-03 14:00:00-04:00,142.58999633789062,142.97999572753906,142.57000732421875,142.8249969482422,292821,0
2026-06-03 14:05:00-04:00,142.83999633789062,142.89999389648438,142.7100067138672,142.77999877929688,161765,0
2026-06-03 14:10:00-04:00,142.79429626464844,142.85000610351562,142.71009826660156,142.77499389648438,174506,0
2026-06-03 14:15:00-04:00,142.77499389648438,143.02000427246094,142.75,142.81039428710938,215132,0
2026-06-03 14:20:00-04:00,142.82000732421875,143.10000610351562,142.7100067138672,142.9499969482422,217537,0
2026-06-03 14:25:00-04:00,142.9550018310547,142.97999572753906,142.7899932861328,142.83999633789062,164197,0
2026-06-03 14:30:00-04:00,142.8300018310547,143.20989990234375,142.72999572753906,142.8300018310547,321148,0
2026-06-03 14:35:00-04:00,142.83999633789062,143.0050048828125,142.76010131835938,142.97000122070312,249382,0
2026-06-03 14:40:00-04:00,142.97000122070312,143.0,142.74000549316406,142.88009643554688,178374,0
2026-06-03 14:45:00-04:00,142.88999938964844,142.91000366210938,142.52999877929688,142.54849243164062,239852,0
2026-06-03 14:50:00-04:00,142.5399932861328,142.5500030517578,142.2700958251953,142.31350708007812,289443,0
2026-06-03 14:55:00-04:00,142.33990478515625,142.4199981689453,142.17999267578125,142.2899932861328,1014582,0
2026-06-03 15:00:00-04:00,142.3000030517578,142.3800048828125,141.85000610351562,141.89500427246094,455102,0
2026-06-03 15:05:00-04:00,141.90989685058594,142.02699279785156,141.8000030517578,141.82000732421875,279839,0
2026-06-03 15:10:00-04:00,141.81500244140625,142.0500030517578,141.8000030517578,142.0,338199,0
2026-06-03 15:15:00-04:00,142.0,142.3000030517578,141.82000732421875,141.87730407714844,387483,0
2026-06-03 15:20:00-04:00,141.85000610351562,142.1999969482422,141.5200958251953,141.5500030517578,579133,0
2026-06-03 15:25:00-04:00,141.55999755859375,141.63499450683594,141.27999877929688,141.38999938964844,496448,0
2026-06-03 15:30:00-04:00,141.38999938964844,141.56100463867188,141.25,141.44000244140625,608009,0
2026-06-03 15:35:00-04:00,141.43499755859375,141.6199951171875,141.35000610351562,141.5800018310547,339839,0
2026-06-03 15:40:00-04:00,141.5800018310547,141.94000244140625,141.52999877929688,141.82000732421875,444426,0
2026-06-03 15:45:00-04:00,141.77499389648438,142.39500427246094,141.75999450683594,142.27499389648438,533554,0
2026-06-03 15:50:00-04:00,142.2899932861328,142.57000732421875,141.9199981689453,142.27000427246094,926145,0
2026-06-03 15:55:00-04:00,142.27000427246094,142.36500549316406,142.08999633789062,142.22500610351562,1461027,0
2026-06-04 09:30:00-04:00,145.6300048828125,146.0399932861328,143.0601043701172,143.64999389648438,3422075,0
2026-06-04 09:35:00-04:00,143.64999389648438,145.66000366210938,143.3000030517578,145.50999450683594,1203237,0
2026-06-04 09:40:00-04:00,145.5500030517578,145.67999267578125,144.9600067138672,145.375,867869,0
2026-06-04 09:45:00-04:00,145.47000122070312,145.5,144.13009643554688,144.7100067138672,749827,0
2026-06-04 09:50:00-04:00,144.64999389648438,145.41000366210938,144.37130737304688,144.88499450683594,738106,0
2026-06-04 09:55:00-04:00,144.86000061035156,145.47000122070312,144.60000610351562,145.2899932861328,820950,0
2026-06-04 10:00:00-04:00,145.35000610351562,146.3699951171875,145.12649536132812,146.02999877929688,1023565,0
2026-06-04 10:05:00-04:00,146.00999450683594,146.07000732421875,143.91000366210938,143.94000244140625,941954,0
2026-06-04 10:10:00-04:00,143.9250030517578,144.50999450683594,143.7100067138672,143.8249969482422,846159,0
2026-06-04 10:15:00-04:00,143.8350067138672,143.8800048828125,141.85000610351562,141.92129516601562,1224725,0
2026-06-04 10:20:00-04:00,141.97000122070312,142.6898956298828,141.89999389648438,142.1999969482422,982148,0
2026-06-04 10:25:00-04:00,142.1999969482422,142.27000427246094,141.07000732421875,141.1300048828125,964313,0
2026-06-04 10:30:00-04:00,141.1999969482422,141.49000549316406,140.5,141.02999877929688,1236037,0
2026-06-04 10:35:00-04:00,141.00999450683594,142.11000061035156,140.8000030517578,141.94000244140625,898017,0
2026-06-04 10:40:00-04:00,142.0,142.75999450683594,141.90130615234375,142.6649932861328,730245,0
2026-06-04 10:45:00-04:00,142.64999389648438,142.7969970703125,142.24000549316406,142.44439697265625,630040,0
2026-06-04 10:50:00-04:00,142.4600067138672,142.47999572753906,141.24009704589844,141.7050018310547,612190,0
2026-06-04 10:55:00-04:00,141.7050018310547,142.1300048828125,141.64010620117188,141.8699951171875,430124,0
2026-06-04 11:00:00-04:00,141.88999938964844,142.3800048828125,141.72500610351562,142.24000549316406,615905,0
2026-06-04 11:05:00-04:00,142.24989318847656,142.77999877929688,142.0800018310547,142.25390625,564568,0
2026-06-04 11:10:00-04:00,142.3000030517578,142.5449981689453,142.2100067138672,142.32000732421875,374984,0
2026-06-04 11:15:00-04:00,142.32000732421875,142.6439971923828,142.05999755859375,142.50999450683594,540505,0
2026-06-04 11:20:00-04:00,142.52000427246094,142.67999267578125,142.24000549316406,142.38119506835938,345973,0
2026-06-04 11:25:00-04:00,142.3800048828125,142.92999267578125,142.21499633789062,142.67999267578125,380934,0
2026-06-04 11:30:00-04:00,142.6999969482422,143.0,142.52999877929688,142.57000732421875,330458,0
2026-06-04 11:35:00-04:00,142.55999755859375,142.63999938964844,142.23199462890625,142.55999755859375,346569,0
2026-06-04 11:40:00-04:00,142.6199951171875,143.33999633789062,142.52000427246094,143.16000366210938,475089,0
2026-06-04 11:45:00-04:00,143.1699981689453,143.41000366210938,143.05999755859375,143.2899932861328,332328,0
2026-06-04 11:50:00-04:00,143.2899932861328,143.32000732421875,142.85000610351562,143.1699981689453,317373,0
2026-06-04 11:55:00-04:00,143.17999267578125,143.1999969482422,142.36500549316406,142.67999267578125,403423,0
2026-06-04 12:00:00-04:00,142.72999572753906,142.97999572753906,142.4102020263672,142.7100067138672,204576,0
2026-06-04 12:05:00-04:00,142.69000244140625,143.16000366210938,142.67999267578125,143.07000732421875,242751,0
2026-06-04 12:10:00-04:00,143.0800018310547,143.4199981689453,142.97340393066406,143.26840209960938,245051,0
2026-06-04 12:15:00-04:00,143.2949981689453,143.4199981689453,142.88009643554688,142.94000244140625,161395,0
2026-06-04 12:20:00-04:00,142.94000244140625,142.94000244140625,142.19000244140625,142.2100067138672,315292,0
2026-06-04 12:25:00-04:00,142.1999969482422,142.24000549316406,141.6300048828125,141.7050018310547,303603,0
2026-06-04 12:30:00-04:00,141.69500732421875,141.85499572753906,141.57000732421875,141.7100067138672,377532,0
2026-06-04 12:35:00-04:00,141.72000122070312,141.80999755859375,141.38999938964844,141.49000549316406,271528,0
2026-06-04 12:40:00-04:00,141.5,141.7259979248047,141.46009826660156,141.6199951171875,209762,0
2026-06-04 12:45:00-04:00,141.6199951171875,141.69000244140625,141.30999755859375,141.34500122070312,200976,0
2026-06-04 12:50:00-04:00,141.33999633789062,141.35499572753906,141.0449981689453,141.1699981689453,302208,0
2026-06-04 12:55:00-04:00,141.1649932861328,141.2050018310547,140.75,140.9250030517578,307182,0
2026-06-04 13:00:00-04:00,140.9250030517578,141.3300018310547,140.88999938964844,141.14999389648438,275804,0
2026-06-04 13:05:00-04:00,141.13499450683594,141.19140625,140.91000366210938,141.00880432128906,201178,0
2026-06-04 13:10:00-04:00,141.00999450683594,141.3249969482422,140.73199462890625,140.76980590820312,252823,0
2026-06-04 13:15:00-04:00,140.7449951171875,140.8094024658203,140.32000732421875,140.3249969482422,334695,0
2026-06-04 13:20:00-04:00,140.3300018310547,140.9499969482422,140.27200317382812,140.86000061035156,331313,0
2026-06-04 13:25:00-04:00,140.9062957763672,141.1300048828125,140.84010314941406,140.98500061035156,248344,0
2026-06-04 13:30:00-04:00,140.97999572753906,141.5,140.97999572753906,141.32000732421875,407140,0
2026-06-04 13:35:00-04:00,141.33999633789062,141.44500732421875,140.92010498046875,141.1199951171875,318614,0
2026-06-04 13:40:00-04:00,141.125,141.2449951171875,140.91900634765625,141.08999633789062,172595,0
2026-06-04 13:45:00-04:00,141.08999633789062,141.11500549316406,140.82000732421875,140.8300018310547,177116,0
2026-06-04 13:50:00-04:00,140.8477020263672,141.0,140.7100067138672,140.9250030517578,163506,0
2026-06-04 13:55:00-04:00,140.9250030517578,141.1999053955078,140.80999755859375,141.0800018310547,229880,0
2026-06-04 14:00:00-04:00,141.0850067138672,141.41000366210938,141.0800018310547,141.375,166031,0
2026-06-04 14:05:00-04:00,141.375,141.39999389648438,141.16000366210938,141.1649932861328,162804,0
2026-06-04 14:10:00-04:00,141.16000366210938,141.35000610351562,141.0500946044922,141.26499938964844,165205,0
2026-06-04 14:15:00-04:00,141.28500366210938,141.5299072265625,141.22999572753906,141.3498992919922,165704,0
2026-06-04 14:20:00-04:00,141.33999633789062,141.63999938964844,141.3000030517578,141.6300048828125,154571,0
2026-06-04 14:25:00-04:00,141.61500549316406,141.77999877929688,141.4499969482422,141.5,178116,0
2026-06-04 14:30:00-04:00,141.52000427246094,141.9600067138672,141.5,141.94000244140625,219205,0
2026-06-04 14:35:00-04:00,141.94000244140625,142.17999267578125,141.8800048828125,142.02999877929688,176587,0
2026-06-04 14:40:00-04:00,142.0399932861328,142.05999755859375,141.69500732421875,141.75,174166,0
2026-06-04 14:45:00-04:00,141.7449951171875,141.94000244140625,141.5800018310547,141.69500732421875,150186,0
2026-06-04 14:50:00-04:00,141.69500732421875,141.89999389648438,141.47000122070312,141.82000732421875,221592,0
2026-06-04 14:55:00-04:00,141.86990356445312,142.02999877929688,141.71009826660156,141.77000427246094,498004,0
2026-06-04 15:00:00-04:00,141.75999450683594,141.75999450683594,141.49000549316406,141.74000549316406,180865,0
2026-06-04 15:05:00-04:00,141.74000549316406,141.91990661621094,141.62139892578125,141.88999938964844,195184,0
2026-06-04 15:10:00-04:00,141.89999389648438,142.3300018310547,141.83999633789062,142.2899932861328,259498,0
2026-06-04 15:15:00-04:00,142.3000030517578,142.39990234375,142.07000732421875,142.1501007080078,304128,0
2026-06-04 15:20:00-04:00,142.16000366210938,142.2299041748047,141.89500427246094,141.98500061035156,294746,0
2026-06-04 15:25:00-04:00,141.9949951171875,141.9949951171875,141.50030517578125,141.6199951171875,278183,0
2026-06-04 15:30:00-04:00,141.63999938964844,141.69000244140625,141.3699951171875,141.5,201110,0
2026-06-04 15:35:00-04:00,141.49000549316406,141.89309692382812,141.45010375976562,141.75999450683594,313106,0
2026-06-04 15:40:00-04:00,141.73500061035156,142.1132049560547,141.67999267578125,141.97000122070312,265752,0
2026-06-04 15:45:00-04:00,141.94000244140625,142.24000549316406,141.66000366210938,141.66000366210938,294880,0
2026-06-04 15:50:00-04:00,141.67999267578125,141.9600067138672,141.5,141.82000732421875,548799,0
2026-06-04 15:55:00-04:00,141.82000732421875,141.8300018310547,141.39999389648438,141.69500732421875,1163143,0
2026-06-05 09:30:00-04:00,140.2519989013672,141.8300018310547,139.8300018310547,141.1999969482422,2265387,0
2026-06-05 09:35:00-04:00,141.11000061035156,141.97000122070312,140.8300018310547,141.21449279785156,725278,0
2026-06-05 09:40:00-04:00,141.16000366210938,141.35000610351562,139.3489990234375,139.59500122070312,805694,0
2026-06-05 09:45:00-04:00,139.5998992919922,139.86990356445312,138.50999450683594,138.6300048828125,880578,0
2026-06-05 09:50:00-04:00,138.64500427246094,138.87899780273438,138.0399932861328,138.5500030517578,830958,0
2026-06-05 09:55:00-04:00,138.57000732421875,138.9199981689453,137.89999389648438,137.9080047607422,601128,0
2026-06-05 10:00:00-04:00,137.9250030517578,138.33999633789062,137.82000732421875,137.94619750976562,527775,0
2026-06-05 10:05:00-04:00,137.91110229492188,138.6898956298828,137.6999969482422,138.44500732421875,473982,0
2026-06-05 10:10:00-04:00,138.44500732421875,138.60800170898438,138.0800018310547,138.50570678710938,370738,0
2026-06-05 10:15:00-04:00,138.52999877929688,138.818603515625,138.24000549316406,138.80499267578125,376616,0
2026-06-05 10:20:00-04:00,138.7949981689453,139.10000610351562,138.36000061035156,138.4149932861328,414705,0
2026-06-05 10:25:00-04:00,138.4199981689453,138.42999267578125,137.7801055908203,138.1999969482422,435046,0
2026-06-05 10:30:00-04:00,138.22500610351562,139.0399932861328,138.22500610351562,138.94500732421875,331226,0
2026-06-05 10:35:00-04:00,138.9199981689453,139.31500244140625,138.7100067138672,138.74000549316406,342764,0
2026-06-05 10:40:00-04:00,138.72999572753906,138.74000549316406,138.1112060546875,138.27999877929688,302346,0
2026-06-05 10:45:00-04:00,138.25999450683594,138.58999633789062,138.1999969482422,138.47000122070312,247758,0
2026-06-05 10:50:00-04:00,138.4499969482422,138.77000427246094,138.44000244140625,138.5749969482422,248511,0
2026-06-05 10:55:00-04:00,138.5749969482422,138.92999267578125,138.47999572753906,138.82000732421875,176679,0
2026-06-05 11:00:00-04:00,138.8000030517578,139.11000061035156,138.60000610351562,138.76499938964844,224943,0
2026-06-05 11:05:00-04:00,138.7550048828125,138.77000427246094,138.38499450683594,138.52999877929688,206077,0
2026-06-05 11:10:00-04:00,138.47000122070312,138.5399932861328,138.13999938964844,138.2449951171875,178847,0
2026-06-05 11:15:00-04:00,138.25,138.58999633789062,138.10000610351562,138.4600067138672,170098,0
2026-06-05 11:20:00-04:00,138.4600067138672,138.4600067138672,137.55999755859375,137.69000244140625,448673,0
2026-06-05 11:25:00-04:00,137.69000244140625,137.8000030517578,137.41000366210938,137.50999450683594,336081,0
2026-06-05 11:30:00-04:00,137.4499969482422,137.86000061035156,137.14999389648438,137.22000122070312,339325,0
2026-06-05 11:35:00-04:00,137.24000549316406,137.52000427246094,137.1999969482422,137.31590270996094,257509,0
2026-06-05 11:40:00-04:00,137.32000732421875,137.5500030517578,137.1699981689453,137.3300018310547,270433,0
2026-06-05 11:45:00-04:00,137.3300018310547,137.6750030517578,137.3000030517578,137.6750030517578,184300,0
2026-06-05 11:50:00-04:00,137.6501007080078,137.88499450683594,137.625,137.77000427246094,161538,0
2026-06-05 11:55:00-04:00,137.76499938964844,137.85499572753906,137.57000732421875,137.6699981689453,182068,0
2026-06-05 12:00:00-04:00,137.65499877929688,137.65499877929688,137.1425018310547,137.1699981689453,207765,0
2026-06-05 12:05:00-04:00,137.18499755859375,137.22000122070312,136.91009521484375,137.13999938964844,359695,0
2026-06-05 12:10:00-04:00,137.1999969482422,137.34500122070312,137.10000610351562,137.25999450683594,232547,0
2026-06-05 12:15:00-04:00,137.25,137.32000732421875,136.80999755859375,136.9199981689453,383719,0
2026-06-05 12:20:00-04:00,136.94500732421875,137.47000122070312,136.85000610351562,137.30499267578125,229353,0
2026-06-05 12:25:00-04:00,137.30499267578125,137.41000366210938,137.05999755859375,137.08999633789062,182223,0
2026-06-05 12:30:00-04:00,137.08999633789062,137.17999267578125,136.80999755859375,136.9600067138672,261464,0
2026-06-05 12:35:00-04:00,136.96629333496094,137.19000244140625,136.75999450683594,137.0399932861328,511301,0
2026-06-05 12:40:00-04:00,137.0500030517578,137.1300048828125,136.71009826660156,136.80999755859375,279710,0
2026-06-05 12:45:00-04:00,136.7899932861328,136.91990661621094,136.61000061035156,136.8800048828125,399655,0
2026-06-05 12:50:00-04:00,136.8800048828125,137.4250030517578,136.75,137.38999938964844,272018,0
2026-06-05 12:55:00-04:00,137.36000061035156,137.44500732421875,137.11000061035156,137.3000030517578,260441,0
2026-06-05 13:00:00-04:00,137.33999633789062,137.3699951171875,137.08999633789062,137.20790100097656,243452,0
2026-06-05 13:05:00-04:00,137.1999969482422,137.35499572753906,136.91009521484375,136.93499755859375,193790,0
2026-06-05 13:10:00-04:00,136.9499053955078,136.9698944091797,136.5500030517578,136.77000427246094,217830,0
2026-06-05 13:15:00-04:00,136.77000427246094,136.8249969482422,136.4149932861328,136.5,228217,0
2026-06-05 13:20:00-04:00,136.5,136.710205078125,136.3300018310547,136.710205078125,206483,0
2026-06-05 13:25:00-04:00,136.7100067138672,136.74000549316406,136.4199981689453,136.61500549316406,157340,0
2026-06-05 13:30:00-04:00,136.63999938964844,136.77999877929688,136.35000610351562,136.61000061035156,223257,0
2026-06-05 13:35:00-04:00,136.61000061035156,136.91709899902344,136.59500122070312,136.8249969482422,254196,0
2026-06-05 13:40:00-04:00,136.81500244140625,137.07000732421875,136.3800048828125,136.43499755859375,388433,0
2026-06-05 13:45:00-04:00,136.4499969482422,136.58990478515625,136.32000732421875,136.3350067138672,180292,0
2026-06-05 13:50:00-04:00,136.3209991455078,136.375,136.22999572753906,136.24000549316406,178189,0
2026-06-05 13:55:00-04:00,136.24000549316406,136.25,135.89999389648438,135.94500732421875,404873,0
2026-06-05 14:00:00-04:00,135.9600067138672,136.1385040283203,135.57000732421875,135.57000732421875,344753,0
2026-06-05 14:05:00-04:00,135.57000732421875,135.6699981689453,135.3800048828125,135.4600067138672,284138,0
2026-06-05 14:10:00-04:00,135.46499633789062,135.5,135.08999633789062,135.31500244140625,425142,0
2026-06-05 14:15:00-04:00,135.30499267578125,135.3699951171875,135.07000732421875,135.14999389648438,254607,0
2026-06-05 14:20:00-04:00,135.1699981689453,135.32000732421875,135.11000061035156,135.22000122070312,212135,0
2026-06-05 14:25:00-04:00,135.22000122070312,135.4499969482422,135.02000427246094,135.33399963378906,365066,0
2026-06-05 14:30:00-04:00,135.33999633789062,135.4199981689453,135.1300048828125,135.18710327148438,225568,0
2026-06-05 14:35:00-04:00,135.2449951171875,135.28500366210938,134.8800048828125,135.06500244140625,563709,0
2026-06-05 14:40:00-04:00,135.07000732421875,135.14999389648438,134.92010498046875,135.13499450683594,288319,0
2026-06-05 14:45:00-04:00,135.11000061035156,135.1199951171875,134.58999633789062,134.9499969482422,397302,0
2026-06-05 14:50:00-04:00,134.92999267578125,135.00999450683594,134.69000244140625,134.80999755859375,295691,0
2026-06-05 14:55:00-04:00,134.8300018310547,135.08999633789062,134.66000366210938,134.86500549316406,321559,0
2026-06-05 15:00:00-04:00,134.86000061035156,135.08999633789062,134.64999389648438,135.07000732421875,228076,0
2026-06-05 15:05:00-04:00,135.05999755859375,135.16000366210938,134.57000732421875,134.68499755859375,392003,0
2026-06-05 15:10:00-04:00,134.6699981689453,134.75999450683594,134.47000122070312,134.47999572753906,347337,0
2026-06-05 15:15:00-04:00,134.47999572753906,134.49000549316406,134.02499389648438,134.1999969482422,396305,0
2026-06-05 15:20:00-04:00,134.2100067138672,134.64999389648438,134.09500122070312,134.63870239257812,352765,0
2026-06-05 15:25:00-04:00,134.64999389648438,135.16000366210938,134.64999389648438,135.16000366210938,908933,0
2026-06-05 15:30:00-04:00,135.17999267578125,135.25,135.00999450683594,135.2283935546875,388541,0
2026-06-05 15:35:00-04:00,135.23500061035156,135.47999572753906,135.19000244140625,135.47500610351562,371166,0
2026-06-05 15:40:00-04:00,135.47000122070312,135.47000122070312,134.8800048828125,135.0850067138672,489844,0
2026-06-05 15:45:00-04:00,135.0850067138672,135.57000732421875,134.99000549316406,135.4499969482422,416812,0
2026-06-05 15:50:00-04:00,135.4600067138672,135.60000610351562,135.24000549316406,135.57000732421875,553770,0
2026-06-05 15:55:00-04:00,135.52999877929688,135.80780029296875,135.38999938964844,135.5500030517578,1478144,0
2026-06-08 09:30:00-04:00,135.64999389648438,137.35000610351562,135.33999633789062,135.63800048828125,2571590,0
2026-06-08 09:35:00-04:00,135.6199951171875,136.6999969482422,135.5500030517578,136.0500030517578,711502,0
2026-06-08 09:40:00-04:00,136.0424041748047,136.6999969482422,135.86349487304688,136.58999633789062,527599,0
2026-06-08 09:45:00-04:00,136.66000366210938,137.0800018310547,136.00999450683594,136.2100067138672,694705,0
2026-06-08 09:50:00-04:00,136.17999267578125,137.27999877929688,135.97999572753906,137.0399932861328,504171,0
2026-06-08 09:55:00-04:00,137.0399932861328,137.15499877929688,136.53500366210938,136.93499755859375,469573,0
2026-06-08 10:00:00-04:00,136.9499969482422,137.64999389648438,136.89999389648438,137.36000061035156,607126,0
2026-06-08 10:05:00-04:00,137.32000732421875,137.47999572753906,136.9199981689453,137.39990234375,406976,0
2026-06-08 10:10:00-04:00,137.39920043945312,137.7095947265625,137.05999755859375,137.7050018310547,357901,0
2026-06-08 10:15:00-04:00,137.7097930908203,137.75999450683594,136.8000030517578,136.8699951171875,440788,0
2026-06-08 10:20:00-04:00,136.86000061035156,137.31500244140625,136.6300048828125,137.14999389648438,303050,0
2026-06-08 10:25:00-04:00,137.17990112304688,137.23500061035156,136.72500610351562,137.1300048828125,379448,0
2026-06-08 10:30:00-04:00,137.0800018310547,137.25,136.89999389648438,136.91000366210938,241833,0
2026-06-08 10:35:00-04:00,136.91000366210938,137.24000549316406,136.77000427246094,136.86000061035156,289055,0
2026-06-08 10:40:00-04:00,136.88499450683594,136.93499755859375,136.42999267578125,136.59500122070312,365286,0
2026-06-08 10:45:00-04:00,136.6199951171875,137.27999877929688,136.6199951171875,136.91000366210938,270192,0
2026-06-08 10:50:00-04:00,136.91000366210938,136.9499969482422,136.64999389648438,136.84500122070312,209071,0
2026-06-08 10:55:00-04:00,136.8699951171875,137.0800018310547,136.6800994873047,136.8300018310547,266326,0
2026-06-08 11:00:00-04:00,136.80999755859375,137.10000610351562,136.5800018310547,136.60499572753906,224092,0
2026-06-08 11:05:00-04:00,136.60499572753906,137.0749969482422,136.5800018310547,136.89999389648438,286770,0
2026-06-08 11:10:00-04:00,136.89999389648438,137.25,136.74139404296875,137.0449981689453,354308,0
2026-06-08 11:15:00-04:00,137.0399932861328,137.04969787597656,136.7899932861328,137.02999877929688,233150,0
2026-06-08 11:20:00-04:00,137.02499389648438,137.10000610351562,136.85000610351562,136.9250030517578,163371,0
2026-06-08 11:25:00-04:00,136.91000366210938,136.99000549316406,136.48699951171875,136.5142059326172,211171,0
2026-06-08 11:30:00-04:00,136.52000427246094,136.5399932861328,135.92449951171875,136.2467041015625,294758,0
2026-06-08 11:35:00-04:00,136.2100067138672,136.74000549316406,136.1300048828125,136.61000061035156,236353,0
2026-06-08 11:40:00-04:00,136.59500122070312,136.6699981689453,136.25999450683594,136.34249877929688,168768,0
2026-06-08 11:45:00-04:00,136.3350067138672,136.4199981689453,136.17059326171875,136.22999572753906,198395,0
2026-06-08 11:50:00-04:00,136.25,136.42999267578125,136.09280395507812,136.2050018310547,259872,0
2026-06-08 11:55:00-04:00,136.19000244140625,136.1999969482422,135.86000061035156,136.0749969482422,244676,0
2026-06-08 12:00:00-04:00,136.1199951171875,136.139892578125,135.77000427246094,136.139892578125,267463,0
2026-06-08 12:05:00-04:00,136.13999938964844,136.3800048828125,136.01589965820312,136.10000610351562,176605,0
2026-06-08 12:10:00-04:00,136.10000610351562,136.1699981689453,135.9499969482422,135.99000549316406,133002,0
2026-06-08 12:15:00-04:00,135.9700927734375,136.36000061035156,135.97000122070312,136.15499877929688,150772,0
2026-06-08 12:20:00-04:00,136.1699981689453,136.27000427246094,136.0800018310547,136.24000549316406,204088,0
2026-06-08 12:25:00-04:00,136.25990295410156,136.44000244140625,136.22000122070312,136.2550048828125,168156,0
2026-06-08 12:30:00-04:00,136.25999450683594,136.3699951171875,135.80999755859375,135.8249969482422,135275,0
2026-06-08 12:35:00-04:00,135.85000610351562,135.97999572753906,135.7718963623047,135.85000610351562,161905,0
2026-06-08 12:40:00-04:00,135.8249969482422,135.97610473632812,135.77000427246094,135.93069458007812,114757,0
2026-06-08 12:45:00-04:00,135.95989990234375,136.02000427246094,135.64999389648438,135.75,197741,0
2026-06-08 12:50:00-04:00,135.75,135.80999755859375,135.57200622558594,135.7449951171875,138828,0
2026-06-08 12:55:00-04:00,135.78500366210938,135.7899932861328,135.6300048828125,135.6699981689453,93234,0
2026-06-08 13:00:00-04:00,135.69000244140625,135.7050018310547,135.35000610351562,135.38499450683594,209703,0
2026-06-08 13:05:00-04:00,135.3699951171875,135.6999969482422,135.3614959716797,135.5959014892578,122532,0
2026-06-08 13:10:00-04:00,135.55999755859375,135.58999633789062,135.2899932861328,135.52999877929688,172071,0
2026-06-08 13:15:00-04:00,135.55999755859375,135.75,135.52000427246094,135.63119506835938,156445,0
2026-06-08 13:20:00-04:00,135.64999389648438,135.6649932861328,135.3800048828125,135.3800048828125,106907,0
2026-06-08 13:25:00-04:00,135.3800048828125,135.7100067138672,135.36000061035156,135.6199951171875,109244,0
2026-06-08 13:30:00-04:00,135.64999389648438,135.75999450683594,135.32009887695312,135.50999450683594,141226,0
2026-06-08 13:35:00-04:00,135.52999877929688,135.74000549316406,135.47000122070312,135.60000610351562,98478,0
2026-06-08 13:40:00-04:00,135.58340454101562,135.72000122070312,135.5,135.6699981689453,111308,0
2026-06-08 13:45:00-04:00,135.6699981689453,135.83999633789062,135.50999450683594,135.72999572753906,191716,0
2026-06-08 13:50:00-04:00,135.75999450683594,135.77000427246094,135.5601043701172,135.6649932861328,101517,0
2026-06-08 13:55:00-04:00,135.6699981689453,135.6999969482422,135.47999572753906,135.5399932861328,127404,0
2026-06-08 14:00:00-04:00,135.5500030517578,135.9499969482422,135.54150390625,135.89010620117188,156115,0
2026-06-08 14:05:00-04:00,135.92999267578125,136.24000549316406,135.89999389648438,136.18020629882812,183766,0
2026-06-08 14:10:00-04:00,136.18499755859375,136.25999450683594,136.07000732421875,136.13999938964844,148451,0
2026-06-08 14:15:00-04:00,136.16000366210938,136.5500030517578,136.15499877929688,136.53500366210938,166455,0
2026-06-08 14:20:00-04:00,136.53500366210938,136.58999633789062,136.4499969482422,136.49000549316406,141877,0
2026-06-08 14:25:00-04:00,136.4821014404297,136.55999755859375,136.3000030517578,136.4199981689453,153724,0
2026-06-08 14:30:00-04:00,136.39999389648438,136.5399932861328,136.3699951171875,136.4499969482422,176386,0
2026-06-08 14:35:00-04:00,136.44500732421875,136.47500610351562,136.1999969482422,136.26499938964844,170135,0
2026-06-08 14:40:00-04:00,136.25,136.44500732421875,136.25,136.39500427246094,147630,0
2026-06-08 14:45:00-04:00,136.41000366210938,136.58999633789062,136.3300018310547,136.5749969482422,154904,0
2026-06-08 14:50:00-04:00,136.5749969482422,136.6649932861328,136.44000244140625,136.63999938964844,137468,0
2026-06-08 14:55:00-04:00,136.63999938964844,136.66000366210938,136.5200958251953,136.60000610351562,127181,0
2026-06-08 15:00:00-04:00,136.5959930419922,136.6875,136.4199981689453,136.44000244140625,134876,0
2026-06-08 15:05:00-04:00,136.4199981689453,136.57000732421875,136.28219604492188,136.30990600585938,739081,0
2026-06-08 15:10:00-04:00,136.2899932861328,136.3000030517578,135.8800048828125,135.8800048828125,224139,0
2026-06-08 15:15:00-04:00,135.89999389648438,135.97999572753906,135.75999450683594,135.91000366210938,160139,0
2026-06-08 15:20:00-04:00,135.89999389648438,136.0,135.77000427246094,135.80999755859375,140007,0
2026-06-08 15:25:00-04:00,135.8000030517578,135.92999267578125,135.72000122070312,135.9199981689453,162587,0
2026-06-08 15:30:00-04:00,135.92999267578125,136.3699951171875,135.91000366210938,136.3000030517578,310980,0
2026-06-08 15:35:00-04:00,136.3000030517578,136.41990661621094,136.16000366210938,136.39999389648438,131656,0
2026-06-08 15:40:00-04:00,136.35000610351562,136.35499572753906,136.0500030517578,136.18499755859375,206511,0
2026-06-08 15:45:00-04:00,136.1699981689453,136.42999267578125,136.16000366210938,136.36990356445312,238571,0
2026-06-08 15:50:00-04:00,136.3699951171875,136.8885040283203,136.33999633789062,136.77999877929688,473775,0
2026-06-08 15:55:00-04:00,136.77999877929688,136.7899932861328,136.3699951171875,136.47000122070312,1035492,0
2026-06-09 09:30:00-04:00,134.85499572753906,136.0500030517578,134.69000244140625,135.80999755859375,1777451,0
2026-06-09 09:35:00-04:00,135.82000732421875,136.4528045654297,135.07000732421875,135.10000610351562,706391,0
2026-06-09 09:40:00-04:00,135.0500030517578,136.23500061035156,135.00010681152344,136.10000610351562,617152,0
2026-06-09 09:45:00-04:00,136.10000610351562,136.4499969482422,136.02000427246094,136.28500366210938,432234,0
2026-06-09 09:50:00-04:00,136.35690307617188,136.99000549316406,136.25,136.38499450683594,508369,0
2026-06-09 09:55:00-04:00,136.38499450683594,136.49989318847656,135.72000122070312,135.73919677734375,446887,0
2026-06-09 10:00:00-04:00,135.74000549316406,135.7725067138672,135.1300048828125,135.3000030517578,354495,0
2026-06-09 10:05:00-04:00,135.3280029296875,135.78990173339844,135.11000061035156,135.61000061035156,358603,0
2026-06-09 10:10:00-04:00,135.58070373535156,135.58999633789062,134.32000732421875,134.3721923828125,436809,0
2026-06-09 10:15:00-04:00,134.35000610351562,134.47900390625,133.38009643554688,133.80499267578125,604429,0
2026-06-09 10:20:00-04:00,133.80499267578125,134.43490600585938,133.57000732421875,134.35000610351562,362358,0
2026-06-09 10:25:00-04:00,134.30999755859375,134.62989807128906,133.89999389648438,134.02549743652344,354229,0
2026-06-09 10:30:00-04:00,134.0,134.49000549316406,133.64999389648438,134.375,441778,0
2026-06-09 10:35:00-04:00,134.35000610351562,134.38999938964844,134.1199951171875,134.1750030517578,206857,0
2026-06-09 10:40:00-04:00,134.18499755859375,134.4499969482422,133.5800018310547,133.75,288622,0
2026-06-09 10:45:00-04:00,133.7550048828125,133.8699951171875,132.4595947265625,132.5800018310547,717036,0
2026-06-09 10:50:00-04:00,132.57000732421875,133.17999267578125,132.3885040283203,132.9499969482422,365348,0
2026-06-09 10:55:00-04:00,132.93499755859375,133.22000122070312,132.3699951171875,133.22000122070312,335159,0
2026-06-09 11:00:00-04:00,133.19000244140625,133.25,132.69000244140625,132.8300018310547,255832,0
2026-06-09 11:05:00-04:00,132.80999755859375,133.38999938964844,132.5,133.37109375,269102,0
2026-06-09 11:10:00-04:00,133.3800048828125,133.5,132.83050537109375,132.84500122070312,250489,0
2026-06-09 11:15:00-04:00,132.80999755859375,132.80999755859375,132.39999389648438,132.44000244140625,300232,0
2026-06-09 11:20:00-04:00,132.47000122070312,132.66000366210938,131.77999877929688,131.86000061035156,541348,0
2026-06-09 11:25:00-04:00,131.88870239257812,131.88870239257812,130.8000030517578,130.97999572753906,602265,0
2026-06-09 11:30:00-04:00,130.97500610351562,131.2100067138672,130.5,130.58999633789062,515271,0
2026-06-09 11:35:00-04:00,130.61000061035156,130.77850341796875,130.33999633789062,130.6199951171875,392494,0
2026-06-09 11:40:00-04:00,130.6300048828125,130.89990234375,130.49000549316406,130.5749969482422,315881,0
2026-06-09 11:45:00-04:00,130.6199951171875,130.86000061035156,130.46090698242188,130.8249969482422,280706,0
2026-06-09 11:50:00-04:00,130.7899932861328,131.10000610351562,130.6199951171875,130.70010375976562,285188,0
2026-06-09 11:55:00-04:00,130.72000122070312,130.74000549316406,129.64999389648438,129.84500122070312,1051451,0
2026-06-09 12:00:00-04:00,129.8300018310547,130.47000122070312,129.8300018310547,129.9499969482422,473230,0
2026-06-09 12:05:00-04:00,129.9499969482422,130.0198974609375,129.35000610351562,129.50999450683594,739945,0
2026-06-09 12:10:00-04:00,129.49000549316406,129.94500732421875,129.2100067138672,129.3800048828125,588922,0
2026-06-09 12:15:00-04:00,129.36000061035156,129.38999938964844,128.44009399414062,128.50999450683594,746907,0
2026-06-09 12:20:00-04:00,128.50999450683594,128.88929748535156,128.2899932861328,128.8000030517578,526609,0
2026-06-09 12:25:00-04:00,128.77000427246094,128.94000244140625,128.52999877929688,128.6699981689453,293591,0
2026-06-09 12:30:00-04:00,128.64500427246094,128.92999267578125,128.22000122070312,128.5399932861328,403693,0
2026-06-09 12:35:00-04:00,128.5500030517578,128.8800048828125,127.41000366210938,127.58000183105469,901117,0
2026-06-09 12:40:00-04:00,127.58999633789062,127.87999725341797,127.3499984741211,127.80500030517578,482230,0
2026-06-09 12:45:00-04:00,127.80000305175781,128.22999572753906,127.47000122070312,127.8499984741211,418070,0
2026-06-09 12:50:00-04:00,127.80999755859375,127.94000244140625,127.5,127.62000274658203,292827,0
2026-06-09 12:55:00-04:00,127.62000274658203,128.77999877929688,127.55000305175781,128.72999572753906,377908,0
2026-06-09 13:00:00-04:00,128.75999450683594,129.8300018310547,128.64999389648438,129.77999877929688,457527,0
2026-06-09 13:05:00-04:00,129.76400756835938,129.8350067138672,129.25,129.4759063720703,320743,0
2026-06-09 13:10:00-04:00,129.4499969482422,129.8300018310547,129.1699981689453,129.74000549316406,312257,0
2026-06-09 13:15:00-04:00,129.72000122070312,129.9199981689453,129.4600067138672,129.88499450683594,333931,0
2026-06-09 13:20:00-04:00,129.89999389648438,130.38999938964844,129.76849365234375,129.97500610351562,372694,0
2026-06-09 13:25:00-04:00,129.9499969482422,130.40499877929688,129.74000549316406,130.24000549316406,235506,0
2026-06-09 13:30:00-04:00,130.22999572753906,130.44000244140625,130.04010009765625,130.4199981689453,213421,0
2026-06-09 13:35:00-04:00,130.40499877929688,130.74000549316406,130.26019287109375,130.60000610351562,192761,0
2026-06-09 13:40:00-04:00,130.63999938964844,130.97999572753906,130.5399932861328,130.8350067138672,232468,0
2026-06-09 13:45:00-04:00,130.86990356445312,130.94000244140625,130.27000427246094,130.35499572753906,322231,0
2026-06-09 13:50:00-04:00,130.36000061035156,131.0,130.36000061035156,130.86000061035156,254836,0
2026-06-09 13:55:00-04:00,130.875,131.09640502929688,130.78500366210938,130.81100463867188,254816,0
2026-06-09 14:00:00-04:00,130.82000732421875,131.06900024414062,130.75320434570312,131.0399932861328,197458,0
2026-06-09 14:05:00-04:00,131.0050048828125,131.40989685058594,130.9499969482422,131.3249969482422,265839,0
2026-06-09 14:10:00-04:00,131.3000030517578,131.3000030517578,130.92999267578125,131.1999969482422,206459,0
2026-06-09 14:15:00-04:00,131.19500732421875,131.60000610351562,131.0,131.5050048828125,236167,0
2026-06-09 14:20:00-04:00,131.52000427246094,131.63999938964844,131.32000732421875,131.5500030517578,197722,0
2026-06-09 14:25:00-04:00,131.57000732421875,131.57000732421875,131.19000244140625,131.37399291992188,172352,0
2026-06-09 14:30:00-04:00,131.3699951171875,131.86000061035156,131.36000061035156,131.77000427246094,402050,0
2026-06-09 14:35:00-04:00,131.80499267578125,131.94000244140625,131.71499633789062,131.84500122070312,268915,0
2026-06-09 14:40:00-04:00,131.85000610351562,131.8699951171875,131.47000122070312,131.5,305838,0
2026-06-09 14:45:00-04:00,131.5299072265625,131.6699981689453,131.47000122070312,131.62899780273438,185479,0
2026-06-09 14:50:00-04:00,131.6300048828125,131.8699951171875,131.50010681152344,131.66000366210938,192576,0
2026-06-09 14:55:00-04:00,131.66000366210938,132.1959991455078,131.6405029296875,132.0,331356,0
2026-06-09 15:00:00-04:00,132.0,132.30889892578125,131.85009765625,132.2799072265625,250793,0
2026-06-09 15:05:00-04:00,132.25010681152344,132.33999633789062,132.00999450683594,132.10000610351562,245884,0
2026-06-09 15:10:00-04:00,132.07000732421875,132.08999633789062,131.82000732421875,131.86000061035156,187299,0
2026-06-09 15:15:00-04:00,131.91000366210938,131.9600067138672,131.50750732421875,131.69000244140625,272151,0
2026-06-09 15:20:00-04:00,131.6699981689453,131.77999877929688,131.52499389648438,131.60499572753906,188593,0
2026-06-09 15:25:00-04:00,131.58999633789062,131.9199981689453,131.52999877929688,131.80499267578125,191903,0
2026-06-09 15:30:00-04:00,131.82000732421875,131.90879821777344,131.59500122070312,131.85000610351562,228987,0
2026-06-09 15:35:00-04:00,131.860107421875,131.92999267578125,131.69000244140625,131.7550048828125,169735,0
2026-06-09 15:40:00-04:00,131.75999450683594,132.04550170898438,131.50999450683594,131.89999389648438,226715,0
2026-06-09 15:45:00-04:00,131.9499969482422,132.0,131.47999572753906,131.5800018310547,294185,0
2026-06-09 15:50:00-04:00,131.60000610351562,132.3300018310547,131.60000610351562,132.0800018310547,707878,0
2026-06-09 15:55:00-04:00,132.08999633789062,132.24000549316406,131.88999938964844,132.07000732421875,1308346,0
2026-06-10 09:30:00-04:00,129.3249969482422,130.75999450683594,128.8000030517578,128.9550018310547,2198706,0
2026-06-10 09:35:00-04:00,128.89999389648438,130.52000427246094,128.88999938964844,130.5,754796,0
2026-06-10 09:40:00-04:00,130.4949951171875,131.69839477539062,130.0,131.65499877929688,765189,0
2026-06-10 09:45:00-04:00,131.69000244140625,132.04730224609375,131.17999267578125,131.72999572753906,733906,0
2026-06-10 09:50:00-04:00,131.72000122070312,131.72000122070312,130.86000061035156,131.64999389648438,515185,0
2026-06-10 09:55:00-04:00,131.631103515625,132.47610473632812,131.52720642089844,132.4600067138672,602605,0
2026-06-10 10:00:00-04:00,132.47999572753906,132.5,131.80999755859375,131.94000244140625,476213,0
2026-06-10 10:05:00-04:00,131.88999938964844,132.13999938964844,131.60000610351562,132.07989501953125,329168,0
2026-06-10 10:10:00-04:00,132.0500030517578,132.10000610351562,131.47000122070312,131.5749969482422,422114,0
2026-06-10 10:15:00-04:00,131.5800018310547,132.1999969482422,131.5,131.83999633789062,368465,0
2026-06-10 10:20:00-04:00,131.8699951171875,132.5854949951172,131.63999938964844,132.54150390625,434112,0
2026-06-10 10:25:00-04:00,132.55499267578125,132.5800018310547,131.89999389648438,132.14999389648438,355654,0
2026-06-10 10:30:00-04:00,132.13119506835938,132.43829345703125,131.91000366210938,132.3699951171875,314403,0
2026-06-10 10:35:00-04:00,132.3800048828125,132.7100067138672,131.97999572753906,132.33999633789062,462824,0
2026-06-10 10:40:00-04:00,132.3251953125,132.7799072265625,132.3000030517578,132.3300018310547,391741,0
2026-06-10 10:45:00-04:00,132.3300018310547,132.88499450683594,132.11000061035156,132.55850219726562,393094,0
2026-06-10 10:50:00-04:00,132.58999633789062,133.18499755859375,132.53500366210938,132.98500061035156,492493,0
2026-06-10 10:55:00-04:00,133.02000427246094,133.10000610351562,131.89999389648438,132.4499969482422,393402,0
2026-06-10 11:00:00-04:00,132.42010498046875,133.1699981689453,132.11000061035156,132.6750030517578,369652,0
2026-06-10 11:05:00-04:00,132.6999969482422,132.6999969482422,131.78289794921875,131.7899932861328,260543,0
2026-06-10 11:10:00-04:00,131.78030395507812,131.86000061035156,131.02000427246094,131.3300018310547,431418,0
2026-06-10 11:15:00-04:00,131.27000427246094,131.35499572753906,130.72000122070312,131.13999938964844,311127,0
2026-06-10 11:20:00-04:00,131.11000061035156,131.9300994873047,131.10009765625,131.79159545898438,240620,0
2026-06-10 11:25:00-04:00,131.78500366210938,132.38540649414062,131.75,132.0207061767578,278860,0
2026-06-10 11:30:00-04:00,132.0500030517578,132.3300018310547,131.68499755859375,131.89999389648438,195361,0
2026-06-10 11:35:00-04:00,131.88499450683594,132.02999877929688,131.42999267578125,131.78599548339844,191549,0
2026-06-10 11:40:00-04:00,131.75999450683594,132.60000610351562,131.75999450683594,132.4949951171875,220517,0
2026-06-10 11:45:00-04:00,132.47000122070312,132.8199005126953,131.66000366210938,132.00999450683594,308017,0
2026-06-10 11:50:00-04:00,132.0,132.7899932861328,131.64169311523438,132.5800018310547,287753,0
2026-06-10 11:55:00-04:00,132.60000610351562,132.94000244140625,132.2100067138672,132.77000427246094,222506,0
2026-06-10 12:00:00-04:00,132.77000427246094,132.8782958984375,132.11000061035156,132.38499450683594,237520,0
2026-06-10 12:05:00-04:00,132.38499450683594,132.50999450683594,132.02000427246094,132.16000366210938,169170,0
2026-06-10 12:10:00-04:00,132.11000061035156,132.11000061035156,131.63499450683594,131.64999389648438,196254,0
2026-06-10 12:15:00-04:00,131.62449645996094,132.1699981689453,131.60000610351562,132.0399932861328,148367,0
2026-06-10 12:20:00-04:00,132.07000732421875,132.22000122070312,131.91000366210938,131.9499969482422,121825,0
2026-06-10 12:25:00-04:00,131.99000549316406,132.36000061035156,131.98500061035156,132.0850067138672,125312,0
2026-06-10 12:30:00-04:00,132.07139587402344,132.30999755859375,131.81500244140625,132.30499267578125,104636,0
2026-06-10 12:35:00-04:00,132.3155059814453,132.63999938964844,132.10009765625,132.52000427246094,167796,0
2026-06-10 12:40:00-04:00,132.51600646972656,132.60000610351562,132.19000244140625,132.24000549316406,145071,0
2026-06-10 12:45:00-04:00,132.19500732421875,132.22000122070312,131.6199951171875,131.83999633789062,187224,0
2026-06-10 12:50:00-04:00,131.8125,132.1199951171875,131.7675018310547,131.9600067138672,119900,0
2026-06-10 12:55:00-04:00,131.97000122070312,131.97500610351562,131.66000366210938,131.80999755859375,132203,0
2026-06-10 13:00:00-04:00,131.8350067138672,132.27000427246094,131.69009399414062,132.1199951171875,208983,0
2026-06-10 13:05:00-04:00,132.14999389648438,132.1699981689453,131.7010040283203,131.76499938964844,123843,0
2026-06-10 13:10:00-04:00,131.72999572753906,131.72999572753906,131.4116973876953,131.59500122070312,134590,0
2026-06-10 13:15:00-04:00,131.60000610351562,131.72999572753906,131.5,131.625,125186,0
2026-06-10 13:20:00-04:00,131.6199951171875,131.82989501953125,131.55999755859375,131.77999877929688,89930,0
2026-06-10 13:25:00-04:00,131.77999877929688,131.8800048828125,131.7100067138672,131.80999755859375,100045,0
2026-06-10 13:30:00-04:00,131.8000030517578,131.80880737304688,131.41009521484375,131.6300048828125,132231,0
2026-06-10 13:35:00-04:00,131.63999938964844,131.67999267578125,131.24000549316406,131.2550048828125,147162,0
2026-06-10 13:40:00-04:00,131.2899932861328,131.4600067138672,131.24899291992188,131.34500122070312,99180,0
2026-06-10 13:45:00-04:00,131.36000061035156,132.1300048828125,131.3000030517578,131.93499755859375,220390,0
2026-06-10 13:50:00-04:00,131.94000244140625,132.0146026611328,131.39700317382812,131.69500732421875,149107,0
2026-06-10 13:55:00-04:00,131.75,131.97999572753906,131.6649932861328,131.97000122070312,134155,0
2026-06-10 14:00:00-04:00,131.99000549316406,132.1999969482422,131.9001007080078,132.06500244140625,161458,0
2026-06-10 14:05:00-04:00,132.02000427246094,132.07749938964844,131.77999877929688,131.77999877929688,106754,0
2026-06-10 14:10:00-04:00,131.76699829101562,131.8300018310547,131.52000427246094,131.55419921875,119649,0
2026-06-10 14:15:00-04:00,131.5500030517578,131.8498992919922,131.41000366210938,131.4761962890625,118491,0
2026-06-10 14:20:00-04:00,131.49989318847656,131.71499633789062,131.44000244140625,131.51499938964844,93677,0
2026-06-10 14:25:00-04:00,131.52999877929688,131.66000366210938,131.4250030517578,131.5,99187,0
2026-06-10 14:30:00-04:00,131.47000122070312,131.5449981689453,131.36000061035156,131.38999938964844,709802,0
2026-06-10 14:35:00-04:00,131.3699951171875,131.4199981689453,131.110107421875,131.22000122070312,150061,0
2026-06-10 14:40:00-04:00,131.25,131.36000061035156,131.19000244140625,131.22500610351562,132804,0
2026-06-10 14:45:00-04:00,131.24000549316406,131.2799072265625,130.97000122070312,131.13999938964844,201831,0
2026-06-10 14:50:00-04:00,131.1300048828125,131.1699981689453,130.89999389648438,131.08999633789062,147324,0
2026-06-10 14:55:00-04:00,131.08999633789062,131.08999633789062,130.8800048828125,130.97999572753906,113894,0
2026-06-10 15:00:00-04:00,130.97999572753906,130.97999572753906,130.6199951171875,130.8000030517578,203819,0
2026-06-10 15:05:00-04:00,130.8000030517578,130.90390014648438,130.72999572753906,130.77000427246094,137201,0
2026-06-10 15:10:00-04:00,130.8000030517578,130.8000030517578,130.42999267578125,130.5399932861328,166804,0
2026-06-10 15:15:00-04:00,130.54010009765625,130.5500030517578,130.26010131835938,130.27999877929688,136986,0
2026-06-10 15:20:00-04:00,130.27000427246094,130.2899932861328,129.99000549316406,130.10000610351562,278451,0
2026-06-10 15:25:00-04:00,130.09500122070312,130.1300048828125,129.8699951171875,130.0800018310547,226280,0
2026-06-10 15:30:00-04:00,130.0800018310547,130.4600067138672,129.9250030517578,130.41119384765625,313423,0
2026-06-10 15:35:00-04:00,130.43499755859375,130.80999755859375,130.38999938964844,130.6999969482422,276060,0
2026-06-10 15:40:00-04:00,130.6999969482422,130.80999755859375,130.5200958251953,130.72999572753906,333731,0
2026-06-10 15:45:00-04:00,130.7100067138672,130.75,130.3800048828125,130.529296875,253197,0
2026-06-10 15:50:00-04:00,130.50999450683594,130.61849975585938,130.10000610351562,130.4427032470703,637381,0
2026-06-10 15:55:00-04:00,130.4199981689453,130.72000122070312,130.22999572753906,130.22999572753906,1099741,0
2026-06-11 09:30:00-04:00,128.7899932861328,130.0,127.18000030517578,127.9000015258789,1992805,0
2026-06-11 09:35:00-04:00,127.87000274658203,129.1490020751953,127.76000213623047,128.22999572753906,695101,0
2026-06-11 09:40:00-04:00,128.19580078125,128.8679962158203,127.69999694824219,128.72000122070312,594359,0
2026-06-11 09:45:00-04:00,128.77000427246094,129.9199981689453,128.41000366210938,129.4499969482422,563550,0
2026-06-11 09:50:00-04:00,129.5,130.5399932861328,129.4199981689453,129.8800048828125,577764,0
2026-06-11 09:55:00-04:00,129.83999633789062,130.19000244140625,129.66000366210938,129.9499969482422,351762,0
2026-06-11 10:00:00-04:00,130.0,130.6699981689453,129.94500732421875,130.19500732421875,392974,0
2026-06-11 10:05:00-04:00,130.14999389648438,130.1898956298828,129.64999389648438,129.73829650878906,263973,0
2026-06-11 10:10:00-04:00,129.74000549316406,129.77000427246094,128.72000122070312,128.86000061035156,359525,0
2026-06-11 10:15:00-04:00,128.84500122070312,129.3800048828125,128.7899932861328,128.92999267578125,272633,0
2026-06-11 10:20:00-04:00,128.94000244140625,129.8345947265625,128.9250030517578,129.63999938964844,245531,0
2026-06-11 10:25:00-04:00,129.5449981689453,129.64999389648438,128.985107421875,129.58999633789062,246428,0
2026-06-11 10:30:00-04:00,129.61000061035156,129.75,129.1824951171875,129.41000366210938,185475,0
2026-06-11 10:35:00-04:00,129.4199981689453,130.3000030517578,129.41000366210938,129.98500061035156,317511,0
2026-06-11 10:40:00-04:00,129.98849487304688,130.09800720214844,129.35000610351562,129.43499755859375,205879,0
2026-06-11 10:45:00-04:00,129.4600067138672,129.63999938964844,128.75999450683594,128.83999633789062,242896,0
2026-06-11 10:50:00-04:00,128.7949981689453,129.05999755859375,128.4600067138672,128.58949279785156,250373,0
2026-06-11 10:55:00-04:00,128.52499389648438,128.5449981689453,127.9000015258789,128.20899963378906,324160,0
2026-06-11 11:00:00-04:00,128.1999969482422,128.65989685058594,127.73999786376953,128.49400329589844,290360,0
2026-06-11 11:05:00-04:00,128.47000122070312,129.0,128.1699981689453,128.80999755859375,270354,0
2026-06-11 11:10:00-04:00,128.80999755859375,129.16000366210938,128.76010131835938,128.93499755859375,197814,0
2026-06-11 11:15:00-04:00,128.9499969482422,129.3699951171875,128.9199981689453,129.2449951171875,287563,0
2026-06-11 11:20:00-04:00,129.23500061035156,129.74000549316406,129.2100067138672,129.60499572753906,213085,0
2026-06-11 11:25:00-04:00,129.6199951171875,129.7899932861328,129.1999969482422,129.1999969482422,200028,0
2026-06-11 11:30:00-04:00,129.21499633789062,129.64999389648438,129.1199951171875,129.60000610351562,224611,0
2026-06-11 11:35:00-04:00,129.6300048828125,130.11000061035156,129.49139404296875,129.9600067138672,211572,0
2026-06-11 11:40:00-04:00,129.96499633789062,130.1699981689453,129.53030395507812,129.65499877929688,145276,0
2026-06-11 11:45:00-04:00,129.6699981689453,130.1280059814453,129.52000427246094,129.86000061035156,159671,0
2026-06-11 11:50:00-04:00,129.8699951171875,129.92999267578125,129.3300018310547,129.52000427246094,122323,0
2026-06-11 11:55:00-04:00,129.52999877929688,129.88999938964844,129.39999389648438,129.72999572753906,133909,0
2026-06-11 12:00:00-04:00,129.64999389648438,130.00999450683594,129.47999572753906,129.60499572753906,159795,0
2026-06-11 12:05:00-04:00,129.64999389648438,129.9694061279297,129.55999755859375,129.74000549316406,119001,0
2026-06-11 12:10:00-04:00,129.77000427246094,130.22999572753906,129.75999450683594,130.07009887695312,193735,0
2026-06-11 12:15:00-04:00,130.11000061035156,130.3300018310547,130.0800018310547,130.27999877929688,159887,0
2026-06-11 12:20:00-04:00,130.27499389648438,130.33999633789062,129.7899932861328,129.94000244140625,142440,0
2026-06-11 12:25:00-04:00,129.94000244140625,130.03050231933594,129.77000427246094,129.85499572753906,128375,0
2026-06-11 12:30:00-04:00,129.86000061035156,130.6300048828125,129.6999969482422,130.3300018310547,194239,0
2026-06-11 12:35:00-04:00,130.34500122070312,130.47999572753906,130.1300048828125,130.19000244140625,138765,0
2026-06-11 12:40:00-04:00,130.1999969482422,130.25,129.64999389648438,129.77499389648438,237437,0
2026-06-11 12:45:00-04:00,129.74000549316406,129.881103515625,129.57000732421875,129.60499572753906,142270,0
2026-06-11 12:50:00-04:00,129.6199951171875,129.64849853515625,129.1300048828125,129.22000122070312,191071,0
2026-06-11 12:55:00-04:00,129.22000122070312,129.22999572753906,128.9700927734375,128.9700927734375,167370,0
2026-06-11 13:00:00-04:00,128.99000549316406,129.2283935546875,128.80999755859375,128.88499450683594,164605,0
2026-06-11 13:05:00-04:00,128.8800048828125,129.22000122070312,128.8800048828125,129.1999969482422,139690,0
2026-06-11 13:10:00-04:00,129.2100067138672,129.36500549316406,128.9010009765625,129.06329345703125,177524,0
2026-06-11 13:15:00-04:00,129.0500030517578,129.22999572753906,128.8699951171875,128.97999572753906,144797,0
2026-06-11 13:20:00-04:00,128.97850036621094,129.11000061035156,128.80999755859375,129.0749969482422,129306,0
2026-06-11 13:25:00-04:00,129.06500244140625,130.6699981689453,129.00030517578125,130.66000366210938,516084,0
2026-06-11 13:30:00-04:00,130.66000366210938,131.5196990966797,130.42999267578125,131.0800018310547,655258,0
2026-06-11 13:35:00-04:00,131.1199951171875,131.2100067138672,130.3699951171875,130.77999877929688,259378,0
2026-06-11 13:40:00-04:00,130.8000030517578,131.27999877929688,130.61000061035156,131.1199951171875,226435,0
2026-06-11 13:45:00-04:00,131.1199951171875,131.17349243164062,130.55999755859375,130.61000061035156,187660,0
2026-06-11 13:50:00-04:00,130.66510009765625,130.6999969482422,130.17999267578125,130.65499877929688,213828,0
2026-06-11 13:55:00-04:00,130.6479949951172,130.8800048828125,130.4199981689453,130.85000610351562,189014,0
2026-06-11 14:00:00-04:00,130.84500122070312,131.32000732421875,130.4499969482422,130.51499938964844,188663,0
2026-06-11 14:05:00-04:00,130.5,130.72000122070312,130.3300018310547,130.57000732421875,197764,0
2026-06-11 14:10:00-04:00,130.5850067138672,130.8000030517578,130.52000427246094,130.74400329589844,138030,0
2026-06-11 14:15:00-04:00,130.77000427246094,131.3498992919922,130.73500061035156,131.3000030517578,182599,0
2026-06-11 14:20:00-04:00,131.25999450683594,131.25999450683594,130.69500732421875,130.83999633789062,261015,0
2026-06-11 14:25:00-04:00,130.80499267578125,130.92999267578125,130.6510009765625,130.77000427246094,162730,0
2026-06-11 14:30:00-04:00,130.7899932861328,130.92999267578125,130.53500366210938,130.5449981689453,189129,0
2026-06-11 14:35:00-04:00,130.60000610351562,130.77999877929688,130.44009399414062,130.48500061035156,172080,0
2026-06-11 14:40:00-04:00,130.47500610351562,130.5800018310547,130.3300018310547,130.375,165553,0
2026-06-11 14:45:00-04:00,130.35000610351562,130.55999755859375,130.27000427246094,130.45559692382812,131225,0
2026-06-11 14:50:00-04:00,130.4550018310547,130.55999755859375,130.3300018310547,130.39999389648438,187011,0
2026-06-11 14:55:00-04:00,130.3699951171875,130.42999267578125,130.10000610351562,130.1999969482422,195912,0
2026-06-11 15:00:00-04:00,130.17999267578125,130.44000244140625,130.08999633789062,130.12820434570312,194585,0
2026-06-11 15:05:00-04:00,130.14500427246094,130.16000366210938,129.91990661621094,130.03269958496094,234792,0
2026-06-11 15:10:00-04:00,130.0500030517578,130.5500030517578,130.0449981689453,130.47999572753906,339681,0
2026-06-11 15:15:00-04:00,130.47999572753906,130.5500030517578,130.34010314941406,130.47000122070312,209249,0
2026-06-11 15:20:00-04:00,130.47500610351562,130.60000610351562,130.22000122070312,130.3350067138672,283149,0
2026-06-11 15:25:00-04:00,130.3350067138672,130.639892578125,130.30999755859375,130.57000732421875,312904,0
2026-06-11 15:30:00-04:00,130.57009887695312,131.30999755859375,130.57000732421875,131.2899932861328,416863,0
2026-06-11 15:35:00-04:00,131.2899932861328,131.36000061035156,130.86000061035156,130.99000549316406,311790,0
2026-06-11 15:40:00-04:00,131.0050048828125,131.35000610351562,130.9199981689453,131.22500610351562,247930,0
2026-06-11 15:45:00-04:00,131.2100067138672,131.21499633789062,130.88999938964844,130.88999938964844,332265,0
2026-06-11 15:50:00-04:00,130.9199981689453,131.1199951171875,130.58999633789062,130.96499633789062,554975,0
2026-06-11 15:55:00-04:00,130.9499969482422,131.39999389648438,130.67999267578125,131.02000427246094,1356196,0
2026-06-12 09:30:00-04:00,130.9149932861328,131.08999633789062,128.19000244140625,128.19000244140625,2074977,0
2026-06-12 09:35:00-04:00,128.1699981689453,128.92999267578125,127.91000366210938,128.30999755859375,1226838,0
2026-06-12 09:40:00-04:00,128.2904052734375,128.31500244140625,127.20089721679688,127.45999908447266,920786,0
2026-06-12 09:45:00-04:00,127.47000122070312,128.4550018310547,127.4406967163086,128.00900268554688,933842,0
2026-06-12 09:50:00-04:00,128.0,128.1750030517578,127.27100372314453,127.47000122070312,563502,0
2026-06-12 09:55:00-04:00,127.48999786376953,128.39999389648438,127.33999633789062,128.10499572753906,570033,0
2026-06-12 10:00:00-04:00,128.2100067138672,128.8125,127.86009979248047,127.9749984741211,595197,0
2026-06-12 10:05:00-04:00,127.99400329589844,128.7698974609375,127.83000183105469,128.71240234375,400306,0
2026-06-12 10:10:00-04:00,128.72000122070312,129.0,128.24099731445312,128.3800048828125,384134,0
2026-06-12 10:15:00-04:00,128.39999389648438,128.9499969482422,128.39999389648438,128.50999450683594,280258,0
2026-06-12 10:20:00-04:00,128.47999572753906,128.82000732421875,128.11000061035156,128.27000427246094,300472,0
2026-06-12 10:25:00-04:00,128.27999877929688,128.73989868164062,128.05999755859375,128.41000366210938,409115,0
2026-06-12 10:30:00-04:00,128.39999389648438,128.72000122070312,128.35000610351562,128.5,297789,0
2026-06-12 10:35:00-04:00,128.48500061035156,129.11000061035156,128.4499969482422,128.9199981689453,354169,0
2026-06-12 10:40:00-04:00,128.92039489746094,128.9600067138672,128.14999389648438,128.1750030517578,321129,0
2026-06-12 10:45:00-04:00,128.1699981689453,128.47999572753906,127.93000030517578,128.07000732421875,403290,0
2026-06-12 10:50:00-04:00,128.05999755859375,129.2100067138672,127.9800033569336,129.20989990234375,437972,0
2026-06-12 10:55:00-04:00,129.17999267578125,129.41990661621094,128.8101043701172,129.27000427246094,383087,0
2026-06-12 11:00:00-04:00,129.2899932861328,129.64999389648438,129.22999572753906,129.47999572753906,376423,0
2026-06-12 11:05:00-04:00,129.4720001220703,129.97000122070312,129.38999938964844,129.7550048828125,326232,0
2026-06-12 11:10:00-04:00,129.71009826660156,130.1385955810547,129.61000061035156,130.0749969482422,302142,0
2026-06-12 11:15:00-04:00,130.10000610351562,130.2100067138672,129.85009765625,130.10000610351562,224818,0
2026-06-12 11:20:00-04:00,130.08999633789062,130.35000610351562,129.9499969482422,130.3000030517578,225230,0
2026-06-12 11:25:00-04:00,130.32000732421875,130.47000122070312,130.04299926757812,130.077392578125,217918,0
2026-06-12 11:30:00-04:00,130.0500030517578,130.10000610351562,129.3300018310547,129.3300018310547,309776,0
2026-06-12 11:35:00-04:00,129.33999633789062,129.64999389648438,128.6699981689453,128.92999267578125,500563,0
2026-06-12 11:40:00-04:00,128.9001007080078,128.97999572753906,128.58999633789062,128.63499450683594,278492,0
2026-06-12 11:45:00-04:00,128.58999633789062,128.86000061035156,127.91000366210938,127.94110107421875,386222,0
2026-06-12 11:50:00-04:00,127.93000030517578,128.74000549316406,127.61000061035156,127.82990264892578,450888,0
2026-06-12 11:55:00-04:00,127.83499908447266,128.74000549316406,126.77999877929688,126.93499755859375,944132,0
2026-06-12 12:00:00-04:00,126.95500183105469,127.41999816894531,126.6500015258789,126.75,673448,0
2026-06-12 12:05:00-04:00,126.75499725341797,128.73800659179688,126.71499633789062,127.2300033569336,495135,0
2026-06-12 12:10:00-04:00,127.2300033569336,128.1300048828125,127.05449676513672,127.90499877929688,643761,0
2026-06-12 12:15:00-04:00,127.91510009765625,128.48989868164062,127.9000015258789,128.09500122070312,521932,0
2026-06-12 12:20:00-04:00,128.09500122070312,128.36880493164062,127.95999908447266,128.22000122070312,288877,0
2026-06-12 12:25:00-04:00,128.2154998779297,128.38499450683594,128.08999633789062,128.1699981689453,201335,0
2026-06-12 12:30:00-04:00,128.19000244140625,128.27000427246094,127.93499755859375,128.23989868164062,238182,0
2026-06-12 12:35:00-04:00,128.22000122070312,128.3498992919922,128.0240936279297,128.16000366210938,177670,0
2026-06-12 12:40:00-04:00,128.17999267578125,128.3800048828125,127.96160125732422,128.05870056152344,281851,0
2026-06-12 12:45:00-04:00,128.0399932861328,128.1300048828125,127.84110260009766,127.99700164794922,207141,0
2026-06-12 12:50:00-04:00,127.97000122070312,128.10000610351562,127.86499786376953,127.86499786376953,184070,0
2026-06-12 12:55:00-04:00,127.87000274658203,128.1999969482422,127.75,128.1649932861328,242053,0
2026-06-12 13:00:00-04:00,128.17999267578125,128.25990295410156,128.02000427246094,128.22000122070312,249712,0
2026-06-12 13:05:00-04:00,128.1999969482422,128.5800018310547,128.1322021484375,128.4199981689453,385945,0
2026-06-12 13:10:00-04:00,128.4199981689453,128.4199981689453,128.0,128.22999572753906,277207,0
2026-06-12 13:15:00-04:00,128.22999572753906,128.32000732421875,128.0500030517578,128.0500030517578,221419,0
2026-06-12 13:20:00-04:00,128.0500030517578,128.22999572753906,128.0500030517578,128.13999938964844,201676,0
2026-06-12 13:25:00-04:00,128.14199829101562,128.14999389648438,127.95999908447266,128.05999755859375,189735,0
2026-06-12 13:30:00-04:00,128.05999755859375,128.1981964111328,127.91000366210938,128.10000610351562,200916,0
2026-06-12 13:35:00-04:00,128.1199951171875,128.23500061035156,127.96499633789062,128.08999633789062,226198,0
2026-06-12 13:40:00-04:00,128.0800018310547,128.1199951171875,127.95010375976562,128.0500030517578,166472,0
2026-06-12 13:45:00-04:00,128.05499267578125,128.27999877929688,128.0500030517578,128.11000061035156,208045,0
2026-06-12 13:50:00-04:00,128.12930297851562,128.21780395507812,128.0500946044922,128.1649932861328,146108,0
2026-06-12 13:55:00-04:00,128.16000366210938,128.1699981689453,127.96499633789062,128.02000427246094,195315,0
2026-06-12 14:00:00-04:00,128.02000427246094,128.24000549316406,127.9800033569336,128.0800018310547,242352,0
2026-06-12 14:05:00-04:00,128.0500030517578,128.1699981689453,128.02420043945312,128.0800018310547,194815,0
2026-06-12 14:10:00-04:00,128.09500122070312,128.27999877929688,128.0408935546875,128.14999389648438,179791,0
2026-06-12 14:15:00-04:00,128.13999938964844,128.1999053955078,127.86000061035156,127.9749984741211,234946,0
2026-06-12 14:20:00-04:00,127.95999908447266,128.11500549316406,127.91079711914062,127.9800033569336,209914,0
2026-06-12 14:25:00-04:00,127.9800033569336,128.11000061035156,127.91000366210938,128.0850067138672,140210,0
2026-06-12 14:30:00-04:00,128.08999633789062,128.25,128.0500030517578,128.09979248046875,240127,0
2026-06-12 14:35:00-04:00,128.07000732421875,128.10000610351562,127.88999938964844,127.93499755859375,156839,0
2026-06-12 14:40:00-04:00,127.95980072021484,128.22999572753906,127.95980072021484,128.19500732421875,227685,0
2026-06-12 14:45:00-04:00,128.19500732421875,128.2899932861328,128.0850067138672,128.1750030517578,155235,0
2026-06-12 14:50:00-04:00,128.1602020263672,128.2100067138672,127.98999786376953,128.1199951171875,129594,0
2026-06-12 14:55:00-04:00,128.09500122070312,128.1699981689453,127.77999877929688,127.77999877929688,250032,0
2026-06-12 15:00:00-04:00,127.77999877929688,128.0,127.6989974975586,127.87999725341797,198046,0
2026-06-12 15:05:00-04:00,127.9000015258789,128.05850219726562,127.81999969482422,128.0,176165,0
2026-06-12 15:10:00-04:00,128.01499938964844,128.27999877929688,127.98999786376953,128.27000427246094,236430,0
2026-06-12 15:15:00-04:00,128.2899932861328,128.32000732421875,127.9000015258789,128.1699981689453,293982,0
2026-06-12 15:20:00-04:00,128.1699981689453,128.2707061767578,128.0749969482422,128.1199951171875,194780,0
2026-06-12 15:25:00-04:00,128.11000061035156,128.3000030517578,128.08999633789062,128.19500732421875,235484,0
2026-06-12 15:30:00-04:00,128.1616973876953,128.27000427246094,127.94000244140625,127.94000244140625,240012,0
2026-06-12 15:35:00-04:00,127.93000030517578,128.38999938964844,127.8949966430664,128.08929443359375,385349,0
2026-06-12 15:40:00-04:00,128.0749969482422,128.1999053955078,128.02029418945312,128.14999389648438,194414,0
2026-06-12 15:45:00-04:00,128.14500427246094,128.19000244140625,127.98999786376953,128.07000732421875,2341390,0
2026-06-12 15:50:00-04:00,128.08999633789062,128.10000610351562,127.87000274658203,127.98999786376953,588641,0
2026-06-12 15:55:00-04:00,127.95999908447266,128.27499389648438,127.94499969482422,127.9800033569336,1172407,0
2026-06-15 09:30:00-04:00,129.98500061035156,132.07000732421875,129.77000427246094,131.39999389648438,5901937,0
2026-06-15 09:35:00-04:00,131.30999755859375,131.8800048828125,131.27000427246094,131.52000427246094,985273,0
2026-06-15 09:40:00-04:00,131.4949951171875,131.55999755859375,130.5200958251953,131.1300048828125,770290,0
2026-06-15 09:45:00-04:00,131.125,131.24000549316406,130.41000366210938,130.50999450683594,692983,0
2026-06-15 09:50:00-04:00,130.48500061035156,131.49000549316406,129.6999969482422,131.32000732421875,899891,0
2026-06-15 09:55:00-04:00,131.3000030517578,131.88999938964844,131.0399932861328,131.5697021484375,680486,0
2026-06-15 10:00:00-04:00,131.61000061035156,131.8800048828125,131.50999450683594,131.61000061035156,390774,0
2026-06-15 10:05:00-04:00,131.61199951171875,132.19500732421875,131.52000427246094,132.19000244140625,545322,0
2026-06-15 10:10:00-04:00,132.18499755859375,132.24000549316406,131.50999450683594,131.77000427246094,444894,0
2026-06-15 10:15:00-04:00,131.72999572753906,131.97000122070312,131.41000366210938,131.8249969482422,327067,0
2026-06-15 10:20:00-04:00,131.8249969482422,131.91000366210938,131.50999450683594,131.5749969482422,357002,0
2026-06-15 10:25:00-04:00,131.57000732421875,132.47000122070312,131.47999572753906,132.4600067138672,526167,0
2026-06-15 10:30:00-04:00,132.4499969482422,133.09500122070312,132.18519592285156,132.58999633789062,636826,0
2026-06-15 10:35:00-04:00,132.58999633789062,133.32000732421875,132.55999755859375,133.27000427246094,570361,0
2026-06-15 10:40:00-04:00,133.27999877929688,133.60000610351562,133.10000610351562,133.5800018310547,517000,0
2026-06-15 10:45:00-04:00,133.60000610351562,134.10000610351562,133.5500030517578,133.74000549316406,628137,0
2026-06-15 10:50:00-04:00,133.74000549316406,134.11990356445312,133.52000427246094,133.67999267578125,566273,0
2026-06-15 10:55:00-04:00,133.69000244140625,134.389892578125,133.65809631347656,134.2949981689453,610211,0
2026-06-15 11:00:00-04:00,134.2899932861328,134.30499267578125,133.69000244140625,133.94000244140625,615034,0
2026-06-15 11:05:00-04:00,133.9199981689453,134.25990295410156,133.8000030517578,134.10000610351562,378759,0
2026-06-15 11:10:00-04:00,134.10000610351562,134.3699951171875,133.91000366210938,134.14990234375,410833,0
2026-06-15 11:15:00-04:00,134.14999389648438,134.3800048828125,134.11000061035156,134.1699981689453,235501,0
2026-06-15 11:20:00-04:00,134.17999267578125,134.35000610351562,133.75,134.1999969482422,372914,0
2026-06-15 11:25:00-04:00,134.1699981689453,134.19000244140625,133.7017059326172,133.97500610351562,348813,0
2026-06-15 11:30:00-04:00,133.95010375976562,134.3249969482422,133.85000610351562,134.08999633789062,394075,0
2026-06-15 11:35:00-04:00,134.0800018310547,134.4084930419922,134.02000427246094,134.17999267578125,226144,0
2026-06-15 11:40:00-04:00,134.1999969482422,134.4499969482422,134.08999633789062,134.38999938964844,247259,0
2026-06-15 11:45:00-04:00,134.39500427246094,134.72999572753906,134.32000732421875,134.69900512695312,420672,0
2026-06-15 11:50:00-04:00,134.71499633789062,134.83999633789062,134.50999450683594,134.6300048828125,363034,0
2026-06-15 11:55:00-04:00,134.6199951171875,134.83999633789062,134.55999755859375,134.69500732421875,282630,0
2026-06-15 12:00:00-04:00,134.7050018310547,134.97999572753906,134.61000061035156,134.80499267578125,341994,0
2026-06-15 12:05:00-04:00,134.8000030517578,134.8592071533203,134.5800018310547,134.63999938964844,222391,0
2026-06-15 12:10:00-04:00,134.63999938964844,134.6999969482422,134.50010681152344,134.6300048828125,213413,0
2026-06-15 12:15:00-04:00,134.6300048828125,134.69000244140625,134.4499969482422,134.59500122070312,207425,0
2026-06-15 12:20:00-04:00,134.59500122070312,134.83999633789062,134.54010009765625,134.74000549316406,203643,0
2026-06-15 12:25:00-04:00,134.72999572753906,134.94000244140625,134.6999969482422,134.77999877929688,186256,0
2026-06-15 12:30:00-04:00,134.76040649414062,134.83999633789062,134.57000732421875,134.57000732421875,211739,0
2026-06-15 12:35:00-04:00,134.57000732421875,134.72500610351562,134.3802947998047,134.4499969482422,248922,0
2026-06-15 12:40:00-04:00,134.4600067138672,134.5699005126953,134.19000244140625,134.32119750976562,220975,0
2026-06-15 12:45:00-04:00,134.3249969482422,134.36990356445312,134.07000732421875,134.21009826660156,243874,0
2026-06-15 12:50:00-04:00,134.22999572753906,134.3394012451172,134.08999633789062,134.125,197730,0
2026-06-15 12:55:00-04:00,134.11000061035156,134.1300048828125,133.74000549316406,133.7899932861328,311223,0
2026-06-15 13:00:00-04:00,133.77999877929688,133.92990112304688,133.5800018310547,133.88999938964844,288429,0
2026-06-15 13:05:00-04:00,133.88999938964844,133.97500610351562,133.6750030517578,133.89999389648438,191832,0
2026-06-15 13:10:00-04:00,133.8800048828125,134.07000732421875,133.80999755859375,133.91000366210938,192993,0
2026-06-15 13:15:00-04:00,133.9250030517578,134.07000732421875,133.81500244140625,133.81500244140625,223059,0
2026-06-15 13:20:00-04:00,133.81500244140625,133.91000366210938,133.74000549316406,133.86500549316406,263763,0
2026-06-15 13:25:00-04:00,133.86990356445312,133.8957977294922,133.75999450683594,133.875,102611,0
2026-06-15 13:30:00-04:00,133.8800048828125,134.13999938964844,133.67999267578125,134.1300048828125,196999,0
2026-06-15 13:35:00-04:00,134.13999938964844,134.25,133.99000549316406,134.1300048828125,187533,0
2026-06-15 13:40:00-04:00,134.16000366210938,134.28500366210938,134.0,134.1199951171875,364012,0
2026-06-15 13:45:00-04:00,134.125,134.125,133.9199981689453,133.97000122070312,148468,0
2026-06-15 13:50:00-04:00,133.97000122070312,134.0399932861328,133.77999877929688,133.98899841308594,145363,0
2026-06-15 13:55:00-04:00,133.97000122070312,133.97000122070312,133.8000030517578,133.8249969482422,135823,0
2026-06-15 14:00:00-04:00,133.83999633789062,133.88499450683594,133.47000122070312,133.52999877929688,241464,0
2026-06-15 14:05:00-04:00,133.52999877929688,133.70689392089844,133.39999389648438,133.51499938964844,174879,0
2026-06-15 14:10:00-04:00,133.52000427246094,133.61500549316406,133.41000366210938,133.4949951171875,194242,0
2026-06-15 14:15:00-04:00,133.4949951171875,133.75,133.49000549316406,133.62789916992188,224111,0
2026-06-15 14:20:00-04:00,133.63980102539062,133.9499053955078,133.6300048828125,133.93499755859375,205453,0
2026-06-15 14:25:00-04:00,133.92999267578125,134.16990661621094,133.89999389648438,134.1300048828125,219542,0
2026-06-15 14:30:00-04:00,134.1199951171875,134.1999969482422,133.88499450683594,133.89999389648438,182970,0
2026-06-15 14:35:00-04:00,133.89999389648438,134.07000732421875,133.7899932861328,133.9300994873047,180226,0
2026-06-15 14:40:00-04:00,133.9250030517578,133.99349975585938,133.8800048828125,133.9600067138672,153924,0
2026-06-15 14:45:00-04:00,133.94000244140625,134.17990112304688,133.92999267578125,134.07000732421875,178076,0
2026-06-15 14:50:00-04:00,134.0749969482422,134.1750030517578,133.9300994873047,134.1750030517578,123943,0
2026-06-15 14:55:00-04:00,134.1699981689453,134.3800048828125,134.1199951171875,134.30999755859375,194383,0
2026-06-15 15:00:00-04:00,134.30999755859375,134.3800048828125,134.17999267578125,134.25999450683594,180347,0
2026-06-15 15:05:00-04:00,134.25999450683594,134.35499572753906,134.02999877929688,134.21499633789062,239066,0
2026-06-15 15:10:00-04:00,134.1750030517578,134.4196014404297,134.1699981689453,134.38729858398438,152588,0
2026-06-15 15:15:00-04:00,134.38999938964844,134.6699981689453,134.3699951171875,134.39999389648438,264947,0
2026-06-15 15:20:00-04:00,134.39999389648438,134.43499755859375,134.13009643554688,134.1999969482422,167117,0
2026-06-15 15:25:00-04:00,134.19000244140625,134.3000030517578,134.11000061035156,134.25999450683594,203861,0
2026-06-15 15:30:00-04:00,134.25,134.4199981689453,134.1800994873047,134.3300018310547,818437,0
2026-06-15 15:35:00-04:00,134.32000732421875,134.52000427246094,134.32000732421875,134.49000549316406,229178,0
2026-06-15 15:40:00-04:00,134.5,134.58999633789062,134.42999267578125,134.5399932861328,211636,0
2026-06-15 15:45:00-04:00,134.5399932861328,134.92999267578125,134.52000427246094,134.79429626464844,413856,0
2026-06-15 15:50:00-04:00,134.7899932861328,134.88499450683594,134.4199981689453,134.72999572753906,683393,0
2026-06-15 15:55:00-04:00,134.75,134.83999633789062,134.27999877929688,134.6999969482422,1501505,0
2026-06-16 09:30:00-04:00,134.50770568847656,134.50770568847656,132.14100646972656,132.4949951171875,2222546,0
2026-06-16 09:35:00-04:00,132.4949951171875,132.80999755859375,131.5500030517578,132.0,758643,0
2026-06-16 09:40:00-04:00,131.99000549316406,133.1300048828125,131.85769653320312,132.90499877929688,760070,0
2026-06-16 09:45:00-04:00,132.8699951171875,133.48550415039062,132.83999633789062,133.11000061035156,678217,0
2026-06-16 09:50:00-04:00,133.1699981689453,133.4282989501953,132.63999938964844,132.71279907226562,586441,0
2026-06-16 09:55:00-04:00,132.7100067138672,133.25,132.6300048828125,132.75,462181,0
2026-06-16 10:00:00-04:00,132.7899932861328,132.81500244140625,131.91000366210938,132.10000610351562,561166,0
2026-06-16 10:05:00-04:00,132.10000610351562,132.25,131.3000030517578,131.52499389648438,534760,0
2026-06-16 10:10:00-04:00,131.52999877929688,131.73989868164062,130.72999572753906,130.80560302734375,674553,0
2026-06-16 10:15:00-04:00,130.92999267578125,130.98500061035156,130.22000122070312,130.24000549316406,523795,0
2026-06-16 10:20:00-04:00,130.25,130.37989807128906,129.9499969482422,130.11000061035156,615446,0
2026-06-16 10:25:00-04:00,130.11000061035156,130.67999267578125,130.08169555664062,130.4499969482422,517599,0
2026-06-16 10:30:00-04:00,130.42999267578125,130.4499969482422,130.0500030517578,130.22000122070312,449949,0
2026-06-16 10:35:00-04:00,130.25,130.7449951171875,130.1300048828125,130.7200927734375,926833,0
2026-06-16 10:40:00-04:00,130.75,130.77000427246094,129.6999969482422,129.84500122070312,521253,0
2026-06-16 10:45:00-04:00,129.84500122070312,130.125,129.75010681152344,130.08999633789062,388629,0
2026-06-16 10:50:00-04:00,130.11000061035156,130.1439971923828,129.83560180664062,130.07989501953125,327083,0
2026-06-16 10:55:00-04:00,130.05499267578125,130.16799926757812,129.6199951171875,129.875,477945,0
2026-06-16 11:00:00-04:00,129.8800048828125,130.4499053955078,129.85499572753906,130.36500549316406,336869,0
2026-06-16 11:05:00-04:00,130.36529541015625,131.0500030517578,130.2899932861328,130.87950134277344,418844,0
2026-06-16 11:10:00-04:00,130.8300018310547,131.08999633789062,130.7050018310547,131.08999633789062,263940,0
2026-06-16 11:15:00-04:00,131.0749969482422,131.25,130.9199981689453,131.08999633789062,273895,0
2026-06-16 11:20:00-04:00,131.11000061035156,131.25,130.89999389648438,131.16000366210938,279748,0
2026-06-16 11:25:00-04:00,131.16000366210938,131.32989501953125,131.07000732421875,131.08999633789062,291311,0
2026-06-16 11:30:00-04:00,131.1199951171875,131.52499389648438,131.07000732421875,131.47000122070312,162629,0
2026-06-16 11:35:00-04:00,131.45010375976562,131.61000061035156,131.33999633789062,131.4698944091797,200752,0
2026-06-16 11:40:00-04:00,131.4550018310547,131.48500061035156,131.02000427246094,131.1649932861328,197493,0
2026-06-16 11:45:00-04:00,131.16000366210938,131.19000244140625,130.88999938964844,131.1699981689453,226786,0
2026-06-16 11:50:00-04:00,131.19000244140625,131.3000030517578,131.0500030517578,131.09500122070312,222191,0
2026-06-16 11:55:00-04:00,131.08999633789062,131.24000549316406,130.82009887695312,130.8350067138672,144888,0
2026-06-16 12:00:00-04:00,130.82000732421875,131.0399932861328,130.60000610351562,130.64920043945312,297625,0
2026-06-16 12:05:00-04:00,130.63499450683594,130.6649932861328,130.32000732421875,130.53799438476562,211267,0
2026-06-16 12:10:00-04:00,130.50999450683594,130.52000427246094,130.375,130.46519470214844,154508,0
2026-06-16 12:15:00-04:00,130.47000122070312,130.67999267578125,130.3800048828125,130.63499450683594,182036,0
2026-06-16 12:20:00-04:00,130.66000366210938,130.7698974609375,130.49000549316406,130.5399932861328,167927,0
2026-06-16 12:25:00-04:00,130.55499267578125,130.9550018310547,130.5500030517578,130.79319763183594,151401,0
2026-06-16 12:30:00-04:00,130.8000030517578,130.92990112304688,130.68499755859375,130.76499938964844,141473,0
2026-06-16 12:35:00-04:00,130.77000427246094,130.99000549316406,130.6199951171875,130.99000549316406,146042,0
2026-06-16 12:40:00-04:00,130.99000549316406,131.07000732421875,130.8699951171875,130.89999389648438,129853,0
2026-06-16 12:45:00-04:00,130.88999938964844,131.0198974609375,130.8300018310547,130.9499969482422,114220,0
2026-06-16 12:50:00-04:00,130.9600067138672,131.13499450683594,130.9499969482422,131.0800018310547,134388,0
2026-06-16 12:55:00-04:00,131.0800018310547,131.21600341796875,130.97000122070312,131.02999877929688,116309,0
2026-06-16 13:00:00-04:00,131.02499389648438,131.1990966796875,130.94369506835938,131.1699981689453,101816,0
2026-06-16 13:05:00-04:00,131.14999389648438,131.39999389648438,131.14999389648438,131.2550048828125,131181,0
2026-06-16 13:10:00-04:00,131.2550048828125,131.38999938964844,131.2030029296875,131.2899932861328,76809,0
2026-06-16 13:15:00-04:00,131.2899932861328,131.30999755859375,131.0,131.02999877929688,111833,0
2026-06-16 13:20:00-04:00,131.01499938964844,131.16000366210938,130.92030334472656,131.16000366210938,117531,0
2026-06-16 13:25:00-04:00,131.21499633789062,131.25,130.92999267578125,130.94000244140625,91821,0
2026-06-16 13:30:00-04:00,130.94650268554688,131.02000427246094,130.67999267578125,130.73800659179688,137186,0
2026-06-16 13:35:00-04:00,130.72999572753906,130.85000610351562,130.52020263671875,130.57000732421875,127804,0
2026-06-16 13:40:00-04:00,130.57400512695312,130.83889770507812,130.50999450683594,130.77499389648438,146558,0
2026-06-16 13:45:00-04:00,130.77999877929688,130.83990478515625,130.6511993408203,130.70010375976562,97981,0
2026-06-16 13:50:00-04:00,130.72999572753906,130.9499053955078,130.7100067138672,130.82000732421875,137579,0
2026-06-16 13:55:00-04:00,130.82000732421875,130.9199981689453,130.77000427246094,130.86000061035156,98176,0
2026-06-16 14:00:00-04:00,130.8699951171875,131.13499450683594,130.8300018310547,130.99000549316406,134399,0
2026-06-16 14:05:00-04:00,130.97000122070312,131.02999877929688,130.8699951171875,130.94500732421875,97600,0
2026-06-16 14:10:00-04:00,130.92999267578125,131.11990356445312,130.91510009765625,131.08999633789062,90863,0
2026-06-16 14:15:00-04:00,131.10000610351562,131.13999938964844,130.97000122070312,131.0399932861328,107074,0
2026-06-16 14:20:00-04:00,131.02999877929688,131.22500610351562,130.9600067138672,131.08399963378906,111376,0
2026-06-16 14:25:00-04:00,131.0800018310547,131.14999389648438,131.0500030517578,131.12460327148438,120475,0
2026-06-16 14:30:00-04:00,131.12550354003906,131.16990661621094,131.0850067138672,131.1300048828125,75797,0
2026-06-16 14:35:00-04:00,131.13999938964844,131.27699279785156,131.07000732421875,131.25999450683594,112685,0
2026-06-16 14:40:00-04:00,131.26499938964844,131.38999938964844,131.1304931640625,131.36000061035156,145664,0
2026-06-16 14:45:00-04:00,131.35000610351562,131.8800048828125,131.35000610351562,131.7899932861328,271319,0
2026-06-16 14:50:00-04:00,131.80999755859375,132.22000122070312,131.8000030517578,132.09579467773438,359312,0
2026-06-16 14:55:00-04:00,132.08999633789062,132.34640502929688,131.9600067138672,132.03790283203125,311382,0
2026-06-16 15:00:00-04:00,132.03500366210938,132.13999938964844,131.8000946044922,131.89500427246094,214113,0
2026-06-16 15:05:00-04:00,131.89999389648438,132.00999450683594,131.6699981689453,131.9512939453125,235059,0
2026-06-16 15:10:00-04:00,131.97000122070312,132.14999389648438,131.9149932861328,132.08999633789062,239268,0
2026-06-16 15:15:00-04:00,132.0800018310547,132.22300720214844,131.86000061035156,132.14500427246094,641022,0
2026-06-16 15:20:00-04:00,132.1300048828125,132.4499969482422,132.05999755859375,132.36000061035156,274994,0
2026-06-16 15:25:00-04:00,132.35000610351562,132.50999450683594,132.28500366210938,132.32000732421875,188106,0
2026-06-16 15:30:00-04:00,132.3350067138672,132.64999389648438,132.3000030517578,132.5500030517578,248414,0
2026-06-16 15:35:00-04:00,132.52999877929688,132.6699981689453,132.47000122070312,132.5800018310547,244442,0
2026-06-16 15:40:00-04:00,132.5800018310547,132.72000122070312,132.51010131835938,132.6999969482422,232165,0
2026-06-16 15:45:00-04:00,132.69000244140625,133.0,132.67999267578125,132.92999267578125,373271,0
2026-06-16 15:50:00-04:00,132.9600067138672,133.74000549316406,132.8000030517578,133.67999267578125,816362,0
2026-06-16 15:55:00-04:00,133.66000366210938,133.66000366210938,133.17999267578125,133.24000549316406,1581308,0
2026-06-17 09:30:00-04:00,131.84500122070312,131.9199981689453,130.60000610351562,131.4550018310547,1211395,0
2026-06-17 09:35:00-04:00,131.44500732421875,132.14999389648438,130.72000122070312,132.11000061035156,598752,0
2026-06-17 09:40:00-04:00,132.09500122070312,134.24000549316406,132.08140563964844,134.19500732421875,812192,0
2026-06-17 09:45:00-04:00,134.61000061035156,135.30599975585938,134.5500030517578,134.7899932861328,1054515,0
2026-06-17 09:50:00-04:00,134.75,135.27999877929688,134.22000122070312,134.75999450683594,787211,0
2026-06-17 09:55:00-04:00,134.75999450683594,135.1300048828125,133.7100067138672,134.6699981689453,716595,0
2026-06-17 10:00:00-04:00,134.6199951171875,134.88999938964844,133.9149932861328,134.88999938964844,547580,0
2026-06-17 10:05:00-04:00,134.88999938964844,135.4499969482422,134.8000030517578,135.3300018310547,686137,0
2026-06-17 10:10:00-04:00,135.3101043701172,135.6999969482422,135.0500030517578,135.4199981689453,589852,0
2026-06-17 10:15:00-04:00,135.4199981689453,135.99000549316406,135.10009765625,135.30499267578125,670072,0
2026-06-17 10:20:00-04:00,135.27999877929688,135.85000610351562,134.73049926757812,134.76499938964844,586316,0
2026-06-17 10:25:00-04:00,134.75,134.92999267578125,134.27000427246094,134.3249969482422,376918,0
2026-06-17 10:30:00-04:00,134.32000732421875,134.90989685058594,134.25,134.7050018310547,391821,0
2026-06-17 10:35:00-04:00,134.69000244140625,134.8699951171875,134.1999969482422,134.231201171875,288037,0
2026-06-17 10:40:00-04:00,134.27000427246094,134.6300048828125,133.9250030517578,134.375,477685,0
2026-06-17 10:45:00-04:00,134.375,134.55999755859375,133.63999938964844,134.10000610351562,478295,0
2026-06-17 10:50:00-04:00,134.1300048828125,134.1300048828125,133.55999755859375,134.01499938964844,347953,0
2026-06-17 10:55:00-04:00,134.0,134.38729858398438,133.69070434570312,134.32000732421875,322276,0
2026-06-17 11:00:00-04:00,134.36500549316406,134.6750030517578,134.32000732421875,134.63510131835938,306724,0
2026-06-17 11:05:00-04:00,134.63510131835938,134.66990661621094,133.77999877929688,133.8699951171875,259825,0
2026-06-17 11:10:00-04:00,133.8699951171875,134.69000244140625,133.79190063476562,134.6300048828125,303064,0
2026-06-17 11:15:00-04:00,134.67999267578125,134.91000366210938,134.55999755859375,134.7550048828125,261899,0
2026-06-17 11:20:00-04:00,134.76499938964844,134.82000732421875,134.5399932861328,134.7299041748047,255894,0
2026-06-17 11:25:00-04:00,134.6999969482422,134.98500061035156,134.50010681152344,134.84500122070312,372720,0
2026-06-17 11:30:00-04:00,134.8800048828125,135.31500244140625,134.80999755859375,135.1699981689453,372422,0
2026-06-17 11:35:00-04:00,135.15499877929688,135.24000549316406,134.78269958496094,134.89999389648438,240873,0
2026-06-17 11:40:00-04:00,134.9199981689453,135.02999877929688,134.7050018310547,134.8800048828125,186839,0
2026-06-17 11:45:00-04:00,134.8800048828125,134.93499755859375,134.1199951171875,134.610107421875,537587,0
2026-06-17 11:50:00-04:00,134.6199951171875,134.69000244140625,134.25,134.26499938964844,139148,0
2026-06-17 11:55:00-04:00,134.22999572753906,134.64999389648438,134.08090209960938,134.4250030517578,320115,0
2026-06-17 12:00:00-04:00,134.4199981689453,134.8300018310547,134.4199981689453,134.55999755859375,185493,0
2026-06-17 12:05:00-04:00,134.5500030517578,134.97999572753906,134.52999877929688,134.94500732421875,357951,0
2026-06-17 12:10:00-04:00,134.94500732421875,135.03500366210938,134.6999969482422,134.81500244140625,154297,0
2026-06-17 12:15:00-04:00,134.82879638671875,135.12989807128906,134.8000030517578,135.1199951171875,139402,0
2026-06-17 12:20:00-04:00,135.1300048828125,135.27999877929688,135.00010681152344,135.22999572753906,213117,0
2026-06-17 12:25:00-04:00,135.2301025390625,135.4499053955078,135.1300048828125,135.34500122070312,208656,0
2026-06-17 12:30:00-04:00,135.3350067138672,135.4149932861328,134.77499389648438,134.77499389648438,190614,0
2026-06-17 12:35:00-04:00,134.8000030517578,135.1999969482422,134.77000427246094,135.08059692382812,150788,0
2026-06-17 12:40:00-04:00,135.09500122070312,135.10000610351562,134.85000610351562,134.86000061035156,122203,0
2026-06-17 12:45:00-04:00,134.8800048828125,134.9243927001953,134.64999389648438,134.64999389648438,72040,0
2026-06-17 12:50:00-04:00,134.66000366210938,135.16000366210938,134.61000061035156,135.0800018310547,148755,0
2026-06-17 12:55:00-04:00,135.08009338378906,135.27699279785156,134.9001007080078,134.93499755859375,161740,0
2026-06-17 13:00:00-04:00,134.91000366210938,135.0,134.6199951171875,134.92999267578125,148580,0
2026-06-17 13:05:00-04:00,134.9199981689453,135.3800048828125,134.72000122070312,135.0800018310547,273208,0
2026-06-17 13:10:00-04:00,135.0800018310547,135.16000366210938,134.92999267578125,134.94000244140625,94845,0
2026-06-17 13:15:00-04:00,134.9499969482422,134.99000549316406,134.7899932861328,134.83999633789062,122263,0
2026-06-17 13:20:00-04:00,134.80999755859375,135.07000732421875,134.6999969482422,134.86500549316406,117164,0
2026-06-17 13:25:00-04:00,134.875,134.97860717773438,134.6999969482422,134.7949981689453,136866,0
2026-06-17 13:30:00-04:00,134.7949981689453,134.8800048828125,134.66009521484375,134.8300018310547,153267,0
2026-06-17 13:35:00-04:00,134.8300018310547,135.24000549316406,134.7050018310547,135.21200561523438,180234,0
2026-06-17 13:40:00-04:00,135.22500610351562,135.30999755859375,135.02999877929688,135.13999938964844,156838,0
2026-06-17 13:45:00-04:00,135.19000244140625,135.75,135.1750030517578,135.65499877929688,267383,0
2026-06-17 13:50:00-04:00,135.65499877929688,136.10000610351562,135.52000427246094,136.06500244140625,327204,0
2026-06-17 13:55:00-04:00,136.05999755859375,136.05999755859375,135.75,135.8249969482422,253078,0
2026-06-17 14:00:00-04:00,135.85360717773438,135.91000366210938,134.1199951171875,134.1199951171875,549346,0
2026-06-17 14:05:00-04:00,134.16000366210938,134.17250061035156,133.50999450683594,134.11000061035156,440274,0
2026-06-17 14:10:00-04:00,134.10989379882812,134.31480407714844,133.9199981689453,134.22000122070312,264779,0
2026-06-17 14:15:00-04:00,134.21499633789062,134.65989685058594,134.21499633789062,134.38499450683594,195833,0
2026-06-17 14:20:00-04:00,134.360107421875,134.360107421875,133.83999633789062,133.9499969482422,212514,0
2026-06-17 14:25:00-04:00,133.9550018310547,134.01499938964844,133.58999633789062,133.94000244140625,270201,0
2026-06-17 14:30:00-04:00,133.93499755859375,134.3612060546875,133.66000366210938,133.7624969482422,370763,0
2026-06-17 14:35:00-04:00,133.77999877929688,134.41000366210938,133.72000122070312,133.97000122070312,216416,0
2026-06-17 14:40:00-04:00,133.96499633789062,134.42250061035156,133.6999969482422,134.35499572753906,294998,0
2026-06-17 14:45:00-04:00,134.36000061035156,134.4600067138672,134.19500732421875,134.28050231933594,164908,0
2026-06-17 14:50:00-04:00,134.3000030517578,134.57000732421875,134.11000061035156,134.22120666503906,179408,0
2026-06-17 14:55:00-04:00,134.14500427246094,134.15499877929688,132.88999938964844,133.1199951171875,311240,0
2026-06-17 15:00:00-04:00,133.15499877929688,133.66000366210938,133.0399932861328,133.22999572753906,254793,0
2026-06-17 15:05:00-04:00,133.25,133.29629516601562,132.62010192871094,132.68499755859375,330129,0
2026-06-17 15:10:00-04:00,132.72999572753906,133.0749969482422,132.38999938964844,133.00999450683594,305506,0
2026-06-17 15:15:00-04:00,133.02000427246094,133.06500244140625,132.54010009765625,132.54010009765625,255784,0
2026-06-17 15:20:00-04:00,132.5449981689453,132.5449981689453,131.860107421875,131.97000122070312,327680,0
2026-06-17 15:25:00-04:00,131.97999572753906,132.10000610351562,131.44009399414062,131.52999877929688,287428,0
2026-06-17 15:30:00-04:00,131.5,131.67999267578125,131.10000610351562,131.11000061035156,347581,0
2026-06-17 15:35:00-04:00,131.10009765625,131.4600067138672,130.52499389648438,130.6699981689453,429108,0
2026-06-17 15:40:00-04:00,130.67999267578125,130.789794921875,130.3800048828125,130.43499755859375,530161,0
2026-06-17 15:45:00-04:00,130.4499969482422,130.9199981689453,130.2899932861328,130.74000549316406,613476,0
2026-06-17 15:50:00-04:00,130.72999572753906,130.72999572753906,129.9199981689453,130.20899963378906,1024605,0
2026-06-17 15:55:00-04:00,130.22999572753906,130.72999572753906,130.14999389648438,130.66000366210938,1398212,0
2026-06-18 09:30:00-04:00,130.95249938964844,131.41000366210938,128.25999450683594,128.30499267578125,4589017,0
2026-06-18 09:35:00-04:00,128.2949981689453,128.66000366210938,127.44499969482422,127.69499969482422,1390972,0
2026-06-18 09:40:00-04:00,127.70989990234375,128.27000427246094,127.19010162353516,127.89990234375,938470,0
2026-06-18 09:45:00-04:00,127.91000366210938,128.27999877929688,126.80000305175781,126.89990234375,1204145,0
2026-06-18 09:50:00-04:00,126.91000366210938,127.31999969482422,126.69999694824219,126.92500305175781,887615,0
2026-06-18 09:55:00-04:00,126.875,126.94999694824219,125.01000213623047,125.5250015258789,1579537,0
2026-06-18 10:00:00-04:00,125.55000305175781,125.94000244140625,125.30000305175781,125.93920135498047,999543,0
2026-06-18 10:05:00-04:00,125.90499877929688,126.37999725341797,125.81999969482422,126.27999877929688,872037,0
2026-06-18 10:10:00-04:00,126.27999877929688,126.76499938964844,125.8499984741211,126.56999969482422,866374,0
2026-06-18 10:15:00-04:00,126.58000183105469,127.61000061035156,126.54000091552734,127.48999786376953,685069,0
2026-06-18 10:20:00-04:00,127.43000030517578,127.72000122070312,127.10009765625,127.1500015258789,512878,0
2026-06-18 10:25:00-04:00,127.17870330810547,127.34989929199219,126.77179718017578,126.93000030517578,534955,0
2026-06-18 10:30:00-04:00,126.9000015258789,127.04000091552734,126.5999984741211,126.97000122070312,412904,0
2026-06-18 10:35:00-04:00,126.95999908447266,127.63500213623047,126.57009887695312,127.62999725341797,1486038,0
2026-06-18 10:40:00-04:00,127.62999725341797,127.66500091552734,127.05000305175781,127.25,377128,0
2026-06-18 10:45:00-04:00,127.24500274658203,127.81629943847656,127.2405014038086,127.625,369640,0
2026-06-18 10:50:00-04:00,127.61000061035156,127.69999694824219,127.36000061035156,127.36000061035156,315993,0
2026-06-18 10:55:00-04:00,127.3499984741211,127.61759948730469,127.04000091552734,127.38500213623047,343101,0
2026-06-18 11:00:00-04:00,127.37999725341797,127.66000366210938,127.08190155029297,127.41000366210938,388409,0
2026-06-18 11:05:00-04:00,127.38500213623047,127.43599700927734,127.16000366210938,127.25499725341797,306980,0
2026-06-18 11:10:00-04:00,127.26000213623047,127.58999633789062,127.08000183105469,127.21499633789062,352920,0
2026-06-18 11:15:00-04:00,127.23999786376953,127.27999877929688,126.83000183105469,126.86499786376953,388405,0
2026-06-18 11:20:00-04:00,126.8499984741211,126.8499984741211,126.35399627685547,126.36009979248047,448869,0
2026-06-18 11:25:00-04:00,126.36000061035156,126.60990142822266,126.27999877929688,126.45500183105469,376138,0
2026-06-18 11:30:00-04:00,126.45999908447266,126.68000030517578,126.27999877929688,126.44499969482422,372383,0
2026-06-18 11:35:00-04:00,126.44000244140625,126.44999694824219,126.02999877929688,126.2300033569336,314955,0
2026-06-18 11:40:00-04:00,126.22000122070312,126.33999633789062,126.11000061035156,126.13999938964844,274225,0
2026-06-18 11:45:00-04:00,126.13999938964844,126.69999694824219,126.05000305175781,126.69999694824219,342403,0
2026-06-18 11:50:00-04:00,126.67500305175781,127.27999877929688,126.59500122070312,127.2699966430664,428089,0
2026-06-18 11:55:00-04:00,127.2698974609375,127.70939636230469,127.24500274658203,127.27989959716797,444392,0
2026-06-18 12:00:00-04:00,127.26000213623047,127.55000305175781,127.20120239257812,127.43000030517578,315460,0
2026-06-18 12:05:00-04:00,127.4000015258789,127.8550033569336,127.4000015258789,127.72000122070312,512892,0
2026-06-18 12:10:00-04:00,127.7300033569336,127.77950286865234,127.33999633789062,127.45999908447266,281464,0
2026-06-18 12:15:00-04:00,127.4749984741211,127.9800033569336,127.38999938964844,127.93499755859375,384953,0
2026-06-18 12:20:00-04:00,127.94999694824219,128.5,127.93000030517578,128.1999969482422,457608,0
2026-06-18 12:25:00-04:00,128.17999267578125,128.4510955810547,128.13999938964844,128.3699951171875,282852,0
2026-06-18 12:30:00-04:00,128.3800048828125,128.38499450683594,127.8499984741211,127.95899963378906,281716,0
2026-06-18 12:35:00-04:00,127.9800033569336,128.4199981689453,127.83000183105469,128.24000549316406,287425,0
2026-06-18 12:40:00-04:00,128.2449951171875,128.33999633789062,127.89299774169922,128.125,160988,0
2026-06-18 12:45:00-04:00,128.125,128.1649932861328,127.8499984741211,128.0050048828125,176678,0
2026-06-18 12:50:00-04:00,128.02000427246094,128.19000244140625,127.94000244140625,128.01499938964844,227524,0
2026-06-18 12:55:00-04:00,128.05999755859375,128.5800018310547,128.02000427246094,128.4550018310547,304302,0
2026-06-18 13:00:00-04:00,128.5,128.91000366210938,128.4199981689453,128.88999938964844,286329,0
2026-06-18 13:05:00-04:00,128.9199981689453,129.3000030517578,128.7899932861328,128.81500244140625,461913,0
2026-06-18 13:10:00-04:00,128.80499267578125,128.875,128.55589294433594,128.75,251822,0
2026-06-18 13:15:00-04:00,128.7799072265625,129.1699981689453,128.74000549316406,129.1699981689453,244005,0
2026-06-18 13:20:00-04:00,129.14999389648438,129.14999389648438,128.7801055908203,128.7801055908203,272636,0
2026-06-18 13:25:00-04:00,128.80999755859375,128.9199981689453,128.64999389648438,128.69000244140625,231047,0
2026-06-18 13:30:00-04:00,128.7100067138672,129.0800018310547,128.67999267578125,128.97999572753906,210016,0
2026-06-18 13:35:00-04:00,128.99000549316406,128.99000549316406,128.6011962890625,128.66000366210938,159256,0
2026-06-18 13:40:00-04:00,128.66000366210938,128.8800048828125,128.5850067138672,128.77999877929688,181898,0
2026-06-18 13:45:00-04:00,128.8000030517578,128.94000244140625,128.6199951171875,128.6898956298828,155979,0
2026-06-18 13:50:00-04:00,128.69000244140625,128.7100067138672,128.5399932861328,128.5760040283203,184880,0
2026-06-18 13:55:00-04:00,128.57400512695312,128.6999969482422,128.41749572753906,128.66000366210938,189054,0
2026-06-18 14:00:00-04:00,128.66000366210938,128.66000366210938,128.4199981689453,128.5449981689453,189497,0
2026-06-18 14:05:00-04:00,128.5449981689453,128.5500030517578,128.25999450683594,128.4499969482422,191754,0
2026-06-18 14:10:00-04:00,128.44000244140625,128.53500366210938,128.2617950439453,128.33880615234375,163665,0
2026-06-18 14:15:00-04:00,128.3300018310547,128.36500549316406,127.94999694824219,128.039794921875,270871,0
2026-06-18 14:20:00-04:00,128.02000427246094,128.14720153808594,127.93000030517578,128.05999755859375,183052,0
2026-06-18 14:25:00-04:00,128.05999755859375,128.0800018310547,127.87000274658203,127.91840362548828,225542,0
2026-06-18 14:30:00-04:00,127.91999816894531,128.15499877929688,127.87000274658203,127.91999816894531,271460,0
2026-06-18 14:35:00-04:00,127.91000366210938,127.94999694824219,127.66999816894531,127.88999938964844,232117,0
2026-06-18 14:40:00-04:00,127.88999938964844,127.94999694824219,127.81999969482422,127.94999694824219,173396,0
2026-06-18 14:45:00-04:00,127.94499969482422,128.1699981689453,127.94499969482422,128.14999389648438,208855,0
2026-06-18 14:50:00-04:00,128.1999969482422,128.2899932861328,128.0800018310547,128.125,158163,0
2026-06-18 14:55:00-04:00,128.11000061035156,128.19000244140625,128.02999877929688,128.08999633789062,329468,0
2026-06-18 15:00:00-04:00,128.07000732421875,128.07000732421875,127.72000122070312,127.73500061035156,198481,0
2026-06-18 15:05:00-04:00,127.7300033569336,127.88999938964844,127.71990203857422,127.80999755859375,212622,0
2026-06-18 15:10:00-04:00,127.77999877929688,127.98999786376953,127.66000366210938,127.94000244140625,224265,0
2026-06-18 15:15:00-04:00,127.94000244140625,128.1199951171875,127.80999755859375,128.10000610351562,264142,0
2026-06-18 15:20:00-04:00,128.11000061035156,128.16000366210938,127.8499984741211,127.94999694824219,293210,0
2026-06-18 15:25:00-04:00,127.94999694824219,128.47999572753906,127.94000244140625,128.42999267578125,371419,0
2026-06-18 15:30:00-04:00,128.4499969482422,128.4799041748047,128.0800018310547,128.16000366210938,342964,0
2026-06-18 15:35:00-04:00,128.17999267578125,128.41000366210938,128.1649932861328,128.32000732421875,308502,0
2026-06-18 15:40:00-04:00,128.30999755859375,128.36000061035156,128.16000366210938,128.27999877929688,310851,0
2026-06-18 15:45:00-04:00,128.27999877929688,128.58790588378906,128.17999267578125,128.5,415561,0
2026-06-18 15:50:00-04:00,128.50999450683594,129.11000061035156,128.5,128.81500244140625,1581087,0
2026-06-18 15:55:00-04:00,128.81500244140625,128.86000061035156,128.33999633789062,128.49000549316406,1447442,0
2026-06-22 09:30:00-04:00,125.73999786376953,127.27999877929688,125.12999725341797,125.1498031616211,2851106,0
2026-06-22 09:35:00-04:00,125.0999984741211,127.11000061035156,125.05999755859375,127.06999969482422,1107690,0
2026-06-22 09:40:00-04:00,127.1500015258789,128.27999877929688,126.91000366210938,128.25990295410156,965961,0
2026-06-22 09:45:00-04:00,128.22999572753906,128.8699951171875,127.58000183105469,127.83000183105469,1049799,0
2026-06-22 09:50:00-04:00,127.84989929199219,127.94999694824219,127.22000122070312,127.4000015258789,492714,0
2026-06-22 09:55:00-04:00,127.41000366210938,127.9469985961914,127.06539916992188,127.91999816894531,465320,0
2026-06-22 10:00:00-04:00,127.95999908447266,128.39999389648438,126.91999816894531,127.07479858398438,600352,0
2026-06-22 10:05:00-04:00,127.07939910888672,127.77999877929688,127.01000213623047,127.20999908447266,409355,0
2026-06-22 10:10:00-04:00,127.25,127.33679962158203,126.1050033569336,126.125,432089,0
2026-06-22 10:15:00-04:00,126.11000061035156,126.18000030517578,125.4000015258789,125.73999786376953,672552,0
2026-06-22 10:20:00-04:00,125.70999908447266,125.80000305175781,125.11000061035156,125.19999694824219,608178,0
2026-06-22 10:25:00-04:00,125.1500015258789,125.2300033569336,124.0199966430664,124.18000030517578,1544891,0
2026-06-22 10:30:00-04:00,124.18499755859375,124.73999786376953,124.05000305175781,124.47000122070312,827973,0
2026-06-22 10:35:00-04:00,124.48989868164062,124.70999908447266,123.7699966430664,124.06999969482422,1008593,0
2026-06-22 10:40:00-04:00,124.07499694824219,124.1500015258789,123.56500244140625,123.63009643554688,669938,0
2026-06-22 10:45:00-04:00,123.6449966430664,123.87000274658203,123.26000213623047,123.37000274658203,583830,0
2026-06-22 10:50:00-04:00,123.3499984741211,123.51000213623047,122.62000274658203,122.75,1056636,0
2026-06-22 10:55:00-04:00,122.73999786376953,123.11000061035156,122.55999755859375,123.0199966430664,726012,0
2026-06-22 11:00:00-04:00,123.02999877929688,123.27999877929688,122.91999816894531,122.94999694824219,500436,0
2026-06-22 11:05:00-04:00,122.96990203857422,122.97000122070312,122.25,122.42500305175781,703239,0
2026-06-22 11:10:00-04:00,122.41010284423828,122.70999908447266,122.28019714355469,122.44000244140625,532335,0
2026-06-22 11:15:00-04:00,122.41999816894531,122.5999984741211,122.26119995117188,122.5199966430664,531289,0
2026-06-22 11:20:00-04:00,122.5199966430664,122.98200225830078,122.41000366210938,122.91000366210938,450520,0
2026-06-22 11:25:00-04:00,122.91010284423828,123.1050033569336,122.58999633789062,122.88999938964844,516841,0
2026-06-22 11:30:00-04:00,122.9000015258789,123.0199966430664,122.67009735107422,122.88999938964844,412256,0
2026-06-22 11:35:00-04:00,122.87999725341797,123.02999877929688,122.72000122070312,122.91000366210938,362811,0
2026-06-22 11:40:00-04:00,122.93499755859375,122.98999786376953,122.69999694824219,122.7300033569336,309304,0
2026-06-22 11:45:00-04:00,122.72000122070312,123.13990020751953,122.11000061035156,122.1875,677897,0
2026-06-22 11:50:00-04:00,122.21009826660156,122.42310333251953,122.1500015258789,122.31500244140625,382457,0
2026-06-22 11:55:00-04:00,122.31500244140625,122.44860076904297,122.01000213623047,122.11000061035156,420624,0
2026-06-22 12:00:00-04:00,122.13999938964844,122.19000244140625,121.55999755859375,121.66500091552734,958303,0
2026-06-22 12:05:00-04:00,121.65499877929688,121.67990112304688,121.2300033569336,121.27159881591797,735043,0
2026-06-22 12:10:00-04:00,121.26000213623047,121.44000244140625,121.12999725341797,121.2500991821289,473618,0
2026-06-22 12:15:00-04:00,121.2699966430664,121.29000091552734,120.66999816894531,120.7500991821289,851646,0
2026-06-22 12:20:00-04:00,120.76499938964844,120.95999908447266,120.16999816894531,120.2499008178711,746937,0
2026-06-22 12:25:00-04:00,120.21499633789062,120.33000183105469,119.80999755859375,120.21499633789062,1380666,0
2026-06-22 12:30:00-04:00,120.20010375976562,120.30000305175781,119.76000213623047,120.08000183105469,1020611,0
2026-06-22 12:35:00-04:00,120.08999633789062,120.23500061035156,119.95369720458984,120.12999725341797,500276,0
2026-06-22 12:40:00-04:00,120.125,120.8499984741211,120.07499694824219,120.72000122070312,550785,0
2026-06-22 12:45:00-04:00,120.69999694824219,121.13999938964844,120.6500015258789,120.88939666748047,474153,0
2026-06-22 12:50:00-04:00,120.87000274658203,120.95999908447266,120.66010284423828,120.76499938964844,318204,0
2026-06-22 12:55:00-04:00,120.77999877929688,121.11000061035156,120.72000122070312,120.90499877929688,360546,0
2026-06-22 13:00:00-04:00,120.8949966430664,120.94999694824219,120.7603988647461,120.84500122070312,337745,0
2026-06-22 13:05:00-04:00,120.84500122070312,120.98999786376953,120.68000030517578,120.88999938964844,330691,0
2026-06-22 13:10:00-04:00,120.9000015258789,121.25,120.86000061035156,120.93000030517578,438365,0
2026-06-22 13:15:00-04:00,120.94999694824219,121.22000122070312,120.94000244140625,121.02940368652344,319803,0
2026-06-22 13:20:00-04:00,121.02999877929688,121.06990051269531,120.80000305175781,120.81999969482422,301037,0
2026-06-22 13:25:00-04:00,120.81500244140625,120.87000274658203,120.55000305175781,120.78500366210938,449552,0
2026-06-22 13:30:00-04:00,120.79000091552734,120.80000305175781,120.33000183105469,120.38890075683594,398192,0
2026-06-22 13:35:00-04:00,120.40989685058594,120.41999816894531,120.12999725341797,120.30999755859375,408906,0
2026-06-22 13:40:00-04:00,120.30000305175781,120.32990264892578,120.06999969482422,120.29000091552734,576493,0
2026-06-22 13:45:00-04:00,120.29000091552734,120.41000366210938,120.22000122070312,120.3499984741211,308198,0
2026-06-22 13:50:00-04:00,120.3499984741211,120.81999969482422,120.3375015258789,120.76499938964844,407685,0
2026-06-22 13:55:00-04:00,120.76499938964844,120.87999725341797,120.5999984741211,120.61000061035156,356651,0
2026-06-22 14:00:00-04:00,120.62000274658203,120.9000015258789,120.44499969482422,120.79499816894531,383165,0
2026-06-22 14:05:00-04:00,120.77999877929688,120.94999694824219,120.77999877929688,120.87999725341797,341352,0
2026-06-22 14:10:00-04:00,120.87999725341797,120.9198989868164,120.5,120.68000030517578,353566,0
2026-06-22 14:15:00-04:00,120.66999816894531,120.98999786376953,120.66999816894531,120.98999786376953,323915,0
2026-06-22 14:20:00-04:00,120.9800033569336,121.0999984741211,120.79000091552734,120.83999633789062,366661,0
2026-06-22 14:25:00-04:00,120.83000183105469,121.0,120.79000091552734,120.80999755859375,301154,0
2026-06-22 14:30:00-04:00,120.81999969482422,121.0,120.65170288085938,120.74500274658203,354906,0
2026-06-22 14:35:00-04:00,120.73999786376953,120.7699966430664,120.41000366210938,120.41999816894531,448833,0
2026-06-22 14:40:00-04:00,120.41999816894531,120.54000091552734,120.37000274658203,120.41500091552734,324736,0
2026-06-22 14:45:00-04:00,120.42919921875,120.4397964477539,120.22000122070312,120.30999755859375,318001,0
2026-06-22 14:50:00-04:00,120.30000305175781,120.31999969482422,119.87999725341797,120.01000213623047,714284,0
2026-06-22 14:55:00-04:00,119.99500274658203,120.0,119.5,119.68000030517578,822807,0
2026-06-22 15:00:00-04:00,119.66500091552734,120.02269744873047,119.48999786376953,119.74500274658203,683444,0
2026-06-22 15:05:00-04:00,119.76000213623047,119.77999877929688,119.47100067138672,119.47989654541016,635605,0
2026-06-22 15:10:00-04:00,119.4800033569336,119.72000122070312,119.36000061035156,119.48999786376953,708957,0
2026-06-22 15:15:00-04:00,119.4749984741211,119.63999938964844,119.44000244140625,119.56999969482422,407453,0
2026-06-22 15:20:00-04:00,119.56999969482422,119.69999694824219,119.41010284423828,119.59500122070312,534324,0
2026-06-22 15:25:00-04:00,119.61000061035156,119.61000061035156,119.19999694824219,119.42500305175781,607565,0
2026-06-22 15:30:00-04:00,119.40010070800781,119.7699966430664,119.36000061035156,119.59500122070312,602214,0
2026-06-22 15:35:00-04:00,119.59819793701172,119.9000015258789,119.52010345458984,119.72889709472656,651484,0
2026-06-22 15:40:00-04:00,119.69999694824219,119.7699966430664,119.33999633789062,119.48999786376953,711944,0
2026-06-22 15:45:00-04:00,119.48999786376953,119.52999877929688,119.25,119.44000244140625,930071,0
2026-06-22 15:50:00-04:00,119.44000244140625,120.0,119.4000015258789,119.875,1537133,0
2026-06-22 15:55:00-04:00,119.87000274658203,119.87000274658203,119.37000274658203,119.4801025390625,2212237,0
2026-06-23 09:30:00-04:00,120.11000061035156,120.94000244140625,118.77999877929688,119.0696029663086,4168418,0
2026-06-23 09:35:00-04:00,119.04000091552734,120.43000030517578,118.91999816894531,120.19499969482422,990462,0
2026-06-23 09:40:00-04:00,120.19000244140625,120.5199966430664,119.64009857177734,119.85379791259766,890554,0
2026-06-23 09:45:00-04:00,119.77999877929688,120.33000183105469,119.44499969482422,119.78500366210938,753202,0
2026-06-23 09:50:00-04:00,119.76000213623047,120.18000030517578,119.44999694824219,119.88999938964844,640458,0
2026-06-23 09:55:00-04:00,119.89510345458984,120.80989837646484,119.86000061035156,120.75,723231,0
2026-06-23 10:00:00-04:00,120.72000122070312,120.75,119.83499908447266,120.0,782060,0
2026-06-23 10:05:00-04:00,119.9800033569336,120.26000213623047,119.65599822998047,119.79499816894531,727518,0
2026-06-23 10:10:00-04:00,119.80000305175781,119.89739990234375,118.41000366210938,118.7300033569336,1118771,0
2026-06-23 10:15:00-04:00,118.77999877929688,119.29989624023438,118.6500015258789,118.96009826660156,614518,0
2026-06-23 10:20:00-04:00,118.98500061035156,119.02999877929688,118.22000122070312,118.26000213623047,706004,0
2026-06-23 10:25:00-04:00,118.26969909667969,118.80000305175781,117.94000244140625,118.74500274658203,748106,0
2026-06-23 10:30:00-04:00,118.7300033569336,119.3499984741211,118.54000091552734,119.05999755859375,595576,0
2026-06-23 10:35:00-04:00,119.08000183105469,119.41999816894531,118.92500305175781,119.13500213623047,461364,0
2026-06-23 10:40:00-04:00,119.1698989868164,119.33779907226562,118.91000366210938,119.16000366210938,335210,0
2026-06-23 10:45:00-04:00,119.19000244140625,119.37000274658203,119.04499816894531,119.23999786376953,469622,0
2026-06-23 10:50:00-04:00,119.23999786376953,119.44000244140625,119.0,119.15119934082031,333441,0
2026-06-23 10:55:00-04:00,119.18000030517578,119.2699966430664,118.86009979248047,119.16000366210938,343167,0
2026-06-23 11:00:00-04:00,119.15010070800781,119.3499984741211,118.66999816894531,118.69999694824219,383719,0
2026-06-23 11:05:00-04:00,118.69000244140625,118.80999755859375,118.48500061035156,118.80999755859375,334676,0
2026-06-23 11:10:00-04:00,118.84249877929688,119.12000274658203,118.67019653320312,119.08999633789062,311339,0
2026-06-23 11:15:00-04:00,119.12000274658203,119.18000030517578,118.27999877929688,118.30000305175781,406025,0
2026-06-23 11:20:00-04:00,118.29000091552734,118.54989624023438,118.08000183105469,118.22209930419922,440767,0
2026-06-23 11:25:00-04:00,118.23999786376953,118.47000122070312,118.1510009765625,118.33000183105469,324884,0
2026-06-23 11:30:00-04:00,118.32499694824219,118.6500015258789,118.29010009765625,118.43000030517578,342326,0
2026-06-23 11:35:00-04:00,118.41999816894531,118.68000030517578,118.34010314941406,118.63179779052734,454655,0
2026-06-23 11:40:00-04:00,118.63500213623047,118.66999816894531,118.44000244140625,118.52999877929688,449377,0
2026-06-23 11:45:00-04:00,118.5199966430664,118.83000183105469,118.5,118.58000183105469,328825,0
2026-06-23 11:50:00-04:00,118.61499786376953,118.69999694824219,118.41000366210938,118.625,316001,0
2026-06-23 11:55:00-04:00,118.61000061035156,118.86949920654297,118.43000030517578,118.7699966430664,224349,0
2026-06-23 12:00:00-04:00,118.78500366210938,119.12999725341797,118.7300033569336,118.9000015258789,256290,0
2026-06-23 12:05:00-04:00,118.90499877929688,119.12000274658203,118.87000274658203,119.04000091552734,248280,0
2026-06-23 12:10:00-04:00,119.03500366210938,119.11000061035156,118.66000366210938,118.87999725341797,243239,0
2026-06-23 12:15:00-04:00,118.88500213623047,118.91999816894531,118.62999725341797,118.73999786376953,190945,0
2026-06-23 12:20:00-04:00,118.69999694824219,119.12999725341797,118.61009979248047,119.0199966430664,221799,0
2026-06-23 12:25:00-04:00,119.02999877929688,119.15989685058594,118.9749984741211,119.00499725341797,150253,0
2026-06-23 12:30:00-04:00,119.00499725341797,119.23999786376953,118.91400146484375,119.17500305175781,292507,0
2026-06-23 12:35:00-04:00,119.18000030517578,119.2300033569336,119.05999755859375,119.11499786376953,172869,0
2026-06-23 12:40:00-04:00,119.1500015258789,119.22000122070312,118.83999633789062,118.94000244140625,200252,0
2026-06-23 12:45:00-04:00,118.94499969482422,119.0,118.81999969482422,118.86499786376953,140565,0
2026-06-23 12:50:00-04:00,118.88500213623047,118.93000030517578,118.7699966430664,118.93000030517578,131946,0
2026-06-23 12:55:00-04:00,118.94999694824219,119.19000244140625,118.92500305175781,118.95500183105469,157843,0
2026-06-23 13:00:00-04:00,118.95999908447266,119.05000305175781,118.88999938964844,118.92009735107422,122419,0
2026-06-23 13:05:00-04:00,118.93000030517578,118.98999786376953,118.76000213623047,118.86499786376953,140441,0
2026-06-23 13:10:00-04:00,118.8301010131836,118.98999786376953,118.7699966430664,118.80999755859375,133607,0
2026-06-23 13:15:00-04:00,118.81999969482422,119.11000061035156,118.76000213623047,118.88500213623047,150082,0
2026-06-23 13:20:00-04:00,118.86000061035156,119.0,118.7750015258789,118.8844985961914,164257,0
2026-06-23 13:25:00-04:00,118.86000061035156,118.97000122070312,118.7699966430664,118.81999969482422,128281,0
2026-06-23 13:30:00-04:00,118.8499984741211,119.01499938964844,118.75,119.01499938964844,160453,0
2026-06-23 13:35:00-04:00,119.05000305175781,119.1500015258789,118.84500122070312,118.84500122070312,150031,0
2026-06-23 13:40:00-04:00,118.83999633789062,118.88999938964844,118.6449966430664,118.69999694824219,183922,0
2026-06-23 13:45:00-04:00,118.66000366210938,118.68000030517578,118.41000366210938,118.41999816894531,324117,0
2026-06-23 13:50:00-04:00,118.43000030517578,118.44499969482422,117.62999725341797,117.63400268554688,677184,0
2026-06-23 13:55:00-04:00,117.62999725341797,117.95999908447266,117.62999725341797,117.77010345458984,369864,0
2026-06-23 14:00:00-04:00,117.77999877929688,118.18000030517578,117.75,118.125,265104,0
2026-06-23 14:05:00-04:00,118.125,118.22000122070312,117.95999908447266,118.11000061035156,208355,0
2026-06-23 14:10:00-04:00,118.11000061035156,118.19999694824219,118.0999984741211,118.1449966430664,207449,0
2026-06-23 14:15:00-04:00,118.11499786376953,118.23500061035156,117.91100311279297,118.04000091552734,267449,0
2026-06-23 14:20:00-04:00,118.03500366210938,118.08999633789062,117.83999633789062,117.87000274658203,200535,0
2026-06-23 14:25:00-04:00,117.88999938964844,117.9000015258789,117.56050109863281,117.58000183105469,305382,0
2026-06-23 14:30:00-04:00,117.57499694824219,117.69000244140625,117.5199966430664,117.66500091552734,326942,0
2026-06-23 14:35:00-04:00,117.66999816894531,117.69000244140625,117.2699966430664,117.33000183105469,403000,0
2026-06-23 14:40:00-04:00,117.33000183105469,117.33000183105469,116.5999984741211,116.63999938964844,756278,0
2026-06-23 14:45:00-04:00,116.62999725341797,116.78990173339844,116.38999938964844,116.54499816894531,506578,0
2026-06-23 14:50:00-04:00,116.54499816894531,116.80000305175781,116.48999786376953,116.73999786376953,422584,0
2026-06-23 14:55:00-04:00,116.75,116.88500213623047,116.55000305175781,116.70500183105469,441480,0
2026-06-23 15:00:00-04:00,116.69999694824219,116.83999633789062,116.61000061035156,116.81999969482422,480257,0
2026-06-23 15:05:00-04:00,116.81999969482422,117.06079864501953,116.69000244140625,116.81999969482422,446097,0
2026-06-23 15:10:00-04:00,116.80000305175781,116.87000274658203,116.57779693603516,116.6500015258789,392961,0
2026-06-23 15:15:00-04:00,116.63999938964844,116.63999938964844,116.39009857177734,116.50499725341797,453882,0
2026-06-23 15:20:00-04:00,116.51000213623047,116.76000213623047,116.41000366210938,116.43000030517578,458930,0
2026-06-23 15:25:00-04:00,116.43000030517578,116.6050033569336,116.19000244140625,116.44000244140625,440543,0
2026-06-23 15:30:00-04:00,116.42500305175781,116.5,116.20999908447266,116.46990203857422,431586,0
2026-06-23 15:35:00-04:00,116.45999908447266,116.6500015258789,116.18000030517578,116.26000213623047,587667,0
2026-06-23 15:40:00-04:00,116.26499938964844,116.44000244140625,116.18000030517578,116.30000305175781,474651,0
2026-06-23 15:45:00-04:00,116.30999755859375,116.70999908447266,116.30500030517578,116.69999694824219,507503,0
2026-06-23 15:50:00-04:00,116.68000030517578,117.05999755859375,116.6500015258789,117.0199966430664,847913,0
2026-06-23 15:55:00-04:00,117.0,117.0,116.58000183105469,116.68499755859375,1798822,0
2026-06-24 09:30:00-04:00,114.05000305175781,116.62999725341797,113.9000015258789,116.12000274658203,3362537,0
2026-06-24 09:35:00-04:00,116.16999816894531,117.56999969482422,116.04000091552734,117.06999969482422,1085447,0
2026-06-24 09:40:00-04:00,117.06900024414062,117.58000183105469,116.44999694824219,117.51000213623047,910524,0
2026-06-24 09:45:00-04:00,117.49500274658203,118.0,115.88999938964844,116.12999725341797,1025137,0
2026-06-24 09:50:00-04:00,116.13580322265625,117.13999938964844,115.83000183105469,117.06900024414062,693759,0
2026-06-24 09:55:00-04:00,117.0999984741211,117.16999816894531,116.79170227050781,116.95999908447266,401381,0
2026-06-24 10:00:00-04:00,116.9000015258789,116.97000122070312,116.30000305175781,116.61630249023438,493881,0
2026-06-24 10:05:00-04:00,116.63500213623047,116.78929901123047,116.33000183105469,116.64409637451172,410315,0
2026-06-24 10:10:00-04:00,116.61000061035156,117.0999984741211,116.33999633789062,116.95500183105469,463782,0
2026-06-24 10:15:00-04:00,116.95500183105469,117.30000305175781,116.12010192871094,116.22850036621094,434600,0
2026-06-24 10:20:00-04:00,116.19999694824219,117.30000305175781,115.90010070800781,116.76319885253906,459065,0
2026-06-24 10:25:00-04:00,116.73999786376953,116.81990051269531,115.88999938964844,116.63009643554688,455627,0
2026-06-24 10:30:00-04:00,116.65499877929688,116.7782974243164,116.15010070800781,116.30010223388672,261489,0
2026-06-24 10:35:00-04:00,116.36920166015625,116.41999816894531,115.79000091552734,115.80999755859375,369837,0
2026-06-24 10:40:00-04:00,115.80999755859375,116.30989837646484,115.47000122070312,116.22250366210938,470060,0
2026-06-24 10:45:00-04:00,116.22010040283203,116.80999755859375,116.16010284423828,116.65499877929688,374668,0
2026-06-24 10:50:00-04:00,116.66999816894531,116.80000305175781,116.25,116.30999755859375,249556,0
2026-06-24 10:55:00-04:00,116.33999633789062,116.9800033569336,116.2239990234375,116.78500366210938,348605,0
2026-06-24 11:00:00-04:00,116.81510162353516,116.8490982055664,115.61000061035156,115.62000274658203,573636,0
2026-06-24 11:05:00-04:00,115.62000274658203,115.80000305175781,115.02999877929688,115.16999816894531,630220,0
2026-06-24 11:10:00-04:00,115.19499969482422,115.87999725341797,115.19000244140625,115.54499816894531,644639,0
2026-06-24 11:15:00-04:00,115.55000305175781,116.01000213623047,115.51000213623047,115.95500183105469,527925,0
2026-06-24 11:20:00-04:00,115.9999008178711,116.0999984741211,115.51000213623047,115.55010223388672,447230,0
2026-06-24 11:25:00-04:00,115.55120086669922,116.17500305175781,115.18000030517578,115.97000122070312,648517,0
2026-06-24 11:30:00-04:00,115.94999694824219,115.95999908447266,114.4800033569336,114.58000183105469,852731,0
2026-06-24 11:35:00-04:00,114.56999969482422,115.12999725341797,114.54000091552734,114.59989929199219,785257,0
2026-06-24 11:40:00-04:00,114.58499908447266,114.62000274658203,114.19000244140625,114.23999786376953,618101,0
2026-06-24 11:45:00-04:00,114.25,114.69499969482422,114.01000213623047,114.51499938964844,501961,0
2026-06-24 11:50:00-04:00,114.51589965820312,114.73999786376953,114.44999694824219,114.55999755859375,1517308,0
2026-06-24 11:55:00-04:00,114.58000183105469,114.6500015258789,114.00499725341797,114.07499694824219,535534,0
2026-06-24 12:00:00-04:00,114.07499694824219,114.19999694824219,113.72000122070312,113.88999938964844,1388368,0
2026-06-24 12:05:00-04:00,113.8499984741211,113.9198989868164,113.56999969482422,113.69989776611328,460072,0
2026-06-24 12:10:00-04:00,113.68499755859375,114.23999786376953,113.61009979248047,114.22000122070312,605064,0
2026-06-24 12:15:00-04:00,114.2300033569336,114.30989837646484,113.8499984741211,114.0999984741211,343183,0
2026-06-24 12:20:00-04:00,114.08999633789062,114.16899871826172,113.9728012084961,114.12999725341797,290395,0
2026-06-24 12:25:00-04:00,114.12000274658203,114.13030242919922,113.81999969482422,113.87999725341797,228058,0
2026-06-24 12:30:00-04:00,113.875,114.0,113.54499816894531,113.61499786376953,429313,0
2026-06-24 12:35:00-04:00,113.61499786376953,113.70999908447266,113.12999725341797,113.1500015258789,1047236,0
2026-06-24 12:40:00-04:00,113.13999938964844,113.26499938964844,112.93000030517578,113.11389923095703,720864,0
2026-06-24 12:45:00-04:00,113.12000274658203,113.27999877929688,112.97000122070312,113.16000366210938,433307,0
2026-06-24 12:50:00-04:00,113.18000030517578,113.46499633789062,113.12999725341797,113.30999755859375,336944,0
2026-06-24 12:55:00-04:00,113.30999755859375,113.5199966430664,113.19999694824219,113.36000061035156,277706,0
2026-06-24 13:00:00-04:00,113.36000061035156,113.66999816894531,113.27999877929688,113.5,322509,0
2026-06-24 13:05:00-04:00,113.49500274658203,113.5,112.9800033569336,113.0999984741211,495903,0
2026-06-24 13:10:00-04:00,113.11000061035156,113.21299743652344,112.87999725341797,112.9800033569336,316946,0
2026-06-24 13:15:00-04:00,112.97000122070312,113.37000274658203,112.81999969482422,113.2354965209961,401468,0
2026-06-24 13:20:00-04:00,113.24490356445312,113.29000091552734,112.9800033569336,113.13500213623047,352091,0
2026-06-24 13:25:00-04:00,113.11000061035156,113.11000061035156,112.77999877929688,112.86000061035156,316096,0
2026-06-24 13:30:00-04:00,112.83999633789062,113.05000305175781,112.5199966430664,112.83309936523438,506051,0
2026-06-24 13:35:00-04:00,112.8499984741211,113.0,112.5999984741211,112.96499633789062,417924,0
2026-06-24 13:40:00-04:00,113.0,113.0199966430664,112.66000366210938,112.70999908447266,349949,0
2026-06-24 13:45:00-04:00,112.70999908447266,112.86000061035156,112.41000366210938,112.71499633789062,384972,0
2026-06-24 13:50:00-04:00,112.68009948730469,112.73999786376953,112.27999877929688,112.43499755859375,389446,0
2026-06-24 13:55:00-04:00,112.44000244140625,112.56500244140625,112.25,112.37149810791016,452406,0
2026-06-24 14:00:00-04:00,112.3949966430664,112.79859924316406,112.36000061035156,112.66799926757812,393821,0
2026-06-24 14:05:00-04:00,112.67990112304688,113.11000061035156,112.62999725341797,113.08000183105469,428895,0
2026-06-24 14:10:00-04:00,113.08999633789062,113.8499984741211,113.0199966430664,113.83000183105469,504950,0
2026-06-24 14:15:00-04:00,113.81999969482422,114.02999877929688,113.69000244140625,114.01390075683594,508279,0
2026-06-24 14:20:00-04:00,114.01499938964844,114.2300033569336,113.90660095214844,114.2300033569336,348760,0
2026-06-24 14:25:00-04:00,114.21499633789062,114.33999633789062,113.99500274658203,114.04000091552734,334373,0
2026-06-24 14:30:00-04:00,114.04000091552734,114.12999725341797,113.80999755859375,113.83999633789062,298531,0
2026-06-24 14:35:00-04:00,113.8499984741211,113.95999908447266,113.58000183105469,113.95999908447266,266279,0
2026-06-24 14:40:00-04:00,113.98999786376953,113.98999786376953,113.45999908447266,113.66000366210938,300047,0
2026-06-24 14:45:00-04:00,113.6500015258789,113.65799713134766,113.37999725341797,113.4000015258789,256387,0
2026-06-24 14:50:00-04:00,113.43000030517578,113.47000122070312,113.23999786376953,113.29000091552734,235489,0
2026-06-24 14:55:00-04:00,113.2750015258789,113.5,113.20999908447266,113.32990264892578,288137,0
2026-06-24 15:00:00-04:00,113.33999633789062,113.5,113.05999755859375,113.40499877929688,324373,0
2026-06-24 15:05:00-04:00,113.40499877929688,113.41000366210938,113.0,113.32499694824219,290887,0
2026-06-24 15:10:00-04:00,113.30000305175781,113.3499984741211,113.0999984741211,113.30500030517578,225595,0
2026-06-24 15:15:00-04:00,113.31999969482422,113.4000015258789,113.12000274658203,113.3499984741211,323570,0
2026-06-24 15:20:00-04:00,113.3499984741211,113.48999786376953,113.23999786376953,113.4749984741211,279905,0
2026-06-24 15:25:00-04:00,113.4749984741211,113.70999908447266,113.4749984741211,113.625,301657,0
2026-06-24 15:30:00-04:00,113.62000274658203,113.69010162353516,113.42500305175781,113.5999984741211,327569,0
2026-06-24 15:35:00-04:00,113.6050033569336,113.94000244140625,113.54000091552734,113.73719787597656,351966,0
2026-06-24 15:40:00-04:00,113.74909973144531,113.79000091552734,113.48999786376953,113.69499969482422,398220,0
2026-06-24 15:45:00-04:00,113.69999694824219,114.16500091552734,113.67009735107422,114.1449966430664,431039,0
2026-06-24 15:50:00-04:00,114.12999725341797,114.23999786376953,113.69499969482422,114.18499755859375,833384,0
2026-06-24 15:55:00-04:00,114.16999816894531,114.16999816894531,113.41000366210938,113.44999694824219,1375549,0
2026-06-25 09:30:00-04:00,111.43000030517578,112.13999938964844,108.76000213623047,109.40499877929688,4198202,0
2026-06-25 09:35:00-04:00,109.41500091552734,109.7699966430664,108.3499984741211,108.45069885253906,1612635,0
2026-06-25 09:40:00-04:00,108.47219848632812,109.08000183105469,108.01000213623047,108.66999816894531,1632976,0
2026-06-25 09:45:00-04:00,108.68000030517578,108.7300033569336,107.94999694824219,108.3499984741211,1432053,0
2026-06-25 09:50:00-04:00,108.36000061035156,108.59989929199219,107.5,107.72000122070312,1578672,0
2026-06-25 09:55:00-04:00,107.75,107.86000061035156,106.93000030517578,107.12999725341797,1812027,0
2026-06-25 10:00:00-04:00,107.12000274658203,108.5,107.03669738769531,107.93499755859375,1799798,0
2026-06-25 10:05:00-04:00,107.91010284423828,108.30999755859375,107.72000122070312,108.00499725341797,1022381,0
2026-06-25 10:10:00-04:00,108.0,108.33999633789062,107.2300033569336,107.46499633789062,935178,0
2026-06-25 10:15:00-04:00,107.47000122070312,108.20999908447266,107.12000274658203,108.17009735107422,1039054,0
2026-06-25 10:20:00-04:00,108.1500015258789,108.83000183105469,108.1500015258789,108.51499938964844,1066374,0
2026-06-25 10:25:00-04:00,108.52999877929688,108.74500274658203,108.04499816894531,108.5,794530,0
2026-06-25 10:30:00-04:00,108.47000122070312,108.69999694824219,108.11000061035156,108.48999786376953,641613,0
2026-06-25 10:35:00-04:00,108.48500061035156,108.61000061035156,107.88999938964844,108.12999725341797,564133,0
2026-06-25 10:40:00-04:00,108.16000366210938,108.25,107.37999725341797,107.61499786376953,703420,0
2026-06-25 10:45:00-04:00,107.62750244140625,107.7249984741211,107.36000061035156,107.6135025024414,661755,0
2026-06-25 10:50:00-04:00,107.5999984741211,108.11000061035156,107.58000183105469,108.01499938964844,661372,0
2026-06-25 10:55:00-04:00,108.0199966430664,108.0199966430664,107.01000213623047,107.16000366210938,770610,0
2026-06-25 11:00:00-04:00,107.16999816894531,107.37999725341797,106.94999694824219,107.16500091552734,784232,0
2026-06-25 11:05:00-04:00,107.16500091552734,107.2300033569336,106.5199966430664,106.6050033569336,880058,0
2026-06-25 11:10:00-04:00,106.58499908447266,106.94000244140625,106.375,106.90560150146484,948364,0
2026-06-25 11:15:00-04:00,106.93379974365234,107.1500015258789,106.55000305175781,107.05000305175781,873403,0
2026-06-25 11:20:00-04:00,107.05500030517578,107.55000305175781,106.81009674072266,107.20500183105469,698210,0
2026-06-25 11:25:00-04:00,107.16000366210938,107.3499984741211,106.87000274658203,107.3499984741211,596842,0
2026-06-25 11:30:00-04:00,107.33000183105469,107.73500061035156,107.23999786376953,107.4000015258789,577501,0
2026-06-25 11:35:00-04:00,107.39990234375,107.87000274658203,107.38999938964844,107.5199966430664,580875,0
2026-06-25 11:40:00-04:00,107.54000091552734,107.68499755859375,107.43000030517578,107.63999938964844,408342,0
2026-06-25 11:45:00-04:00,107.625,107.75,107.19499969482422,107.23500061035156,824516,0
2026-06-25 11:50:00-04:00,107.23500061035156,107.41000366210938,106.91000366210938,107.06999969482422,528074,0
2026-06-25 11:55:00-04:00,107.05999755859375,107.08000183105469,106.81999969482422,106.90499877929688,417382,0
2026-06-25 12:00:00-04:00,106.9000015258789,107.1698989868164,106.68000030517578,106.93499755859375,538100,0
2026-06-25 12:05:00-04:00,106.92500305175781,107.38990020751953,106.8499984741211,107.37999725341797,487450,0
2026-06-25 12:10:00-04:00,107.36000061035156,107.87999725341797,107.3499984741211,107.80999755859375,526476,0
2026-06-25 12:15:00-04:00,107.80999755859375,107.87000274658203,107.4729995727539,107.67500305175781,461050,0
2026-06-25 12:20:00-04:00,107.66999816894531,107.94999694824219,107.5199966430664,107.5250015258789,479022,0
2026-06-25 12:25:00-04:00,107.5250015258789,107.58000183105469,107.1500015258789,107.33000183105469,420715,0
2026-06-25 12:30:00-04:00,107.32499694824219,107.33999633789062,107.02999877929688,107.25,432873,0
2026-06-25 12:35:00-04:00,107.25990295410156,107.30000305175781,107.01000213623047,107.16999816894531,372774,0
2026-06-25 12:40:00-04:00,107.18000030517578,107.3499984741211,107.12000274658203,107.29000091552734,310619,0
2026-06-25 12:45:00-04:00,107.30000305175781,107.82959747314453,107.16000366210938,107.66000366210938,422706,0
2026-06-25 12:50:00-04:00,107.63999938964844,107.76000213623047,107.4000015258789,107.62999725341797,354413,0
2026-06-25 12:55:00-04:00,107.61499786376953,107.63990020751953,107.3301010131836,107.40010070800781,298529,0
2026-06-25 13:00:00-04:00,107.41999816894531,107.57559967041016,107.2500991821289,107.26499938964844,266546,0
2026-06-25 13:05:00-04:00,107.2500991821289,107.30000305175781,107.0999984741211,107.19000244140625,304194,0
2026-06-25 13:10:00-04:00,107.19999694824219,107.31880187988281,106.97000122070312,107.04000091552734,321042,0
2026-06-25 13:15:00-04:00,107.04000091552734,107.38999938964844,107.02999877929688,107.05000305175781,270507,0
2026-06-25 13:20:00-04:00,107.04000091552734,107.29000091552734,106.91999816894531,107.0999984741211,301721,0
2026-06-25 13:25:00-04:00,107.11000061035156,107.30999755859375,106.81999969482422,106.87010192871094,420783,0
2026-06-25 13:30:00-04:00,106.87999725341797,107.02999877929688,106.83999633789062,106.88999938964844,837378,0
2026-06-25 13:35:00-04:00,106.9000015258789,107.08499908447266,106.87999725341797,106.96499633789062,250891,0
2026-06-25 13:40:00-04:00,106.94999694824219,106.98999786376953,106.62999725341797,106.8499984741211,476199,0
2026-06-25 13:45:00-04:00,106.84010314941406,107.0,106.61009979248047,106.98999786376953,303087,0
2026-06-25 13:50:00-04:00,106.95999908447266,107.1698989868164,106.81999969482422,107.05000305175781,252555,0
2026-06-25 13:55:00-04:00,107.05000305175781,107.30750274658203,107.0,107.26499938964844,304037,0
2026-06-25 14:00:00-04:00,107.26000213623047,107.40889739990234,107.01000213623047,107.12000274658203,328228,0
2026-06-25 14:05:00-04:00,107.12999725341797,107.26499938964844,107.0,107.18499755859375,383943,0
2026-06-25 14:10:00-04:00,107.18000030517578,107.2300033569336,106.94999694824219,106.96499633789062,251236,0
2026-06-25 14:15:00-04:00,106.94999694824219,107.66500091552734,106.9000015258789,107.48999786376953,494580,0
2026-06-25 14:20:00-04:00,107.5,107.86000061035156,107.41999816894531,107.81500244140625,605946,0
2026-06-25 14:25:00-04:00,107.80000305175781,108.45099639892578,107.80000305175781,108.44000244140625,556716,0
2026-06-25 14:30:00-04:00,108.44499969482422,108.66999816894531,108.20999908447266,108.22010040283203,610703,0
2026-06-25 14:35:00-04:00,108.2208023071289,108.25,107.94999694824219,108.01290130615234,491877,0
2026-06-25 14:40:00-04:00,108.04989624023438,108.18000030517578,107.83999633789062,107.88999938964844,533372,0
2026-06-25 14:45:00-04:00,107.8949966430664,108.08999633789062,107.62999725341797,108.05000305175781,398224,0
2026-06-25 14:50:00-04:00,108.06500244140625,108.16999816894531,107.82499694824219,107.9000015258789,384457,0
2026-06-25 14:55:00-04:00,107.91999816894531,108.09500122070312,107.68000030517578,108.09500122070312,320266,0
2026-06-25 15:00:00-04:00,108.11000061035156,108.11000061035156,107.52999877929688,107.80500030517578,469019,0
2026-06-25 15:05:00-04:00,107.79499816894531,107.93000030517578,107.51000213623047,107.5199966430664,482870,0
2026-06-25 15:10:00-04:00,107.5199966430664,107.55000305175781,107.2699966430664,107.33000183105469,645827,0
2026-06-25 15:15:00-04:00,107.32009887695312,107.32009887695312,107.11000061035156,107.18000030517578,465565,0
2026-06-25 15:20:00-04:00,107.17500305175781,107.41000366210938,107.17120361328125,107.26000213623047,401349,0
2026-06-25 15:25:00-04:00,107.29000091552734,107.30000305175781,106.93000030517578,107.01000213623047,620941,0
2026-06-25 15:30:00-04:00,107.01499938964844,107.2699966430664,106.98999786376953,107.12000274658203,607511,0
2026-06-25 15:35:00-04:00,107.11000061035156,107.12989807128906,106.77999877929688,106.94000244140625,549953,0
2026-06-25 15:40:00-04:00,106.94000244140625,107.0999984741211,106.87000274658203,107.0199966430664,660624,0
2026-06-25 15:45:00-04:00,107.0250015258789,107.29000091552734,106.97000122070312,107.2699966430664,647545,0
2026-06-25 15:50:00-04:00,107.2699966430664,107.97000122070312,106.93000030517578,107.87000274658203,1628595,0
2026-06-25 15:55:00-04:00,107.86000061035156,107.86000061035156,107.08000183105469,107.30999755859375,2586327,0
2026-06-26 09:30:00-04:00,109.04000091552734,110.30000305175781,108.47000122070312,110.08000183105469,4475874,0
2026-06-26 09:35:00-04:00,110.09500122070312,111.05000305175781,109.91500091552734,110.95999908447266,1743864,0
2026-06-26 09:40:00-04:00,110.95770263671875,110.97989654541016,110.12999725341797,110.375,1221380,0
2026-06-26 09:45:00-04:00,110.45500183105469,111.22000122070312,109.91000366210938,110.92030334472656,1152429,0
2026-06-26 09:50:00-04:00,110.92500305175781,110.97000122070312,110.34010314941406,110.70999908447266,642193,0
2026-06-26 09:55:00-04:00,110.73999786376953,111.26000213623047,110.44010162353516,110.70850372314453,779312,0
2026-06-26 10:00:00-04:00,110.73999786376953,111.45999908447266,110.55999755859375,111.30000305175781,1010328,0
2026-06-26 10:05:00-04:00,111.29000091552734,111.43800354003906,110.82009887695312,111.18000030517578,737365,0
2026-06-26 10:10:00-04:00,111.18000030517578,111.77999877929688,111.1500015258789,111.42500305175781,1097629,0
2026-06-26 10:15:00-04:00,111.4000015258789,111.58000183105469,110.81999969482422,111.26409912109375,736885,0
2026-06-26 10:20:00-04:00,111.2699966430664,111.7886962890625,111.23999786376953,111.69000244140625,628286,0
2026-06-26 10:25:00-04:00,111.68000030517578,112.23999786376953,111.61000061035156,112.11499786376953,954890,0
2026-06-26 10:30:00-04:00,112.12999725341797,112.58000183105469,112.01000213623047,112.55999755859375,840332,0
2026-06-26 10:35:00-04:00,112.55159759521484,112.55159759521484,111.55000305175781,111.56999969482422,829704,0
2026-06-26 10:40:00-04:00,111.57499694824219,112.1500015258789,111.16999816894531,111.7699966430664,643151,0
2026-06-26 10:45:00-04:00,111.75,112.02999877929688,111.66999816894531,111.74500274658203,491760,0
2026-06-26 10:50:00-04:00,111.80989837646484,111.95469665527344,111.58999633789062,111.75499725341797,480795,0
2026-06-26 10:55:00-04:00,111.7699966430664,112.0198974609375,111.41999816894531,111.75,483460,0
2026-06-26 11:00:00-04:00,111.77989959716797,112.11000061035156,111.76499938964844,111.87000274658203,421945,0
2026-06-26 11:05:00-04:00,111.87000274658203,112.05000305175781,111.71009826660156,111.87000274658203,660071,0
2026-06-26 11:10:00-04:00,111.86000061035156,112.22000122070312,111.79000091552734,111.9000015258789,789325,0
2026-06-26 11:15:00-04:00,111.93000030517578,112.2699966430664,111.77999877929688,112.11940002441406,430346,0
2026-06-26 11:20:00-04:00,112.12000274658203,112.54000091552734,112.01000213623047,112.5250015258789,508054,0
2026-06-26 11:25:00-04:00,112.5199966430664,112.75,112.30999755859375,112.68499755859375,580939,0
2026-06-26 11:30:00-04:00,112.69999694824219,113.4000015258789,112.69969940185547,113.38909912109375,1527777,0
2026-06-26 11:35:00-04:00,113.38500213623047,113.93000030517578,113.25559997558594,113.76000213623047,763844,0
2026-06-26 11:40:00-04:00,113.81999969482422,113.98999786376953,113.5999984741211,113.93000030517578,779407,0
2026-06-26 11:45:00-04:00,113.94999694824219,114.07990264892578,113.37999725341797,113.55999755859375,619219,0
2026-06-26 11:50:00-04:00,113.54499816894531,113.63500213623047,113.08999633789062,113.23500061035156,696479,0
2026-06-26 11:55:00-04:00,113.20999908447266,113.5,113.13500213623047,113.43250274658203,373850,0
2026-06-26 12:00:00-04:00,113.44920349121094,113.54879760742188,113.19499969482422,113.41000366210938,318001,0
2026-06-26 12:05:00-04:00,113.4000015258789,113.40989685058594,112.87010192871094,112.88999938964844,424672,0
2026-06-26 12:10:00-04:00,112.9000015258789,113.25,112.80999755859375,113.25,379590,0
2026-06-26 12:15:00-04:00,113.23999786376953,113.5999984741211,113.1895980834961,113.58000183105469,316266,0
2026-06-26 12:20:00-04:00,113.55999755859375,113.68000030517578,113.30999755859375,113.33000183105469,416697,0
2026-06-26 12:25:00-04:00,113.35430145263672,113.45999908447266,113.16000366210938,113.26499938964844,295376,0
2026-06-26 12:30:00-04:00,113.25499725341797,113.73999786376953,113.25499725341797,113.73400115966797,259865,0
2026-06-26 12:35:00-04:00,113.73999786376953,113.94999694824219,113.63999938964844,113.81999969482422,344199,0
2026-06-26 12:40:00-04:00,113.81999969482422,113.8499984741211,113.23999786376953,113.25499725341797,297023,0
2026-06-26 12:45:00-04:00,113.23999786376953,113.34989929199219,113.0000991821289,113.06999969482422,338821,0
2026-06-26 12:50:00-04:00,113.05000305175781,113.30000305175781,113.01000213623047,113.23999786376953,321472,0
2026-06-26 12:55:00-04:00,113.20999908447266,113.22000122070312,112.97000122070312,113.0,233314,0
2026-06-26 13:00:00-04:00,112.98999786376953,113.31999969482422,112.86000061035156,113.31500244140625,296853,0
2026-06-26 13:05:00-04:00,113.31999969482422,113.37000274658203,113.05000305175781,113.08910369873047,200629,0
2026-06-26 13:10:00-04:00,113.08499908447266,113.18000030517578,112.61000061035156,112.75,306562,0
2026-06-26 13:15:00-04:00,112.7699966430664,112.90640258789062,112.64009857177734,112.73999786376953,274731,0
2026-06-26 13:20:00-04:00,112.75,112.8499984741211,112.61000061035156,112.66000366210938,194788,0
2026-06-26 13:25:00-04:00,112.66999816894531,112.82990264892578,112.55000305175781,112.69999694824219,229031,0
2026-06-26 13:30:00-04:00,112.68000030517578,112.94999694824219,112.61499786376953,112.81999969482422,291375,0
2026-06-26 13:35:00-04:00,112.81999969482422,112.9999008178711,112.6449966430664,112.94000244140625,195965,0
2026-06-26 13:40:00-04:00,112.9800033569336,113.44999694824219,112.87999725341797,113.4000015258789,311537,0
2026-06-26 13:45:00-04:00,113.36499786376953,113.68000030517578,113.33999633789062,113.58000183105469,535194,0
2026-06-26 13:50:00-04:00,113.54010009765625,113.55000305175781,113.22000122070312,113.22000122070312,299234,0
2026-06-26 13:55:00-04:00,113.21920013427734,113.33000183105469,113.04010009765625,113.13999938964844,280667,0
2026-06-26 14:00:00-04:00,113.1500015258789,113.375,113.08000183105469,113.26000213623047,273815,0
2026-06-26 14:05:00-04:00,113.25,113.7509994506836,113.2249984741211,113.64749908447266,333439,0
2026-06-26 14:10:00-04:00,113.62999725341797,113.65989685058594,113.39009857177734,113.45500183105469,1128074,0
2026-06-26 14:15:00-04:00,113.47000122070312,113.51000213623047,113.2300033569336,113.25990295410156,175208,0
2026-06-26 14:20:00-04:00,113.25689697265625,113.29000091552734,113.08999633789062,113.19000244140625,214385,0
2026-06-26 14:25:00-04:00,113.18000030517578,113.19000244140625,112.76000213623047,112.79000091552734,261338,0
2026-06-26 14:30:00-04:00,112.7699966430664,113.02999877929688,112.66000366210938,113.0,339157,0
2026-06-26 14:35:00-04:00,112.98999786376953,113.0,112.62000274658203,112.7699966430664,209889,0
2026-06-26 14:40:00-04:00,112.7699966430664,112.93689727783203,112.68499755859375,112.72090148925781,197505,0
2026-06-26 14:45:00-04:00,112.72000122070312,112.72000122070312,112.36000061035156,112.51000213623047,315025,0
2026-06-26 14:50:00-04:00,112.5199966430664,112.54000091552734,112.30000305175781,112.36499786376953,326801,0
2026-06-26 14:55:00-04:00,112.36499786376953,112.62000274658203,112.23999786376953,112.33999633789062,290127,0
2026-06-26 15:00:00-04:00,112.33999633789062,112.80500030517578,112.29010009765625,112.69000244140625,384411,0
2026-06-26 15:05:00-04:00,112.71990203857422,113.16999816894531,112.43000030517578,113.08999633789062,385094,0
2026-06-26 15:10:00-04:00,113.1050033569336,113.2699966430664,112.91999816894531,113.1500015258789,370562,0
2026-06-26 15:15:00-04:00,113.1500015258789,113.30999755859375,112.94000244140625,113.2300033569336,294006,0
2026-06-26 15:20:00-04:00,113.22000122070312,113.22000122070312,113.05000305175781,113.0999984741211,272876,0
2026-06-26 15:25:00-04:00,113.11000061035156,113.25499725341797,112.81999969482422,112.81999969482422,1187624,0
2026-06-26 15:30:00-04:00,112.83000183105469,113.0,112.72000122070312,112.95590209960938,344707,0
2026-06-26 15:35:00-04:00,112.94010162353516,113.06999969482422,112.72000122070312,112.77999877929688,367928,0
2026-06-26 15:40:00-04:00,112.77999877929688,113.07499694824219,112.58000183105469,112.98500061035156,470917,0
2026-06-26 15:45:00-04:00,112.98999786376953,113.31999969482422,112.96009826660156,113.15499877929688,4081854,0
2026-06-26 15:50:00-04:00,113.16000366210938,113.2300033569336,111.4000015258789,113.02999877929688,2171195,0
2026-06-26 15:55:00-04:00,113.05000305175781,113.37000274658203,112.73999786376953,112.83000183105469,1992852,0
2026-06-29 09:30:00-04:00,116.2300033569336,117.4000015258789,115.6010971069336,116.83000183105469,5415831,0
2026-06-29 09:35:00-04:00,116.87000274658203,117.7300033569336,115.79000091552734,117.72989654541016,1317842,0
2026-06-29 09:40:00-04:00,117.72000122070312,118.37999725341797,117.2750015258789,117.68000030517578,1301224,0
2026-06-29 09:45:00-04:00,117.66999816894531,118.31500244140625,117.0447998046875,117.45500183105469,1210066,0
2026-06-29 09:50:00-04:00,117.47010040283203,119.08000183105469,117.22000122070312,118.33000183105469,1349332,0
2026-06-29 09:55:00-04:00,118.30999755859375,118.41500091552734,117.68499755859375,118.20999908447266,864730,0
2026-06-29 10:00:00-04:00,118.20999908447266,118.31999969482422,117.55999755859375,117.89559936523438,683703,0
2026-06-29 10:05:00-04:00,117.8550033569336,117.97000122070312,117.44999694824219,117.76499938964844,645131,0
2026-06-29 10:10:00-04:00,117.76499938964844,117.9219970703125,116.29000091552734,116.79000091552734,833389,0
2026-06-29 10:15:00-04:00,116.70999908447266,117.29000091552734,116.37999725341797,116.9800033569336,760405,0
2026-06-29 10:20:00-04:00,116.94999694824219,117.3499984741211,116.66539764404297,117.33000183105469,568471,0
2026-06-29 10:25:00-04:00,117.36000061035156,118.0999984741211,116.79570007324219,118.08999633789062,776756,0
2026-06-29 10:30:00-04:00,118.08999633789062,118.18499755859375,117.56500244140625,118.04499816894531,693202,0
2026-06-29 10:35:00-04:00,118.04000091552734,118.23989868164062,117.625,117.94499969482422,433122,0
2026-06-29 10:40:00-04:00,117.94999694824219,118.3499984741211,117.85800170898438,117.87000274658203,527607,0
2026-06-29 10:45:00-04:00,117.86000061035156,118.43000030517578,117.75,118.33000183105469,504510,0
2026-06-29 10:50:00-04:00,118.3499984741211,118.63999938964844,118.12999725341797,118.12999725341797,492933,0
2026-06-29 10:55:00-04:00,118.11009979248047,118.11009979248047,117.23500061035156,117.72000122070312,586851,0
2026-06-29 11:00:00-04:00,117.69000244140625,117.77999877929688,117.2145004272461,117.38999938964844,513806,0
2026-06-29 11:05:00-04:00,117.40499877929688,117.65499877929688,117.02999877929688,117.05999755859375,541231,0
2026-06-29 11:10:00-04:00,117.05999755859375,117.1500015258789,116.55999755859375,116.93939971923828,537127,0
2026-06-29 11:15:00-04:00,116.94000244140625,116.95999908447266,116.26499938964844,116.6050033569336,495970,0
2026-06-29 11:20:00-04:00,116.61000061035156,116.61000061035156,116.25,116.4800033569336,416068,0
2026-06-29 11:25:00-04:00,116.4749984741211,116.5199966430664,116.22000122070312,116.28500366210938,364190,0
2026-06-29 11:30:00-04:00,116.30000305175781,116.4000015258789,115.95999908447266,115.97000122070312,428176,0
2026-06-29 11:35:00-04:00,115.97000122070312,116.08989715576172,115.74410247802734,116.02780151367188,462022,0
2026-06-29 11:40:00-04:00,116.0199966430664,116.14990234375,115.80000305175781,116.04499816894531,364992,0
2026-06-29 11:45:00-04:00,116.03500366210938,116.04000091552734,115.44000244140625,115.4800033569336,389744,0
2026-06-29 11:50:00-04:00,115.47000122070312,115.83000183105469,115.44000244140625,115.58999633789062,318540,0
2026-06-29 11:55:00-04:00,115.58999633789062,115.61000061035156,115.3030014038086,115.50589752197266,282684,0
2026-06-29 12:00:00-04:00,115.50990295410156,115.9800033569336,115.50990295410156,115.9800033569336,374032,0
2026-06-29 12:05:00-04:00,115.9800033569336,116.05000305175781,115.73999786376953,115.79989624023438,312180,0
2026-06-29 12:10:00-04:00,115.79000091552734,115.98999786376953,115.66000366210938,115.75,289749,0
2026-06-29 12:15:00-04:00,115.76000213623047,115.88999938964844,115.5000991821289,115.71499633789062,278500,0
2026-06-29 12:20:00-04:00,115.71499633789062,115.7699966430664,115.42500305175781,115.58999633789062,264199,0
2026-06-29 12:25:00-04:00,115.58999633789062,115.79000091552734,115.5250015258789,115.72989654541016,267306,0
2026-06-29 12:30:00-04:00,115.77999877929688,115.87000274658203,115.58000183105469,115.5906982421875,195651,0
2026-06-29 12:35:00-04:00,115.61000061035156,115.7750015258789,115.55999755859375,115.5999984741211,170527,0
2026-06-29 12:40:00-04:00,115.5999984741211,115.62999725341797,114.86000061035156,114.875,455097,0
2026-06-29 12:45:00-04:00,114.88999938964844,115.26000213623047,114.70999908447266,115.25,416910,0
2026-06-29 12:50:00-04:00,115.27989959716797,115.36000061035156,115.0999984741211,115.19499969482422,275133,0
2026-06-29 12:55:00-04:00,115.18000030517578,115.2249984741211,114.95999908447266,115.18000030517578,225036,0
2026-06-29 13:00:00-04:00,115.19000244140625,115.63990020751953,115.16999816894531,115.62999725341797,270672,0
2026-06-29 13:05:00-04:00,115.66999816894531,115.91000366210938,115.63020324707031,115.86000061035156,265283,0
2026-06-29 13:10:00-04:00,115.8499984741211,116.41000366210938,115.8499984741211,116.3499984741211,397022,0
2026-06-29 13:15:00-04:00,116.37000274658203,116.58000183105469,116.20999908447266,116.54499816894531,396415,0
2026-06-29 13:20:00-04:00,116.54499816894531,116.82499694824219,116.45999908447266,116.6050033569336,489097,0
2026-06-29 13:25:00-04:00,116.61009979248047,116.77999877929688,116.4000015258789,116.44999694824219,412028,0
2026-06-29 13:30:00-04:00,116.44999694824219,116.69000244140625,116.33999633789062,116.5,268553,0
2026-06-29 13:35:00-04:00,116.51000213623047,116.59500122070312,116.2699966430664,116.58999633789062,248892,0
2026-06-29 13:40:00-04:00,116.5999984741211,116.69000244140625,116.48999786376953,116.6500015258789,231702,0
2026-06-29 13:45:00-04:00,116.6449966430664,116.7249984741211,116.4800033569336,116.625,169850,0
2026-06-29 13:50:00-04:00,116.61499786376953,116.87000274658203,116.55000305175781,116.7300033569336,290498,0
2026-06-29 13:55:00-04:00,116.70999908447266,116.7699966430664,116.58000183105469,116.63999938964844,222976,0
2026-06-29 14:00:00-04:00,116.61499786376953,116.61499786376953,116.20999908447266,116.41999816894531,223770,0
2026-06-29 14:05:00-04:00,116.41999816894531,116.5199966430664,116.31999969482422,116.36000061035156,172506,0
2026-06-29 14:10:00-04:00,116.3550033569336,116.63999938964844,116.32009887695312,116.62999725341797,234568,0
2026-06-29 14:15:00-04:00,116.62999725341797,116.68000030517578,116.4000015258789,116.41999816894531,215023,0
2026-06-29 14:20:00-04:00,116.43000030517578,116.52010345458984,116.33000183105469,116.4000015258789,192930,0
2026-06-29 14:25:00-04:00,116.38999938964844,116.56999969482422,116.2699966430664,116.51000213623047,246249,0
2026-06-29 14:30:00-04:00,116.51499938964844,116.55000305175781,116.33999633789062,116.41999816894531,170303,0
2026-06-29 14:35:00-04:00,116.43000030517578,116.5999984741211,116.38999938964844,116.4800033569336,159561,0
2026-06-29 14:40:00-04:00,116.48999786376953,116.5,116.13999938964844,116.31999969482422,249894,0
2026-06-29 14:45:00-04:00,116.36000061035156,116.41999816894531,116.12000274658203,116.14990234375,211922,0
2026-06-29 14:50:00-04:00,116.1500015258789,116.18000030517578,115.98200225830078,116.18000030517578,260861,0
2026-06-29 14:55:00-04:00,116.18000030517578,116.51000213623047,116.1500015258789,116.4999008178711,273255,0
2026-06-29 15:00:00-04:00,116.5199966430664,116.52999877929688,116.2699966430664,116.29000091552734,242451,0
2026-06-29 15:05:00-04:00,116.30000305175781,116.4000015258789,116.11000061035156,116.27999877929688,244896,0
2026-06-29 15:10:00-04:00,116.2699966430664,116.33550262451172,116.0999984741211,116.10009765625,226533,0
2026-06-29 15:15:00-04:00,116.0999984741211,116.22000122070312,115.93000030517578,116.20999908447266,281761,0
2026-06-29 15:20:00-04:00,116.2249984741211,116.25,115.95999908447266,115.95999908447266,264598,0
2026-06-29 15:25:00-04:00,115.94999694824219,116.0999984741211,115.84500122070312,115.84500122070312,371022,0
2026-06-29 15:30:00-04:00,115.86000061035156,116.22989654541016,115.7699966430664,116.17769622802734,729816,0
2026-06-29 15:35:00-04:00,116.18000030517578,116.34500122070312,116.13999938964844,116.19499969482422,332316,0
2026-06-29 15:40:00-04:00,116.19999694824219,116.33499908447266,116.11280059814453,116.20999908447266,238178,0
2026-06-29 15:45:00-04:00,116.2300033569336,116.53500366210938,116.22000122070312,116.5199966430664,298800,0
2026-06-29 15:50:00-04:00,116.5,116.52999877929688,116.0250015258789,116.12999725341797,715324,0
2026-06-29 15:55:00-04:00,116.12999725341797,116.13999938964844,115.62999725341797,115.66999816894531,1548083,0
2026-06-30 09:30:00-04:00,114.91000366210938,116.3499984741211,114.56999969482422,115.49259948730469,1894447,0
2026-06-30 09:35:00-04:00,115.47480010986328,115.63999938964844,114.62000274658203,115.09500122070312,771368,0
2026-06-30 09:40:00-04:00,115.06780242919922,116.12000274658203,114.97000122070312,115.80500030517578,625886,0
2026-06-30 09:45:00-04:00,115.80500030517578,116.5,115.56999969482422,115.94499969482422,537675,0
2026-06-30 09:50:00-04:00,115.93000030517578,116.25,115.7750015258789,115.7750015258789,441191,0
2026-06-30 09:55:00-04:00,115.80999755859375,116.06990051269531,115.66000366210938,115.88999938964844,413093,0
2026-06-30 10:00:00-04:00,115.88999938964844,116.41500091552734,115.55999755859375,115.93900299072266,466434,0
2026-06-30 10:05:00-04:00,115.86000061035156,116.26000213623047,115.63999938964844,115.87000274658203,420676,0
2026-06-30 10:10:00-04:00,115.81999969482422,116.30000305175781,115.62999725341797,115.69000244140625,363741,0
2026-06-30 10:15:00-04:00,115.72000122070312,115.81999969482422,115.41999816894531,115.62000274658203,443187,0
2026-06-30 10:20:00-04:00,115.58000183105469,116.18000030517578,115.4800033569336,116.17939758300781,343267,0
2026-06-30 10:25:00-04:00,116.16999816894531,116.3499984741211,116.04499816894531,116.16500091552734,342693,0
2026-06-30 10:30:00-04:00,116.16999816894531,116.63999938964844,116.11000061035156,116.61810302734375,304760,0
2026-06-30 10:35:00-04:00,116.58000183105469,116.70989990234375,115.62999725341797,115.76010131835938,518981,0
2026-06-30 10:40:00-04:00,115.7699966430664,115.9800033569336,115.51499938964844,115.73799896240234,345417,0
2026-06-30 10:45:00-04:00,115.72000122070312,115.9000015258789,115.43000030517578,115.5,320833,0
2026-06-30 10:50:00-04:00,115.5199966430664,115.7300033569336,115.02010345458984,115.06999969482422,381968,0
2026-06-30 10:55:00-04:00,115.06999969482422,115.20999908447266,114.72000122070312,115.05000305175781,593829,0
2026-06-30 11:00:00-04:00,115.05999755859375,115.51000213623047,115.05999755859375,115.18000030517578,421174,0
2026-06-30 11:05:00-04:00,115.2300033569336,115.45999908447266,114.9729995727539,115.41000366210938,263898,0
2026-06-30 11:10:00-04:00,115.41000366210938,115.82990264892578,115.30000305175781,115.7699966430664,296796,0
2026-06-30 11:15:00-04:00,115.78759765625,116.0250015258789,115.56999969482422,115.98999786376953,293547,0
2026-06-30 11:20:00-04:00,116.0,117.16999816894531,116.0,117.16000366210938,674891,0
2026-06-30 11:25:00-04:00,117.16500091552734,117.63829803466797,116.8550033569336,117.63829803466797,594498,0
2026-06-30 11:30:00-04:00,117.62000274658203,117.69000244140625,117.19999694824219,117.33999633789062,392703,0
2026-06-30 11:35:00-04:00,117.33999633789062,117.39959716796875,116.94999694824219,117.25,276433,0
2026-06-30 11:40:00-04:00,117.26000213623047,117.43000030517578,116.96499633789062,117.0199966430664,286983,0
2026-06-30 11:45:00-04:00,117.0199966430664,117.0199966430664,116.70999908447266,116.77179718017578,225882,0
2026-06-30 11:50:00-04:00,116.80000305175781,117.05000305175781,116.69499969482422,116.70999908447266,200855,0
2026-06-30 11:55:00-04:00,116.70999908447266,116.80000305175781,116.56999969482422,116.69000244140625,189578,0
2026-06-30 12:00:00-04:00,116.7300033569336,117.01429748535156,116.68000030517578,116.98999786376953,205619,0
2026-06-30 12:05:00-04:00,116.98999786376953,117.27999877929688,116.9000015258789,117.19000244140625,258466,0
2026-06-30 12:10:00-04:00,117.19499969482422,117.51000213623047,117.11000061035156,117.44000244140625,342720,0
2026-06-30 12:15:00-04:00,117.44499969482422,117.76920318603516,117.33999633789062,117.66999816894531,346160,0
2026-06-30 12:20:00-04:00,117.66000366210938,117.95999908447266,117.33999633789062,117.91000366210938,318128,0
2026-06-30 12:25:00-04:00,117.9000015258789,117.94999694824219,117.66999816894531,117.67500305175781,259833,0
2026-06-30 12:30:00-04:00,117.69000244140625,117.71920013427734,117.3499984741211,117.69999694824219,251271,0
2026-06-30 12:35:00-04:00,117.70999908447266,117.88990020751953,117.66000366210938,117.71299743652344,247955,0
2026-06-30 12:40:00-04:00,117.72000122070312,118.16999816894531,117.72000122070312,118.12999725341797,341830,0
2026-06-30 12:45:00-04:00,118.12999725341797,118.53970336914062,118.07499694824219,118.48989868164062,425255,0
2026-06-30 12:50:00-04:00,118.48500061035156,118.63999938964844,118.41999816894531,118.5199966430664,334443,0
2026-06-30 12:55:00-04:00,118.51000213623047,118.69999694824219,118.37000274658203,118.46089935302734,287934,0
2026-06-30 13:00:00-04:00,118.45999908447266,118.50499725341797,118.2500991821289,118.4000015258789,261405,0
2026-06-30 13:05:00-04:00,118.41000366210938,118.55000305175781,118.30000305175781,118.3550033569336,250243,0
2026-06-30 13:10:00-04:00,118.3550033569336,118.44000244140625,118.16000366210938,118.2699966430664,251296,0
2026-06-30 13:15:00-04:00,118.2699966430664,118.38999938964844,118.19999694824219,118.29000091552734,256118,0
2026-06-30 13:20:00-04:00,118.27909851074219,118.4749984741211,118.22000122070312,118.26000213623047,217506,0
2026-06-30 13:25:00-04:00,118.2699966430664,118.33999633789062,118.16000366210938,118.22000122070312,208171,0
2026-06-30 13:30:00-04:00,118.2300033569336,118.32929992675781,118.04000091552734,118.2300033569336,201198,0
2026-06-30 13:35:00-04:00,118.2300033569336,118.2499008178711,117.93000030517578,117.9800033569336,214553,0
2026-06-30 13:40:00-04:00,118.0199966430664,118.2300033569336,118.0199966430664,118.05000305175781,169477,0
2026-06-30 13:45:00-04:00,118.02999877929688,118.05120086669922,117.58000183105469,117.75,342490,0
2026-06-30 13:50:00-04:00,117.75,118.05999755859375,117.62000274658203,117.94999694824219,308060,0
2026-06-30 13:55:00-04:00,117.95999908447266,118.16000366210938,117.47000122070312,117.48999786376953,287352,0
2026-06-30 14:00:00-04:00,117.48789978027344,117.6500015258789,117.26000213623047,117.53009796142578,316341,0
2026-06-30 14:05:00-04:00,117.55970001220703,117.62999725341797,117.37000274658203,117.55000305175781,155285,0
2026-06-30 14:10:00-04:00,117.56999969482422,117.69000244140625,117.5199966430664,117.55000305175781,140879,0
2026-06-30 14:15:00-04:00,117.54239654541016,117.72000122070312,117.45999908447266,117.66500091552734,146806,0
2026-06-30 14:20:00-04:00,117.66500091552734,117.7396011352539,117.55999755859375,117.59500122070312,139855,0
2026-06-30 14:25:00-04:00,117.5999984741211,117.66000366210938,117.51000213623047,117.58499908447266,119979,0
2026-06-30 14:30:00-04:00,117.5999984741211,117.61000061035156,117.43000030517578,117.55000305175781,198604,0
2026-06-30 14:35:00-04:00,117.55999755859375,117.69000244140625,117.41000366210938,117.41999816894531,1244045,0
2026-06-30 14:40:00-04:00,117.41000366210938,117.43000030517578,117.27999877929688,117.37999725341797,187744,0
2026-06-30 14:45:00-04:00,117.38500213623047,117.44000244140625,117.28009796142578,117.375,184544,0
2026-06-30 14:50:00-04:00,117.38999938964844,117.3949966430664,117.22000122070312,117.29840087890625,181875,0
2026-06-30 14:55:00-04:00,117.30000305175781,117.33999633789062,117.05999755859375,117.08000183105469,322052,0
2026-06-30 15:00:00-04:00,117.08999633789062,117.19999694824219,116.93000030517578,116.93000030517578,315245,0
2026-06-30 15:05:00-04:00,116.94000244140625,117.06999969482422,116.84500122070312,116.9800033569336,268000,0
2026-06-30 15:10:00-04:00,116.95999908447266,117.19000244140625,116.86499786376953,117.16500091552734,284066,0
2026-06-30 15:15:00-04:00,117.16000366210938,117.19999694824219,117.0,117.0199966430664,350615,0
2026-06-30 15:20:00-04:00,117.02999877929688,117.18000030517578,116.83999633789062,117.04109954833984,428743,0
2026-06-30 15:25:00-04:00,117.04010009765625,117.04010009765625,116.77999877929688,116.8949966430664,374032,0
2026-06-30 15:30:00-04:00,116.8949966430664,117.05000305175781,116.83699798583984,116.90499877929688,294880,0
2026-06-30 15:35:00-04:00,116.88999938964844,116.94000244140625,116.74500274658203,116.81999969482422,332524,0
2026-06-30 15:40:00-04:00,116.79000091552734,116.83989715576172,116.58000183105469,116.70989990234375,345102,0
2026-06-30 15:45:00-04:00,116.69999694824219,116.87000274658203,116.53009796142578,116.66999816894531,343185,0
2026-06-30 15:50:00-04:00,116.66000366210938,116.94999694824219,116.51000213623047,116.69999694824219,685009,0
2026-06-30 15:55:00-04:00,116.69499969482422,116.86000061035156,116.50499725341797,116.62999725341797,1733308,0
2026-07-01 09:30:00-04:00,120.2760009765625,122.71810150146484,119.3499984741211,122.07160186767578,4875738,0
2026-07-01 09:35:00-04:00,122.12000274658203,123.9000015258789,122.0000991821289,123.16999816894531,2307405,0
2026-07-01 09:40:00-04:00,123.19200134277344,124.66999816894531,122.72139739990234,123.34349822998047,1780187,0
2026-07-01 09:45:00-04:00,123.38999938964844,124.07990264892578,122.9000015258789,123.16000366210938,1154145,0
2026-07-01 09:50:00-04:00,123.12110137939453,123.8499984741211,122.41000366210938,123.84510040283203,1031305,0
2026-07-01 09:55:00-04:00,123.81500244140625,124.70989990234375,123.62999725341797,124.6250991821289,1161813,0
2026-07-01 10:00:00-04:00,124.65799713134766,125.43000030517578,124.26000213623047,125.0,1509766,0
2026-07-01 10:05:00-04:00,125.02999877929688,125.55000305175781,124.37000274658203,124.82499694824219,1281676,0
2026-07-01 10:10:00-04:00,124.83000183105469,125.38500213623047,124.36000061035156,125.11000061035156,1107594,0
2026-07-01 10:15:00-04:00,125.11499786376953,125.7699966430664,125.11499786376953,125.61000061035156,876931,0
2026-07-01 10:20:00-04:00,125.55999755859375,125.67960357666016,125.05000305175781,125.38999938964844,698697,0
2026-07-01 10:25:00-04:00,125.37000274658203,125.43000030517578,124.66000366210938,124.73259735107422,665952,0
2026-07-01 10:30:00-04:00,124.7699966430664,125.06580352783203,124.29000091552734,124.87999725341797,804453,0
2026-07-01 10:35:00-04:00,124.875,125.73500061035156,124.8499984741211,125.61000061035156,758216,0
2026-07-01 10:40:00-04:00,125.61000061035156,126.76000213623047,125.52999877929688,126.55010223388672,1271919,0
2026-07-01 10:45:00-04:00,126.55000305175781,127.18000030517578,126.16200256347656,127.14790344238281,1148477,0
2026-07-01 10:50:00-04:00,127.15989685058594,127.5199966430664,126.8550033569336,127.22689819335938,977769,0
2026-07-01 10:55:00-04:00,127.2300033569336,127.47000122070312,126.93990325927734,127.26000213623047,931084,0
2026-07-01 11:00:00-04:00,127.26000213623047,127.66899871826172,126.7699966430664,126.88390350341797,739320,0
2026-07-01 11:05:00-04:00,126.87000274658203,127.74800109863281,126.69000244140625,127.40499877929688,921471,0
2026-07-01 11:10:00-04:00,127.37000274658203,127.5199966430664,127.16000366210938,127.43000030517578,487172,0
2026-07-01 11:15:00-04:00,127.43499755859375,127.62000274658203,126.94000244140625,127.04000091552734,604807,0
2026-07-01 11:20:00-04:00,127.05999755859375,127.51000213623047,127.0344009399414,127.36009979248047,673874,0
2026-07-01 11:25:00-04:00,127.38999938964844,127.88999938964844,127.37999725341797,127.51499938964844,751760,0
2026-07-01 11:30:00-04:00,127.54419708251953,127.5999984741211,126.70500183105469,127.19999694824219,985911,0
2026-07-01 11:35:00-04:00,127.22000122070312,127.38999938964844,126.91010284423828,127.125,537537,0
2026-07-01 11:40:00-04:00,127.12000274658203,127.69999694824219,127.01000213623047,127.56999969482422,568117,0
2026-07-01 11:45:00-04:00,127.55000305175781,127.70999908447266,127.32009887695312,127.3550033569336,712260,0
2026-07-01 11:50:00-04:00,127.38999938964844,127.3998031616211,126.95999908447266,127.3998031616211,449087,0
2026-07-01 11:55:00-04:00,127.4000015258789,127.7300033569336,127.22000122070312,127.4800033569336,372767,0
2026-07-01 12:00:00-04:00,127.51000213623047,127.69999694824219,127.3499984741211,127.46499633789062,457552,0
2026-07-01 12:05:00-04:00,127.44999694824219,127.44999694824219,126.91000366210938,126.92500305175781,513510,0
2026-07-01 12:10:00-04:00,126.94000244140625,127.23999786376953,126.81999969482422,127.00499725341797,300119,0
2026-07-01 12:15:00-04:00,127.02999877929688,127.11949920654297,126.1500015258789,126.56999969482422,538526,0
2026-07-01 12:20:00-04:00,126.56510162353516,126.5801010131836,126.13999938964844,126.46499633789062,331716,0
2026-07-01 12:25:00-04:00,126.4800033569336,126.83000183105469,126.44000244140625,126.69499969482422,375836,0
2026-07-01 12:30:00-04:00,126.69499969482422,127.01000213623047,126.51000213623047,126.56999969482422,398126,0
2026-07-01 12:35:00-04:00,126.560302734375,127.0,126.5,126.90499877929688,268671,0
2026-07-01 12:40:00-04:00,126.90499877929688,127.08000183105469,126.55999755859375,126.82730102539062,402218,0
2026-07-01 12:45:00-04:00,126.82499694824219,127.05999755859375,126.69499969482422,126.7699966430664,251478,0
2026-07-01 12:50:00-04:00,126.7699966430664,127.05999755859375,126.7300033569336,127.05919647216797,225480,0
2026-07-01 12:55:00-04:00,127.04000091552734,127.30000305175781,126.56500244140625,126.62999725341797,437868,0
2026-07-01 13:00:00-04:00,126.62000274658203,126.7300033569336,126.45010375976562,126.48999786376953,364626,0
2026-07-01 13:05:00-04:00,126.49500274658203,126.94989776611328,126.38189697265625,126.91000366210938,340809,0
2026-07-01 13:10:00-04:00,126.91010284423828,127.0270004272461,126.69999694824219,126.88999938964844,265866,0
2026-07-01 13:15:00-04:00,126.88999938964844,127.06919860839844,126.83999633789062,126.9800033569336,271520,0
2026-07-01 13:20:00-04:00,126.97419738769531,127.18900299072266,126.87000274658203,127.02999877929688,213671,0
2026-07-01 13:25:00-04:00,127.06999969482422,127.12940216064453,126.80999755859375,126.81999969482422,230577,0
2026-07-01 13:30:00-04:00,126.84989929199219,127.0999984741211,126.73500061035156,126.91999816894531,328284,0
2026-07-01 13:35:00-04:00,126.93000030517578,127.17990112304688,126.70010375976562,126.7699966430664,253082,0
2026-07-01 13:40:00-04:00,126.77999877929688,126.80999755859375,126.62000274658203,126.6990966796875,211253,0
2026-07-01 13:45:00-04:00,126.69000244140625,127.36000061035156,126.62999725341797,127.27999877929688,365498,0
2026-07-01 13:50:00-04:00,127.29000091552734,127.61000061035156,127.26000213623047,127.54499816894531,451044,0
2026-07-01 13:55:00-04:00,127.54000091552734,127.59929656982422,127.0999984741211,127.3499984741211,365717,0
2026-07-01 14:00:00-04:00,127.3550033569336,127.80500030517578,127.30999755859375,127.80500030517578,427439,0
2026-07-01 14:05:00-04:00,127.80000305175781,127.88999938964844,127.35009765625,127.41000366210938,352456,0
2026-07-01 14:10:00-04:00,127.41000366210938,127.66000366210938,127.3499984741211,127.58000183105469,322308,0
2026-07-01 14:15:00-04:00,127.56999969482422,127.73999786376953,127.37000274658203,127.7300033569336,359160,0
2026-07-01 14:20:00-04:00,127.73500061035156,127.94999694824219,127.62000274658203,127.90499877929688,386596,0
2026-07-01 14:25:00-04:00,127.9000015258789,128.24000549316406,127.82019805908203,127.87999725341797,688795,0
2026-07-01 14:30:00-04:00,127.87999725341797,128.07000732421875,127.76000213623047,127.94499969482422,418464,0
2026-07-01 14:35:00-04:00,127.95999908447266,128.22000122070312,127.95999908447266,128.19000244140625,477595,0
2026-07-01 14:40:00-04:00,128.1999969482422,128.25,127.68000030517578,127.7300033569336,504053,0
2026-07-01 14:45:00-04:00,127.73999786376953,127.76000213623047,127.06009674072266,127.33000183105469,461599,0
2026-07-01 14:50:00-04:00,127.31999969482422,127.5198974609375,127.16999816894531,127.33989715576172,323232,0
2026-07-01 14:55:00-04:00,127.33000183105469,127.4291000366211,127.19010162353516,127.26000213623047,265119,0
2026-07-01 15:00:00-04:00,127.2699966430664,127.52999877929688,127.05999755859375,127.43000030517578,411485,0
2026-07-01 15:05:00-04:00,127.44000244140625,127.5979995727539,127.26000213623047,127.41999816894531,279637,0
2026-07-01 15:10:00-04:00,127.43000030517578,127.5,127.2509994506836,127.48999786376953,255048,0
2026-07-01 15:15:00-04:00,127.48999786376953,127.52780151367188,127.16000366210938,127.27999877929688,302197,0
2026-07-01 15:20:00-04:00,127.26010131835938,127.31500244140625,126.4800033569336,126.52300262451172,649785,0
2026-07-01 15:25:00-04:00,126.52999877929688,126.9478988647461,126.5,126.74250030517578,444667,0
2026-07-01 15:30:00-04:00,126.76000213623047,127.04499816894531,126.33999633789062,126.94499969482422,593849,0
2026-07-01 15:35:00-04:00,126.94999694824219,127.05000305175781,126.63500213623047,126.70999908447266,446621,0
2026-07-01 15:40:00-04:00,126.70999908447266,126.98999786376953,126.62000274658203,126.94000244140625,463538,0
2026-07-01 15:45:00-04:00,126.94499969482422,126.94999694824219,126.510498046875,126.6500015258789,498786,0
2026-07-01 15:50:00-04:00,126.66500091552734,126.69999694824219,125.80999755859375,125.98999786376953,1128094,0
2026-07-01 15:55:00-04:00,125.98999786376953,126.27999877929688,125.63999938964844,125.69000244140625,2209067,0
2026-07-02 09:30:00-04:00,128.81500244140625,131.47000122070312,128.4199981689453,131.35499572753906,7199314,0
2026-07-02 09:35:00-04:00,131.33680725097656,132.8800048828125,130.6320037841797,132.4499969482422,2440154,0
2026-07-02 09:40:00-04:00,132.375,132.77999877929688,131.63999938964844,132.75,1630542,0
2026-07-02 09:45:00-04:00,132.74989318847656,132.75,130.89999389648438,131.4600067138672,1403323,0
2026-07-02 09:50:00-04:00,131.43240356445312,131.4600067138672,129.94070434570312,130.8350067138672,1375785,0
2026-07-02 09:55:00-04:00,130.80999755859375,131.36000061035156,130.3699951171875,131.0,899374,0
2026-07-02 10:00:00-04:00,131.05499267578125,132.1649932861328,130.70010375976562,132.110107421875,1170398,0
2026-07-02 10:05:00-04:00,132.13999938964844,132.6898956298828,131.39500427246094,131.40499877929688,975039,0
2026-07-02 10:10:00-04:00,131.47000122070312,132.32000732421875,130.89999389648438,131.50999450683594,929090,0
2026-07-02 10:15:00-04:00,131.52499389648438,132.0,131.13999938964844,131.27000427246094,577079,0
2026-07-02 10:20:00-04:00,131.2449951171875,131.3000030517578,130.39999389648438,130.4949951171875,734063,0
2026-07-02 10:25:00-04:00,130.4700927734375,130.50999450683594,129.36000061035156,129.69500732421875,776966,0
2026-07-02 10:30:00-04:00,129.69500732421875,130.85000610351562,129.55999755859375,130.5399932861328,848327,0
2026-07-02 10:35:00-04:00,130.53500366210938,131.72500610351562,130.3018035888672,131.0800018310547,666749,0
2026-07-02 10:40:00-04:00,131.14999389648438,131.17999267578125,129.8800048828125,130.02999877929688,819695,0
2026-07-02 10:45:00-04:00,130.0500030517578,130.72999572753906,129.72000122070312,130.60159301757812,650469,0
2026-07-02 10:50:00-04:00,130.5850067138672,130.6300048828125,129.1999969482422,129.6125030517578,749894,0
2026-07-02 10:55:00-04:00,129.58009338378906,130.2100067138672,129.41009521484375,130.13999938964844,619160,0
2026-07-02 11:00:00-04:00,130.16009521484375,130.1699981689453,128.82000732421875,128.86000061035156,605157,0
2026-07-02 11:05:00-04:00,128.8800048828125,129.16000366210938,128.49000549316406,129.05999755859375,701339,0
2026-07-02 11:10:00-04:00,129.0399932861328,129.5800018310547,128.9199981689453,129.4199981689453,431407,0
2026-07-02 11:15:00-04:00,129.40890502929688,129.5904998779297,128.83009338378906,129.02000427246094,442504,0
2026-07-02 11:20:00-04:00,129.0800018310547,129.4199981689453,128.77000427246094,129.28500366210938,386734,0
2026-07-02 11:25:00-04:00,129.28250122070312,129.33999633789062,128.82000732421875,128.85000610351562,352762,0
2026-07-02 11:30:00-04:00,128.8699951171875,129.35000610351562,128.86000061035156,129.22999572753906,354398,0
2026-07-02 11:35:00-04:00,129.27000427246094,129.84829711914062,129.16000366210938,129.66990661621094,511441,0
2026-07-02 11:40:00-04:00,129.64089965820312,129.9499969482422,129.3000030517578,129.4499969482422,380744,0
2026-07-02 11:45:00-04:00,129.4199981689453,129.86810302734375,129.25999450683594,129.27999877929688,326306,0
2026-07-02 11:50:00-04:00,129.25,129.41000366210938,128.94000244140625,129.2550048828125,361455,0
2026-07-02 11:55:00-04:00,129.1999969482422,129.22999572753906,128.8699951171875,128.97000122070312,293103,0
2026-07-02 12:00:00-04:00,129.0,129.22999572753906,128.2949981689453,128.5399932861328,356074,0
2026-07-02 12:05:00-04:00,128.52000427246094,128.80999755859375,128.38999938964844,128.63499450683594,306301,0
2026-07-02 12:10:00-04:00,128.63499450683594,129.74000549316406,128.58999633789062,129.7100067138672,348635,0
2026-07-02 12:15:00-04:00,129.6999969482422,130.07000732421875,129.3946075439453,129.73219299316406,767135,0
2026-07-02 12:20:00-04:00,129.7100067138672,129.7100067138672,129.31500244140625,129.4250030517578,251940,0
2026-07-02 12:25:00-04:00,129.41000366210938,130.0500030517578,129.41000366210938,129.82000732421875,465901,0
2026-07-02 12:30:00-04:00,129.86000061035156,129.8699951171875,129.27000427246094,129.35000610351562,271767,0
2026-07-02 12:35:00-04:00,129.32000732421875,129.9199981689453,129.22000122070312,129.89999389648438,556921,0
2026-07-02 12:40:00-04:00,129.92999267578125,130.3000030517578,129.8719940185547,130.08999633789062,315003,0
2026-07-02 12:45:00-04:00,130.0800018310547,130.0800018310547,129.77000427246094,129.9250030517578,318389,0
2026-07-02 12:50:00-04:00,129.94000244140625,130.49000549316406,129.8699951171875,130.32000732421875,592758,0
2026-07-02 12:55:00-04:00,130.3300018310547,130.3800048828125,129.9250030517578,130.14999389648438,296601,0
2026-07-02 13:00:00-04:00,130.15499877929688,130.2899932861328,129.85000610351562,130.01499938964844,362730,0
2026-07-02 13:05:00-04:00,129.99000549316406,130.88999938964844,129.8300018310547,130.78500366210938,739010,0
2026-07-02 13:10:00-04:00,130.77999877929688,131.4499053955078,130.6199951171875,131.28329467773438,717695,0
2026-07-02 13:15:00-04:00,131.30499267578125,131.64990234375,131.1663055419922,131.6199951171875,558736,0
2026-07-02 13:20:00-04:00,131.6300048828125,132.4149932861328,131.58009338378906,131.89999389648438,1038705,0
2026-07-02 13:25:00-04:00,131.91000366210938,132.03030395507812,131.27099609375,131.55499267578125,486559,0
2026-07-02 13:30:00-04:00,131.57000732421875,132.10000610351562,131.33009338378906,131.73500061035156,607945,0
2026-07-02 13:35:00-04:00,131.73500061035156,131.75990295410156,130.6300048828125,130.72500610351562,534566,0
2026-07-02 13:40:00-04:00,130.74000549316406,131.36000061035156,130.5200958251953,131.13999938964844,384728,0
2026-07-02 13:45:00-04:00,131.11000061035156,131.3000030517578,130.8000946044922,130.99000549316406,578699,0
2026-07-02 13:50:00-04:00,130.99000549316406,131.35000610351562,130.75,131.30999755859375,312720,0
2026-07-02 13:55:00-04:00,131.2949981689453,131.41000366210938,130.55999755859375,130.55999755859375,361393,0
2026-07-02 14:00:00-04:00,130.5800018310547,131.32000732421875,130.5,131.30999755859375,310228,0
2026-07-02 14:05:00-04:00,131.30999755859375,131.97000122070312,131.25,131.39500427246094,399222,0
2026-07-02 14:10:00-04:00,131.39999389648438,131.66000366210938,131.25999450683594,131.41000366210938,303719,0
2026-07-02 14:15:00-04:00,131.4149932861328,131.4499969482422,130.82000732421875,130.97500610351562,236612,0
2026-07-02 14:20:00-04:00,130.9600067138672,131.0384979248047,130.77999877929688,130.97999572753906,157372,0
2026-07-02 14:25:00-04:00,131.0,131.05999755859375,130.8800048828125,130.93499755859375,190952,0
2026-07-02 14:30:00-04:00,130.88999938964844,131.00999450683594,130.6300048828125,130.66000366210938,256083,0
2026-07-02 14:35:00-04:00,130.73989868164062,131.0,130.41000366210938,130.89010620117188,291975,0
2026-07-02 14:40:00-04:00,130.90499877929688,131.0800018310547,130.72000122070312,130.99000549316406,1242593,0
2026-07-02 14:45:00-04:00,130.97000122070312,131.0800018310547,130.6999969482422,130.8800048828125,270807,0
2026-07-02 14:50:00-04:00,130.85499572753906,130.88999938964844,130.30999755859375,130.3699951171875,315823,0
2026-07-02 14:55:00-04:00,130.3719024658203,130.8300018310547,130.1199951171875,130.8300018310547,408396,0
2026-07-02 15:00:00-04:00,130.8699951171875,130.8699951171875,130.22000122070312,130.27999877929688,312457,0
2026-07-02 15:05:00-04:00,130.28500366210938,130.35989379882812,129.94000244140625,130.14500427246094,395291,0
2026-07-02 15:10:00-04:00,130.13999938964844,130.27999877929688,129.97019958496094,130.14999389648438,223300,0
2026-07-02 15:15:00-04:00,130.14999389648438,130.16000366210938,129.5800018310547,129.6300048828125,409201,0
2026-07-02 15:20:00-04:00,129.61000061035156,129.66000366210938,129.1300048828125,129.42999267578125,446745,0
2026-07-02 15:25:00-04:00,129.4499969482422,129.67999267578125,129.36000061035156,129.5449981689453,395320,0
2026-07-02 15:30:00-04:00,129.57000732421875,129.67999267578125,129.1999969482422,129.4490966796875,472264,0
2026-07-02 15:35:00-04:00,129.41619873046875,129.5269012451172,129.16000366210938,129.42999267578125,348628,0
2026-07-02 15:40:00-04:00,129.42999267578125,129.9573974609375,129.35000610351562,129.90289306640625,460161,0
2026-07-02 15:45:00-04:00,129.91000366210938,130.39999389648438,129.52999877929688,129.60000610351562,899547,0
2026-07-02 15:50:00-04:00,129.67999267578125,130.02000427246094,129.51499938964844,129.97000122070312,856529,0
2026-07-02 15:55:00-04:00,129.9600067138672,130.0,129.14999389648438,129.14999389648438,2177891,0
2026-07-06 09:30:00-04:00,127.13999938964844,130.47999572753906,126.76000213623047,130.05499267578125,3015037,0
2026-07-06 09:35:00-04:00,130.05499267578125,130.69000244140625,129.29010009765625,130.4199981689453,1102334,0
2026-07-06 09:40:00-04:00,130.39500427246094,131.52000427246094,130.1699981689453,131.25,1087249,0
2026-07-06 09:45:00-04:00,131.25999450683594,131.9199981689453,131.2100067138672,131.7111053466797,757152,0
2026-07-06 09:50:00-04:00,131.77999877929688,132.88999938964844,131.55999755859375,132.16000366210938,1040048,0
2026-07-06 09:55:00-04:00,132.1999969482422,132.24000549316406,131.0500030517578,131.45950317382812,524823,0
2026-07-06 10:00:00-04:00,131.47999572753906,131.61000061035156,130.75,130.8800048828125,542720,0
2026-07-06 10:05:00-04:00,130.88999938964844,131.7550048828125,130.67999267578125,131.6199951171875,549271,0
2026-07-06 10:10:00-04:00,131.63999938964844,131.73989868164062,130.9600067138672,131.00039672851562,570884,0
2026-07-06 10:15:00-04:00,131.02999877929688,131.11000061035156,130.25,130.44500732421875,664618,0
2026-07-06 10:20:00-04:00,130.4499969482422,130.72500610351562,130.30499267578125,130.72000122070312,458559,0
2026-07-06 10:25:00-04:00,130.77960205078125,131.05990600585938,130.5,130.80999755859375,534437,0
2026-07-06 10:30:00-04:00,130.82000732421875,131.55999755859375,130.75,131.0050048828125,530621,0
2026-07-06 10:35:00-04:00,131.0,131.3300018310547,130.75,130.9499969482422,297188,0
2026-07-06 10:40:00-04:00,130.9499053955078,131.05999755859375,130.52000427246094,130.56350708007812,436686,0
2026-07-06 10:45:00-04:00,130.52999877929688,130.6999969482422,130.32000732421875,130.6396942138672,311492,0
2026-07-06 10:50:00-04:00,130.6300048828125,130.70989990234375,130.4149932861328,130.46499633789062,287531,0
2026-07-06 10:55:00-04:00,130.48500061035156,130.48500061035156,130.07000732421875,130.17999267578125,361695,0
2026-07-06 11:00:00-04:00,130.2100067138672,130.4499969482422,130.06500244140625,130.42999267578125,285141,0
2026-07-06 11:05:00-04:00,130.41000366210938,131.56100463867188,130.33999633789062,131.47000122070312,513417,0
2026-07-06 11:10:00-04:00,131.5,132.67999267578125,131.47999572753906,132.52999877929688,745704,0
2026-07-06 11:15:00-04:00,132.51499938964844,132.72000122070312,132.28579711914062,132.36000061035156,592394,0
2026-07-06 11:20:00-04:00,132.36000061035156,133.1699981689453,132.32000732421875,133.14010620117188,691728,0
2026-07-06 11:25:00-04:00,133.13499450683594,133.22000122070312,132.72000122070312,133.0500030517578,515404,0
2026-07-06 11:30:00-04:00,133.02999877929688,133.22000122070312,132.47999572753906,132.72000122070312,435542,0
2026-07-06 11:35:00-04:00,132.75999450683594,133.11000061035156,132.6199951171875,132.8385009765625,347149,0
2026-07-06 11:40:00-04:00,132.8000946044922,133.5,132.7949981689453,133.375,515799,0
2026-07-06 11:45:00-04:00,133.36000061035156,133.52999877929688,133.17999267578125,133.30999755859375,408189,0
2026-07-06 11:50:00-04:00,133.2899932861328,133.74000549316406,133.27999877929688,133.6999969482422,364041,0
2026-07-06 11:55:00-04:00,133.68499755859375,133.9499969482422,133.5800018310547,133.64999389648438,337290,0
2026-07-06 12:00:00-04:00,133.66000366210938,133.9499969482422,133.59500122070312,133.6750030517578,360900,0
2026-07-06 12:05:00-04:00,133.67999267578125,134.06930541992188,133.6699981689453,133.87010192871094,327884,0
2026-07-06 12:10:00-04:00,133.8800048828125,134.02999877929688,133.60499572753906,133.69000244140625,414730,0
2026-07-06 12:15:00-04:00,133.69000244140625,133.88999938964844,133.39999389648438,133.50999450683594,286166,0
2026-07-06 12:20:00-04:00,133.5500030517578,133.5850067138672,133.27000427246094,133.46099853515625,209807,0
2026-07-06 12:25:00-04:00,133.44500732421875,133.5399932861328,133.24000549316406,133.4801025390625,213060,0
2026-07-06 12:30:00-04:00,133.49000549316406,133.5198974609375,133.3000030517578,133.3699951171875,218908,0
2026-07-06 12:35:00-04:00,133.39999389648438,133.4600067138672,133.07420349121094,133.19000244140625,168843,0
2026-07-06 12:40:00-04:00,133.17999267578125,133.33999633789062,132.94000244140625,132.99000549316406,289098,0
2026-07-06 12:45:00-04:00,132.99000549316406,133.35000610351562,132.83009338378906,133.3000030517578,221651,0
2026-07-06 12:50:00-04:00,133.3000030517578,133.3990020751953,132.8300018310547,132.8300018310547,186599,0
2026-07-06 12:55:00-04:00,132.84500122070312,133.0998992919922,132.72999572753906,132.9199981689453,400070,0
2026-07-06 13:00:00-04:00,132.9149932861328,133.0749969482422,132.77000427246094,132.8800048828125,196981,0
2026-07-06 13:05:00-04:00,132.860107421875,132.94000244140625,132.74000549316406,132.86669921875,133588,0
2026-07-06 13:10:00-04:00,132.875,133.218994140625,132.810302734375,133.13499450683594,246520,0
2026-07-06 13:15:00-04:00,133.13499450683594,133.24000549316406,132.97000122070312,133.06500244140625,190718,0
2026-07-06 13:20:00-04:00,133.06500244140625,133.0800018310547,132.8300018310547,132.97999572753906,191459,0
2026-07-06 13:25:00-04:00,133.0,133.22000122070312,132.9300994873047,133.1699981689453,201641,0
2026-07-06 13:30:00-04:00,133.1750030517578,133.1750030517578,132.75,132.83999633789062,218608,0
2026-07-06 13:35:00-04:00,132.85499572753906,133.0482940673828,132.63999938964844,132.88999938964844,241000,0
2026-07-06 13:40:00-04:00,132.8800048828125,132.8800048828125,132.25999450683594,132.27999877929688,274137,0
2026-07-06 13:45:00-04:00,132.26499938964844,132.2799072265625,131.92999267578125,131.9499969482422,345363,0
2026-07-06 13:50:00-04:00,131.97000122070312,132.0399932861328,131.77000427246094,131.77999877929688,183355,0
2026-07-06 13:55:00-04:00,131.8195037841797,131.83999633789062,131.48399353027344,131.60000610351562,234242,0
2026-07-06 14:00:00-04:00,131.6300048828125,131.6699981689453,131.4199981689453,131.56500244140625,212246,0
2026-07-06 14:05:00-04:00,131.60000610351562,131.88999938964844,131.52999877929688,131.80499267578125,211246,0
2026-07-06 14:10:00-04:00,131.8000030517578,131.9499969482422,131.72999572753906,131.77499389648438,206127,0
2026-07-06 14:15:00-04:00,131.80999755859375,132.0500030517578,131.77000427246094,131.99249267578125,179020,0
2026-07-06 14:20:00-04:00,131.97999572753906,132.5500030517578,131.97999572753906,132.51499938964844,459249,0
2026-07-06 14:25:00-04:00,132.50100708007812,132.72000122070312,132.49000549316406,132.53990173339844,214962,0
2026-07-06 14:30:00-04:00,132.52999877929688,132.5800018310547,132.44000244140625,132.52999877929688,226493,0
2026-07-06 14:35:00-04:00,132.50999450683594,132.625,132.32000732421875,132.38999938964844,179968,0
2026-07-06 14:40:00-04:00,132.38499450683594,132.5,132.3000030517578,132.32000732421875,157156,0
2026-07-06 14:45:00-04:00,132.31500244140625,132.75,132.19009399414062,132.69500732421875,264842,0
2026-07-06 14:50:00-04:00,132.69500732421875,132.75,132.47000122070312,132.6999969482422,204199,0
2026-07-06 14:55:00-04:00,132.7100067138672,132.74000549316406,132.4499969482422,132.50999450683594,186741,0
2026-07-06 15:00:00-04:00,132.5399932861328,132.71499633789062,132.49000549316406,132.69000244140625,166068,0
2026-07-06 15:05:00-04:00,132.6811981201172,132.82000732421875,132.47999572753906,132.57000732421875,303788,0
2026-07-06 15:10:00-04:00,132.57000732421875,132.74000549316406,132.48500061035156,132.6699981689453,227500,0
2026-07-06 15:15:00-04:00,132.668701171875,132.67999267578125,132.46499633789062,132.53500366210938,177070,0
2026-07-06 15:20:00-04:00,132.53500366210938,132.6300048828125,132.41000366210938,132.4199981689453,205476,0
2026-07-06 15:25:00-04:00,132.42999267578125,132.52000427246094,132.24000549316406,132.4499969482422,236506,0
2026-07-06 15:30:00-04:00,132.4600067138672,132.72999572753906,132.33999633789062,132.58999633789062,286056,0
2026-07-06 15:35:00-04:00,132.61000061035156,132.61000061035156,132.24000549316406,132.35000610351562,226907,0
2026-07-06 15:40:00-04:00,132.35499572753906,132.4199981689453,132.18409729003906,132.3300018310547,252189,0
2026-07-06 15:45:00-04:00,132.32000732421875,132.3800048828125,132.2550048828125,132.3000030517578,245425,0
2026-07-06 15:50:00-04:00,132.2899932861328,132.30999755859375,131.71499633789062,131.9600067138672,626835,0
2026-07-06 15:55:00-04:00,132.0,132.6999969482422,132.0,132.53500366210938,1520635,0
2026-07-07 09:30:00-04:00,133.72999572753906,135.05999755859375,132.1999969482422,133.69000244140625,3691256,0
2026-07-07 09:35:00-04:00,133.7899932861328,134.6999969482422,133.25169372558594,133.64500427246094,976511,0
2026-07-07 09:40:00-04:00,133.6322021484375,134.0800018310547,132.92999267578125,133.60000610351562,731492,0
2026-07-07 09:45:00-04:00,133.5850067138672,134.73500061035156,133.4499969482422,134.57000732421875,835393,0
2026-07-07 09:50:00-04:00,134.55999755859375,134.92010498046875,133.97000122070312,134.46499633789062,807492,0
2026-07-07 09:55:00-04:00,134.47999572753906,134.66990661621094,133.44000244140625,133.8699951171875,718106,0
2026-07-07 10:00:00-04:00,133.8800048828125,134.07989501953125,133.2899932861328,133.89999389648438,741439,0
2026-07-07 10:05:00-04:00,133.92999267578125,134.61000061035156,133.8300018310547,134.125,686024,0
2026-07-07 10:10:00-04:00,134.10000610351562,134.2799072265625,131.8300018310547,131.9199981689453,1242458,0
2026-07-07 10:15:00-04:00,131.91000366210938,134.1999969482422,131.4600067138672,134.14010620117188,1087532,0
2026-07-07 10:20:00-04:00,134.1750030517578,134.35000610351562,132.5800018310547,132.75,702331,0
2026-07-07 10:25:00-04:00,132.7899932861328,133.1708984375,132.0001983642578,133.11500549316406,1561420,0
2026-07-07 10:30:00-04:00,133.10499572753906,133.8300018310547,132.99000549316406,133.42999267578125,647955,0
2026-07-07 10:35:00-04:00,133.39999389648438,134.3300018310547,133.05999755859375,134.11000061035156,814586,0
2026-07-07 10:40:00-04:00,134.0800018310547,134.44000244140625,133.4949951171875,134.27499389648438,787261,0
2026-07-07 10:45:00-04:00,134.27499389648438,134.47999572753906,132.93870544433594,133.17999267578125,628061,0
2026-07-07 10:50:00-04:00,133.2100067138672,133.77000427246094,133.13499450683594,133.7550048828125,384699,0
2026-07-07 10:55:00-04:00,133.74000549316406,134.4199981689453,133.72999572753906,134.0749969482422,492684,0
2026-07-07 11:00:00-04:00,134.07000732421875,134.9499969482422,133.89999389648438,134.9499969482422,570864,0
2026-07-07 11:05:00-04:00,134.92999267578125,135.55999755859375,134.8502960205078,135.42990112304688,1218822,0
2026-07-07 11:10:00-04:00,135.40499877929688,135.4550018310547,134.39999389648438,134.39999389648438,727948,0
2026-07-07 11:15:00-04:00,134.39999389648438,135.28990173339844,134.19000244140625,135.24000549316406,530131,0
2026-07-07 11:20:00-04:00,135.25,135.3800048828125,134.61500549316406,135.32000732421875,542014,0
2026-07-07 11:25:00-04:00,135.34500122070312,135.88999938964844,135.32009887695312,135.35000610351562,666551,0
2026-07-07 11:30:00-04:00,135.33999633789062,136.0800018310547,135.33999633789062,135.6750030517578,764759,0
2026-07-07 11:35:00-04:00,135.6750030517578,135.99949645996094,135.30999755859375,135.3300018310547,421460,0
2026-07-07 11:40:00-04:00,135.3300018310547,135.96949768066406,135.13999938964844,135.9550018310547,392434,0
2026-07-07 11:45:00-04:00,135.94000244140625,136.0500030517578,135.46080017089844,135.5,369741,0
2026-07-07 11:50:00-04:00,135.52000427246094,135.60000610351562,135.14999389648438,135.2436065673828,398974,0
2026-07-07 11:55:00-04:00,135.24989318847656,135.6300048828125,135.12130737304688,135.4199981689453,350607,0
2026-07-07 12:00:00-04:00,135.41000366210938,135.89999389648438,135.32000732421875,135.47000122070312,394720,0
2026-07-07 12:05:00-04:00,135.4250030517578,136.08999633789062,135.41000366210938,135.9499969482422,341496,0
2026-07-07 12:10:00-04:00,135.9499969482422,136.00999450683594,135.3699951171875,135.5399932861328,344227,0
2026-07-07 12:15:00-04:00,135.5449981689453,135.55999755859375,135.25,135.4221954345703,215444,0
2026-07-07 12:20:00-04:00,135.4792022705078,136.0,135.4792022705078,135.99000549316406,274751,0
2026-07-07 12:25:00-04:00,135.9550018310547,136.24000549316406,135.8699951171875,135.9499969482422,360500,0
2026-07-07 12:30:00-04:00,135.9300994873047,136.37600708007812,135.9300994873047,136.36300659179688,331556,0
2026-07-07 12:35:00-04:00,136.3699951171875,136.42999267578125,136.00999450683594,136.2801055908203,286743,0
2026-07-07 12:40:00-04:00,136.28500366210938,137.1699981689453,136.16000366210938,137.14999389648438,641710,0
2026-07-07 12:45:00-04:00,137.17860412597656,137.2899932861328,136.97999572753906,137.24000549316406,397146,0
2026-07-07 12:50:00-04:00,137.24009704589844,137.3000030517578,137.05999755859375,137.10960388183594,401412,0
2026-07-07 12:55:00-04:00,137.09500122070312,137.6199951171875,137.0399932861328,137.6199951171875,317132,0
2026-07-07 13:00:00-04:00,137.54209899902344,137.6300048828125,137.1999969482422,137.50999450683594,348274,0
2026-07-07 13:05:00-04:00,137.47999572753906,137.82000732421875,137.1999969482422,137.22999572753906,444183,0
2026-07-07 13:10:00-04:00,137.21009826660156,137.27000427246094,137.0,137.14999389648438,333440,0
2026-07-07 13:15:00-04:00,137.1649932861328,137.1649932861328,136.86500549316406,137.0800018310547,339085,0
2026-07-07 13:20:00-04:00,137.10000610351562,137.57000732421875,136.6699981689453,137.4949951171875,667192,0
2026-07-07 13:25:00-04:00,137.47999572753906,137.7899932861328,137.4600067138672,137.72500610351562,347976,0
2026-07-07 13:30:00-04:00,137.72500610351562,138.1199951171875,137.63999938964844,138.02000427246094,924474,0
2026-07-07 13:35:00-04:00,138.00999450683594,138.1999969482422,137.5301055908203,137.94000244140625,419790,0
2026-07-07 13:40:00-04:00,137.9600067138672,138.66000366210938,137.89999389648438,138.6199951171875,742073,0
2026-07-07 13:45:00-04:00,138.60000610351562,138.6300048828125,138.31500244140625,138.44500732421875,455519,0
2026-07-07 13:50:00-04:00,138.39999389648438,138.5850067138672,138.35000610351562,138.5,356993,0
2026-07-07 13:55:00-04:00,138.5,138.74000549316406,138.3800048828125,138.63999938964844,300803,0
2026-07-07 14:00:00-04:00,138.63999938964844,138.7989959716797,138.36000061035156,138.67999267578125,476416,0
2026-07-07 14:05:00-04:00,138.68499755859375,138.85000610351562,138.42999267578125,138.7899932861328,404812,0
2026-07-07 14:10:00-04:00,138.7899932861328,138.89999389648438,138.46060180664062,138.51499938964844,544555,0
2026-07-07 14:15:00-04:00,138.52999877929688,138.8000030517578,138.4499969482422,138.69000244140625,420535,0
2026-07-07 14:20:00-04:00,138.69000244140625,138.8000030517578,138.5500030517578,138.68499755859375,246675,0
2026-07-07 14:25:00-04:00,138.69000244140625,138.80999755859375,138.47000122070312,138.5800018310547,350529,0
2026-07-07 14:30:00-04:00,138.58999633789062,138.58999633789062,138.35000610351562,138.44000244140625,459384,0
2026-07-07 14:35:00-04:00,138.4199981689453,138.58999633789062,138.3300018310547,138.47000122070312,354253,0
2026-07-07 14:40:00-04:00,138.49000549316406,138.49000549316406,137.82000732421875,137.88229370117188,664570,0
2026-07-07 14:45:00-04:00,137.88009643554688,138.32000732421875,137.42999267578125,137.6300048828125,461990,0
2026-07-07 14:50:00-04:00,137.61500549316406,137.64999389648438,136.91000366210938,137.5500030517578,632494,0
2026-07-07 14:55:00-04:00,137.57000732421875,137.6300048828125,136.75999450683594,136.89999389648438,527384,0
2026-07-07 15:00:00-04:00,136.8800048828125,137.16000366210938,136.7100067138672,137.0,520660,0
2026-07-07 15:05:00-04:00,137.00999450683594,137.52999877929688,136.52000427246094,136.58999633789062,714870,0
2026-07-07 15:10:00-04:00,136.60989379882812,136.6199951171875,136.24099731445312,136.33999633789062,466432,0
2026-07-07 15:15:00-04:00,136.32000732421875,136.35000610351562,135.50999450683594,135.64999389648438,620652,0
2026-07-07 15:20:00-04:00,135.61500549316406,135.8800048828125,135.3800048828125,135.63999938964844,584720,0
2026-07-07 15:25:00-04:00,135.61000061035156,135.61000061035156,135.16000366210938,135.32000732421875,990500,0
2026-07-07 15:30:00-04:00,135.3199005126953,135.49000549316406,135.05999755859375,135.3000030517578,504136,0
2026-07-07 15:35:00-04:00,135.2899932861328,135.3498992919922,135.02000427246094,135.2449951171875,474422,0
2026-07-07 15:40:00-04:00,135.22500610351562,135.5,134.9600067138672,134.9801025390625,751092,0
2026-07-07 15:45:00-04:00,134.97999572753906,135.0,134.47000122070312,134.77000427246094,609594,0
2026-07-07 15:50:00-04:00,134.77999877929688,135.10000610351562,134.27999877929688,134.99000549316406,679025,0
2026-07-07 15:55:00-04:00,135.0,135.0,134.23500061035156,134.3699951171875,1410886,0
2026-07-08 09:30:00-04:00,129.63499450683594,131.00999450683594,128.24009704589844,128.60000610351562,4042469,0
2026-07-08 09:35:00-04:00,128.63999938964844,128.81500244140625,127.0199966430664,127.55500030517578,1867511,0
2026-07-08 09:40:00-04:00,127.5531997680664,128.90960693359375,127.51000213623047,128.5792999267578,1301949,0
2026-07-08 09:45:00-04:00,128.55999755859375,129.1699981689453,127.72000122070312,127.80989837646484,1197184,0
2026-07-08 09:50:00-04:00,127.76000213623047,127.98359680175781,126.7437973022461,126.9749984741211,1083958,0
2026-07-08 09:55:00-04:00,126.97000122070312,127.88999938964844,126.716796875,127.73069763183594,862472,0
2026-07-08 10:00:00-04:00,127.80000305175781,128.42999267578125,127.44999694824219,127.92500305175781,813610,0
2026-07-08 10:05:00-04:00,127.93000030517578,129.05999755859375,127.92500305175781,128.75999450683594,788260,0
2026-07-08 10:10:00-04:00,128.75999450683594,128.9196014404297,128.25,128.60499572753906,587212,0
2026-07-08 10:15:00-04:00,128.60499572753906,128.63999938964844,127.70999908447266,127.94999694824219,647385,0
2026-07-08 10:20:00-04:00,127.9530029296875,128.9600067138672,127.88500213623047,128.3699951171875,467562,0
2026-07-08 10:25:00-04:00,128.38380432128906,129.0279998779297,128.02000427246094,128.5850067138672,476596,0
2026-07-08 10:30:00-04:00,128.55999755859375,128.9600067138672,128.47000122070312,128.7100067138672,406211,0
2026-07-08 10:35:00-04:00,128.72999572753906,128.8780059814453,128.02000427246094,128.08999633789062,453097,0
2026-07-08 10:40:00-04:00,128.0800018310547,128.6999969482422,128.0399932861328,128.53500366210938,283686,0
2026-07-08 10:45:00-04:00,128.53500366210938,128.57000732421875,127.86000061035156,127.9000015258789,419085,0
2026-07-08 10:50:00-04:00,127.9000015258789,128.67999267578125,127.77999877929688,128.42999267578125,385120,0
2026-07-08 10:55:00-04:00,128.41000366210938,128.50990295410156,127.84500122070312,128.17520141601562,397362,0
2026-07-08 11:00:00-04:00,128.22000122070312,128.4600067138672,127.9801025390625,128.3249969482422,265291,0
2026-07-08 11:05:00-04:00,128.32000732421875,128.89999389648438,128.2100067138672,128.8000946044922,351052,0
2026-07-08 11:10:00-04:00,128.85000610351562,129.10000610351562,128.27000427246094,128.3300018310547,544355,0
2026-07-08 11:15:00-04:00,128.33160400390625,128.65989685058594,128.08999633789062,128.52000427246094,449215,0
2026-07-08 11:20:00-04:00,128.4949951171875,128.67999267578125,127.98999786376953,128.0850067138672,329137,0
2026-07-08 11:25:00-04:00,128.0800018310547,128.5800018310547,128.0200958251953,128.43499755859375,341872,0
2026-07-08 11:30:00-04:00,128.4199981689453,128.61000061035156,128.27000427246094,128.3300018310547,224856,0
2026-07-08 11:35:00-04:00,128.35400390625,128.7899932861328,128.31500244140625,128.5198974609375,297657,0
2026-07-08 11:40:00-04:00,128.49000549316406,128.89999389648438,128.30999755859375,128.36500549316406,202922,0
2026-07-08 11:45:00-04:00,128.35499572753906,128.55999755859375,128.21499633789062,128.46499633789062,197183,0
2026-07-08 11:50:00-04:00,128.44180297851562,128.4698944091797,128.10000610351562,128.1699981689453,199466,0
2026-07-08 11:55:00-04:00,128.1750030517578,128.4550018310547,127.8949966430664,128.42999267578125,288474,0
2026-07-08 12:00:00-04:00,128.4499969482422,129.16000366210938,128.4149932861328,128.89999389648438,427915,0
2026-07-08 12:05:00-04:00,128.94219970703125,129.24000549316406,128.90499877929688,129.1199951171875,267973,0
2026-07-08 12:10:00-04:00,129.1699981689453,129.24000549316406,128.92999267578125,129.125,259858,0
2026-07-08 12:15:00-04:00,129.14999389648438,129.27999877929688,129.02000427246094,129.05099487304688,248755,0
2026-07-08 12:20:00-04:00,129.05499267578125,129.3699951171875,128.9600067138672,129.13499450683594,293652,0
2026-07-08 12:25:00-04:00,129.13499450683594,129.32000732421875,129.10000610351562,129.11000061035156,144017,0
2026-07-08 12:30:00-04:00,129.08999633789062,129.27999877929688,128.91200256347656,128.92999267578125,177278,0
2026-07-08 12:35:00-04:00,128.9199981689453,129.1300048828125,128.6999969482422,129.10000610351562,329647,0
2026-07-08 12:40:00-04:00,129.08999633789062,129.43499755859375,129.0399932861328,129.0749969482422,235807,0
2026-07-08 12:45:00-04:00,129.08999633789062,129.10000610351562,128.8520050048828,128.9499969482422,181726,0
2026-07-08 12:50:00-04:00,128.92010498046875,128.99000549316406,128.77520751953125,128.80999755859375,239060,0
2026-07-08 12:55:00-04:00,128.80999755859375,129.02999877929688,128.74000549316406,129.01499938964844,165109,0
2026-07-08 13:00:00-04:00,129.0,129.10000610351562,128.85000610351562,128.89999389648438,149996,0
2026-07-08 13:05:00-04:00,128.89500427246094,129.10000610351562,128.89010620117188,128.9801025390625,103697,0
2026-07-08 13:10:00-04:00,128.99000549316406,129.00999450683594,128.72999572753906,128.77999877929688,132838,0
2026-07-08 13:15:00-04:00,128.7899932861328,129.66549682617188,128.75,129.63999938964844,339498,0
2026-07-08 13:20:00-04:00,129.64999389648438,129.99000549316406,129.552001953125,129.77000427246094,433327,0
2026-07-08 13:25:00-04:00,129.8000030517578,129.91990661621094,129.60000610351562,129.74000549316406,199774,0
2026-07-08 13:30:00-04:00,129.75999450683594,129.89990234375,129.7332000732422,129.82000732421875,120276,0
2026-07-08 13:35:00-04:00,129.80099487304688,129.80099487304688,129.57000732421875,129.65499877929688,117875,0
2026-07-08 13:40:00-04:00,129.6699981689453,129.77699279785156,129.5395050048828,129.6898956298828,202285,0
2026-07-08 13:45:00-04:00,129.68499755859375,129.75999450683594,129.5399932861328,129.74000549316406,186155,0
2026-07-08 13:50:00-04:00,129.73500061035156,129.85000610351562,129.5500946044922,129.8000030517578,164178,0
2026-07-08 13:55:00-04:00,129.80999755859375,129.96499633789062,129.7200927734375,129.9550018310547,155010,0
2026-07-08 14:00:00-04:00,129.94000244140625,130.10000610351562,129.8000030517578,129.97000122070312,267146,0
2026-07-08 14:05:00-04:00,129.96499633789062,130.00999450683594,129.75999450683594,129.9499969482422,179812,0
2026-07-08 14:10:00-04:00,129.9199981689453,130.14999389648438,129.85000610351562,129.98500061035156,143116,0
2026-07-08 14:15:00-04:00,130.00999450683594,130.02999877929688,129.6999969482422,129.8699951171875,181983,0
2026-07-08 14:20:00-04:00,129.91000366210938,130.1300048828125,129.85000610351562,130.11000061035156,127516,0
2026-07-08 14:25:00-04:00,130.125,130.33999633789062,130.07000732421875,130.26499938964844,193717,0
2026-07-08 14:30:00-04:00,130.23500061035156,130.4550018310547,130.16000366210938,130.25999450683594,215577,0
2026-07-08 14:35:00-04:00,130.2899932861328,130.8699951171875,130.25,130.8000030517578,260752,0
2026-07-08 14:40:00-04:00,130.85000610351562,130.8699951171875,130.52999877929688,130.74000549316406,195563,0
2026-07-08 14:45:00-04:00,130.752197265625,130.87680053710938,130.63999938964844,130.7899932861328,170418,0
2026-07-08 14:50:00-04:00,130.77000427246094,130.94000244140625,130.6699981689453,130.83999633789062,193505,0
2026-07-08 14:55:00-04:00,130.86000061035156,130.86000061035156,130.52999877929688,130.59500122070312,233288,0
2026-07-08 15:00:00-04:00,130.61000061035156,130.67010498046875,130.14720153808594,130.1750030517578,246522,0
2026-07-08 15:05:00-04:00,130.1699981689453,130.38999938964844,130.1300048828125,130.25999450683594,173232,0
2026-07-08 15:10:00-04:00,130.27499389648438,130.39999389648438,130.06300354003906,130.3000030517578,258309,0
2026-07-08 15:15:00-04:00,130.2899932861328,130.52999877929688,130.2100067138672,130.4499969482422,196360,0
2026-07-08 15:20:00-04:00,130.4499969482422,130.8000030517578,130.44000244140625,130.8000030517578,272091,0
2026-07-08 15:25:00-04:00,130.8000030517578,131.30999755859375,130.77679443359375,131.1199951171875,410161,0
2026-07-08 15:30:00-04:00,131.13999938964844,131.9600067138672,131.13999938964844,131.9600067138672,435637,0
2026-07-08 15:35:00-04:00,131.97000122070312,132.35000610351562,131.77999877929688,132.1699981689453,491893,0
2026-07-08 15:40:00-04:00,132.19500732421875,132.38999938964844,132.1199951171875,132.19000244140625,402479,0
2026-07-08 15:45:00-04:00,132.18499755859375,132.2100067138672,131.17999267578125,131.2100067138672,510283,0
2026-07-08 15:50:00-04:00,131.2100067138672,131.42999267578125,130.92999267578125,130.97000122070312,654160,0
2026-07-08 15:55:00-04:00,131.00999450683594,132.3699951171875,131.00999450683594,132.21929931640625,2070274,0
2026-07-09 09:30:00-04:00,127.87200164794922,128.43930053710938,125.69000244140625,127.3499984741211,3451675,0
2026-07-09 09:35:00-04:00,127.33999633789062,127.41999816894531,126.63999938964844,127.0199966430664,1166367,0
2026-07-09 09:40:00-04:00,127.04920196533203,127.5999984741211,126.58100128173828,127.59839630126953,1085099,0
2026-07-09 09:45:00-04:00,127.58999633789062,127.9800033569336,126.74009704589844,127.2300033569336,847302,0
2026-07-09 09:50:00-04:00,127.27999877929688,127.98999786376953,126.88500213623047,127.81999969482422,714243,0
2026-07-09 09:55:00-04:00,127.80999755859375,128.42999267578125,127.31999969482422,128.42999267578125,674352,0
2026-07-09 10:00:00-04:00,128.35000610351562,128.5,128.08999633789062,128.30499267578125,449769,0
2026-07-09 10:05:00-04:00,128.30999755859375,128.6300048828125,127.83000183105469,127.88999938964844,561864,0
2026-07-09 10:10:00-04:00,127.8499984741211,128.14999389648438,127.20999908447266,127.53500366210938,594540,0
2026-07-09 10:15:00-04:00,127.52999877929688,127.52999877929688,125.5199966430664,125.84750366210938,1154582,0
2026-07-09 10:20:00-04:00,125.84500122070312,125.97000122070312,124.80999755859375,125.37000274658203,1297603,0
2026-07-09 10:25:00-04:00,125.38990020751953,125.73999786376953,124.98999786376953,125.73999786376953,731673,0
2026-07-09 10:30:00-04:00,125.73999786376953,126.0696029663086,125.31449890136719,125.83070373535156,557967,0
2026-07-09 10:35:00-04:00,125.80000305175781,126.58000183105469,125.51950073242188,126.53500366210938,404979,0
2026-07-09 10:40:00-04:00,126.52999877929688,126.54000091552734,125.6500015258789,125.67500305175781,445766,0
2026-07-09 10:45:00-04:00,125.69999694824219,125.94000244140625,125.52999877929688,125.53990173339844,343899,0
2026-07-09 10:50:00-04:00,125.53500366210938,125.80000305175781,125.05000305175781,125.79000091552734,442326,0
2026-07-09 10:55:00-04:00,125.8198013305664,126.08999633789062,125.66500091552734,125.70999908447266,340796,0
2026-07-09 11:00:00-04:00,125.7300033569336,126.27999877929688,125.68000030517578,126.0999984741211,382102,0
2026-07-09 11:05:00-04:00,126.08209991455078,126.19999694824219,125.83999633789062,126.06999969482422,410371,0
2026-07-09 11:10:00-04:00,126.08999633789062,126.385498046875,126.0,126.16999816894531,580962,0
2026-07-09 11:15:00-04:00,126.16999816894531,126.5,125.95999908447266,126.3499984741211,353611,0
2026-07-09 11:20:00-04:00,126.36000061035156,126.5999984741211,126.20999908447266,126.44999694824219,287546,0
2026-07-09 11:25:00-04:00,126.44999694824219,126.9000015258789,126.41000366210938,126.76000213623047,417205,0
2026-07-09 11:30:00-04:00,126.7699966430664,126.79499816894531,126.45999908447266,126.6500015258789,302349,0
2026-07-09 11:35:00-04:00,126.65499877929688,127.54989624023438,126.65499877929688,127.44000244140625,451957,0
2026-07-09 11:40:00-04:00,127.43000030517578,127.51000213623047,127.18499755859375,127.19000244140625,227585,0
2026-07-09 11:45:00-04:00,127.19010162353516,127.2699966430664,127.0199966430664,127.25,315594,0
2026-07-09 11:50:00-04:00,127.24500274658203,127.26000213623047,126.86689758300781,126.91000366210938,257876,0
2026-07-09 11:55:00-04:00,126.91999816894531,127.05000305175781,126.67009735107422,126.87000274658203,270330,0
2026-07-09 12:00:00-04:00,126.81939697265625,126.88990020751953,126.36000061035156,126.70500183105469,464056,0
2026-07-09 12:05:00-04:00,126.70500183105469,126.9000015258789,126.31999969482422,126.38500213623047,301367,0
2026-07-09 12:10:00-04:00,126.36000061035156,126.47000122070312,126.22000122070312,126.37000274658203,278127,0
2026-07-09 12:15:00-04:00,126.3550033569336,126.80000305175781,126.31999969482422,126.70999908447266,243586,0
2026-07-09 12:20:00-04:00,126.69950103759766,127.05989837646484,126.62000274658203,126.79309844970703,257658,0
2026-07-09 12:25:00-04:00,126.79859924316406,126.94989776611328,126.52999877929688,126.88999938964844,195050,0
2026-07-09 12:30:00-04:00,126.84010314941406,127.08999633789062,126.67749786376953,126.98999786376953,201769,0
2026-07-09 12:35:00-04:00,126.98999786376953,127.2197036743164,126.88999938964844,127.19999694824219,202440,0
2026-07-09 12:40:00-04:00,127.22000122070312,127.29989624023438,126.9800033569336,126.98999786376953,138372,0
2026-07-09 12:45:00-04:00,127.03990173339844,127.08999633789062,126.91000366210938,127.06999969482422,183476,0
2026-07-09 12:50:00-04:00,127.08000183105469,127.22000122070312,127.0,127.02010345458984,172436,0
2026-07-09 12:55:00-04:00,127.0,127.18000030517578,126.91000366210938,127.04000091552734,186659,0
2026-07-09 13:00:00-04:00,127.02999877929688,127.47000122070312,127.02999877929688,127.34500122070312,200060,0
2026-07-09 13:05:00-04:00,127.3499984741211,127.6050033569336,127.31999969482422,127.41000366210938,177854,0
2026-07-09 13:10:00-04:00,127.41500091552734,127.54000091552734,127.27999877929688,127.30999755859375,135299,0
2026-07-09 13:15:00-04:00,127.27999877929688,127.7699966430664,127.24009704589844,127.68949890136719,235065,0
2026-07-09 13:20:00-04:00,127.7300033569336,127.86000061035156,127.68000030517578,127.77999877929688,221389,0
2026-07-09 13:25:00-04:00,127.79000091552734,128.1999969482422,127.61000061035156,128.0800018310547,349958,0
2026-07-09 13:30:00-04:00,128.0800018310547,128.1199951171875,127.56999969482422,127.9000015258789,240413,0
2026-07-09 13:35:00-04:00,127.8949966430664,127.94989776611328,127.58999633789062,127.68000030517578,214257,0
2026-07-09 13:40:00-04:00,127.68499755859375,127.83999633789062,127.62000274658203,127.72000122070312,141271,0
2026-07-09 13:45:00-04:00,127.70999908447266,128.10000610351562,127.70999908447266,127.94999694824219,194205,0
2026-07-09 13:50:00-04:00,127.96499633789062,128.07000732421875,127.88999938964844,127.99960327148438,129066,0
2026-07-09 13:55:00-04:00,127.9800033569336,128.08999633789062,127.8301010131836,127.91000366210938,167738,0
2026-07-09 14:00:00-04:00,127.91000366210938,128.1199951171875,127.7699966430664,128.05999755859375,178409,0
2026-07-09 14:05:00-04:00,128.08999633789062,128.15499877929688,127.94000244140625,127.97000122070312,175161,0
2026-07-09 14:10:00-04:00,127.9749984741211,128.07000732421875,127.87000274658203,127.9000015258789,168509,0
2026-07-09 14:15:00-04:00,127.9000015258789,127.94000244140625,127.7300033569336,127.86009979248047,167726,0
2026-07-09 14:20:00-04:00,127.91000366210938,128.02999877929688,127.8499984741211,127.93000030517578,119111,0
2026-07-09 14:25:00-04:00,127.95999908447266,128.13999938964844,127.87000274658203,128.13499450683594,196550,0
2026-07-09 14:30:00-04:00,128.14999389648438,128.5,128.1300048828125,128.49000549316406,293518,0
2026-07-09 14:35:00-04:00,128.49000549316406,128.6177978515625,128.35000610351562,128.45989990234375,245342,0
2026-07-09 14:40:00-04:00,128.4499969482422,128.5800018310547,128.27000427246094,128.5749969482422,210723,0
2026-07-09 14:45:00-04:00,128.55999755859375,128.72999572753906,128.44000244140625,128.64999389648438,272988,0
2026-07-09 14:50:00-04:00,128.63999938964844,128.72999572753906,128.51499938964844,128.52999877929688,184587,0
2026-07-09 14:55:00-04:00,128.52999877929688,128.7100067138672,128.3800048828125,128.64999389648438,195653,0
2026-07-09 15:00:00-04:00,128.66990661621094,128.8300018310547,128.5800018310547,128.74009704589844,181322,0
2026-07-09 15:05:00-04:00,128.74000549316406,128.8000030517578,128.5800018310547,128.72000122070312,184629,0
2026-07-09 15:10:00-04:00,128.73989868164062,128.79620361328125,128.47000122070312,128.50999450683594,206119,0
2026-07-09 15:15:00-04:00,128.50999450683594,128.58999633789062,128.3300018310547,128.4600067138672,192997,0
2026-07-09 15:20:00-04:00,128.44000244140625,128.55999755859375,128.36500549316406,128.5229949951172,188275,0
2026-07-09 15:25:00-04:00,128.52999877929688,128.75,128.49000549316406,128.56500244140625,217855,0
2026-07-09 15:30:00-04:00,128.56500244140625,128.75,128.36160278320312,128.61000061035156,195505,0
2026-07-09 15:35:00-04:00,128.57000732421875,128.77999877929688,128.53500366210938,128.75999450683594,174609,0
2026-07-09 15:40:00-04:00,128.75999450683594,129.0500030517578,128.73500061035156,128.9499969482422,422588,0
2026-07-09 15:45:00-04:00,128.9550018310547,129.0500030517578,128.8000030517578,128.8699951171875,318228,0
2026-07-09 15:50:00-04:00,128.8800048828125,129.19000244140625,128.75,128.75999450683594,671410,0
2026-07-09 15:55:00-04:00,128.83999633789062,129.08999633789062,128.55999755859375,129.0500030517578,928367,0
2026-07-10 09:30:00-04:00,132.13999938964844,132.27000427246094,130.24000549316406,130.41000366210938,1917988,0
2026-07-10 09:35:00-04:00,130.4199981689453,130.49989318847656,129.36000061035156,129.92999267578125,595776,0
2026-07-10 09:40:00-04:00,129.97000122070312,130.05999755859375,129.10000610351562,129.69000244140625,702991,0
2026-07-10 09:45:00-04:00,129.6999969482422,129.9600067138672,129.1417999267578,129.2100067138672,534825,0
2026-07-10 09:50:00-04:00,129.27999877929688,129.28990173339844,127.8499984741211,127.94999694824219,649286,0
2026-07-10 09:55:00-04:00,127.95500183105469,128.1699981689453,127.58000183105469,127.59500122070312,689394,0
2026-07-10 10:00:00-04:00,127.59500122070312,127.88999938964844,126.9000015258789,127.8550033569336,703356,0
2026-07-10 10:05:00-04:00,127.83999633789062,128.35000610351562,127.80000305175781,128.0749969482422,578632,0
2026-07-10 10:10:00-04:00,128.16000366210938,128.4199981689453,128.08999633789062,128.08999633789062,395743,0
2026-07-10 10:15:00-04:00,128.07000732421875,128.62989807128906,127.93000030517578,128.0399932861328,360991,0
2026-07-10 10:20:00-04:00,128.0399932861328,128.05999755859375,127.08000183105469,127.23500061035156,455827,0
2026-07-10 10:25:00-04:00,127.19999694824219,127.4000015258789,126.6500015258789,127.34500122070312,553456,0
2026-07-10 10:30:00-04:00,127.38999938964844,127.4000015258789,125.7699966430664,126.56999969482422,801078,0
2026-07-10 10:35:00-04:00,126.52999877929688,126.77999877929688,126.01000213623047,126.5468978881836,419295,0
2026-07-10 10:40:00-04:00,126.55999755859375,126.93000030517578,126.35320281982422,126.8499984741211,327769,0
2026-07-10 10:45:00-04:00,126.87989807128906,126.94999694824219,126.5,126.87000274658203,273009,0
2026-07-10 10:50:00-04:00,126.91999816894531,126.93000030517578,126.24009704589844,126.30500030517578,476071,0
2026-07-10 10:55:00-04:00,126.29029846191406,126.55999755859375,126.05999755859375,126.19000244140625,315703,0
2026-07-10 11:00:00-04:00,126.20500183105469,126.2698974609375,125.9000015258789,126.13999938964844,374977,0
2026-07-10 11:05:00-04:00,126.11000061035156,126.6449966430664,125.85009765625,126.55000305175781,377475,0
2026-07-10 11:10:00-04:00,126.58000183105469,126.83999633789062,126.37999725341797,126.44000244140625,254141,0
2026-07-10 11:15:00-04:00,126.43730163574219,126.54000091552734,126.12999725341797,126.41000366210938,208980,0
2026-07-10 11:20:00-04:00,126.38919830322266,126.75,126.22000122070312,126.75,296112,0
2026-07-10 11:25:00-04:00,126.73999786376953,126.79000091552734,126.06999969482422,126.13960266113281,326362,0
2026-07-10 11:30:00-04:00,126.125,126.4697036743164,125.9749984741211,126.4000015258789,317298,0
2026-07-10 11:35:00-04:00,126.38999938964844,126.43000030517578,125.92130279541016,126.125,261127,0
2026-07-10 11:40:00-04:00,126.11000061035156,126.43000030517578,126.04100036621094,126.2699966430664,229399,0
2026-07-10 11:45:00-04:00,126.2300033569336,126.9719009399414,126.02980041503906,126.95500183105469,370708,0
2026-07-10 11:50:00-04:00,126.9800033569336,127.20989990234375,126.93000030517578,126.9999008178711,360493,0
2026-07-10 11:55:00-04:00,126.9749984741211,127.2384033203125,126.88999938964844,127.06500244140625,231367,0
2026-07-10 12:00:00-04:00,127.0999984741211,127.16999816894531,126.91999816894531,126.95500183105469,236326,0
2026-07-10 12:05:00-04:00,127.0,127.05999755859375,126.74500274658203,127.05999755859375,226525,0
2026-07-10 12:10:00-04:00,127.07009887695312,127.22000122070312,126.91010284423828,127.22000122070312,156357,0
2026-07-10 12:15:00-04:00,127.2300033569336,127.41999816894531,126.94999694824219,127.0,204516,0
2026-07-10 12:20:00-04:00,126.99980163574219,127.08999633789062,126.8301010131836,126.95999908447266,197974,0
2026-07-10 12:25:00-04:00,126.94000244140625,127.25,126.93000030517578,127.25,144428,0
2026-07-10 12:30:00-04:00,127.26000213623047,127.55000305175781,127.22010040283203,127.44000244140625,197719,0
2026-07-10 12:35:00-04:00,127.43000030517578,127.51000213623047,127.26000213623047,127.48999786376953,153818,0
2026-07-10 12:40:00-04:00,127.4800033569336,127.5999984741211,127.43810272216797,127.5199966430664,165968,0
2026-07-10 12:45:00-04:00,127.52999877929688,127.70500183105469,127.4800033569336,127.63999938964844,160097,0
2026-07-10 12:50:00-04:00,127.6500015258789,127.7699966430664,127.55000305175781,127.68000030517578,171015,0
2026-07-10 12:55:00-04:00,127.68000030517578,127.80000305175781,127.49500274658203,127.77999877929688,199304,0
2026-07-10 13:00:00-04:00,127.7750015258789,127.94999694824219,127.72000122070312,127.93000030517578,171057,0
2026-07-10 13:05:00-04:00,127.93000030517578,127.95999908447266,127.5199966430664,127.55500030517578,208927,0
2026-07-10 13:10:00-04:00,127.55999755859375,127.56999969482422,127.01000213623047,127.125,515338,0
2026-07-10 13:15:00-04:00,127.08999633789062,127.12159729003906,126.6500015258789,126.69000244140625,281724,0
2026-07-10 13:20:00-04:00,126.70999908447266,126.86000061035156,126.45010375976562,126.76000213623047,313559,0
2026-07-10 13:25:00-04:00,126.73999786376953,126.7499008178711,126.37999725341797,126.43000030517578,260007,0
2026-07-10 13:30:00-04:00,126.41000366210938,126.58989715576172,126.375,126.51499938964844,757738,0
2026-07-10 13:35:00-04:00,126.54000091552734,126.79000091552734,126.50060272216797,126.55999755859375,199534,0
2026-07-10 13:40:00-04:00,126.55500030517578,126.61000061035156,126.06999969482422,126.22000122070312,357203,0
2026-07-10 13:45:00-04:00,126.20999908447266,126.35980224609375,126.08999633789062,126.18000030517578,266259,0
2026-07-10 13:50:00-04:00,126.18499755859375,126.20999908447266,125.94000244140625,126.1500015258789,293801,0
2026-07-10 13:55:00-04:00,126.13999938964844,126.19999694824219,125.91999816894531,126.16999816894531,444963,0
2026-07-10 14:00:00-04:00,126.19000244140625,126.44860076904297,126.12000274658203,126.41000366210938,225240,0
2026-07-10 14:05:00-04:00,126.41999816894531,126.70999908447266,126.41999816894531,126.45999908447266,274035,0
2026-07-10 14:10:00-04:00,126.45999908447266,126.52999877929688,126.02010345458984,126.11000061035156,414176,0
2026-07-10 14:15:00-04:00,126.08999633789062,126.2249984741211,126.08999633789062,126.19000244140625,220405,0
2026-07-10 14:20:00-04:00,126.19000244140625,126.30000305175781,126.0999984741211,126.26499938964844,169507,0
2026-07-10 14:25:00-04:00,126.25,126.41999816894531,126.19499969482422,126.33999633789062,220082,0
2026-07-10 14:30:00-04:00,126.34989929199219,126.5,126.27100372314453,126.33499908447266,174964,0
2026-07-10 14:35:00-04:00,126.3311996459961,126.83999633789062,126.30010223388672,126.80999755859375,348127,0
2026-07-10 14:40:00-04:00,126.81999969482422,126.97000122070312,126.75,126.88999938964844,255397,0
2026-07-10 14:45:00-04:00,126.87999725341797,126.88999938964844,126.3550033569336,126.39299774169922,475810,0
2026-07-10 14:50:00-04:00,126.38999938964844,126.64990234375,126.29499816894531,126.56999969482422,179583,0
2026-07-10 14:55:00-04:00,126.56999969482422,126.69000244140625,126.48770141601562,126.54499816894531,136401,0
2026-07-10 15:00:00-04:00,126.54499816894531,126.66000366210938,126.32499694824219,126.62000274658203,191773,0
2026-07-10 15:05:00-04:00,126.62000274658203,126.70500183105469,126.46019744873047,126.63999938964844,190481,0
2026-07-10 15:10:00-04:00,126.6500015258789,126.83999633789062,126.62999725341797,126.79499816894531,171809,0
2026-07-10 15:15:00-04:00,126.80000305175781,126.83000183105469,126.55999755859375,126.58999633789062,302254,0
2026-07-10 15:20:00-04:00,126.58999633789062,126.81500244140625,126.51000213623047,126.80799865722656,195885,0
2026-07-10 15:25:00-04:00,126.80000305175781,126.93000030517578,126.75060272216797,126.83499908447266,218791,0
2026-07-10 15:30:00-04:00,126.83499908447266,126.94000244140625,126.70999908447266,126.89990234375,224992,0
2026-07-10 15:35:00-04:00,126.88999938964844,127.08999633789062,126.80999755859375,126.98999786376953,274607,0
2026-07-10 15:40:00-04:00,126.9800033569336,126.98999786376953,126.85009765625,126.9000015258789,216411,0
2026-07-10 15:45:00-04:00,126.88999938964844,127.05000305175781,126.81009674072266,126.98999786376953,351162,0
2026-07-10 15:50:00-04:00,127.0,127.24500274658203,126.91999816894531,126.94000244140625,536075,0
2026-07-10 15:55:00-04:00,126.91999816894531,126.95999908447266,126.62000274658203,126.77999877929688,1052458,0
2026-07-13 09:30:00-04:00,127.39900207519531,129.55999755859375,126.7699966430664,127.06999969482422,2312443,0
2026-07-13 09:35:00-04:00,127.2699966430664,128.5500030517578,127.19999694824219,128.28500366210938,670446,0
2026-07-13 09:40:00-04:00,128.3199005126953,128.41000366210938,127.55999755859375,128.41000366210938,606263,0
2026-07-13 09:45:00-04:00,128.2449951171875,128.50999450683594,127.1520004272461,127.78500366210938,688555,0
2026-07-13 09:50:00-04:00,127.80999755859375,127.80999755859375,126.19499969482422,127.06500244140625,696362,0
2026-07-13 09:55:00-04:00,127.0199966430664,127.4800033569336,126.4800033569336,127.20999908447266,355170,0
2026-07-13 10:00:00-04:00,127.13999938964844,127.46990203857422,126.80999755859375,126.93499755859375,366508,0
2026-07-13 10:05:00-04:00,126.8499984741211,127.94499969482422,126.73500061035156,127.91999816894531,437953,0
2026-07-13 10:10:00-04:00,127.91999816894531,128.66000366210938,127.80000305175781,128.47000122070312,635207,0
2026-07-13 10:15:00-04:00,128.4600067138672,128.72000122070312,127.16000366210938,127.81990051269531,1070048,0
2026-07-13 10:20:00-04:00,127.83090209960938,128.1699981689453,127.56999969482422,127.94999694824219,306070,0
2026-07-13 10:25:00-04:00,127.94439697265625,129.38999938964844,127.68000030517578,129.2899932861328,830910,0
2026-07-13 10:30:00-04:00,129.27999877929688,129.375,128.6199951171875,128.63999938964844,572458,0
2026-07-13 10:35:00-04:00,128.6199951171875,128.8800048828125,127.83000183105469,128.63999938964844,667496,0
2026-07-13 10:40:00-04:00,128.64999389648438,128.6999969482422,127.75,127.79000091552734,311209,0
2026-07-13 10:45:00-04:00,127.80000305175781,128.75999450683594,127.61000061035156,128.74960327148438,371218,0
2026-07-13 10:50:00-04:00,128.7550048828125,128.85000610351562,128.1199951171875,128.5850067138672,332005,0
2026-07-13 10:55:00-04:00,128.58999633789062,128.6300048828125,128.26010131835938,128.42999267578125,144681,0
2026-07-13 11:00:00-04:00,128.47999572753906,128.8000030517578,128.1999969482422,128.33999633789062,201748,0
2026-07-13 11:05:00-04:00,128.43499755859375,129.02499389648438,128.43499755859375,129.02499389648438,284561,0
2026-07-13 11:10:00-04:00,129.0399932861328,129.44000244140625,128.8000030517578,128.92999267578125,305318,0
2026-07-13 11:15:00-04:00,128.9250030517578,129.27999877929688,128.85499572753906,129.14999389648438,183390,0
2026-07-13 11:20:00-04:00,129.16000366210938,129.9199981689453,129.1199951171875,129.72500610351562,608664,0
2026-07-13 11:25:00-04:00,129.72000122070312,130.07000732421875,129.55999755859375,130.00999450683594,468860,0
2026-07-13 11:30:00-04:00,130.0399932861328,130.3800048828125,129.8800048828125,130.36000061035156,447494,0
2026-07-13 11:35:00-04:00,130.36000061035156,130.49000549316406,130.16000366210938,130.4499969482422,387189,0
2026-07-13 11:40:00-04:00,130.44000244140625,130.4600067138672,130.10000610351562,130.3000030517578,320822,0
2026-07-13 11:45:00-04:00,130.2899932861328,130.30499267578125,129.94000244140625,130.11000061035156,406113,0
2026-07-13 11:50:00-04:00,130.14999389648438,130.1999969482422,129.83999633789062,130.0,237022,0
2026-07-13 11:55:00-04:00,130.0,130.00999450683594,129.60079956054688,129.6649932861328,222338,0
2026-07-13 12:00:00-04:00,129.6649932861328,130.0,129.36399841308594,129.60000610351562,396258,0
2026-07-13 12:05:00-04:00,129.58999633789062,129.64999389648438,129.17999267578125,129.4499969482422,324210,0
2026-07-13 12:10:00-04:00,129.4600067138672,129.625,129.3699951171875,129.5998992919922,174253,0
2026-07-13 12:15:00-04:00,129.5800018310547,129.7100067138672,129.38999938964844,129.6699981689453,254177,0
2026-07-13 12:20:00-04:00,129.63999938964844,129.6999053955078,129.42999267578125,129.60000610351562,187068,0
2026-07-13 12:25:00-04:00,129.5500030517578,129.58999633789062,129.25,129.5399932861328,174063,0
2026-07-13 12:30:00-04:00,129.52000427246094,129.67999267578125,129.27000427246094,129.4499969482422,251373,0
2026-07-13 12:35:00-04:00,129.4145050048828,129.75999450683594,129.08999633789062,129.6750030517578,417529,0
2026-07-13 12:40:00-04:00,129.6999969482422,129.8699951171875,129.47000122070312,129.6699981689453,264757,0
2026-07-13 12:45:00-04:00,129.69000244140625,130.16000366210938,129.69000244140625,129.89999389648438,392422,0
2026-07-13 12:50:00-04:00,129.9199981689453,129.97000122070312,129.1300048828125,129.13949584960938,281389,0
2026-07-13 12:55:00-04:00,129.11000061035156,130.1199951171875,128.85000610351562,129.9600067138672,454232,0
2026-07-13 13:00:00-04:00,129.9499969482422,130.29730224609375,129.8800048828125,130.10000610351562,193471,0
2026-07-13 13:05:00-04:00,130.09500122070312,130.35000610351562,130.0800018310547,130.22500610351562,297489,0
2026-07-13 13:10:00-04:00,130.24000549316406,130.72000122070312,130.0399932861328,130.17999267578125,349313,0
2026-07-13 13:15:00-04:00,130.18499755859375,130.2899932861328,130.0,130.22000122070312,188887,0
2026-07-13 13:20:00-04:00,130.22500610351562,130.2899932861328,129.94000244140625,129.94500732421875,166184,0
2026-07-13 13:25:00-04:00,129.97000122070312,129.98500061035156,129.2700958251953,129.31500244140625,387220,0
2026-07-13 13:30:00-04:00,129.33999633789062,129.4199981689453,129.00999450683594,129.06500244140625,179869,0
2026-07-13 13:35:00-04:00,129.0749969482422,129.08990478515625,128.63729858398438,128.7449951171875,268234,0
2026-07-13 13:40:00-04:00,128.72000122070312,128.98500061035156,128.57000732421875,128.875,172658,0
2026-07-13 13:45:00-04:00,128.8800048828125,129.0399932861328,128.57000732421875,128.58999633789062,208651,0
2026-07-13 13:50:00-04:00,128.63999938964844,128.89999389648438,128.27000427246094,128.89999389648438,367624,0
2026-07-13 13:55:00-04:00,128.88999938964844,129.0,128.61500549316406,128.77999877929688,302380,0
2026-07-13 14:00:00-04:00,128.82000732421875,129.44949340820312,128.63999938964844,128.8000030517578,523170,0
2026-07-13 14:05:00-04:00,128.82069396972656,129.39999389648438,128.75999450683594,129.16000366210938,325596,0
2026-07-13 14:10:00-04:00,129.13999938964844,129.58999633789062,128.9199981689453,129.52999877929688,359866,0
2026-07-13 14:15:00-04:00,129.52000427246094,129.61000061035156,129.1501007080078,129.2449951171875,542440,0
2026-07-13 14:20:00-04:00,129.27000427246094,129.4600067138672,129.1199951171875,129.30499267578125,315616,0
2026-07-13 14:25:00-04:00,129.30999755859375,129.57000732421875,129.10150146484375,129.3000030517578,411257,0
2026-07-13 14:30:00-04:00,129.25,129.83090209960938,129.0500030517578,129.61500549316406,485447,0
2026-07-13 14:35:00-04:00,129.61000061035156,129.85000610351562,129.52999877929688,129.7100067138672,259601,0
2026-07-13 14:40:00-04:00,129.6999969482422,130.0,129.63999938964844,129.82510375976562,294803,0
2026-07-13 14:45:00-04:00,129.82000732421875,129.9394989013672,129.60000610351562,129.80999755859375,331128,0
2026-07-13 14:50:00-04:00,129.82000732421875,130.11000061035156,129.58999633789062,129.90499877929688,469810,0
2026-07-13 14:55:00-04:00,129.92999267578125,130.16000366210938,129.77960205078125,129.82000732421875,267897,0
2026-07-13 15:00:00-04:00,129.8000030517578,130.02999877929688,129.3800048828125,129.75,466880,0
2026-07-13 15:05:00-04:00,129.74000549316406,129.83999633789062,129.36000061035156,129.47500610351562,354536,0
2026-07-13 15:10:00-04:00,129.4600067138672,129.5800018310547,129.13360595703125,129.17999267578125,375849,0
2026-07-13 15:15:00-04:00,129.1999969482422,129.25,128.8300018310547,128.92010498046875,409476,0
2026-07-13 15:20:00-04:00,128.94000244140625,128.97999572753906,128.58999633789062,128.8699951171875,383101,0
2026-07-13 15:25:00-04:00,128.8800048828125,128.92999267578125,128.27000427246094,128.30999755859375,394399,0
2026-07-13 15:30:00-04:00,128.27000427246094,128.52000427246094,127.80000305175781,127.91000366210938,590499,0
2026-07-13 15:35:00-04:00,127.93000030517578,128.35000610351562,127.86080169677734,128.0850067138672,474172,0
2026-07-13 15:40:00-04:00,128.0850067138672,128.63999938964844,128.02999877929688,128.52999877929688,497612,0
2026-07-13 15:45:00-04:00,128.5050048828125,128.9550018310547,128.47999572753906,128.72500610351562,626165,0
2026-07-13 15:50:00-04:00,128.74000549316406,129.61000061035156,128.5,129.3800048828125,1424498,0
2026-07-13 15:55:00-04:00,129.36000061035156,130.22999572753906,129.36000061035156,130.0500030517578,2551689,0
2026-07-14 09:30:00-04:00,123.61199951171875,124.8949966430664,122.63999938964844,124.06999969482422,5199638,0
2026-07-14 09:35:00-04:00,124.07099914550781,125.56990051269531,123.86000061035156,125.06999969482422,1173696,0
2026-07-14 09:40:00-04:00,125.06999969482422,126.93000030517578,124.86000061035156,126.8499984741211,1125917,0
2026-07-14 09:45:00-04:00,126.75,128.625,126.68000030517578,128.60940551757812,1305537,0
2026-07-14 09:50:00-04:00,128.59190368652344,129.99000549316406,128.47000122070312,129.95989990234375,1321034,0
2026-07-14 09:55:00-04:00,129.94000244140625,131.24949645996094,129.83999633789062,130.52999877929688,1576242,0
2026-07-14 10:00:00-04:00,130.55999755859375,131.0,129.9199981689453,130.35000610351562,1352858,0
2026-07-14 10:05:00-04:00,130.38499450683594,131.5,130.0500946044922,131.4199981689453,1280372,0
2026-07-14 10:10:00-04:00,131.39999389648438,131.86000061035156,131.18600463867188,131.85960388183594,970487,0
2026-07-14 10:15:00-04:00,131.85000610351562,132.49000549316406,131.3000030517578,131.3350067138672,1114845,0
2026-07-14 10:20:00-04:00,131.3350067138672,131.7899932861328,131.10000610351562,131.5449981689453,580852,0
2026-07-14 10:25:00-04:00,131.5500030517578,131.88780212402344,131.3625030517578,131.86000061035156,558565,0
2026-07-14 10:30:00-04:00,131.86000061035156,132.8800048828125,131.6999969482422,132.42999267578125,1107719,0
2026-07-14 10:35:00-04:00,132.41000366210938,132.42999267578125,131.64999389648438,132.0749969482422,495556,0
2026-07-14 10:40:00-04:00,132.0800018310547,132.25999450683594,131.7100067138672,132.12989807128906,522231,0
2026-07-14 10:45:00-04:00,132.1300048828125,132.92999267578125,132.07000732421875,132.76499938964844,751952,0
2026-07-14 10:50:00-04:00,132.75999450683594,133.63999938964844,132.5399932861328,133.34500122070312,944142,0
2026-07-14 10:55:00-04:00,133.37049865722656,134.060302734375,133.30999755859375,133.69000244140625,949163,0
2026-07-14 11:00:00-04:00,133.7100067138672,133.9799041748047,133.14999389648438,133.27999877929688,640993,0
2026-07-14 11:05:00-04:00,133.24000549316406,133.39999389648438,133.02999877929688,133.25,372233,0
2026-07-14 11:10:00-04:00,133.24000549316406,133.24989318847656,132.74000549316406,132.75999450683594,415770,0
2026-07-14 11:15:00-04:00,132.75999450683594,133.33999633789062,132.75,133.0749969482422,483727,0
2026-07-14 11:20:00-04:00,133.05999755859375,133.24000549316406,132.61000061035156,132.66000366210938,396248,0
2026-07-14 11:25:00-04:00,132.63999938964844,132.67999267578125,132.1300048828125,132.19500732421875,465617,0
2026-07-14 11:30:00-04:00,132.1999969482422,132.39349365234375,131.67999267578125,131.69000244140625,528283,0
2026-07-14 11:35:00-04:00,131.69000244140625,131.8300018310547,131.23500061035156,131.35000610351562,402930,0
2026-07-14 11:40:00-04:00,131.35000610351562,131.41000366210938,131.0500030517578,131.27000427246094,345426,0
2026-07-14 11:45:00-04:00,131.2678985595703,131.92999267578125,131.1501007080078,131.9199981689453,437974,0
2026-07-14 11:50:00-04:00,131.9600067138672,132.05999755859375,131.72999572753906,131.84739685058594,289230,0
2026-07-14 11:55:00-04:00,131.86000061035156,131.94000244140625,131.61500549316406,131.75999450683594,272949,0
2026-07-14 12:00:00-04:00,131.76499938964844,131.8699951171875,131.6300048828125,131.83999633789062,261733,0
2026-07-14 12:05:00-04:00,131.8699951171875,132.1999969482422,131.7136993408203,132.09500122070312,339002,0
2026-07-14 12:10:00-04:00,132.09500122070312,132.19000244140625,131.92999267578125,132.1649932861328,265436,0
2026-07-14 12:15:00-04:00,132.1199951171875,132.5500030517578,132.0,132.52000427246094,372425,0
2026-07-14 12:20:00-04:00,132.51089477539062,132.83999633789062,132.43499755859375,132.66920471191406,348970,0
2026-07-14 12:25:00-04:00,132.69000244140625,133.64999389648438,132.6217041015625,133.61000061035156,482992,0
2026-07-14 12:30:00-04:00,133.63999938964844,134.10000610351562,133.58999633789062,134.0238037109375,721405,0
2026-07-14 12:35:00-04:00,134.0865020751953,134.19000244140625,133.86050415039062,133.9199981689453,384747,0
2026-07-14 12:40:00-04:00,133.91009521484375,134.0,133.7100067138672,133.94000244140625,266494,0
2026-07-14 12:45:00-04:00,133.9499969482422,134.0699005126953,133.72500610351562,134.00999450683594,324407,0
2026-07-14 12:50:00-04:00,134.01690673828125,134.11000061035156,133.6199951171875,133.77999877929688,340156,0
2026-07-14 12:55:00-04:00,133.77000427246094,133.9799041748047,133.63999938964844,133.75,210918,0
2026-07-14 13:00:00-04:00,133.77000427246094,133.89990234375,133.39999389648438,133.4700927734375,247546,0
2026-07-14 13:05:00-04:00,133.47500610351562,133.5800018310547,133.30999755859375,133.36000061035156,183799,0
2026-07-14 13:10:00-04:00,133.3350067138672,133.3800048828125,133.11000061035156,133.24000549316406,239479,0
2026-07-14 13:15:00-04:00,133.24000549316406,133.64990234375,133.13499450683594,133.50990295410156,409241,0
2026-07-14 13:20:00-04:00,133.4949951171875,133.83990478515625,133.35000610351562,133.77499389648438,254295,0
2026-07-14 13:25:00-04:00,133.77999877929688,133.85499572753906,133.67999267578125,133.8000030517578,197067,0
2026-07-14 13:30:00-04:00,133.80999755859375,134.5500030517578,133.75,134.22999572753906,880970,0
2026-07-14 13:35:00-04:00,134.25,134.8000030517578,134.25,134.6179962158203,432646,0
2026-07-14 13:40:00-04:00,134.61000061035156,134.97999572753906,134.52999877929688,134.8000030517578,401924,0
2026-07-14 13:45:00-04:00,134.80999755859375,134.9149932861328,134.5399932861328,134.89999389648438,355143,0
2026-07-14 13:50:00-04:00,134.88999938964844,135.5399932861328,134.8260955810547,135.47869873046875,608673,0
2026-07-14 13:55:00-04:00,135.4499969482422,135.55999755859375,135.17919921875,135.5200958251953,310789,0
2026-07-14 14:00:00-04:00,135.52999877929688,135.63999938964844,135.16000366210938,135.60499572753906,427758,0
2026-07-14 14:05:00-04:00,135.58999633789062,135.69000244140625,135.02000427246094,135.2082977294922,336065,0
2026-07-14 14:10:00-04:00,135.16490173339844,135.32949829101562,135.1199951171875,135.2100067138672,305773,0
2026-07-14 14:15:00-04:00,135.2100067138672,135.3199005126953,134.8800048828125,135.03500366210938,245837,0
2026-07-14 14:20:00-04:00,135.0399932861328,135.47999572753906,135.0399932861328,135.26499938964844,356929,0
2026-07-14 14:25:00-04:00,135.27999877929688,135.3800048828125,135.1300048828125,135.14500427246094,210452,0
2026-07-14 14:30:00-04:00,135.14500427246094,135.54989624023438,135.0500030517578,135.39999389648438,324012,0
2026-07-14 14:35:00-04:00,135.42999267578125,135.52999877929688,134.83999633789062,134.96690368652344,357099,0
2026-07-14 14:40:00-04:00,134.9499969482422,134.99000549316406,134.72999572753906,134.9720001220703,248913,0
2026-07-14 14:45:00-04:00,134.97500610351562,135.78990173339844,134.94000244140625,135.2550048828125,512510,0
2026-07-14 14:50:00-04:00,135.22999572753906,135.3000030517578,134.74009704589844,134.77000427246094,342823,0
2026-07-14 14:55:00-04:00,134.79989624023438,134.8300018310547,134.5,134.69000244140625,303551,0
2026-07-14 15:00:00-04:00,134.69000244140625,134.9199981689453,134.63999938964844,134.65499877929688,324739,0
2026-07-14 15:05:00-04:00,134.65989685058594,134.66000366210938,134.36000061035156,134.41000366210938,291703,0
2026-07-14 15:10:00-04:00,134.36520385742188,134.83999633789062,134.25999450683594,134.61000061035156,426054,0
2026-07-14 15:15:00-04:00,134.60499572753906,134.66000366210938,134.1199951171875,134.39999389648438,318555,0
2026-07-14 15:20:00-04:00,134.39999389648438,134.4499969482422,134.17999267578125,134.375,232293,0
2026-07-14 15:25:00-04:00,134.36000061035156,134.36000061035156,134.00999450683594,134.08999633789062,274659,0
2026-07-14 15:30:00-04:00,134.0749969482422,134.14999389648438,133.8000030517578,133.87010192871094,343412,0
2026-07-14 15:35:00-04:00,133.8699951171875,133.92959594726562,133.35000610351562,133.36000061035156,308254,0
2026-07-14 15:40:00-04:00,133.36000061035156,133.67990112304688,133.3000946044922,133.6649932861328,371739,0
2026-07-14 15:45:00-04:00,133.64500427246094,134.10000610351562,133.63999938964844,134.0449981689453,370165,0
2026-07-14 15:50:00-04:00,134.0399932861328,134.0399932861328,133.5500030517578,133.62120056152344,725444,0
2026-07-14 15:55:00-04:00,133.69000244140625,134.02999877929688,133.63999938964844,133.74000549316406,1239482,0
2026-07-15 09:30:00-04:00,134.1699981689453,136.8800048828125,134.1699981689453,135.74000549316406,2389326,0
2026-07-15 09:35:00-04:00,135.75,136.16000366210938,134.5800018310547,134.92999267578125,601722,0
2026-07-15 09:40:00-04:00,134.92999267578125,135.30870056152344,134.25,134.25010681152344,656672,0
2026-07-15 09:45:00-04:00,134.27999877929688,134.41920471191406,133.00999450683594,133.2899932861328,716642,0
2026-07-15 09:50:00-04:00,133.25,133.97000122070312,133.22000122070312,133.39500427246094,385496,0
2026-07-15 09:55:00-04:00,133.375,133.85000610351562,133.0,133.69000244140625,398460,0
2026-07-15 10:00:00-04:00,133.7100067138672,134.33999633789062,133.7100067138672,133.9300994873047,443617,0
2026-07-15 10:05:00-04:00,133.97500610351562,134.35000610351562,133.77999877929688,133.9499969482422,312764,0
2026-07-15 10:10:00-04:00,133.92999267578125,134.37989807128906,133.80999755859375,133.91000366210938,333204,0
2026-07-15 10:15:00-04:00,133.88499450683594,134.58999633789062,133.77999877929688,134.17999267578125,424896,0
2026-07-15 10:20:00-04:00,134.17999267578125,134.93499755859375,134.06500244140625,134.14999389648438,516255,0
2026-07-15 10:25:00-04:00,134.1699981689453,134.55999755859375,134.13999938964844,134.16000366210938,281570,0
2026-07-15 10:30:00-04:00,134.1300048828125,134.85000610351562,134.02000427246094,134.6999969482422,394158,0
2026-07-15 10:35:00-04:00,134.7050018310547,134.8699951171875,133.8300018310547,133.88999938964844,400798,0
2026-07-15 10:40:00-04:00,133.94000244140625,134.1300048828125,133.3300018310547,133.80999755859375,317808,0
2026-07-15 10:45:00-04:00,133.75,134.1649932861328,133.7100067138672,133.83999633789062,219832,0
2026-07-15 10:50:00-04:00,133.84500122070312,134.0500030517578,133.24000549316406,133.30499267578125,229061,0
2026-07-15 10:55:00-04:00,133.30499267578125,133.77000427246094,132.8800048828125,133.39500427246094,376027,0
2026-07-15 11:00:00-04:00,133.39500427246094,133.80999755859375,133.3800048828125,133.6199951171875,216627,0
2026-07-15 11:05:00-04:00,133.63999938964844,134.41000366210938,133.57159423828125,134.36000061035156,309503,0
2026-07-15 11:10:00-04:00,134.36000061035156,134.8350067138672,134.36000061035156,134.6927947998047,371736,0
2026-07-15 11:15:00-04:00,134.72000122070312,134.86000061035156,134.44000244140625,134.53500366210938,319857,0
2026-07-15 11:20:00-04:00,134.53500366210938,134.60000610351562,133.66000366210938,133.9199981689453,379663,0
2026-07-15 11:25:00-04:00,133.94000244140625,133.9499969482422,133.5399932861328,133.54010009765625,224854,0
2026-07-15 11:30:00-04:00,133.5800018310547,134.0,133.36000061035156,133.88999938964844,322770,0
2026-07-15 11:35:00-04:00,133.88999938964844,134.6999969482422,133.67999267578125,134.4949951171875,409965,0
2026-07-15 11:40:00-04:00,134.4949951171875,134.84959411621094,134.3800048828125,134.4499969482422,257255,0
2026-07-15 11:45:00-04:00,134.42999267578125,134.8300018310547,134.31500244140625,134.7449951171875,298599,0
2026-07-15 11:50:00-04:00,134.75,135.3000030517578,134.75,135.2180938720703,562517,0
2026-07-15 11:55:00-04:00,135.22999572753906,135.47999572753906,134.5,134.5399932861328,313263,0
2026-07-15 12:00:00-04:00,134.5399932861328,134.65989685058594,134.04010009765625,134.11000061035156,223270,0
2026-07-15 12:05:00-04:00,134.10000610351562,134.14999389648438,133.4199981689453,134.10499572753906,412239,0
2026-07-15 12:10:00-04:00,134.0800018310547,134.1999969482422,133.61000061035156,133.6898956298828,220987,0
2026-07-15 12:15:00-04:00,133.68499755859375,133.8800048828125,133.60000610351562,133.81500244140625,183771,0
2026-07-15 12:20:00-04:00,133.7707977294922,133.82919311523438,133.26499938964844,133.32000732421875,211700,0
2026-07-15 12:25:00-04:00,133.3300018310547,133.92999267578125,133.2700958251953,133.8000030517578,256032,0
2026-07-15 12:30:00-04:00,133.77999877929688,134.02000427246094,133.3699951171875,133.5229034423828,222201,0
2026-07-15 12:35:00-04:00,133.52000427246094,133.5500030517578,133.1999969482422,133.38999938964844,192446,0
2026-07-15 12:40:00-04:00,133.33999633789062,133.57000732421875,133.27999877929688,133.5399932861328,141180,0
2026-07-15 12:45:00-04:00,133.5800018310547,134.02999877929688,133.27000427246094,133.52000427246094,326218,0
2026-07-15 12:50:00-04:00,133.52999877929688,133.91000366210938,133.50999450683594,133.5305938720703,147170,0
2026-07-15 12:55:00-04:00,133.55929565429688,133.9199981689453,133.52499389648438,133.84500122070312,220206,0
2026-07-15 13:00:00-04:00,133.84500122070312,133.97000122070312,133.4600067138672,133.49000549316406,246951,0
2026-07-15 13:05:00-04:00,133.47500610351562,133.69000244140625,133.3607940673828,133.60499572753906,199794,0
2026-07-15 13:10:00-04:00,133.61000061035156,133.88999938964844,133.52000427246094,133.7050018310547,181373,0
2026-07-15 13:15:00-04:00,133.67999267578125,133.94000244140625,133.57000732421875,133.5800018310547,238355,0
2026-07-15 13:20:00-04:00,133.56500244140625,133.639892578125,133.36000061035156,133.46499633789062,166719,0
2026-07-15 13:25:00-04:00,133.4600067138672,133.67999267578125,133.25999450683594,133.60000610351562,254779,0
2026-07-15 13:30:00-04:00,133.56500244140625,133.88999938964844,133.44900512695312,133.55999755859375,143593,0
2026-07-15 13:35:00-04:00,133.60000610351562,133.85000610351562,133.55999755859375,133.72000122070312,119572,0
2026-07-15 13:40:00-04:00,133.74000549316406,133.86500549316406,133.44020080566406,133.45509338378906,124158,0
2026-07-15 13:45:00-04:00,133.4550018310547,133.85000610351562,133.25999450683594,133.7550048828125,204017,0
2026-07-15 13:50:00-04:00,133.7449951171875,134.08999633789062,133.60000610351562,134.05990600585938,169532,0
2026-07-15 13:55:00-04:00,134.0399932861328,134.06500244140625,133.72999572753906,133.94000244140625,109119,0
2026-07-15 14:00:00-04:00,133.93499755859375,134.0399932861328,133.5,133.5850067138672,168992,0
2026-07-15 14:05:00-04:00,133.55499267578125,133.99000549316406,133.55499267578125,133.82989501953125,134861,0
2026-07-15 14:10:00-04:00,133.8300018310547,134.0919952392578,133.81500244140625,134.07000732421875,135345,0
2026-07-15 14:15:00-04:00,134.08999633789062,134.18499755859375,133.83999633789062,133.875,205965,0
2026-07-15 14:20:00-04:00,133.86000061035156,134.0,133.86000061035156,133.97999572753906,100898,0
2026-07-15 14:25:00-04:00,133.9600067138672,133.9600067138672,133.74000549316406,133.80999755859375,147246,0
2026-07-15 14:30:00-04:00,133.80999755859375,133.91000366210938,133.74000549316406,133.83999633789062,146812,0
2026-07-15 14:35:00-04:00,133.82000732421875,133.86000061035156,133.64999389648438,133.64999389648438,125273,0
2026-07-15 14:40:00-04:00,133.64999389648438,133.69000244140625,133.4499969482422,133.53500366210938,159985,0
2026-07-15 14:45:00-04:00,133.5399932861328,133.60000610351562,133.3000030517578,133.4600067138672,182166,0
2026-07-15 14:50:00-04:00,133.4499969482422,133.57000732421875,133.36000061035156,133.4600067138672,217904,0
2026-07-15 14:55:00-04:00,133.4600067138672,133.63999938964844,133.11000061035156,133.1199951171875,368195,0
2026-07-15 15:00:00-04:00,133.13999938964844,133.54989624023438,133.1199951171875,133.4199981689453,195589,0
2026-07-15 15:05:00-04:00,133.4199981689453,133.4199981689453,133.19000244140625,133.32000732421875,127249,0
2026-07-15 15:10:00-04:00,133.3300018310547,133.5500030517578,133.3300018310547,133.50999450683594,198642,0
2026-07-15 15:15:00-04:00,133.50999450683594,133.64999389648438,133.47999572753906,133.5,276642,0
2026-07-15 15:20:00-04:00,133.4949951171875,133.75999450683594,133.32009887695312,133.64889526367188,193621,0
2026-07-15 15:25:00-04:00,133.63999938964844,133.80999755859375,133.52000427246094,133.72000122070312,158943,0
2026-07-15 15:30:00-04:00,133.75,134.00999450683594,133.58999633789062,133.875,318307,0
2026-07-15 15:35:00-04:00,133.8699951171875,134.1199951171875,133.85000610351562,134.1199951171875,202217,0
2026-07-15 15:40:00-04:00,134.13499450683594,134.2344970703125,134.0,134.1300048828125,234436,0
2026-07-15 15:45:00-04:00,134.125,134.19000244140625,133.54010009765625,133.56500244140625,215199,0
2026-07-15 15:50:00-04:00,133.58999633789062,133.75,133.52000427246094,133.5800018310547,397331,0
2026-07-15 15:55:00-04:00,133.5800018310547,133.78500366210938,133.47999572753906,133.75,909696,0
2026-07-16 09:30:00-04:00,133.27999877929688,133.89999389648438,130.3350067138672,130.49989318847656,1735157,0
2026-07-16 09:35:00-04:00,130.47999572753906,131.39999389648438,129.36000061035156,129.46499633789062,715070,0
2026-07-16 09:40:00-04:00,129.46499633789062,129.94000244140625,129.13009643554688,129.41000366210938,617530,0
2026-07-16 09:45:00-04:00,129.43499755859375,129.85989379882812,128.67999267578125,129.42999267578125,694753,0
2026-07-16 09:50:00-04:00,129.3800048828125,130.36000061035156,129.3699951171875,129.73500061035156,612321,0
2026-07-16 09:55:00-04:00,129.72219848632812,130.75,129.3762969970703,130.39500427246094,473816,0
2026-07-16 10:00:00-04:00,130.36000061035156,131.4199981689453,130.13999938964844,131.3699951171875,574614,0
2026-07-16 10:05:00-04:00,131.41400146484375,131.6999969482422,130.9600067138672,131.39500427246094,420116,0
2026-07-16 10:10:00-04:00,131.3800048828125,131.77999877929688,131.1300048828125,131.39500427246094,308444,0
2026-07-16 10:15:00-04:00,131.41000366210938,131.77999877929688,131.07000732421875,131.3000030517578,296249,0
2026-07-16 10:20:00-04:00,131.32000732421875,131.64999389648438,131.2001953125,131.60000610351562,208358,0
2026-07-16 10:25:00-04:00,131.5601043701172,131.83999633789062,131.2449951171875,131.77999877929688,283963,0
2026-07-16 10:30:00-04:00,131.72000122070312,131.92999267578125,131.5908966064453,131.79989624023438,255382,0
2026-07-16 10:35:00-04:00,131.74000549316406,132.75,131.72000122070312,132.6719970703125,372500,0
2026-07-16 10:40:00-04:00,132.6699981689453,132.889892578125,132.25999450683594,132.77549743652344,347673,0
2026-07-16 10:45:00-04:00,132.6999969482422,132.9600067138672,132.51150512695312,132.77000427246094,300661,0
2026-07-16 10:50:00-04:00,132.77000427246094,132.77000427246094,132.32009887695312,132.39990234375,289796,0
2026-07-16 10:55:00-04:00,132.3300018310547,132.9499969482422,132.25999450683594,132.76499938964844,311725,0
2026-07-16 11:00:00-04:00,132.7949981689453,132.8300018310547,132.2100067138672,132.22999572753906,253562,0
2026-07-16 11:05:00-04:00,132.2100067138672,132.64999389648438,132.14999389648438,132.64999389648438,200919,0
2026-07-16 11:10:00-04:00,132.6199951171875,132.75,132.13999938964844,132.32000732421875,204988,0
2026-07-16 11:15:00-04:00,132.3300018310547,132.6300048828125,132.19000244140625,132.38009643554688,191236,0
2026-07-16 11:20:00-04:00,132.42999267578125,132.47000122070312,132.1199951171875,132.42999267578125,182162,0
2026-07-16 11:25:00-04:00,132.44500732421875,132.97000122070312,132.44500732421875,132.86500549316406,317960,0
2026-07-16 11:30:00-04:00,132.91000366210938,132.9199981689453,132.51010131835938,132.5449981689453,182844,0
2026-07-16 11:35:00-04:00,132.50999450683594,132.8000030517578,132.44000244140625,132.8000030517578,177663,0
2026-07-16 11:40:00-04:00,132.75,132.83999633789062,132.22999572753906,132.27999877929688,200873,0
2026-07-16 11:45:00-04:00,132.2899932861328,132.62890625,132.16000366210938,132.60000610351562,198522,0
2026-07-16 11:50:00-04:00,132.6300048828125,133.36000061035156,132.60000610351562,133.36000061035156,408542,0
2026-07-16 11:55:00-04:00,133.39999389648438,133.63519287109375,133.07000732421875,133.56500244140625,312638,0
2026-07-16 12:00:00-04:00,133.58999633789062,133.6199951171875,132.88999938964844,132.88999938964844,216629,0
2026-07-16 12:05:00-04:00,132.85499572753906,133.11000061035156,132.6199951171875,133.0850067138672,235135,0
2026-07-16 12:10:00-04:00,133.05999755859375,133.11000061035156,132.58999633789062,132.7550048828125,298965,0
2026-07-16 12:15:00-04:00,132.7550048828125,133.0500030517578,132.6699981689453,132.875,257683,0
2026-07-16 12:20:00-04:00,132.8856964111328,132.8856964111328,132.39999389648438,132.56500244140625,216243,0
2026-07-16 12:25:00-04:00,132.5800018310547,133.75999450683594,132.50999450683594,132.77499389648438,214848,0
2026-07-16 12:30:00-04:00,132.77000427246094,133.6190948486328,132.72999572753906,133.389892578125,286632,0
2026-07-16 12:35:00-04:00,133.35499572753906,133.46910095214844,133.09039306640625,133.1649932861328,188753,0
2026-07-16 12:40:00-04:00,133.1649932861328,133.4600067138672,133.10000610351562,133.39059448242188,166075,0
2026-07-16 12:45:00-04:00,133.38999938964844,133.668701171875,133.3300018310547,133.47799682617188,284433,0
2026-07-16 12:50:00-04:00,133.4799041748047,134.02999877929688,133.2100067138672,133.97999572753906,346914,0
2026-07-16 12:55:00-04:00,133.97999572753906,134.27999877929688,133.89999389648438,133.9499969482422,356686,0
2026-07-16 13:00:00-04:00,133.95559692382812,133.95559692382812,133.4199981689453,133.5500030517578,275873,0
2026-07-16 13:05:00-04:00,133.5399932861328,133.63999938964844,133.35009765625,133.4250030517578,172709,0
2026-07-16 13:10:00-04:00,133.41990661621094,133.58999633789062,133.22000122070312,133.22500610351562,169612,0
2026-07-16 13:15:00-04:00,133.24000549316406,133.75,133.22999572753906,133.6750030517578,250415,0
2026-07-16 13:20:00-04:00,133.68829345703125,133.77000427246094,133.5,133.5,182666,0
2026-07-16 13:25:00-04:00,133.49000549316406,133.93499755859375,133.49000549316406,133.88999938964844,180289,0
2026-07-16 13:30:00-04:00,133.88160705566406,133.99000549316406,133.69009399414062,133.74940490722656,166144,0
2026-07-16 13:35:00-04:00,133.75999450683594,133.76080322265625,133.52000427246094,133.60000610351562,170619,0
2026-07-16 13:40:00-04:00,133.57000732421875,133.60000610351562,133.27000427246094,133.4799041748047,182166,0
2026-07-16 13:45:00-04:00,133.47000122070312,133.6898956298828,133.25,133.67999267578125,192418,0
2026-07-16 13:50:00-04:00,133.69000244140625,133.96499633789062,133.6199951171875,133.85000610351562,126082,0
2026-07-16 13:55:00-04:00,133.85000610351562,133.8800048828125,133.64999389648438,133.76510620117188,135890,0
2026-07-16 14:00:00-04:00,133.8000030517578,133.9600067138672,133.72000122070312,133.79769897460938,143165,0
2026-07-16 14:05:00-04:00,133.77999877929688,134.2100067138672,133.72999572753906,134.17999267578125,256875,0
2026-07-16 14:10:00-04:00,134.19000244140625,134.3800048828125,133.96780395507812,134.08999633789062,250546,0
2026-07-16 14:15:00-04:00,134.07000732421875,134.17990112304688,133.82000732421875,134.02000427246094,173557,0
2026-07-16 14:20:00-04:00,134.02000427246094,134.25,133.9499969482422,133.98500061035156,156142,0
2026-07-16 14:25:00-04:00,134.02000427246094,134.3300018310547,133.89999389648438,134.01499938964844,254030,0
2026-07-16 14:30:00-04:00,134.0050048828125,134.0800018310547,133.77999877929688,133.92999267578125,149007,0
2026-07-16 14:35:00-04:00,133.88999938964844,134.05999755859375,133.8000030517578,133.80999755859375,225232,0
2026-07-16 14:40:00-04:00,133.79010009765625,133.8800048828125,133.6199951171875,133.80499267578125,174788,0
2026-07-16 14:45:00-04:00,133.8000030517578,133.97000122070312,133.6999969482422,133.91000366210938,165668,0
2026-07-16 14:50:00-04:00,133.87750244140625,133.9499053955078,133.47000122070312,133.5,154129,0
2026-07-16 14:55:00-04:00,133.50999450683594,133.75,133.47000122070312,133.69000244140625,216213,0
2026-07-16 15:00:00-04:00,133.69000244140625,134.00999450683594,133.63999938964844,133.89999389648438,270602,0
2026-07-16 15:05:00-04:00,133.9239959716797,133.92999267578125,133.5,133.64999389648438,255540,0
2026-07-16 15:10:00-04:00,133.63009643554688,133.86000061035156,133.5500030517578,133.68499755859375,219209,0
2026-07-16 15:15:00-04:00,133.66000366210938,133.93539428710938,133.60499572753906,133.8800048828125,219992,0
2026-07-16 15:20:00-04:00,133.89500427246094,134.14999389648438,133.80999755859375,133.8699951171875,302843,0
2026-07-16 15:25:00-04:00,133.8699951171875,134.1199951171875,133.82000732421875,134.00999450683594,687541,0
2026-07-16 15:30:00-04:00,134.0,134.20950317382812,133.9199981689453,134.0800018310547,398521,0
2026-07-16 15:35:00-04:00,134.07000732421875,134.4499969482422,134.02000427246094,134.32000732421875,368575,0
2026-07-16 15:40:00-04:00,134.32000732421875,134.389892578125,134.21009826660156,134.22999572753906,361097,0
2026-07-16 15:45:00-04:00,134.22999572753906,134.4174041748047,134.1699981689453,134.4174041748047,631317,0
2026-07-16 15:50:00-04:00,134.4199981689453,134.88999938964844,134.35000610351562,134.64999389648438,869980,0
2026-07-16 15:55:00-04:00,134.6300048828125,134.6300048828125,134.1999969482422,134.4499969482422,1567807,0
2026-07-17 09:30:00-04:00,131.80499267578125,132.38999938964844,130.02999877929688,130.5399932861328,4910618,0
2026-07-17 09:35:00-04:00,130.53500366210938,130.85989379882812,129.35000610351562,130.1219940185547,951071,0
2026-07-17 09:40:00-04:00,130.12429809570312,130.72000122070312,129.4239959716797,129.5800018310547,635697,0
2026-07-17 09:45:00-04:00,129.5399932861328,130.24000549316406,129.0500030517578,130.2100067138672,721583,0
2026-07-17 09:50:00-04:00,130.21499633789062,130.99000549316406,130.19000244140625,130.49440002441406,607498,0
2026-07-17 09:55:00-04:00,130.48959350585938,131.2899932861328,130.19009399414062,130.88369750976562,481968,0
2026-07-17 10:00:00-04:00,130.9499969482422,131.22300720214844,130.49000549316406,130.7550048828125,529281,0
2026-07-17 10:05:00-04:00,130.7899932861328,131.38999938964844,130.7899932861328,131.0449981689453,403944,0
2026-07-17 10:10:00-04:00,131.03199768066406,131.58999633789062,130.7949981689453,131.05499267578125,471192,0
2026-07-17 10:15:00-04:00,131.05499267578125,132.22999572753906,131.02999877929688,132.125,387789,0
2026-07-17 10:20:00-04:00,132.0800018310547,132.32000732421875,131.74229431152344,131.89999389648438,430654,0
2026-07-17 10:25:00-04:00,131.89999389648438,132.07000732421875,131.7550048828125,131.9199981689453,290089,0
2026-07-17 10:30:00-04:00,131.9499969482422,132.48500061035156,131.64999389648438,131.83999633789062,439337,0
2026-07-17 10:35:00-04:00,131.83999633789062,132.39990234375,131.67999267578125,132.14500427246094,333963,0
2026-07-17 10:40:00-04:00,132.13999938964844,132.27999877929688,131.66310119628906,131.9499969482422,313346,0
2026-07-17 10:45:00-04:00,131.97500610351562,132.38999938964844,131.50999450683594,132.3300018310547,338680,0
2026-07-17 10:50:00-04:00,132.3300018310547,132.5500030517578,132.0500030517578,132.4499969482422,269826,0
2026-07-17 10:55:00-04:00,132.47000122070312,132.7100067138672,131.91000366210938,131.91000366210938,436568,0
2026-07-17 11:00:00-04:00,131.93499755859375,132.11000061035156,131.5800018310547,131.88999938964844,456641,0
2026-07-17 11:05:00-04:00,131.91000366210938,132.55999755859375,131.85499572753906,132.52000427246094,263073,0
2026-07-17 11:10:00-04:00,132.52000427246094,132.8699951171875,131.9499969482422,132.0399932861328,343072,0
2026-07-17 11:15:00-04:00,132.08999633789062,132.14999389648438,131.28500366210938,131.32000732421875,344088,0
2026-07-17 11:20:00-04:00,131.25010681152344,131.41909790039062,130.9600067138672,131.36000061035156,250075,0
2026-07-17 11:25:00-04:00,131.32000732421875,131.72000122070312,131.13999938964844,131.67999267578125,156438,0
2026-07-17 11:30:00-04:00,131.6300048828125,131.7299041748047,131.30999755859375,131.52999877929688,205245,0
2026-07-17 11:35:00-04:00,131.50999450683594,131.5500030517578,131.11000061035156,131.39999389648438,126273,0
2026-07-17 11:40:00-04:00,131.4199981689453,131.58990478515625,131.13499450683594,131.3000030517578,111624,0
2026-07-17 11:45:00-04:00,131.3300018310547,131.3300018310547,130.94000244140625,131.14999389648438,202385,0
2026-07-17 11:50:00-04:00,131.14999389648438,131.61000061035156,131.0301055908203,131.60499572753906,217014,0
2026-07-17 11:55:00-04:00,131.6300048828125,131.92999267578125,131.3800048828125,131.5850067138672,223290,0
2026-07-17 12:00:00-04:00,131.6199951171875,131.8498992919922,131.22000122070312,131.55499267578125,354347,0
2026-07-17 12:05:00-04:00,131.58999633789062,131.7449951171875,131.14999389648438,131.60000610351562,136700,0
2026-07-17 12:10:00-04:00,131.63999938964844,131.9600067138672,131.5399932861328,131.92120361328125,152034,0
2026-07-17 12:15:00-04:00,131.94500732421875,132.17999267578125,131.91000366210938,132.08999633789062,171735,0
2026-07-17 12:20:00-04:00,132.0928955078125,132.1999969482422,131.5800018310547,131.89010620117188,148635,0
2026-07-17 12:25:00-04:00,131.88999938964844,132.74000549316406,131.82000732421875,132.53500366210938,249889,0
2026-07-17 12:30:00-04:00,132.50999450683594,132.55999755859375,132.10000610351562,132.14999389648438,220724,0
2026-07-17 12:35:00-04:00,132.14999389648438,132.44000244140625,132.0800018310547,132.27999877929688,211073,0
2026-07-17 12:40:00-04:00,132.27999877929688,132.875,132.23500061035156,132.77999877929688,191404,0
2026-07-17 12:45:00-04:00,132.75999450683594,133.52000427246094,132.69000244140625,133.4499969482422,343557,0
2026-07-17 12:50:00-04:00,133.47000122070312,133.64999389648438,133.32000732421875,133.64500427246094,229974,0
2026-07-17 12:55:00-04:00,133.63999938964844,133.8000030517578,133.50010681152344,133.69000244140625,282154,0
2026-07-17 13:00:00-04:00,133.69500732421875,134.1999053955078,133.69000244140625,133.85009765625,308888,0
2026-07-17 13:05:00-04:00,133.86500549316406,133.86500549316406,133.4199981689453,133.49200439453125,157200,0
2026-07-17 13:10:00-04:00,133.52999877929688,134.07000732421875,133.4499969482422,133.89500427246094,164117,0
2026-07-17 13:15:00-04:00,133.89999389648438,134.2050018310547,133.86000061035156,133.9604949951172,157352,0
2026-07-17 13:20:00-04:00,133.97000122070312,134.1699981689453,133.86990356445312,134.11000061035156,876623,0
2026-07-17 13:25:00-04:00,134.10000610351562,134.66990661621094,134.10000610351562,134.4300994873047,480942,0
2026-07-17 13:30:00-04:00,134.42999267578125,134.76980590820312,134.39999389648438,134.66000366210938,259893,0
2026-07-17 13:35:00-04:00,134.6649932861328,134.67999267578125,134.27000427246094,134.4250030517578,235029,0
2026-07-17 13:40:00-04:00,134.42999267578125,134.42999267578125,134.22000122070312,134.32000732421875,277498,0
2026-07-17 13:45:00-04:00,134.3249969482422,134.47999572753906,134.1699981689453,134.35000610351562,128212,0
2026-07-17 13:50:00-04:00,134.38009643554688,134.52000427246094,133.97999572753906,134.16050720214844,251625,0
2026-07-17 13:55:00-04:00,134.19000244140625,134.53489685058594,134.16000366210938,134.35000610351562,162351,0
2026-07-17 14:00:00-04:00,134.38999938964844,134.49000549316406,134.16000366210938,134.3000030517578,186832,0
2026-07-17 14:05:00-04:00,134.2899932861328,134.34779357910156,133.8699951171875,133.9199981689453,155435,0
2026-07-17 14:10:00-04:00,133.97999572753906,134.22999572753906,133.88999938964844,134.02049255371094,135844,0
2026-07-17 14:15:00-04:00,134.02999877929688,134.22999572753906,133.89999389648438,134.09500122070312,144048,0
2026-07-17 14:20:00-04:00,134.10499572753906,134.13999938964844,133.75999450683594,133.8000030517578,183338,0
2026-07-17 14:25:00-04:00,133.7239990234375,133.72999572753906,133.47999572753906,133.50999450683594,213556,0
2026-07-17 14:30:00-04:00,133.50999450683594,133.75,133.1699981689453,133.21499633789062,360530,0
2026-07-17 14:35:00-04:00,133.2100067138672,133.2100067138672,132.75,132.88999938964844,215938,0
2026-07-17 14:40:00-04:00,132.89999389648438,132.89999389648438,132.46310424804688,132.6199951171875,206489,0
2026-07-17 14:45:00-04:00,132.6300048828125,133.14999389648438,132.4600067138672,133.0,214823,0
2026-07-17 14:50:00-04:00,133.00999450683594,133.22999572753906,132.91000366210938,133.1990966796875,131792,0
2026-07-17 14:55:00-04:00,133.19500732421875,133.27000427246094,133.1199951171875,133.125,94813,0
2026-07-17 15:00:00-04:00,133.125,133.13999938964844,132.65499877929688,132.74000549316406,243156,0
2026-07-17 15:05:00-04:00,132.77000427246094,132.80999755859375,132.55499267578125,132.61000061035156,160244,0
2026-07-17 15:10:00-04:00,132.60000610351562,132.60000610351562,132.22999572753906,132.3249969482422,226014,0
2026-07-17 15:15:00-04:00,132.3000030517578,132.3000030517578,131.89010620117188,131.99000549316406,232463,0
2026-07-17 15:20:00-04:00,131.97999572753906,132.08999633789062,131.80999755859375,131.8350067138672,234617,0
2026-07-17 15:25:00-04:00,131.8350067138672,132.25,131.6999969482422,132.1750030517578,290837,0
2026-07-17 15:30:00-04:00,132.16000366210938,132.47999572753906,132.05059814453125,132.1999969482422,240979,0
2026-07-17 15:35:00-04:00,132.18499755859375,132.2698974609375,131.9149932861328,131.92999267578125,259071,0
2026-07-17 15:40:00-04:00,131.9250030517578,132.02999877929688,131.80999755859375,131.94500732421875,248155,0
2026-07-17 15:45:00-04:00,131.9499969482422,132.16000366210938,131.91000366210938,132.11990356445312,346850,0
2026-07-17 15:50:00-04:00,132.1199951171875,132.25999450683594,131.75999450683594,132.22500610351562,441134,0
2026-07-17 15:55:00-04:00,132.2449951171875,132.60000610351562,132.1699981689453,132.33999633789062,1100200,0
2026-07-20 09:30:00-04:00,131.8800048828125,133.44000244140625,131.82000732421875,133.1199951171875,1424482,0
2026-07-20 09:35:00-04:00,133.1649932861328,135.02999877929688,132.85000610351562,134.80499267578125,878768,0
2026-07-20 09:40:00-04:00,134.80499267578125,135.3800048828125,134.4199981689453,135.1199951171875,603704,0
2026-07-20 09:45:00-04:00,135.15499877929688,135.29910278320312,133.1699981689453,133.51499938964844,600188,0
2026-07-20 09:50:00-04:00,133.52000427246094,133.6497039794922,132.91000366210938,132.98500061035156,473368,0
2026-07-20 09:55:00-04:00,132.9949951171875,133.69960021972656,132.6300048828125,133.36500549316406,400948,0
2026-07-20 10:00:00-04:00,133.33999633789062,133.85569763183594,132.72999572753906,133.6999969482422,367334,0
2026-07-20 10:05:00-04:00,133.72999572753906,133.88999938964844,132.94000244140625,133.22999572753906,305675,0
2026-07-20 10:10:00-04:00,133.22999572753906,133.23199462890625,132.5,132.9250030517578,380412,0
2026-07-20 10:15:00-04:00,132.94000244140625,133.32000732421875,132.64999389648438,132.65499877929688,293088,0
2026-07-20 10:20:00-04:00,132.625,133.02000427246094,132.2301025390625,132.8800048828125,411024,0
2026-07-20 10:25:00-04:00,132.85000610351562,133.0500030517578,132.6417999267578,133.04969787597656,257108,0
2026-07-20 10:30:00-04:00,133.01010131835938,133.25,132.77000427246094,132.85000610351562,319098,0
2026-07-20 10:35:00-04:00,132.8000030517578,133.13999938964844,132.60000610351562,132.7100067138672,240073,0
2026-07-20 10:40:00-04:00,132.72999572753906,133.4199981689453,132.6699981689453,132.80999755859375,399356,0
2026-07-20 10:45:00-04:00,132.82000732421875,133.10000610351562,132.60000610351562,132.8000030517578,279468,0
2026-07-20 10:50:00-04:00,132.77000427246094,133.1750030517578,132.6300048828125,133.08999633789062,196704,0
2026-07-20 10:55:00-04:00,133.08999633789062,133.26499938964844,132.52000427246094,132.7799072265625,263906,0
2026-07-20 11:00:00-04:00,132.77999877929688,133.15989685058594,132.64500427246094,132.90499877929688,275739,0
2026-07-20 11:05:00-04:00,132.90499877929688,133.0800018310547,132.3699951171875,132.6999969482422,296291,0
2026-07-20 11:10:00-04:00,132.63999938964844,132.97999572753906,132.5800018310547,132.72000122070312,167901,0
2026-07-20 11:15:00-04:00,132.75,133.0500030517578,132.71029663085938,132.99000549316406,254353,0
2026-07-20 11:20:00-04:00,132.9600067138672,133.67999267578125,132.8800048828125,133.66000366210938,282321,0
2026-07-20 11:25:00-04:00,133.64500427246094,133.74000549316406,133.27000427246094,133.5,548028,0
2026-07-20 11:30:00-04:00,133.5500030517578,133.75,133.25999450683594,133.32000732421875,224509,0
2026-07-20 11:35:00-04:00,133.32000732421875,133.42999267578125,133.0500030517578,133.2899932861328,118660,0
2026-07-20 11:40:00-04:00,133.25,133.6999969482422,133.25,133.49000549316406,182646,0
2026-07-20 11:45:00-04:00,133.49000549316406,133.6699981689453,133.14999389648438,133.4199981689453,192079,0
2026-07-20 11:50:00-04:00,133.41000366210938,134.1999969482422,133.35499572753906,133.99000549316406,320782,0
2026-07-20 11:55:00-04:00,134.0,134.2100067138672,133.7404022216797,133.78500366210938,268462,0
2026-07-20 12:00:00-04:00,133.77000427246094,134.36000061035156,133.7406005859375,134.3300018310547,251735,0
2026-07-20 12:05:00-04:00,134.30999755859375,135.1999969482422,134.3000030517578,134.99000549316406,434585,0
2026-07-20 12:10:00-04:00,134.97999572753906,135.10000610351562,134.84010314941406,135.0449981689453,237876,0
2026-07-20 12:15:00-04:00,135.0572967529297,135.33999633789062,134.77999877929688,135.28500366210938,334325,0
2026-07-20 12:20:00-04:00,135.33999633789062,135.80999755859375,135.30999755859375,135.7100067138672,320488,0
2026-07-20 12:25:00-04:00,135.72999572753906,135.72999572753906,135.27040100097656,135.4300994873047,159525,0
2026-07-20 12:30:00-04:00,135.44000244140625,135.85000610351562,135.44000244140625,135.61000061035156,172383,0
2026-07-20 12:35:00-04:00,135.64999389648438,135.8094940185547,135.5,135.73500061035156,200832,0
2026-07-20 12:40:00-04:00,135.73500061035156,135.75,135.00999450683594,135.07000732421875,391906,0
2026-07-20 12:45:00-04:00,135.0800018310547,135.57989501953125,135.0500030517578,135.52999877929688,258465,0
2026-07-20 12:50:00-04:00,135.51499938964844,135.5500030517578,134.76499938964844,134.85499572753906,193831,0
2026-07-20 12:55:00-04:00,134.85499572753906,134.90499877929688,134.5800018310547,134.63999938964844,126425,0
2026-07-20 13:00:00-04:00,134.62989807128906,134.77999877929688,134.3699951171875,134.38999938964844,146988,0
2026-07-20 13:05:00-04:00,134.39999389648438,134.42999267578125,134.16000366210938,134.30499267578125,178709,0
2026-07-20 13:10:00-04:00,134.32000732421875,134.62869262695312,134.1999969482422,134.53500366210938,306737,0
2026-07-20 13:15:00-04:00,134.47999572753906,134.79420471191406,134.23500061035156,134.75,202120,0
2026-07-20 13:20:00-04:00,134.75,135.16990661621094,134.6999969482422,135.02499389648438,196217,0
2026-07-20 13:25:00-04:00,135.00999450683594,135.41990661621094,134.97000122070312,135.39999389648438,161420,0
2026-07-20 13:30:00-04:00,135.39999389648438,135.8000030517578,135.39999389648438,135.64950561523438,213894,0
2026-07-20 13:35:00-04:00,135.6999969482422,135.9199981689453,135.36000061035156,135.48989868164062,229645,0
2026-07-20 13:40:00-04:00,135.4499969482422,135.5399932861328,135.22500610351562,135.27999877929688,135351,0
2026-07-20 13:45:00-04:00,135.2949981689453,135.8800048828125,135.27999877929688,135.77000427246094,274228,0
2026-07-20 13:50:00-04:00,135.74000549316406,136.11500549316406,135.74000549316406,136.00999450683594,444568,0
2026-07-20 13:55:00-04:00,136.02499389648438,136.08999633789062,135.82000732421875,136.02000427246094,135549,0
2026-07-20 14:00:00-04:00,136.0500030517578,136.44000244140625,136.0200958251953,136.33999633789062,303443,0
2026-07-20 14:05:00-04:00,136.3300018310547,136.33999633789062,136.11000061035156,136.2100067138672,220640,0
2026-07-20 14:10:00-04:00,136.22999572753906,136.27999877929688,136.05130004882812,136.10000610351562,220660,0
2026-07-20 14:15:00-04:00,136.11000061035156,136.29989624023438,135.9600067138672,136.27000427246094,282821,0
2026-07-20 14:20:00-04:00,136.27000427246094,136.27000427246094,135.88999938964844,135.88999938964844,175593,0
2026-07-20 14:25:00-04:00,135.88250732421875,136.1750030517578,135.8000030517578,136.11000061035156,171746,0
2026-07-20 14:30:00-04:00,136.10000610351562,136.10000610351562,135.77999877929688,135.89999389648438,172394,0
2026-07-20 14:35:00-04:00,135.92999267578125,136.6199951171875,135.92999267578125,136.24009704589844,301864,0
2026-07-20 14:40:00-04:00,136.22000122070312,136.2200927734375,135.61000061035156,135.65499877929688,314743,0
2026-07-20 14:45:00-04:00,135.63999938964844,135.8699951171875,135.5500030517578,135.75,283030,0
2026-07-20 14:50:00-04:00,135.77000427246094,136.07000732421875,135.69000244140625,135.86500549316406,188361,0
2026-07-20 14:55:00-04:00,135.88999938964844,135.9199981689453,135.66000366210938,135.81500244140625,183457,0
2026-07-20 15:00:00-04:00,135.7949981689453,135.9600067138672,135.57000732421875,135.72999572753906,206715,0
2026-07-20 15:05:00-04:00,135.72999572753906,135.8300018310547,135.52999877929688,135.7100067138672,272360,0
2026-07-20 15:10:00-04:00,135.6800994873047,135.86000061035156,135.51499938964844,135.5998992919922,209371,0
2026-07-20 15:15:00-04:00,135.5749969482422,135.80999755859375,135.41000366210938,135.75999450683594,186396,0
2026-07-20 15:20:00-04:00,135.7100067138672,135.8699951171875,135.5399932861328,135.8300018310547,178986,0
2026-07-20 15:25:00-04:00,135.8300018310547,135.91000366210938,135.5,135.7050018310547,281840,0
2026-07-20 15:30:00-04:00,135.72999572753906,136.19000244140625,135.64010620117188,135.99000549316406,296846,0
2026-07-20 15:35:00-04:00,136.00999450683594,136.1750030517578,135.93499755859375,136.13499450683594,297576,0
2026-07-20 15:40:00-04:00,136.1699981689453,136.49989318847656,136.08050537109375,136.16000366210938,364861,0
2026-07-20 15:45:00-04:00,136.17999267578125,136.22000122070312,136.00999450683594,136.2100067138672,315130,0
2026-07-20 15:50:00-04:00,136.1999969482422,136.1999969482422,135.58999633789062,135.75,516979,0
2026-07-20 15:55:00-04:00,135.75,135.75,134.82000732421875,134.85499572753906,1691664,0
2026-07-21 09:30:00-04:00,133.97500610351562,134.42999267578125,131.22500610351562,133.6699981689453,1970682,0
2026-07-21 09:35:00-04:00,133.6750030517578,134.67999267578125,133.3800048828125,133.65750122070312,591405,0
2026-07-21 09:40:00-04:00,133.69790649414062,134.22999572753906,133.1259002685547,134.17999267578125,518995,0
2026-07-21 09:45:00-04:00,134.13250732421875,134.61000061035156,133.82000732421875,134.22000122070312,423149,0
2026-07-21 09:50:00-04:00,134.25,134.5,133.5500030517578,133.97000122070312,431765,0
2026-07-21 09:55:00-04:00,134.0,134.3249969482422,133.6750030517578,133.97000122070312,332465,0
2026-07-21 10:00:00-04:00,133.99000549316406,134.25,133.8000030517578,134.1199951171875,324277,0
2026-07-21 10:05:00-04:00,134.10000610351562,134.5998992919922,133.9499969482422,134.34500122070312,328857,0
2026-07-21 10:10:00-04:00,134.3800048828125,134.4250030517578,133.6199951171875,133.97999572753906,430460,0
2026-07-21 10:15:00-04:00,133.99000549316406,134.00999450683594,133.1999969482422,133.72000122070312,443716,0
2026-07-21 10:20:00-04:00,133.74000549316406,134.139892578125,133.53919982910156,133.64999389648438,325233,0
2026-07-21 10:25:00-04:00,133.68499755859375,134.5998992919922,133.68499755859375,134.44000244140625,267897,0
2026-07-21 10:30:00-04:00,134.44000244140625,134.57000732421875,133.9499969482422,134.1300048828125,236943,0
2026-07-21 10:35:00-04:00,134.118896484375,134.49000549316406,134.0399932861328,134.19500732421875,225922,0
2026-07-21 10:40:00-04:00,134.16000366210938,134.19500732421875,133.53500366210938,133.78500366210938,221174,0
2026-07-21 10:45:00-04:00,133.78500366210938,134.17950439453125,133.75,134.05999755859375,212997,0
2026-07-21 10:50:00-04:00,134.02000427246094,134.19000244140625,133.8800048828125,134.05979919433594,151687,0
2026-07-21 10:55:00-04:00,134.0301055908203,134.05999755859375,133.74000549316406,133.7899932861328,180349,0
2026-07-21 11:00:00-04:00,133.75999450683594,133.89999389648438,133.3101043701172,133.3300018310547,373292,0
2026-07-21 11:05:00-04:00,133.3300018310547,133.4499969482422,133.11000061035156,133.33990478515625,217098,0
2026-07-21 11:10:00-04:00,133.30999755859375,133.39999389648438,132.85000610351562,132.9250030517578,252056,0
2026-07-21 11:15:00-04:00,132.9250030517578,133.4199981689453,132.75999450683594,133.35000610351562,273272,0
2026-07-21 11:20:00-04:00,133.3300018310547,133.72999572753906,133.23500061035156,133.41009521484375,233441,0
2026-07-21 11:25:00-04:00,133.38999938964844,133.4799041748047,133.0500030517578,133.1699981689453,260874,0
2026-07-21 11:30:00-04:00,133.12100219726562,133.50999450683594,133.10000610351562,133.3804931640625,203556,0
2026-07-21 11:35:00-04:00,133.41000366210938,133.82000732421875,133.07000732421875,133.74000549316406,239106,0
2026-07-21 11:40:00-04:00,133.74000549316406,134.02999877929688,133.67999267578125,134.00999450683594,237718,0
2026-07-21 11:45:00-04:00,134.00999450683594,134.27999877929688,133.9199981689453,134.1199951171875,220131,0
2026-07-21 11:50:00-04:00,134.13999938964844,134.4499969482422,134.08009338378906,134.1199951171875,208867,0
2026-07-21 11:55:00-04:00,134.11000061035156,134.44000244140625,134.02000427246094,134.33990478515625,198049,0
2026-07-21 12:00:00-04:00,134.30999755859375,134.5500030517578,134.25399780273438,134.5399932861328,138704,0
2026-07-21 12:05:00-04:00,134.5500030517578,134.55999755859375,133.82000732421875,133.85000610351562,201963,0
2026-07-21 12:10:00-04:00,133.8300018310547,133.8300018310547,133.61000061035156,133.70750427246094,240709,0
2026-07-21 12:15:00-04:00,133.6999969482422,133.70989990234375,133.1199951171875,133.375,338510,0
2026-07-21 12:20:00-04:00,133.375,133.41000366210938,133.02000427246094,133.19000244140625,363061,0
2026-07-21 12:25:00-04:00,133.17999267578125,133.4499969482422,133.00999450683594,133.39999389648438,177746,0
2026-07-21 12:30:00-04:00,133.39999389648438,133.53990173339844,133.22000122070312,133.46499633789062,147845,0
2026-07-21 12:35:00-04:00,133.47999572753906,133.66990661621094,133.38999938964844,133.5850067138672,131103,0
2026-07-21 12:40:00-04:00,133.5800018310547,133.6999969482422,133.4199981689453,133.4499969482422,134671,0
2026-07-21 12:45:00-04:00,133.46499633789062,133.5500030517578,133.33999633789062,133.38999938964844,123492,0
2026-07-21 12:50:00-04:00,133.3800048828125,133.44000244140625,133.1199951171875,133.1199951171875,168147,0
2026-07-21 12:55:00-04:00,133.13999938964844,133.35499572753906,133.0500030517578,133.05999755859375,134987,0
2026-07-21 13:00:00-04:00,133.0500030517578,133.22000122070312,132.92999267578125,133.02000427246094,170141,0
2026-07-21 13:05:00-04:00,133.0,133.18499755859375,132.94000244140625,132.99749755859375,186786,0
2026-07-21 13:10:00-04:00,132.99749755859375,133.0,132.4300994873047,132.5792999267578,266532,0
2026-07-21 13:15:00-04:00,132.57000732421875,132.8199005126953,132.3699951171875,132.72000122070312,314686,0
2026-07-21 13:20:00-04:00,132.74000549316406,132.94000244140625,132.65499877929688,132.90499877929688,149467,0
2026-07-21 13:25:00-04:00,132.90499877929688,133.02609252929688,132.80999755859375,132.85000610351562,122190,0
2026-07-21 13:30:00-04:00,132.83999633789062,133.0800018310547,132.77999877929688,132.8800048828125,120158,0
2026-07-21 13:35:00-04:00,132.89759826660156,133.0500030517578,132.7899932861328,132.92010498046875,124556,0
2026-07-21 13:40:00-04:00,132.92999267578125,133.04989624023438,132.75999450683594,132.8000030517578,132547,0
2026-07-21 13:45:00-04:00,132.7949981689453,132.97999572753906,132.60009765625,132.97079467773438,131134,0
2026-07-21 13:50:00-04:00,132.97999572753906,133.04559326171875,132.9199981689453,132.94000244140625,141689,0
2026-07-21 13:55:00-04:00,132.9600067138672,133.07000732421875,132.9199981689453,132.94000244140625,109233,0
2026-07-21 14:00:00-04:00,132.9499969482422,133.1300048828125,132.86000061035156,133.07000732421875,111682,0
2026-07-21 14:05:00-04:00,133.05999755859375,133.27999877929688,133.0218963623047,133.07000732421875,137436,0
2026-07-21 14:10:00-04:00,133.02999877929688,133.07989501953125,132.9199981689453,132.97000122070312,103476,0
2026-07-21 14:15:00-04:00,132.96090698242188,133.00999450683594,132.80999755859375,132.88999938964844,114064,0
2026-07-21 14:20:00-04:00,132.89999389648438,133.1199951171875,132.80999755859375,132.9600067138672,142376,0
2026-07-21 14:25:00-04:00,132.9600067138672,133.05999755859375,132.8800048828125,132.98989868164062,138092,0
2026-07-21 14:30:00-04:00,133.0,133.05409240722656,132.80999755859375,132.80999755859375,97445,0
2026-07-21 14:35:00-04:00,132.80999755859375,132.86000061035156,132.72999572753906,132.75990295410156,125449,0
2026-07-21 14:40:00-04:00,132.75950622558594,132.86000061035156,132.6300048828125,132.83999633789062,98293,0
2026-07-21 14:45:00-04:00,132.8101043701172,133.1300048828125,132.75,133.11500549316406,156494,0
2026-07-21 14:50:00-04:00,133.08999633789062,133.08999633789062,132.8000030517578,132.875,126732,0
2026-07-21 14:55:00-04:00,132.875,132.89999389648438,132.7100067138672,132.8101043701172,109419,0
2026-07-21 15:00:00-04:00,132.8498992919922,133.08999633789062,132.8249969482422,132.9698944091797,129285,0
2026-07-21 15:05:00-04:00,132.94000244140625,133.1300048828125,132.88499450683594,133.0800018310547,131363,0
2026-07-21 15:10:00-04:00,133.0800018310547,133.27999877929688,133.01010131835938,133.15499877929688,137422,0
2026-07-21 15:15:00-04:00,133.16000366210938,133.23989868164062,133.0800018310547,133.09500122070312,108941,0
2026-07-21 15:20:00-04:00,133.08999633789062,133.14999389648438,132.83999633789062,133.01499938964844,123493,0
2026-07-21 15:25:00-04:00,132.97999572753906,133.05999755859375,132.8800048828125,132.92999267578125,145116,0
2026-07-21 15:30:00-04:00,132.93499755859375,133.1199951171875,132.92999267578125,132.97999572753906,130369,0
2026-07-21 15:35:00-04:00,133.0,133.0399932861328,132.77000427246094,132.7899932861328,168697,0
2026-07-21 15:40:00-04:00,132.8000030517578,132.89999389648438,132.77499389648438,132.8300018310547,132067,0
2026-07-21 15:45:00-04:00,132.8300018310547,133.09979248046875,132.75999450683594,133.05999755859375,271869,0
2026-07-21 15:50:00-04:00,133.05999755859375,133.05999755859375,132.6999969482422,132.77499389648438,351721,0
2026-07-21 15:55:00-04:00,132.75999450683594,132.8699951171875,132.60000610351562,132.6199951171875,864802,0
2026-07-22 09:30:00-04:00,132.22000122070312,132.30999755859375,129.10000610351562,129.6649932861328,1683119,0
2026-07-22 09:35:00-04:00,129.60000610351562,129.75,127.71499633789062,127.80999755859375,924924,0
2026-07-22 09:40:00-04:00,127.83999633789062,128.57949829101562,127.37999725341797,128.44000244140625,636868,0
2026-07-22 09:45:00-04:00,128.44000244140625,128.88999938964844,127.19999694824219,127.71499633789062,783198,0
2026-07-22 09:50:00-04:00,127.73999786376953,127.93000030517578,127.0999984741211,127.7699966430664,597280,0
2026-07-22 09:55:00-04:00,127.75499725341797,128.14999389648438,127.30999755859375,128.05999755859375,467581,0
2026-07-22 10:00:00-04:00,128.07000732421875,128.47999572753906,127.95999908447266,128.19000244140625,562177,0
2026-07-22 10:05:00-04:00,128.21180725097656,128.60000610351562,127.45010375976562,127.59860229492188,507894,0
2026-07-22 10:10:00-04:00,127.63999938964844,127.85990142822266,127.25,127.38500213623047,356592,0
2026-07-22 10:15:00-04:00,127.39199829101562,127.39199829101562,127.06999969482422,127.12039947509766,400480,0
2026-07-22 10:20:00-04:00,127.17500305175781,127.66999816894531,126.93000030517578,127.33000183105469,563377,0
2026-07-22 10:25:00-04:00,127.35859680175781,127.45999908447266,127.08999633789062,127.29000091552734,301739,0
2026-07-22 10:30:00-04:00,127.26000213623047,127.63999938964844,127.26000213623047,127.3499984741211,252432,0
2026-07-22 10:35:00-04:00,127.33000183105469,127.36000061035156,126.95010375976562,127.08000183105469,320508,0
2026-07-22 10:40:00-04:00,127.08499908447266,127.08999633789062,126.45999908447266,126.63500213623047,586085,0
2026-07-22 10:45:00-04:00,126.62999725341797,126.80000305175781,126.4749984741211,126.70999908447266,289772,0
2026-07-22 10:50:00-04:00,126.69999694824219,126.77999877929688,126.43000030517578,126.70999908447266,265076,0
2026-07-22 10:55:00-04:00,126.66999816894531,126.88999938964844,126.5,126.88999938964844,263565,0
2026-07-22 11:00:00-04:00,126.83000183105469,127.08999633789062,126.70999908447266,126.93160247802734,255800,0
2026-07-22 11:05:00-04:00,126.92009735107422,127.12000274658203,126.9000015258789,126.90049743652344,213679,0
2026-07-22 11:10:00-04:00,126.91000366210938,127.0,126.7699966430664,126.9000015258789,198868,0
2026-07-22 11:15:00-04:00,126.9000015258789,126.93000030517578,126.6500015258789,126.69000244140625,316500,0
2026-07-22 11:20:00-04:00,126.69999694824219,126.95999908447266,126.61000061035156,126.94000244140625,272983,0
2026-07-22 11:25:00-04:00,126.94000244140625,126.95999908447266,126.75,126.81999969482422,208039,0
2026-07-22 11:30:00-04:00,126.86000061035156,126.9000015258789,126.11000061035156,126.1500015258789,527895,0
2026-07-22 11:35:00-04:00,126.11000061035156,126.4000015258789,125.83000183105469,126.31999969482422,788235,0
2026-07-22 11:40:00-04:00,126.30010223388672,126.62999725341797,126.19999694824219,126.52999877929688,394235,0
2026-07-22 11:45:00-04:00,126.5250015258789,126.97000122070312,126.5199966430664,126.9000015258789,231845,0
2026-07-22 11:50:00-04:00,126.8905029296875,126.94000244140625,126.6449966430664,126.73999786376953,211405,0
2026-07-22 11:55:00-04:00,126.69999694824219,127.12000274658203,126.6500015258789,127.11990356445312,250050,0
2026-07-22 12:00:00-04:00,127.08499908447266,127.09539794921875,126.69999694824219,126.75,285772,0
2026-07-22 12:05:00-04:00,126.7300033569336,127.0199966430664,126.69100189208984,126.9000015258789,324268,0
2026-07-22 12:10:00-04:00,126.87000274658203,127.02999877929688,126.69999694824219,126.70999908447266,284800,0
2026-07-22 12:15:00-04:00,126.7300033569336,126.9800033569336,126.62999725341797,126.8499984741211,275641,0
2026-07-22 12:20:00-04:00,126.83499908447266,126.83499908447266,126.431396484375,126.51000213623047,223433,0
2026-07-22 12:25:00-04:00,126.5199966430664,126.80000305175781,126.21499633789062,126.36000061035156,590389,0
2026-07-22 12:30:00-04:00,126.31999969482422,126.61000061035156,126.1500015258789,126.22000122070312,296219,0
2026-07-22 12:35:00-04:00,126.23999786376953,126.27999877929688,126.08999633789062,126.13999938964844,252621,0
2026-07-22 12:40:00-04:00,126.12999725341797,126.1500015258789,125.7699966430664,125.85820007324219,421416,0
2026-07-22 12:45:00-04:00,125.85990142822266,126.0999984741211,125.71499633789062,125.80000305175781,457012,0
2026-07-22 12:50:00-04:00,125.83000183105469,125.94000244140625,125.75,125.7750015258789,283218,0
2026-07-22 12:55:00-04:00,125.77989959716797,126.63999938964844,125.72000122070312,126.37000274658203,382782,0
2026-07-22 13:00:00-04:00,126.37999725341797,126.4000015258789,125.86000061035156,125.88999938964844,281756,0
2026-07-22 13:05:00-04:00,125.86499786376953,125.93000030517578,125.68000030517578,125.80000305175781,523898,0
2026-07-22 13:10:00-04:00,125.79499816894531,125.79499816894531,125.5,125.51000213623047,281988,0
2026-07-22 13:15:00-04:00,125.51000213623047,125.75,125.2300033569336,125.26000213623047,394583,0
2026-07-22 13:20:00-04:00,125.26000213623047,125.3499984741211,125.02999877929688,125.20999908447266,394211,0
2026-07-22 13:25:00-04:00,125.23989868164062,125.23999786376953,124.56999969482422,124.7291030883789,798965,0
2026-07-22 13:30:00-04:00,124.73999786376953,124.83000183105469,124.36009979248047,124.4011001586914,497292,0
2026-07-22 13:35:00-04:00,124.41999816894531,124.78700256347656,124.37999725341797,124.5199966430664,409612,0
2026-07-22 13:40:00-04:00,124.5,124.5,124.06999969482422,124.17500305175781,513781,0
2026-07-22 13:45:00-04:00,124.18990325927734,124.31999969482422,124.05000305175781,124.19499969482422,313061,0
2026-07-22 13:50:00-04:00,124.18000030517578,124.19999694824219,123.69000244140625,123.69000244140625,444894,0
2026-07-22 13:55:00-04:00,123.68000030517578,123.9000015258789,123.57129669189453,123.7300033569336,409684,0
2026-07-22 14:00:00-04:00,123.7249984741211,123.8499984741211,123.63009643554688,123.80999755859375,320193,0
2026-07-22 14:05:00-04:00,123.82990264892578,123.91000366210938,123.61000061035156,123.62999725341797,273242,0
2026-07-22 14:10:00-04:00,123.62000274658203,123.66000366210938,123.5,123.50499725341797,316553,0
2026-07-22 14:15:00-04:00,123.50499725341797,123.78610229492188,123.44999694824219,123.76499938964844,379436,0
2026-07-22 14:20:00-04:00,123.75,123.86000061035156,123.58000183105469,123.61000061035156,286920,0
2026-07-22 14:25:00-04:00,123.5999984741211,123.84929656982422,123.52069854736328,123.80999755859375,281266,0
2026-07-22 14:30:00-04:00,123.80999755859375,123.87000274658203,123.61000061035156,123.80000305175781,271954,0
2026-07-22 14:35:00-04:00,123.79000091552734,124.12000274658203,123.779296875,124.00499725341797,311354,0
2026-07-22 14:40:00-04:00,124.0,124.06999969482422,123.90010070800781,123.97000122070312,210657,0
2026-07-22 14:45:00-04:00,123.97000122070312,124.0199966430664,123.72000122070312,123.7300033569336,257456,0
2026-07-22 14:50:00-04:00,123.72010040283203,123.9000015258789,123.69000244140625,123.86000061035156,255867,0
2026-07-22 14:55:00-04:00,123.87000274658203,124.04000091552734,123.81999969482422,123.93000030517578,236163,0
2026-07-22 15:00:00-04:00,123.91999816894531,124.12999725341797,123.80999755859375,124.08000183105469,268192,0
2026-07-22 15:05:00-04:00,124.08999633789062,124.58499908447266,124.068603515625,124.09989929199219,533381,0
2026-07-22 15:10:00-04:00,124.0999984741211,124.16999816894531,123.93000030517578,124.16500091552734,370587,0
2026-07-22 15:15:00-04:00,124.16500091552734,124.25,124.04000091552734,124.12999725341797,290425,0
2026-07-22 15:20:00-04:00,124.12000274658203,124.12000274658203,124.01000213623047,124.02999877929688,249233,0
2026-07-22 15:25:00-04:00,124.04000091552734,124.7699966430664,124.0000991821289,124.7249984741211,376156,0
2026-07-22 15:30:00-04:00,124.72000122070312,124.83000183105469,124.22000122070312,124.22000122070312,537182,0
2026-07-22 15:35:00-04:00,124.20999908447266,124.26000213623047,123.8499984741211,123.87000274658203,435033,0
2026-07-22 15:40:00-04:00,123.87000274658203,124.0999984741211,123.8499984741211,124.01000213623047,401514,0
2026-07-22 15:45:00-04:00,124.01499938964844,124.43000030517578,123.9749984741211,124.36000061035156,457189,0
2026-07-22 15:50:00-04:00,124.37000274658203,124.7300033569336,124.37000274658203,124.66999816894531,912033,0
2026-07-22 15:55:00-04:00,124.68000030517578,124.72000122070312,124.05999755859375,124.58000183105469,1542579,0
2026-07-23 09:30:00-04:00,125.93499755859375,126.38999938964844,122.31999969482422,123.51000213623047,2013809,0
2026-07-23 09:35:00-04:00,123.45999908447266,123.60910034179688,121.63999938964844,122.08999633789062,983976,0
2026-07-23 09:40:00-04:00,122.08570098876953,123.98999786376953,121.91000366210938,123.41999816894531,845977,0
2026-07-23 09:45:00-04:00,123.41500091552734,124.48999786376953,123.41500091552734,124.23500061035156,638179,0
2026-07-23 09:50:00-04:00,124.20449829101562,124.63999938964844,123.91999816894531,124.18499755859375,514004,0
2026-07-23 09:55:00-04:00,124.18499755859375,124.38990020751953,123.79759979248047,123.93499755859375,368390,0
2026-07-23 10:00:00-04:00,123.97000122070312,124.44000244140625,123.75,124.09500122070312,458433,0
2026-07-23 10:05:00-04:00,124.05999755859375,124.30999755859375,123.31649780273438,123.67500305175781,381545,0
2026-07-23 10:10:00-04:00,123.70999908447266,123.9800033569336,123.33000183105469,123.47000122070312,389105,0
2026-07-23 10:15:00-04:00,123.33000183105469,123.72000122070312,123.11000061035156,123.22000122070312,343312,0
2026-07-23 10:20:00-04:00,123.21499633789062,123.91500091552734,123.12999725341797,123.51000213623047,331984,0
2026-07-23 10:25:00-04:00,123.51000213623047,123.78990173339844,123.41999816894531,123.67500305175781,226156,0
2026-07-23 10:30:00-04:00,123.6697998046875,123.79989624023438,122.97000122070312,122.9800033569336,278985,0
2026-07-23 10:35:00-04:00,122.98999786376953,123.27999877929688,122.70999908447266,123.11000061035156,306574,0
2026-07-23 10:40:00-04:00,123.11000061035156,123.19989776611328,121.9000015258789,122.07499694824219,453931,0
2026-07-23 10:45:00-04:00,122.04000091552734,122.13999938964844,121.5,121.56500244140625,449573,0
2026-07-23 10:50:00-04:00,121.52999877929688,121.8499984741211,121.4800033569336,121.79499816894531,296175,0
2026-07-23 10:55:00-04:00,121.77999877929688,122.03800201416016,121.41000366210938,121.44249725341797,296728,0
2026-07-23 11:00:00-04:00,121.43499755859375,121.54000091552734,121.0999984741211,121.27989959716797,349690,0
2026-07-23 11:05:00-04:00,121.31999969482422,121.31999969482422,120.8499984741211,120.8499984741211,486514,0
2026-07-23 11:10:00-04:00,120.86000061035156,121.3499984741211,120.7300033569336,121.18000030517578,471637,0
2026-07-23 11:15:00-04:00,121.19999694824219,121.47000122070312,121.10009765625,121.2699966430664,273609,0
2026-07-23 11:20:00-04:00,121.2699966430664,121.4000015258789,121.01000213623047,121.05999755859375,257339,0
2026-07-23 11:25:00-04:00,121.05500030517578,121.16999816894531,120.91000366210938,121.0,349492,0
2026-07-23 11:30:00-04:00,121.02999877929688,121.25,120.81999969482422,121.19999694824219,247910,0
2026-07-23 11:35:00-04:00,121.20999908447266,121.44989776611328,121.05999755859375,121.3550033569336,269531,0
2026-07-23 11:40:00-04:00,121.37999725341797,121.5999984741211,121.27999877929688,121.36000061035156,229784,0
2026-07-23 11:45:00-04:00,121.33999633789062,121.44999694824219,121.21289825439453,121.38999938964844,154401,0
2026-07-23 11:50:00-04:00,121.4000015258789,121.61599731445312,121.30500030517578,121.61499786376953,229727,0
2026-07-23 11:55:00-04:00,121.61000061035156,121.70999908447266,121.44000244140625,121.61000061035156,190324,0
2026-07-23 12:00:00-04:00,121.62000274658203,121.97000122070312,121.58000183105469,121.69999694824219,278719,0
2026-07-23 12:05:00-04:00,121.70999908447266,121.7699966430664,121.31999969482422,121.6697006225586,324595,0
2026-07-23 12:10:00-04:00,121.6698989868164,121.73999786376953,121.5,121.6500015258789,218314,0
2026-07-23 12:15:00-04:00,121.65499877929688,121.69999694824219,121.47000122070312,121.63999938964844,183004,0
2026-07-23 12:20:00-04:00,121.66000366210938,122.0,121.6500015258789,121.76000213623047,241436,0
2026-07-23 12:25:00-04:00,121.77999877929688,121.91999816894531,121.6449966430664,121.69999694824219,205699,0
2026-07-23 12:30:00-04:00,121.70500183105469,121.94000244140625,121.6449966430664,121.73999786376953,210433,0
2026-07-23 12:35:00-04:00,121.72000122070312,121.80999755859375,121.4800033569336,121.7699966430664,221442,0
2026-07-23 12:40:00-04:00,121.7699966430664,121.87999725341797,121.5999984741211,121.7699966430664,202403,0
2026-07-23 12:45:00-04:00,121.76000213623047,121.79000091552734,121.55999755859375,121.56999969482422,142038,0
2026-07-23 12:50:00-04:00,121.55000305175781,121.70999908447266,121.5,121.69499969482422,142145,0
2026-07-23 12:55:00-04:00,121.68000030517578,121.8550033569336,121.61000061035156,121.7500991821289,185773,0
2026-07-23 13:00:00-04:00,121.74500274658203,122.33000183105469,121.62999725341797,122.20999908447266,251516,0
2026-07-23 13:05:00-04:00,122.19999694824219,122.25,121.94999694824219,122.12999725341797,187442,0
2026-07-23 13:10:00-04:00,122.15499877929688,122.2384033203125,121.95999908447266,122.08999633789062,158422,0
2026-07-23 13:15:00-04:00,122.05999755859375,122.19999694824219,121.82499694824219,121.91999816894531,154755,0
2026-07-23 13:20:00-04:00,121.94999694824219,122.0593032836914,121.82009887695312,121.98999786376953,124714,0
2026-07-23 13:25:00-04:00,121.98999786376953,122.05999755859375,121.87999725341797,121.94999694824219,138188,0
2026-07-23 13:30:00-04:00,121.94000244140625,122.1500015258789,121.80000305175781,122.05000305175781,233750,0
2026-07-23 13:35:00-04:00,122.05000305175781,122.2300033569336,121.94000244140625,122.02999877929688,164422,0
2026-07-23 13:40:00-04:00,122.03500366210938,122.10990142822266,121.84500122070312,122.02999877929688,154157,0
2026-07-23 13:45:00-04:00,122.01000213623047,122.20999908447266,122.0,122.11499786376953,185188,0
2026-07-23 13:50:00-04:00,122.12000274658203,122.19999694824219,122.0,122.1500015258789,188157,0
2026-07-23 13:55:00-04:00,122.12999725341797,122.25,122.06999969482422,122.08999633789062,187445,0
2026-07-23 14:00:00-04:00,122.06999969482422,122.23999786376953,121.94999694824219,122.08000183105469,200442,0
2026-07-23 14:05:00-04:00,122.08999633789062,122.26499938964844,122.06999969482422,122.19999694824219,178466,0
2026-07-23 14:10:00-04:00,122.20999908447266,122.30000305175781,122.0199966430664,122.0199966430664,186020,0
2026-07-23 14:15:00-04:00,122.04000091552734,122.25,122.01000213623047,122.09500122070312,186824,0
2026-07-23 14:20:00-04:00,122.12000274658203,122.27999877929688,122.07990264892578,122.22000122070312,165309,0
2026-07-23 14:25:00-04:00,122.19999694824219,122.33000183105469,122.19499969482422,122.31999969482422,215285,0
2026-07-23 14:30:00-04:00,122.30000305175781,122.37999725341797,122.12999725341797,122.16000366210938,171011,0
2026-07-23 14:35:00-04:00,122.1500015258789,122.21499633789062,121.9800033569336,122.05999755859375,200585,0
2026-07-23 14:40:00-04:00,122.06999969482422,122.1500015258789,122.0,122.05000305175781,154049,0
2026-07-23 14:45:00-04:00,122.05000305175781,122.44999694824219,122.05000305175781,122.44999694824219,216946,0
2026-07-23 14:50:00-04:00,122.44999694824219,122.52999877929688,122.27999877929688,122.27999877929688,212139,0
2026-07-23 14:55:00-04:00,122.29000091552734,122.37000274658203,122.23999786376953,122.36000061035156,186659,0
2026-07-23 15:00:00-04:00,122.36000061035156,122.48999786376953,122.2500991821289,122.26499938964844,139794,0
2026-07-23 15:05:00-04:00,122.25,122.3301010131836,122.21499633789062,122.25,152494,0
2026-07-23 15:10:00-04:00,122.25,122.27999877929688,122.05000305175781,122.08000183105469,206696,0
2026-07-23 15:15:00-04:00,122.06500244140625,122.2699966430664,122.04000091552734,122.20999908447266,178645,0
2026-07-23 15:20:00-04:00,122.20500183105469,122.44999694824219,122.20500183105469,122.41230010986328,194348,0
2026-07-23 15:25:00-04:00,122.41999816894531,122.57990264892578,122.37000274658203,122.44989776611328,226461,0
2026-07-23 15:30:00-04:00,122.44999694824219,122.66850280761719,122.39009857177734,122.58999633789062,247270,0
2026-07-23 15:35:00-04:00,122.61000061035156,122.68000030517578,122.4000015258789,122.45999908447266,264626,0
2026-07-23 15:40:00-04:00,122.45999908447266,122.4749984741211,122.18000030517578,122.22000122070312,337656,0
2026-07-23 15:45:00-04:00,122.22000122070312,122.25,121.91000366210938,122.0199966430664,451952,0
2026-07-23 15:50:00-04:00,122.0199966430664,122.94999694824219,122.0,122.87999725341797,760689,0
2026-07-23 15:55:00-04:00,122.88999938964844,123.5,122.88999938964844,123.30000305175781,1667744,0
2026-07-24 09:30:00-04:00,125.30000305175781,125.30000305175781,123.05999755859375,123.66999816894531,1660446,0
2026-07-24 09:35:00-04:00,123.6449966430664,124.2699966430664,123.27999877929688,123.54000091552734,487104,0
2026-07-24 09:40:00-04:00,123.52999877929688,123.73500061035156,122.7300033569336,123.2249984741211,413191,0
2026-07-24 09:45:00-04:00,123.19000244140625,123.41999816894531,122.90010070800781,123.11000061035156,311035,0
2026-07-24 09:50:00-04:00,123.08999633789062,123.25,122.11000061035156,122.2300033569336,479558,0
2026-07-24 09:55:00-04:00,122.19000244140625,122.67500305175781,122.0199966430664,122.29000091552734,394854,0
2026-07-24 10:00:00-04:00,122.33999633789062,123.0968017578125,122.33000183105469,122.58000183105469,371393,0
2026-07-24 10:05:00-04:00,122.5999984741211,123.22000122070312,122.52999877929688,122.93499755859375,316659,0
2026-07-24 10:10:00-04:00,122.9208984375,123.0199966430664,122.35009765625,122.73999786376953,245728,0
2026-07-24 10:15:00-04:00,122.73999786376953,122.86499786376953,122.2300033569336,122.55000305175781,221500,0
2026-07-24 10:20:00-04:00,122.55000305175781,122.7699966430664,122.44000244140625,122.7699966430664,41817,0
