timestamps,open,high,low,close,volume,amount
2026-04-27 09:30:00-04:00,156.1699981689453,160.94000244140625,155.5399932861328,159.1300048828125,8526519,0
2026-04-27 09:35:00-04:00,159.1300048828125,159.2198944091797,157.39999389648438,157.83999633789062,1544181,0
2026-04-27 09:40:00-04:00,157.8000030517578,158.26499938964844,153.7100067138672,154.10000610351562,1481001,0
2026-04-27 09:45:00-04:00,154.1300048828125,154.71719360351562,151.7100067138672,151.78500366210938,1359851,0
2026-04-27 09:50:00-04:00,151.75,153.38999938964844,151.5601043701172,152.75999450683594,1100484,0
2026-04-27 09:55:00-04:00,152.75999450683594,153.11000061035156,151.78500366210938,152.1300048828125,955854,0
2026-04-27 10:00:00-04:00,152.16000366210938,153.4499969482422,151.39999389648438,151.46499633789062,1113697,0
2026-04-27 10:05:00-04:00,151.50999450683594,151.61000061035156,149.42999267578125,149.67990112304688,1377337,0
2026-04-27 10:10:00-04:00,149.66000366210938,150.0980987548828,149.07000732421875,149.5500946044922,885663,0
2026-04-27 10:15:00-04:00,149.63999938964844,149.8800048828125,148.92999267578125,149.0399932861328,680237,0
2026-04-27 10:20:00-04:00,148.99000549316406,149.71780395507812,148.39999389648438,148.52169799804688,730330,0
2026-04-27 10:25:00-04:00,148.58999633789062,148.7989959716797,148.07310485839844,148.2100067138672,588132,0
2026-04-27 10:30:00-04:00,148.21499633789062,148.97999572753906,148.02000427246094,148.83999633789062,445653,0
2026-04-27 10:35:00-04:00,148.8000030517578,149.16000366210938,148.33999633789062,148.55999755859375,512866,0
2026-04-27 10:40:00-04:00,148.6300048828125,148.8000030517578,147.6999969482422,148.27999877929688,531751,0
2026-04-27 10:45:00-04:00,148.35000610351562,149.27999877929688,148.25,149.00999450683594,553155,0
2026-04-27 10:50:00-04:00,149.00999450683594,149.66000366210938,148.52999877929688,148.5749969482422,507149,0
2026-04-27 10:55:00-04:00,148.60000610351562,148.66000366210938,147.60150146484375,147.875,572914,0
2026-04-27 11:00:00-04:00,147.85000610351562,148.3249969482422,147.6699981689453,147.85000610351562,350251,0
2026-04-27 11:05:00-04:00,147.85000610351562,147.9600067138672,147.0500030517578,147.63999938964844,768036,0
2026-04-27 11:10:00-04:00,147.58999633789062,147.86000061035156,147.25,147.60159301757812,292214,0
2026-04-27 11:15:00-04:00,147.67999267578125,148.5500030517578,147.60000610351562,148.44500732421875,350028,0
2026-04-27 11:20:00-04:00,148.44000244140625,148.6999969482422,148.1009063720703,148.18499755859375,261746,0
2026-04-27 11:25:00-04:00,148.14999389648438,148.69000244140625,148.0800018310547,148.3800048828125,289169,0
2026-04-27 11:30:00-04:00,148.3699951171875,149.30499267578125,148.35000610351562,148.94000244140625,348287,0
2026-04-27 11:35:00-04:00,148.9499969482422,149.1999969482422,148.49000549316406,148.60499572753906,338978,0
2026-04-27 11:40:00-04:00,148.55999755859375,148.7100067138672,147.8800048828125,148.11000061035156,258751,0
2026-04-27 11:45:00-04:00,148.13999938964844,148.606201171875,148.09010314941406,148.27000427246094,210985,0
2026-04-27 11:50:00-04:00,148.27000427246094,148.38999938964844,147.9199981689453,148.1300048828125,196995,0
2026-04-27 11:55:00-04:00,148.1300048828125,148.38699340820312,147.89999389648438,148.19500732421875,196648,0
2026-04-27 12:00:00-04:00,148.16000366210938,148.6649932861328,148.0800018310547,148.5800018310547,203586,0
2026-04-27 12:05:00-04:00,148.58999633789062,149.10000610351562,148.58999633789062,149.0301055908203,263889,0
2026-04-27 12:10:00-04:00,149.07000732421875,149.3000030517578,148.58999633789062,149.24000549316406,425801,0
2026-04-27 12:15:00-04:00,149.22000122070312,149.40989685058594,148.85000610351562,149.34500122070312,272664,0
2026-04-27 12:20:00-04:00,149.34500122070312,149.59939575195312,149.00999450683594,149.05999755859375,274765,0
2026-04-27 12:25:00-04:00,149.05499267578125,149.2657012939453,148.83999633789062,149.00999450683594,242337,0
2026-04-27 12:30:00-04:00,149.0399932861328,149.3300018310547,148.92999267578125,149.14999389648438,166133,0
2026-04-27 12:35:00-04:00,149.14999389648438,149.3000030517578,148.9499969482422,149.08999633789062,162701,0
2026-04-27 12:40:00-04:00,149.05499267578125,149.64999389648438,149.0500030517578,149.05999755859375,308955,0
2026-04-27 12:45:00-04:00,149.05999755859375,149.2989959716797,148.86000061035156,149.01010131835938,236363,0
2026-04-27 12:50:00-04:00,149.0449981689453,149.1199951171875,148.8000030517578,148.91000366210938,177072,0
2026-04-27 12:55:00-04:00,148.9149932861328,149.3000030517578,148.72300720214844,149.21499633789062,155816,0
2026-04-27 13:00:00-04:00,149.21499633789062,149.55999755859375,149.19500732421875,149.52000427246094,221630,0
2026-04-27 13:05:00-04:00,149.5399932861328,149.68780517578125,149.13999938964844,149.19000244140625,239596,0
2026-04-27 13:10:00-04:00,149.17999267578125,149.37620544433594,148.89999389648438,149.00999450683594,148407,0
2026-04-27 13:15:00-04:00,149.0299072265625,149.0399932861328,148.52450561523438,148.94000244140625,203212,0
2026-04-27 13:20:00-04:00,148.9250030517578,149.0399932861328,148.7100067138672,148.85499572753906,140958,0
2026-04-27 13:25:00-04:00,148.83999633789062,149.10000610351562,148.7550048828125,148.860107421875,159195,0
2026-04-27 13:30:00-04:00,148.86000061035156,149.3000030517578,148.86000061035156,149.22000122070312,152419,0
2026-04-27 13:35:00-04:00,149.22999572753906,149.3800048828125,149.06500244140625,149.13999938964844,138775,0
2026-04-27 13:40:00-04:00,149.13499450683594,149.27000427246094,148.97000122070312,149.25999450683594,126727,0
2026-04-27 13:45:00-04:00,149.25999450683594,149.4600067138672,149.20010375976562,149.22999572753906,206683,0
2026-04-27 13:50:00-04:00,149.22000122070312,149.3800048828125,149.00999450683594,149.21499633789062,182481,0
2026-04-27 13:55:00-04:00,149.24000549316406,149.44000244140625,149.08999633789062,149.44000244140625,209366,0
2026-04-27 14:00:00-04:00,149.44000244140625,149.53500366210938,149.16000366210938,149.281005859375,169164,0
2026-04-27 14:05:00-04:00,149.2899932861328,149.6519012451172,149.22999572753906,149.6199951171875,170163,0
2026-04-27 14:10:00-04:00,149.625,149.97999572753906,149.6199951171875,149.66000366210938,238383,0
2026-04-27 14:15:00-04:00,149.66000366210938,149.9600067138672,149.54010009765625,149.63999938964844,150141,0
2026-04-27 14:20:00-04:00,149.65499877929688,149.75999450683594,149.4427032470703,149.63499450683594,116915,0
2026-04-27 14:25:00-04:00,149.63999938964844,149.99000549316406,149.61500549316406,149.8300018310547,170185,0
2026-04-27 14:30:00-04:00,149.88999938964844,149.88999938964844,149.49000549316406,149.58999633789062,135518,0
2026-04-27 14:35:00-04:00,149.57000732421875,150.10000610351562,149.52000427246094,150.02999877929688,139154,0
2026-04-27 14:40:00-04:00,150.0449981689453,150.14999389648438,149.66009521484375,149.7100067138672,148565,0
2026-04-27 14:45:00-04:00,149.71910095214844,149.73500061035156,149.47999572753906,149.5800018310547,130912,0
2026-04-27 14:50:00-04:00,149.5800018310547,149.72500610351562,149.5,149.6999053955078,107202,0
2026-04-27 14:55:00-04:00,149.68499755859375,149.98989868164062,149.64999389648438,149.83999633789062,159745,0
2026-04-27 15:00:00-04:00,149.8300018310547,150.1199951171875,149.8300018310547,150.1199951171875,135172,0
2026-04-27 15:05:00-04:00,150.10000610351562,150.6199951171875,150.0399932861328,150.52000427246094,309156,0
2026-04-27 15:10:00-04:00,150.52499389648438,150.92990112304688,150.52499389648438,150.75999450683594,250184,0
2026-04-27 15:15:00-04:00,150.76010131835938,150.889892578125,150.38999938964844,150.47000122070312,304168,0
2026-04-27 15:20:00-04:00,150.44009399414062,150.82989501953125,149.8800048828125,149.9600067138672,311517,0
2026-04-27 15:25:00-04:00,149.97000122070312,150.1999053955078,149.672607421875,149.91000366210938,337335,0
2026-04-27 15:30:00-04:00,149.88999938964844,150.19000244140625,149.77999877929688,149.83999633789062,254288,0
2026-04-27 15:35:00-04:00,149.83999633789062,150.0500030517578,149.8000030517578,149.94500732421875,158686,0
2026-04-27 15:40:00-04:00,149.9499969482422,150.38999938964844,149.91000366210938,150.32000732421875,215889,0
2026-04-27 15:45:00-04:00,150.3300018310547,150.33999633789062,149.55999755859375,149.6999969482422,342269,0
2026-04-27 15:50:00-04:00,149.64999389648438,150.52000427246094,149.3300018310547,150.42999267578125,509008,0
2026-04-27 15:55:00-04:00,150.38999938964844,150.64999389648438,150.1999969482422,150.25999450683594,1275883,0
2026-04-28 09:30:00-04:00,145.2877960205078,146.76849365234375,144.00010681152344,146.0850067138672,1738357,0
2026-04-28 09:35:00-04:00,146.0850067138672,146.5800018310547,145.19000244140625,145.92999267578125,344441,0
2026-04-28 09:40:00-04:00,145.97000122070312,147.17999267578125,145.82229614257812,147.00999450683594,382760,0
2026-04-28 09:45:00-04:00,147.07000732421875,147.66000366210938,146.4600067138672,147.10000610351562,338880,0
2026-04-28 09:50:00-04:00,147.0800018310547,147.13999938964844,146.5399932861328,146.94500732421875,256550,0
2026-04-28 09:55:00-04:00,146.9250030517578,147.57000732421875,146.35000610351562,147.22999572753906,247323,0
2026-04-28 10:00:00-04:00,147.1999969482422,147.4600067138672,146.89999389648438,147.05250549316406,346178,0
2026-04-28 10:05:00-04:00,147.0399932861328,148.32000732421875,146.9600067138672,148.125,299290,0
2026-04-28 10:10:00-04:00,148.22000122070312,148.4600067138672,147.88499450683594,148.27000427246094,257279,0
2026-04-28 10:15:00-04:00,148.3000030517578,148.47000122070312,147.42999267578125,148.14999389648438,386263,0
2026-04-28 10:20:00-04:00,148.14500427246094,148.22999572753906,146.6300048828125,147.39999389648438,383671,0
2026-04-28 10:25:00-04:00,147.41000366210938,147.75999450683594,147.22999572753906,147.49000549316406,176692,0
2026-04-28 10:30:00-04:00,147.47999572753906,147.99000549316406,146.85000610351562,146.87750244140625,227622,0
2026-04-28 10:35:00-04:00,146.89999389648438,147.07000732421875,146.52999877929688,147.07000732421875,237243,0
2026-04-28 10:40:00-04:00,146.97999572753906,147.57000732421875,146.86000061035156,147.4499969482422,179396,0
2026-04-28 10:45:00-04:00,147.4199981689453,147.5399932861328,147.0399932861328,147.22000122070312,224607,0
2026-04-28 10:50:00-04:00,147.22000122070312,147.32000732421875,146.8350067138672,147.27999877929688,238427,0
2026-04-28 10:55:00-04:00,147.3000030517578,148.3699951171875,147.2899932861328,148.30999755859375,239810,0
2026-04-28 11:00:00-04:00,148.30999755859375,148.66000366210938,147.74000549316406,147.76499938964844,263359,0
2026-04-28 11:05:00-04:00,147.77999877929688,147.92999267578125,147.38999938964844,147.44500732421875,161879,0
2026-04-28 11:10:00-04:00,147.4600067138672,147.86000061035156,147.30999755859375,147.7949981689453,137624,0
2026-04-28 11:15:00-04:00,147.75999450683594,147.9499969482422,147.38999938964844,147.4199981689453,142150,0
2026-04-28 11:20:00-04:00,147.5,147.65989685058594,147.2100067138672,147.4001007080078,104957,0
2026-04-28 11:25:00-04:00,147.36000061035156,147.61000061035156,147.25,147.47999572753906,107611,0
2026-04-28 11:30:00-04:00,147.50999450683594,147.60000610351562,147.0800018310547,147.19000244140625,131562,0
2026-04-28 11:35:00-04:00,147.1300048828125,147.57989501953125,147.0,147.30999755859375,138669,0
2026-04-28 11:40:00-04:00,147.27999877929688,147.49000549316406,147.14999389648438,147.32000732421875,67059,0
2026-04-28 11:45:00-04:00,147.27999877929688,147.44000244140625,147.02000427246094,147.1699981689453,88600,0
2026-04-28 11:50:00-04:00,147.2100067138672,147.32000732421875,147.10009765625,147.23989868164062,108449,0
2026-04-28 11:55:00-04:00,147.1699981689453,147.52000427246094,147.13999938964844,147.32000732421875,755425,0
2026-04-28 12:00:00-04:00,147.2801055908203,147.5,147.00999450683594,147.39999389648438,102676,0
2026-04-28 12:05:00-04:00,147.42999267578125,147.94000244140625,147.41009521484375,147.8000030517578,110023,0
2026-04-28 12:10:00-04:00,147.82000732421875,147.85499572753906,147.58990478515625,147.7100067138672,59732,0
2026-04-28 12:15:00-04:00,147.69430541992188,148.05999755859375,147.63999938964844,147.89999389648438,72943,0
2026-04-28 12:20:00-04:00,147.89999389648438,148.42999267578125,147.80999755859375,148.38999938964844,109896,0
2026-04-28 12:25:00-04:00,148.4199981689453,148.4250030517578,148.0500030517578,148.11000061035156,147102,0
2026-04-28 12:30:00-04:00,148.1116943359375,148.25999450683594,147.9600067138672,147.99000549316406,63834,0
2026-04-28 12:35:00-04:00,147.9871063232422,148.72000122070312,147.7899932861328,148.55999755859375,134814,0
2026-04-28 12:40:00-04:00,148.56500244140625,148.7100067138672,148.36000061035156,148.5500030517578,90986,0
2026-04-28 12:45:00-04:00,148.5800018310547,148.8300018310547,148.55999755859375,148.77000427246094,102784,0
2026-04-28 12:50:00-04:00,148.77999877929688,148.9593048095703,148.5625,148.8300018310547,122759,0
2026-04-28 12:55:00-04:00,148.82000732421875,149.05999755859375,148.75999450683594,149.02000427246094,107480,0
2026-04-28 13:00:00-04:00,148.97999572753906,149.25,148.94000244140625,149.22999572753906,124882,0
2026-04-28 13:05:00-04:00,149.22500610351562,149.55999755859375,149.21499633789062,149.55999755859375,164137,0
2026-04-28 13:10:00-04:00,149.57000732421875,149.86000061035156,149.44000244140625,149.72999572753906,163807,0
2026-04-28 13:15:00-04:00,149.71710205078125,149.7550048828125,149.49000549316406,149.51499938964844,118321,0
2026-04-28 13:20:00-04:00,149.48500061035156,150.3300018310547,149.48500061035156,150.3000030517578,219051,0
2026-04-28 13:25:00-04:00,150.27000427246094,150.8699951171875,150.18499755859375,150.78500366210938,318777,0
2026-04-28 13:30:00-04:00,150.74000549316406,150.80999755859375,150.41000366210938,150.6199951171875,217736,0
2026-04-28 13:35:00-04:00,150.6300048828125,151.49000549316406,150.6300048828125,151.125,241968,0
2026-04-28 13:40:00-04:00,151.13999938964844,151.5,151.0399932861328,151.13999938964844,238056,0
2026-04-28 13:45:00-04:00,151.15499877929688,151.16000366210938,150.3000030517578,150.4499969482422,179186,0
2026-04-28 13:50:00-04:00,150.4550018310547,150.9499969482422,150.20010375976562,150.77999877929688,149817,0
2026-04-28 13:55:00-04:00,150.78500366210938,150.8300018310547,150.35000610351562,150.41000366210938,105574,0
2026-04-28 14:00:00-04:00,150.3800048828125,150.7899932861328,150.3249969482422,150.57000732421875,136578,0
2026-04-28 14:05:00-04:00,150.625,150.88999938964844,150.42999267578125,150.44000244140625,102517,0
2026-04-28 14:10:00-04:00,150.4199981689453,150.52999877929688,150.33999633789062,150.49000549316406,92062,0
2026-04-28 14:15:00-04:00,150.47000122070312,150.75999450683594,150.47000122070312,150.66000366210938,92135,0
2026-04-28 14:20:00-04:00,150.64999389648438,150.97999572753906,150.55999755859375,150.85499572753906,142639,0
2026-04-28 14:25:00-04:00,150.85499572753906,150.90499877929688,150.56500244140625,150.7899932861328,428017,0
2026-04-28 14:30:00-04:00,150.82000732421875,150.94000244140625,150.6300048828125,150.63519287109375,122714,0
2026-04-28 14:35:00-04:00,150.625,150.8000030517578,150.52499389648438,150.66000366210938,91723,0
2026-04-28 14:40:00-04:00,150.64999389648438,150.75999450683594,150.50999450683594,150.75999450683594,87830,0
2026-04-28 14:45:00-04:00,150.77999877929688,151.30999755859375,150.7301025390625,151.10000610351562,171480,0
2026-04-28 14:50:00-04:00,151.14999389648438,151.14999389648438,150.93499755859375,151.0500030517578,110474,0
2026-04-28 14:55:00-04:00,151.0500030517578,151.11000061035156,150.8343048095703,151.05999755859375,111311,0
2026-04-28 15:00:00-04:00,151.07000732421875,151.25,150.8177032470703,150.97000122070312,280332,0
2026-04-28 15:05:00-04:00,150.9600067138672,150.9600067138672,149.86000061035156,150.25,320588,0
2026-04-28 15:10:00-04:00,150.27000427246094,150.6699981689453,150.2449951171875,150.5800018310547,174485,0
2026-04-28 15:15:00-04:00,150.5800018310547,150.74000549316406,150.3300018310547,150.5,168808,0
2026-04-28 15:20:00-04:00,150.5,150.50999450683594,150.32000732421875,150.33999633789062,153386,0
2026-04-28 15:25:00-04:00,150.33999633789062,150.58990478515625,150.30999755859375,150.33999633789062,157009,0
2026-04-28 15:30:00-04:00,150.3699951171875,150.92999267578125,150.30999755859375,150.6300048828125,186512,0
2026-04-28 15:35:00-04:00,150.61500549316406,150.89999389648438,150.49000549316406,150.5449981689453,211602,0
2026-04-28 15:40:00-04:00,150.50999450683594,150.6199951171875,150.36000061035156,150.5500030517578,179809,0
2026-04-28 15:45:00-04:00,150.53500366210938,150.6699981689453,150.47999572753906,150.6199951171875,205747,0
2026-04-28 15:50:00-04:00,150.63999938964844,150.66000366210938,150.3699951171875,150.42999267578125,462926,0
2026-04-28 15:55:00-04:00,150.41000366210938,150.41000366210938,149.85000610351562,150.00999450683594,1278308,0
2026-04-29 09:30:00-04:00,151.4499969482422,152.78140258789062,151.0,152.74000549316406,2050610,0
2026-04-29 09:35:00-04:00,152.75999450683594,153.2899932861328,152.0500030517578,153.16000366210938,500643,0
2026-04-29 09:40:00-04:00,153.13999938964844,153.6790008544922,152.5500030517578,152.85009765625,415761,0
2026-04-29 09:45:00-04:00,152.86000061035156,153.5,152.63999938964844,153.08999633789062,347873,0
2026-04-29 09:50:00-04:00,153.0500030517578,153.2949981689453,152.30999755859375,152.75,283054,0
2026-04-29 09:55:00-04:00,152.6699981689453,153.83999633789062,152.55999755859375,153.38999938964844,535698,0
2026-04-29 10:00:00-04:00,153.3699951171875,154.36000061035156,153.3699951171875,154.0,510242,0
2026-04-29 10:05:00-04:00,154.02999877929688,154.67999267578125,153.99000549316406,154.1999969482422,388271,0
2026-04-29 10:10:00-04:00,154.1999969482422,154.4149932861328,153.83999633789062,154.27999877929688,265526,0
2026-04-29 10:15:00-04:00,154.27000427246094,154.66000366210938,153.49000549316406,153.77000427246094,511544,0
2026-04-29 10:20:00-04:00,153.77999877929688,154.72999572753906,153.55999755859375,154.63999938964844,286063,0
2026-04-29 10:25:00-04:00,154.63999938964844,155.92999267578125,154.57000732421875,155.92999267578125,501109,0
2026-04-29 10:30:00-04:00,155.9199981689453,156.0500030517578,154.77000427246094,155.25999450683594,494456,0
2026-04-29 10:35:00-04:00,155.2299041748047,155.74000549316406,155.05999755859375,155.74000549316406,347684,0
2026-04-29 10:40:00-04:00,155.75,156.3699951171875,155.4149932861328,155.4149932861328,260286,0
2026-04-29 10:45:00-04:00,155.47000122070312,155.69000244140625,155.0,155.06500244140625,259981,0
2026-04-29 10:50:00-04:00,155.0688018798828,155.58009338378906,154.83859252929688,155.4499969482422,385396,0
2026-04-29 10:55:00-04:00,155.49000549316406,155.64999389648438,155.16000366210938,155.30499267578125,288186,0
2026-04-29 11:00:00-04:00,155.30999755859375,155.3249969482422,154.3350067138672,154.3350067138672,249772,0
2026-04-29 11:05:00-04:00,154.3699951171875,154.58999633789062,154.06500244140625,154.19000244140625,188903,0
2026-04-29 11:10:00-04:00,154.17999267578125,154.17999267578125,153.5500030517578,154.1199951171875,314381,0
2026-04-29 11:15:00-04:00,154.10000610351562,154.5,153.5500946044922,153.64500427246094,288870,0
2026-04-29 11:20:00-04:00,153.6300048828125,153.91000366210938,153.5,153.6999969482422,248335,0
2026-04-29 11:25:00-04:00,153.74000549316406,153.74000549316406,153.2100067138672,153.49249267578125,261394,0
2026-04-29 11:30:00-04:00,153.4600067138672,153.9499969482422,153.4499969482422,153.92999267578125,199056,0
2026-04-29 11:35:00-04:00,153.8800048828125,154.0500030517578,153.59500122070312,154.0399932861328,195426,0
2026-04-29 11:40:00-04:00,154.0500030517578,154.36000061035156,153.9199981689453,154.19500732421875,173949,0
2026-04-29 11:45:00-04:00,154.17999267578125,154.5449981689453,154.17999267578125,154.36000061035156,204640,0
2026-04-29 11:50:00-04:00,154.38999938964844,154.44000244140625,153.3800048828125,153.54010009765625,175612,0
2026-04-29 11:55:00-04:00,153.5399932861328,153.91000366210938,153.4499969482422,153.86500549316406,153811,0
2026-04-29 12:00:00-04:00,153.86000061035156,154.3000030517578,153.86000061035156,154.2949981689453,126087,0
2026-04-29 12:05:00-04:00,154.2949981689453,154.36000061035156,153.9949951171875,154.02999877929688,129322,0
2026-04-29 12:10:00-04:00,154.07000732421875,154.19000244140625,153.91000366210938,154.0,112677,0
2026-04-29 12:15:00-04:00,153.99000549316406,154.1300048828125,153.72999572753906,153.77499389648438,130098,0
2026-04-29 12:20:00-04:00,153.73199462890625,154.1300048828125,153.65499877929688,154.1199951171875,102407,0
2026-04-29 12:25:00-04:00,154.1300048828125,154.19000244140625,153.94000244140625,153.9600067138672,109995,0
2026-04-29 12:30:00-04:00,153.92999267578125,153.97000122070312,153.4199981689453,153.57000732421875,117274,0
2026-04-29 12:35:00-04:00,153.52000427246094,154.1199951171875,153.49000549316406,154.1199951171875,120582,0
2026-04-29 12:40:00-04:00,154.1199951171875,154.44000244140625,154.1199951171875,154.41510009765625,199975,0
2026-04-29 12:45:00-04:00,154.40499877929688,154.83999633789062,154.19000244140625,154.77999877929688,690683,0
2026-04-29 12:50:00-04:00,154.77000427246094,154.85000610351562,154.5399932861328,154.75,125076,0
2026-04-29 12:55:00-04:00,154.75,154.81500244140625,154.4499969482422,154.80999755859375,126843,0
2026-04-29 13:00:00-04:00,154.82000732421875,155.0050048828125,154.59500122070312,154.8800048828125,155634,0
2026-04-29 13:05:00-04:00,154.88999938964844,155.1699981689453,154.82000732421875,155.14999389648438,163310,0
2026-04-29 13:10:00-04:00,155.13999938964844,155.25999450683594,155.08999633789062,155.25999450683594,125328,0
2026-04-29 13:15:00-04:00,155.27000427246094,155.31500244140625,155.0749969482422,155.25990295410156,137618,0
2026-04-29 13:20:00-04:00,155.25999450683594,155.6396026611328,155.25,155.60000610351562,162856,0
2026-04-29 13:25:00-04:00,155.58999633789062,155.61000061035156,155.30999755859375,155.57000732421875,157309,0
2026-04-29 13:30:00-04:00,155.58999633789062,155.9199981689453,155.52000427246094,155.9199981689453,331519,0
2026-04-29 13:35:00-04:00,155.91000366210938,156.02000427246094,155.86000061035156,156.00999450683594,172753,0
2026-04-29 13:40:00-04:00,156.0,156.2301025390625,155.7895050048828,156.22999572753906,185358,0
2026-04-29 13:45:00-04:00,156.22999572753906,156.30999755859375,155.6649932861328,155.75999450683594,294096,0
2026-04-29 13:50:00-04:00,155.77000427246094,156.14990234375,155.61000061035156,155.61000061035156,152123,0
2026-04-29 13:55:00-04:00,155.6199951171875,155.7899932861328,155.36000061035156,155.77499389648438,304251,0
2026-04-29 14:00:00-04:00,155.74000549316406,156.29989624023438,155.7200927734375,156.0800018310547,290997,0
2026-04-29 14:05:00-04:00,156.07000732421875,156.10000610351562,155.67999267578125,155.67999267578125,193243,0
2026-04-29 14:10:00-04:00,155.69000244140625,156.0399932861328,155.61000061035156,155.9394073486328,216243,0
2026-04-29 14:15:00-04:00,155.9600067138672,156.4199981689453,155.9199981689453,156.30999755859375,229305,0
2026-04-29 14:20:00-04:00,156.30499267578125,156.38999938964844,156.19000244140625,156.30499267578125,252944,0
2026-04-29 14:25:00-04:00,156.30999755859375,156.49000549316406,156.15060424804688,156.49000549316406,210259,0
2026-04-29 14:30:00-04:00,156.47999572753906,157.10499572753906,156.38999938964844,156.69509887695312,315905,0
2026-04-29 14:35:00-04:00,156.7100067138672,157.11000061035156,156.58999633789062,156.97500610351562,311262,0
2026-04-29 14:40:00-04:00,156.97000122070312,157.24000549316406,156.7899932861328,156.7899932861328,358983,0
2026-04-29 14:45:00-04:00,156.82000732421875,157.21499633789062,156.66250610351562,157.14999389648438,245839,0
2026-04-29 14:50:00-04:00,157.13999938964844,157.2899932861328,156.8800048828125,156.92999267578125,206565,0
2026-04-29 14:55:00-04:00,156.94000244140625,157.07000732421875,156.69000244140625,156.75,219830,0
2026-04-29 15:00:00-04:00,156.74000549316406,156.8699951171875,156.4600067138672,156.51499938964844,216086,0
2026-04-29 15:05:00-04:00,156.51499938964844,156.64999389648438,156.02999877929688,156.26499938964844,281864,0
2026-04-29 15:10:00-04:00,156.24020385742188,156.48989868164062,156.02999877929688,156.25,275650,0
2026-04-29 15:15:00-04:00,156.24000549316406,156.53990173339844,156.15499877929688,156.2100067138672,346594,0
2026-04-29 15:20:00-04:00,156.2100067138672,156.51499938964844,155.91000366210938,156.4199981689453,304221,0
2026-04-29 15:25:00-04:00,156.43499755859375,156.9199981689453,156.3699951171875,156.83999633789062,471183,0
2026-04-29 15:30:00-04:00,156.8000030517578,157.0,156.4250030517578,156.6802978515625,615260,0
2026-04-29 15:35:00-04:00,156.67999267578125,157.1300048828125,156.67999267578125,156.9199981689453,309705,0
2026-04-29 15:40:00-04:00,156.91000366210938,157.00999450683594,156.5,156.67999267578125,476215,0
2026-04-29 15:45:00-04:00,156.67999267578125,156.8800048828125,156.2449951171875,156.5749969482422,442929,0
2026-04-29 15:50:00-04:00,156.5500030517578,156.5500030517578,155.6699981689453,156.0800018310547,723216,0
2026-04-29 15:55:00-04:00,156.02999877929688,156.4600067138672,155.88999938964844,156.11000061035156,1475662,0
2026-04-30 09:30:00-04:00,171.86000061035156,172.0,164.6999969482422,166.83999633789062,5873850,0
2026-04-30 09:35:00-04:00,166.85000610351562,167.49000549316406,165.3000030517578,165.5850067138672,1496348,0
2026-04-30 09:40:00-04:00,165.66990661621094,166.5399932861328,163.55999755859375,166.41000366210938,1241934,0
2026-04-30 09:45:00-04:00,166.42999267578125,169.5,165.75,169.22000122070312,1167894,0
2026-04-30 09:50:00-04:00,169.23989868164062,171.73150634765625,169.0500030517578,171.09500122070312,1250377,0
2026-04-30 09:55:00-04:00,171.07000732421875,174.4499969482422,170.6999969482422,174.35499572753906,1333900,0
2026-04-30 10:00:00-04:00,174.44000244140625,175.52999877929688,172.4001007080078,173.610107421875,1560807,0
2026-04-30 10:05:00-04:00,173.61000061035156,175.5,173.1699981689453,175.3083953857422,1123622,0
2026-04-30 10:10:00-04:00,175.22999572753906,177.5,174.74000549316406,176.3220977783203,1791126,0
2026-04-30 10:15:00-04:00,176.38099670410156,179.25,175.66000366210938,178.27999877929688,1761645,0
2026-04-30 10:20:00-04:00,178.27999877929688,179.88999938964844,177.60000610351562,178.67999267578125,1422742,0
2026-04-30 10:25:00-04:00,178.75999450683594,179.0,176.38999938964844,176.94500732421875,986344,0
2026-04-30 10:30:00-04:00,176.6999969482422,178.35000610351562,176.50999450683594,178.24000549316406,763650,0
2026-04-30 10:35:00-04:00,178.31919860839844,178.5399932861328,175.6199951171875,175.67999267578125,691356,0
2026-04-30 10:40:00-04:00,175.6699981689453,176.5299072265625,175.08999633789062,175.3699951171875,693652,0
2026-04-30 10:45:00-04:00,175.30999755859375,178.24000549316406,175.1199951171875,178.14999389648438,716195,0
2026-04-30 10:50:00-04:00,178.10000610351562,178.86000061035156,177.97999572753906,178.75,702532,0
2026-04-30 10:55:00-04:00,178.72000122070312,180.75,178.47000122070312,179.8437042236328,1409757,0
2026-04-30 11:00:00-04:00,179.8300018310547,181.5,179.52999877929688,180.1793975830078,856959,0
2026-04-30 11:05:00-04:00,180.16000366210938,183.11500549316406,179.67999267578125,183.0500946044922,1367879,0
2026-04-30 11:10:00-04:00,183.09249877929688,185.2899932861328,183.09249877929688,185.2050018310547,1491086,0
2026-04-30 11:15:00-04:00,185.1699981689453,186.5500030517578,183.75,186.1999969482422,1570508,0
2026-04-30 11:20:00-04:00,186.1999969482422,186.889892578125,185.02999877929688,185.74000549316406,1333299,0
2026-04-30 11:25:00-04:00,185.52999877929688,185.6898956298828,184.52999877929688,184.7550048828125,870142,0
2026-04-30 11:30:00-04:00,184.6699981689453,185.25,184.1699981689453,184.1699981689453,697762,0
2026-04-30 11:35:00-04:00,184.19000244140625,184.3699951171875,182.5,182.85499572753906,804250,0
2026-04-30 11:40:00-04:00,182.8000030517578,183.3300018310547,182.35000610351562,182.92039489746094,540882,0
2026-04-30 11:45:00-04:00,182.89999389648438,183.35000610351562,181.8800048828125,182.11000061035156,536522,0
2026-04-30 11:50:00-04:00,182.11000061035156,182.6510009765625,181.33999633789062,182.11000061035156,656122,0
2026-04-30 11:55:00-04:00,182.15170288085938,182.32989501953125,180.82000732421875,181.5590057373047,545833,0
2026-04-30 12:00:00-04:00,181.53500366210938,181.95989990234375,180.9499969482422,181.2050018310547,462095,0
2026-04-30 12:05:00-04:00,181.17999267578125,181.75,180.57000732421875,180.6199951171875,414028,0
2026-04-30 12:10:00-04:00,180.61590576171875,181.44000244140625,180.47999572753906,181.14999389648438,351710,0
2026-04-30 12:15:00-04:00,181.11500549316406,182.36000061035156,180.8300018310547,181.38009643554688,532584,0
2026-04-30 12:20:00-04:00,181.3699951171875,181.39999389648438,180.5,180.82000732421875,317704,0
2026-04-30 12:25:00-04:00,180.83999633789062,181.39999389648438,180.17999267578125,181.39999389648438,339311,0
2026-04-30 12:30:00-04:00,181.39500427246094,181.5800018310547,180.88999938964844,181.34500122070312,390905,0
2026-04-30 12:35:00-04:00,181.2938995361328,181.5500030517578,180.5500946044922,180.60000610351562,282784,0
2026-04-30 12:40:00-04:00,180.60000610351562,180.7899932861328,180.05999755859375,180.30999755859375,293235,0
2026-04-30 12:45:00-04:00,180.27999877929688,180.36000061035156,179.5500030517578,179.88999938964844,468000,0
2026-04-30 12:50:00-04:00,179.8300018310547,179.91000366210938,178.80999755859375,179.19000244140625,298055,0
2026-04-30 12:55:00-04:00,179.03500366210938,179.1699981689453,178.1199951171875,178.4550018310547,351681,0
2026-04-30 13:00:00-04:00,178.50990295410156,178.8000030517578,178.0800018310547,178.3000030517578,330868,0
2026-04-30 13:05:00-04:00,178.14999389648438,178.3350067138672,177.62010192871094,178.07989501953125,317865,0
2026-04-30 13:10:00-04:00,178.00999450683594,179.13699340820312,177.97000122070312,178.94000244140625,528205,0
2026-04-30 13:15:00-04:00,178.9199981689453,179.37989807128906,178.1324005126953,178.31500244140625,374066,0
2026-04-30 13:20:00-04:00,178.35000610351562,178.38999938964844,177.82009887695312,177.875,268972,0
2026-04-30 13:25:00-04:00,177.89999389648438,178.44000244140625,177.72999572753906,178.44000244140625,280207,0
2026-04-30 13:30:00-04:00,178.41000366210938,179.29989624023438,178.1300048828125,179.1300048828125,371404,0
2026-04-30 13:35:00-04:00,179.14999389648438,180.1300048828125,179.1300048828125,179.40159606933594,485404,0
2026-04-30 13:40:00-04:00,179.44000244140625,179.8300018310547,179.24000549316406,179.77999877929688,282081,0
2026-04-30 13:45:00-04:00,179.75,180.1551971435547,179.3000946044922,179.53500366210938,235880,0
2026-04-30 13:50:00-04:00,179.4199981689453,179.89999389648438,179.3300018310547,179.75999450683594,188924,0
2026-04-30 13:55:00-04:00,179.7550048828125,179.9499969482422,179.55999755859375,179.8300018310547,164134,0
2026-04-30 14:00:00-04:00,179.86000061035156,180.0,178.9199981689453,179.18150329589844,342989,0
2026-04-30 14:05:00-04:00,179.14999389648438,179.5500030517578,178.97999572753906,179.38999938964844,244939,0
2026-04-30 14:10:00-04:00,179.36000061035156,179.74989318847656,179.2301025390625,179.5850067138672,221492,0
2026-04-30 14:15:00-04:00,179.60000610351562,179.77000427246094,179.10000610351562,179.1199951171875,459430,0
2026-04-30 14:20:00-04:00,179.13999938964844,179.2899932861328,178.83999633789062,178.9801025390625,184249,0
2026-04-30 14:25:00-04:00,178.9600067138672,179.50990295410156,178.86000061035156,179.3800048828125,192384,0
2026-04-30 14:30:00-04:00,179.3300018310547,179.85989379882812,179.2899932861328,179.6999969482422,204425,0
2026-04-30 14:35:00-04:00,179.72000122070312,179.9344940185547,179.52000427246094,179.75999450683594,190524,0
2026-04-30 14:40:00-04:00,179.75999450683594,179.9149932861328,179.38999938964844,179.5749969482422,230721,0
2026-04-30 14:45:00-04:00,179.57000732421875,180.59500122070312,179.5500030517578,180.3000030517578,319689,0
2026-04-30 14:50:00-04:00,180.2801055908203,180.5,179.4600067138672,179.6501007080078,235270,0
2026-04-30 14:55:00-04:00,179.5399932861328,179.5800018310547,178.3000030517578,178.30999755859375,356873,0
2026-04-30 15:00:00-04:00,178.3000030517578,178.39990234375,177.6999969482422,178.3800048828125,342438,0
2026-04-30 15:05:00-04:00,178.4499053955078,178.8000030517578,178.22560119628906,178.36000061035156,305684,0
2026-04-30 15:10:00-04:00,178.39999389648438,178.89999389648438,178.1800994873047,178.88999938964844,255625,0
2026-04-30 15:15:00-04:00,178.86000061035156,179.11990356445312,178.11000061035156,178.16749572753906,300562,0
2026-04-30 15:20:00-04:00,178.16000366210938,178.997802734375,177.70030212402344,178.89999389648438,408788,0
2026-04-30 15:25:00-04:00,178.89999389648438,179.47000122070312,178.82510375976562,179.4499969482422,317287,0
2026-04-30 15:30:00-04:00,179.47000122070312,180.14999389648438,179.35000610351562,180.1199951171875,447578,0
2026-04-30 15:35:00-04:00,180.1199951171875,180.72000122070312,179.83999633789062,180.6199951171875,465292,0
2026-04-30 15:40:00-04:00,180.60000610351562,180.72000122070312,179.75999450683594,180.05999755859375,402576,0
2026-04-30 15:45:00-04:00,180.0800018310547,180.39999389648438,179.6699981689453,179.92999267578125,589878,0
2026-04-30 15:50:00-04:00,179.91000366210938,180.625,179.4499969482422,179.464599609375,877281,0
2026-04-30 15:55:00-04:00,179.47000122070312,180.3699951171875,179.35009765625,179.60000610351562,1641900,0
2026-05-01 09:30:00-04:00,179.5500030517578,179.9600067138672,174.33999633789062,174.6300048828125,1127587,0
2026-05-01 09:35:00-04:00,174.6300048828125,175.49000549316406,172.77999877929688,174.0749969482422,584684,0
2026-05-01 09:40:00-04:00,174.0749969482422,175.10000610351562,173.58999633789062,174.1999969482422,422603,0
2026-05-01 09:45:00-04:00,174.31309509277344,174.77999877929688,173.47689819335938,174.19000244140625,319493,0
2026-05-01 09:50:00-04:00,174.2241973876953,174.30999755859375,172.54299926757812,173.99000549316406,511327,0
2026-05-01 09:55:00-04:00,173.99000549316406,174.86000061035156,173.17999267578125,173.27000427246094,436792,0
2026-05-01 10:00:00-04:00,173.1699981689453,173.55999755859375,171.6699981689453,172.4499969482422,498692,0
2026-05-01 10:05:00-04:00,172.4600067138672,172.67999267578125,171.14999389648438,172.64999389648438,380171,0
2026-05-01 10:10:00-04:00,172.6699981689453,172.80999755859375,171.71749877929688,172.17999267578125,323550,0
2026-05-01 10:15:00-04:00,172.16000366210938,172.5688934326172,171.67999267578125,171.76499938964844,260492,0
2026-05-01 10:20:00-04:00,171.75,172.19000244140625,171.57000732421875,172.0500030517578,333726,0
2026-05-01 10:25:00-04:00,172.02000427246094,172.47999572753906,171.70010375976562,172.42999267578125,298610,0
2026-05-01 10:30:00-04:00,172.4250030517578,172.97500610351562,172.07000732421875,172.64999389648438,314626,0
2026-05-01 10:35:00-04:00,172.64500427246094,172.91000366210938,171.9510955810547,172.00950622558594,297621,0
2026-05-01 10:40:00-04:00,172.0449981689453,172.74000549316406,171.52000427246094,172.5500030517578,301648,0
2026-05-01 10:45:00-04:00,172.52999877929688,173.5,172.2100067138672,173.4197998046875,237311,0
2026-05-01 10:50:00-04:00,173.35000610351562,173.38999938964844,172.510498046875,172.99000549316406,167208,0
2026-05-01 10:55:00-04:00,172.98500061035156,173.66990661621094,172.8699951171875,173.3300018310547,204611,0
2026-05-01 11:00:00-04:00,173.2949981689453,173.4149932861328,172.14999389648438,172.1999969482422,176627,0
2026-05-01 11:05:00-04:00,172.1999969482422,172.6199951171875,172.00010681152344,172.41000366210938,139790,0
2026-05-01 11:10:00-04:00,172.38999938964844,173.0,172.2100067138672,172.6199951171875,144830,0
2026-05-01 11:15:00-04:00,172.67999267578125,172.83999633789062,172.42999267578125,172.64999389648438,168423,0
2026-05-01 11:20:00-04:00,172.6999969482422,173.14999389648438,172.0,172.24000549316406,241355,0
2026-05-01 11:25:00-04:00,172.27999877929688,173.0,172.24000549316406,172.88999938964844,313953,0
2026-05-01 11:30:00-04:00,172.88499450683594,173.3625030517578,172.72999572753906,172.77000427246094,244331,0
2026-05-01 11:35:00-04:00,172.7550048828125,173.3800048828125,172.7550048828125,173.1199951171875,290595,0
2026-05-01 11:40:00-04:00,173.11000061035156,174.4199981689453,173.07000732421875,174.3000030517578,427289,0
2026-05-01 11:45:00-04:00,174.3074951171875,175.10000610351562,174.25999450683594,174.5399932861328,292249,0
2026-05-01 11:50:00-04:00,174.52000427246094,174.8000030517578,174.0399932861328,174.53500366210938,198915,0
2026-05-01 11:55:00-04:00,174.50999450683594,175.27999877929688,174.43089294433594,175.19000244140625,186260,0
2026-05-01 12:00:00-04:00,175.21499633789062,175.4698944091797,174.7100067138672,175.25509643554688,188100,0
2026-05-01 12:05:00-04:00,175.2100067138672,175.74000549316406,175.10000610351562,175.52000427246094,238558,0
2026-05-01 12:10:00-04:00,175.5050048828125,176.10000610351562,175.3350067138672,175.55499267578125,232635,0
2026-05-01 12:15:00-04:00,175.52000427246094,176.0399932861328,175.50340270996094,176.02999877929688,159856,0
2026-05-01 12:20:00-04:00,176.07119750976562,176.5399932861328,175.77999877929688,176.5399932861328,178323,0
2026-05-01 12:25:00-04:00,176.52999877929688,176.5749969482422,175.85000610351562,176.4600067138672,217628,0
2026-05-01 12:30:00-04:00,176.47999572753906,176.47999572753906,175.85000610351562,176.22000122070312,154777,0
2026-05-01 12:35:00-04:00,176.1999969482422,176.5800018310547,176.07000732421875,176.4600067138672,125030,0
2026-05-01 12:40:00-04:00,176.4199981689453,176.8444061279297,176.3699951171875,176.39999389648438,219439,0
2026-05-01 12:45:00-04:00,176.42999267578125,176.55999755859375,175.92999267578125,176.22999572753906,174224,0
2026-05-01 12:50:00-04:00,176.07000732421875,176.77000427246094,176.0,176.77000427246094,109832,0
2026-05-01 12:55:00-04:00,176.74000549316406,177.17999267578125,176.49000549316406,176.5850067138672,247849,0
2026-05-01 13:00:00-04:00,176.5399932861328,177.47000122070312,176.5399932861328,177.1300048828125,149517,0
2026-05-01 13:05:00-04:00,177.14999389648438,177.50999450683594,176.97999572753906,176.97999572753906,152917,0
2026-05-01 13:10:00-04:00,176.9801025390625,177.7100067138672,176.88999938964844,177.52499389648438,137863,0
2026-05-01 13:15:00-04:00,177.5500030517578,178.22000122070312,177.52000427246094,177.97999572753906,201484,0
2026-05-01 13:20:00-04:00,178.0399932861328,178.49000549316406,177.91000366210938,178.2899932861328,140945,0
2026-05-01 13:25:00-04:00,178.30999755859375,178.8498992919922,178.11000061035156,178.78500366210938,175606,0
2026-05-01 13:30:00-04:00,178.77000427246094,179.47999572753906,178.41119384765625,179.39999389648438,236807,0
2026-05-01 13:35:00-04:00,179.40499877929688,179.4600067138672,178.7100067138672,179.08999633789062,219481,0
2026-05-01 13:40:00-04:00,179.1199951171875,179.24000549316406,178.41000366210938,178.74000549316406,221363,0
2026-05-01 13:45:00-04:00,178.7449951171875,178.97999572753906,178.610107421875,178.6199951171875,132166,0
2026-05-01 13:50:00-04:00,178.63999938964844,178.91000366210938,178.50999450683594,178.77000427246094,123482,0
2026-05-01 13:55:00-04:00,178.7550048828125,178.9499969482422,177.97999572753906,178.0050048828125,155434,0
2026-05-01 14:00:00-04:00,178.05999755859375,178.27000427246094,177.08999633789062,177.55999755859375,220632,0
2026-05-01 14:05:00-04:00,177.5500030517578,177.70120239257812,177.04010009765625,177.13999938964844,134754,0
2026-05-01 14:10:00-04:00,177.16000366210938,177.33999633789062,177.02999877929688,177.1199951171875,123595,0
2026-05-01 14:15:00-04:00,177.09500122070312,177.19000244140625,176.61500549316406,176.6699981689453,152134,0
2026-05-01 14:20:00-04:00,176.625,176.86000061035156,176.61500549316406,176.7899932861328,101356,0
2026-05-01 14:25:00-04:00,176.72999572753906,176.9600067138672,176.6199951171875,176.69000244140625,140217,0
2026-05-01 14:30:00-04:00,176.66000366210938,176.89500427246094,176.4199981689453,176.89500427246094,139509,0
2026-05-01 14:35:00-04:00,176.88999938964844,176.89190673828125,176.6300048828125,176.875,125837,0
2026-05-01 14:40:00-04:00,176.86000061035156,177.01499938964844,176.6999969482422,176.93499755859375,100508,0
2026-05-01 14:45:00-04:00,176.93499755859375,177.0498046875,176.74000549316406,177.0,98492,0
2026-05-01 14:50:00-04:00,177.0050048828125,177.08999633789062,176.83999633789062,176.9199981689453,102074,0
2026-05-01 14:55:00-04:00,176.8800048828125,177.2100067138672,176.81500244140625,176.91000366210938,136523,0
2026-05-01 15:00:00-04:00,176.94000244140625,177.2899932861328,176.52000427246094,177.1999969482422,240621,0
2026-05-01 15:05:00-04:00,177.1699981689453,177.1750030517578,176.91000366210938,177.1750030517578,108025,0
2026-05-01 15:10:00-04:00,177.1750030517578,177.44000244140625,176.9320068359375,177.0,153675,0
2026-05-01 15:15:00-04:00,176.9499969482422,177.13999938964844,176.66250610351562,176.7550048828125,166126,0
2026-05-01 15:20:00-04:00,176.7550048828125,177.1165008544922,176.63999938964844,177.00100708007812,159715,0
2026-05-01 15:25:00-04:00,177.0399932861328,177.8300018310547,177.0,177.3800048828125,163536,0
2026-05-01 15:30:00-04:00,177.3699951171875,177.3699951171875,176.8699951171875,176.96499633789062,156310,0
2026-05-01 15:35:00-04:00,176.96499633789062,176.99000549316406,176.55999755859375,176.66000366210938,134843,0
2026-05-01 15:40:00-04:00,176.6199951171875,176.80999755859375,176.50999450683594,176.74000549316406,156480,0
2026-05-01 15:45:00-04:00,176.75,176.99000549316406,176.4499969482422,176.97000122070312,175915,0
2026-05-01 15:50:00-04:00,176.9600067138672,177.10000610351562,176.15939331054688,177.07000732421875,447412,0
2026-05-01 15:55:00-04:00,177.0800018310547,177.17999267578125,176.7899932861328,177.0399932861328,968082,0
2026-05-04 09:30:00-04:00,177.22000122070312,180.49000549316406,172.89999389648438,173.4008026123047,2806223,0
2026-05-04 09:35:00-04:00,173.5,173.94500732421875,169.14999389648438,169.60000610351562,1355565,0
2026-05-04 09:40:00-04:00,169.5814971923828,169.91000366210938,168.02999877929688,168.75999450683594,833336,0
2026-05-04 09:45:00-04:00,168.77000427246094,169.2100067138672,166.83050537109375,168.36000061035156,1451551,0
2026-05-04 09:50:00-04:00,168.44000244140625,169.8800048828125,167.4199981689453,169.57000732421875,1167483,0
2026-05-04 09:55:00-04:00,169.55999755859375,169.6999969482422,167.99000549316406,168.36000061035156,1332213,0
2026-05-04 10:00:00-04:00,168.27999877929688,169.66819763183594,168.1699981689453,169.26119995117188,401066,0
2026-05-04 10:05:00-04:00,169.27000427246094,170.99000549316406,169.27000427246094,170.625,431106,0
2026-05-04 10:10:00-04:00,170.6156005859375,170.6999969482422,169.70260620117188,169.86500549316406,282803,0
2026-05-04 10:15:00-04:00,169.86500549316406,170.64500427246094,169.8000030517578,170.3699951171875,197583,0
2026-05-04 10:20:00-04:00,170.32000732421875,170.58999633789062,169.3000030517578,169.62010192871094,228346,0
2026-05-04 10:25:00-04:00,169.69500732421875,169.84730529785156,169.0,169.0850067138672,256277,0
2026-05-04 10:30:00-04:00,169.0749969482422,169.58999633789062,168.8188934326172,168.91000366210938,245674,0
2026-05-04 10:35:00-04:00,168.92999267578125,169.42999267578125,168.60000610351562,169.22999572753906,220802,0
2026-05-04 10:40:00-04:00,169.3000030517578,169.52000427246094,168.91000366210938,169.03500366210938,168264,0
2026-05-04 10:45:00-04:00,169.11990356445312,169.2899932861328,168.6999969482422,168.85000610351562,164107,0
2026-05-04 10:50:00-04:00,168.85890197753906,169.6999969482422,168.85000610351562,169.47830200195312,172947,0
2026-05-04 10:55:00-04:00,169.4698028564453,169.61000061035156,168.9001007080078,169.3350067138672,194502,0
2026-05-04 11:00:00-04:00,169.3300018310547,169.5399932861328,168.86000061035156,169.00999450683594,200125,0
2026-05-04 11:05:00-04:00,169.00999450683594,169.5894012451172,168.97999572753906,169.39999389648438,159020,0
2026-05-04 11:10:00-04:00,169.4499969482422,169.7100067138672,168.85000610351562,168.99000549316406,143711,0
2026-05-04 11:15:00-04:00,168.96499633789062,169.42999267578125,168.8800048828125,169.02000427246094,156336,0
2026-05-04 11:20:00-04:00,169.02000427246094,169.30999755859375,168.39999389648438,168.82000732421875,229381,0
2026-05-04 11:25:00-04:00,168.7899932861328,169.80999755859375,168.72000122070312,169.77499389648438,171139,0
2026-05-04 11:30:00-04:00,169.75999450683594,170.32000732421875,169.73500061035156,170.27000427246094,218380,0
2026-05-04 11:35:00-04:00,170.24000549316406,170.97999572753906,170.0500030517578,170.3000030517578,205058,0
2026-05-04 11:40:00-04:00,170.31500244140625,170.49000549316406,170.00999450683594,170.0399932861328,97981,0
2026-05-04 11:45:00-04:00,170.0749969482422,170.11599731445312,169.63710021972656,169.8249969482422,87086,0
2026-05-04 11:50:00-04:00,169.78500366210938,169.80999755859375,169.24000549316406,169.69500732421875,98540,0
2026-05-04 11:55:00-04:00,169.75,169.83999633789062,168.6699981689453,168.8000030517578,114789,0
2026-05-04 12:00:00-04:00,168.8000030517578,168.83999633789062,168.0399932861328,168.17999267578125,173907,0
2026-05-04 12:05:00-04:00,168.17999267578125,168.57000732421875,167.52000427246094,167.64999389648438,512536,0
2026-05-04 12:10:00-04:00,167.6649932861328,167.75999450683594,167.3000030517578,167.593505859375,299611,0
2026-05-04 12:15:00-04:00,167.55999755859375,168.39999389648438,167.5,168.2274932861328,130340,0
2026-05-04 12:20:00-04:00,168.21499633789062,168.33999633789062,167.80799865722656,167.94500732421875,148620,0
2026-05-04 12:25:00-04:00,167.97000122070312,168.0399932861328,167.6699981689453,167.8350067138672,107305,0
2026-05-04 12:30:00-04:00,167.80499267578125,168.02999877929688,167.64999389648438,167.94500732421875,130206,0
2026-05-04 12:35:00-04:00,167.89999389648438,168.22999572753906,167.8000030517578,168.1699981689453,122314,0
2026-05-04 12:40:00-04:00,168.16000366210938,168.27000427246094,167.9600067138672,168.0,117972,0
2026-05-04 12:45:00-04:00,168.00999450683594,168.22000122070312,167.72999572753906,167.80999755859375,116616,0
2026-05-04 12:50:00-04:00,167.66000366210938,167.7899932861328,167.57000732421875,167.63999938964844,76678,0
2026-05-04 12:55:00-04:00,167.64999389648438,167.75999450683594,167.41000366210938,167.4499969482422,105333,0
2026-05-04 13:00:00-04:00,167.47000122070312,167.5500030517578,167.24000549316406,167.47999572753906,108767,0
2026-05-04 13:05:00-04:00,167.49969482421875,167.55990600585938,167.17999267578125,167.3300018310547,136870,0
2026-05-04 13:10:00-04:00,167.35000610351562,168.39999389648438,167.32000732421875,168.2100067138672,266983,0
2026-05-04 13:15:00-04:00,168.19500732421875,168.57000732421875,168.0,168.57000732421875,111336,0
2026-05-04 13:20:00-04:00,168.64999389648438,168.97999572753906,168.5673065185547,168.8800048828125,107697,0
2026-05-04 13:25:00-04:00,168.86000061035156,168.92999267578125,168.58009338378906,168.77499389648438,88462,0
2026-05-04 13:30:00-04:00,168.80999755859375,169.32000732421875,168.80999755859375,169.08999633789062,113585,0
2026-05-04 13:35:00-04:00,169.05999755859375,169.1999969482422,168.89010620117188,169.1999969482422,77224,0
2026-05-04 13:40:00-04:00,169.22000122070312,169.30499267578125,169.0402069091797,169.22000122070312,67236,0
2026-05-04 13:45:00-04:00,169.1699981689453,169.1999969482422,168.5800018310547,168.61500549316406,131910,0
2026-05-04 13:50:00-04:00,168.63999938964844,169.0,168.4940948486328,168.97999572753906,78697,0
2026-05-04 13:55:00-04:00,169.02000427246094,169.24000549316406,168.9199981689453,169.00999450683594,86023,0
2026-05-04 14:00:00-04:00,168.99000549316406,169.5800018310547,168.97000122070312,169.5449981689453,88206,0
2026-05-04 14:05:00-04:00,169.5449981689453,169.88999938964844,169.4600067138672,169.7449951171875,107874,0
2026-05-04 14:10:00-04:00,169.80999755859375,169.8800048828125,169.35000610351562,169.35000610351562,104668,0
2026-05-04 14:15:00-04:00,169.35000610351562,169.37010192871094,169.0449981689453,169.22000122070312,77049,0
2026-05-04 14:20:00-04:00,169.22000122070312,169.3881072998047,169.0399932861328,169.30999755859375,87964,0
2026-05-04 14:25:00-04:00,169.27000427246094,169.47999572753906,169.14010620117188,169.41000366210938,85116,0
2026-05-04 14:30:00-04:00,169.41000366210938,169.7698974609375,169.39999389648438,169.7698974609375,78669,0
2026-05-04 14:35:00-04:00,169.7449951171875,169.7449951171875,169.49000549316406,169.6699981689453,66998,0
2026-05-04 14:40:00-04:00,169.64999389648438,169.92999267578125,169.41000366210938,169.41000366210938,116285,0
2026-05-04 14:45:00-04:00,169.38499450683594,169.43499755859375,169.16000366210938,169.2550048828125,104566,0
2026-05-04 14:50:00-04:00,169.25999450683594,169.39500427246094,169.17999267578125,169.3249969482422,93932,0
2026-05-04 14:55:00-04:00,169.32000732421875,169.53199768066406,169.3000030517578,169.3699951171875,107599,0
2026-05-04 15:00:00-04:00,169.39999389648438,169.59500122070312,169.3300018310547,169.39999389648438,79442,0
2026-05-04 15:05:00-04:00,169.41000366210938,169.77499389648438,169.27999877929688,169.77499389648438,115744,0
2026-05-04 15:10:00-04:00,169.80999755859375,169.8300018310547,169.47999572753906,169.64500427246094,95999,0
2026-05-04 15:15:00-04:00,169.65499877929688,169.7281951904297,169.42999267578125,169.47999572753906,110062,0
2026-05-04 15:20:00-04:00,169.49000549316406,169.61000061035156,169.4199981689453,169.4550018310547,117522,0
2026-05-04 15:25:00-04:00,169.47000122070312,169.63999938964844,169.36000061035156,169.61000061035156,153231,0
2026-05-04 15:30:00-04:00,169.61000061035156,169.67999267578125,169.38999938964844,169.55999755859375,123562,0
2026-05-04 15:35:00-04:00,169.55999755859375,169.61500549316406,169.41000366210938,169.5800018310547,109404,0
2026-05-04 15:40:00-04:00,169.5850067138672,169.60499572753906,169.25,169.3800048828125,149511,0
2026-05-04 15:45:00-04:00,169.36000061035156,169.43600463867188,169.14999389648438,169.38499450683594,176837,0
2026-05-04 15:50:00-04:00,169.34500122070312,169.66000366210938,169.02000427246094,169.16000366210938,308775,0
2026-05-04 15:55:00-04:00,169.13999938964844,169.13999938964844,168.30999755859375,168.3800048828125,1008208,0
2026-05-05 09:30:00-04:00,167.64999389648438,169.08999633789062,165.4886016845703,165.66000366210938,983245,0
2026-05-05 09:35:00-04:00,165.61000061035156,168.27999877929688,164.7899932861328,168.1199951171875,698246,0
2026-05-05 09:40:00-04:00,168.1699981689453,169.25,168.03500366210938,168.99000549316406,369940,0
2026-05-05 09:45:00-04:00,168.93499755859375,169.39999389648438,168.0,168.57000732421875,257980,0
2026-05-05 09:50:00-04:00,168.5399932861328,169.50999450683594,168.5399932861328,169.47999572753906,291170,0
2026-05-05 09:55:00-04:00,169.39999389648438,170.88999938964844,168.8300018310547,170.8000030517578,392850,0
2026-05-05 10:00:00-04:00,170.72000122070312,172.9499969482422,170.72000122070312,172.6750030517578,817730,0
2026-05-05 10:05:00-04:00,172.61000061035156,173.94000244140625,171.9600067138672,173.91000366210938,699021,0
2026-05-05 10:10:00-04:00,173.84500122070312,175.74989318847656,173.84500122070312,175.40330505371094,745375,0
2026-05-05 10:15:00-04:00,175.40499877929688,177.25,175.22000122070312,177.1300048828125,888028,0
2026-05-05 10:20:00-04:00,177.1300048828125,178.9199981689453,176.02000427246094,178.72999572753906,664303,0
2026-05-05 10:25:00-04:00,178.67999267578125,179.37989807128906,177.13999938964844,178.00999450683594,461814,0
2026-05-05 10:30:00-04:00,177.97000122070312,178.85000610351562,177.30999755859375,177.94000244140625,358156,0
2026-05-05 10:35:00-04:00,178.07000732421875,178.5399932861328,176.5800018310547,176.8300018310547,271557,0
2026-05-05 10:40:00-04:00,176.77499389648438,178.47999572753906,176.4600067138672,178.47999572753906,322895,0
2026-05-05 10:45:00-04:00,178.44000244140625,178.7899932861328,177.88999938964844,178.1699981689453,288066,0
2026-05-05 10:50:00-04:00,178.16000366210938,180.77999877929688,178.02999877929688,180.68499755859375,639404,0
2026-05-05 10:55:00-04:00,180.68499755859375,181.0,179.82000732421875,180.10499572753906,380315,0
2026-05-05 11:00:00-04:00,180.11000061035156,183.0399932861328,180.00999450683594,182.61000061035156,777518,0
2026-05-05 11:05:00-04:00,182.6199951171875,182.90809631347656,181.94500732421875,182.35000610351562,504584,0
2026-05-05 11:10:00-04:00,182.30999755859375,183.3000030517578,181.5,182.0540008544922,561161,0
2026-05-05 11:15:00-04:00,182.08999633789062,182.88999938964844,181.71839904785156,182.77999877929688,275252,0
2026-05-05 11:20:00-04:00,182.8300018310547,183.5,182.42999267578125,183.2100067138672,368332,0
2026-05-05 11:25:00-04:00,183.2100067138672,184.1199951171875,182.52999877929688,184.1042022705078,453052,0
2026-05-05 11:30:00-04:00,184.02000427246094,185.4499969482422,183.7949981689453,184.7050018310547,801666,0
2026-05-05 11:35:00-04:00,184.77000427246094,185.60000610351562,184.6800994873047,184.875,438556,0
2026-05-05 11:40:00-04:00,184.88999938964844,184.89999389648438,184.10000610351562,184.25999450683594,378623,0
2026-05-05 11:45:00-04:00,184.30999755859375,185.3000030517578,184.2100067138672,185.1800994873047,325412,0
2026-05-05 11:50:00-04:00,185.22000122070312,185.82000732421875,184.94000244140625,185.52999877929688,363228,0
2026-05-05 11:55:00-04:00,185.52999877929688,186.58999633789062,185.25759887695312,186.28750610351562,646103,0
2026-05-05 12:00:00-04:00,186.2949981689453,186.4517059326172,184.00999450683594,184.1649932861328,373852,0
2026-05-05 12:05:00-04:00,184.1300048828125,184.68359375,183.17999267578125,183.5850067138672,399883,0
2026-05-05 12:10:00-04:00,183.5850067138672,183.90989685058594,183.2100067138672,183.6425018310547,257565,0
2026-05-05 12:15:00-04:00,183.56500244140625,183.98989868164062,183.27000427246094,183.85009765625,234099,0
2026-05-05 12:20:00-04:00,183.8115997314453,184.25,183.40989685058594,184.00999450683594,215753,0
2026-05-05 12:25:00-04:00,183.98500061035156,184.25,183.5399932861328,183.7899932861328,188018,0
2026-05-05 12:30:00-04:00,183.77000427246094,183.77000427246094,182.5756072998047,182.80499267578125,291519,0
2026-05-05 12:35:00-04:00,182.80999755859375,183.05999755859375,181.10000610351562,181.10000610351562,306704,0
2026-05-05 12:40:00-04:00,181.1699981689453,182.2366943359375,181.0,182.05999755859375,283205,0
2026-05-05 12:45:00-04:00,182.0500030517578,182.60000610351562,181.94000244140625,182.03500366210938,233879,0
2026-05-05 12:50:00-04:00,182.0500030517578,182.47000122070312,182.00900268554688,182.27000427246094,107298,0
2026-05-05 12:55:00-04:00,182.34500122070312,182.36000061035156,182.03909301757812,182.2100067138672,92295,0
2026-05-05 13:00:00-04:00,182.19000244140625,182.89999389648438,182.13999938964844,182.75,187429,0
2026-05-05 13:05:00-04:00,182.75,182.85000610351562,182.11000061035156,182.3300018310547,237311,0
2026-05-05 13:10:00-04:00,182.27499389648438,182.5299072265625,182.18499755859375,182.41259765625,71898,0
2026-05-05 13:15:00-04:00,182.4499969482422,183.0,182.4499969482422,182.72000122070312,189007,0
2026-05-05 13:20:00-04:00,182.6815948486328,182.74000549316406,182.29100036621094,182.69000244140625,105893,0
2026-05-05 13:25:00-04:00,182.67730712890625,182.72500610351562,182.51170349121094,182.60000610351562,83825,0
2026-05-05 13:30:00-04:00,182.57000732421875,182.9499969482422,182.2100067138672,182.6999969482422,191738,0
2026-05-05 13:35:00-04:00,182.64999389648438,182.99000549316406,182.6300048828125,182.82009887695312,108811,0
2026-05-05 13:40:00-04:00,182.8800048828125,183.1999969482422,182.61000061035156,183.14500427246094,135679,0
2026-05-05 13:45:00-04:00,183.08999633789062,184.0500030517578,182.97999572753906,183.97999572753906,220292,0
2026-05-05 13:50:00-04:00,183.98500061035156,184.27999877929688,183.75,183.8800048828125,140493,0
2026-05-05 13:55:00-04:00,183.8800048828125,183.97999572753906,183.4199981689453,183.46499633789062,195513,0
2026-05-05 14:00:00-04:00,183.4600067138672,183.5399932861328,183.11000061035156,183.27499389648438,168597,0
2026-05-05 14:05:00-04:00,183.25999450683594,183.72500610351562,183.1699981689453,183.30999755859375,166882,0
2026-05-05 14:10:00-04:00,183.3350067138672,184.13999938964844,183.16000366210938,184.0,219374,0
2026-05-05 14:15:00-04:00,184.0,184.1199951171875,183.5050048828125,183.5050048828125,172933,0
2026-05-05 14:20:00-04:00,183.5,183.66000366210938,183.4499969482422,183.6199951171875,80871,0
2026-05-05 14:25:00-04:00,183.6199951171875,184.0500030517578,183.60499572753906,184.0,107469,0
2026-05-05 14:30:00-04:00,183.97500610351562,184.60000610351562,183.97500610351562,184.0500030517578,177241,0
2026-05-05 14:35:00-04:00,184.0749969482422,184.10989379882812,183.1199951171875,183.22000122070312,115254,0
2026-05-05 14:40:00-04:00,183.17999267578125,183.49000549316406,182.6699981689453,183.4149932861328,193183,0
2026-05-05 14:45:00-04:00,183.41000366210938,183.7550048828125,183.3000030517578,183.7550048828125,91765,0
2026-05-05 14:50:00-04:00,183.74000549316406,183.9499969482422,183.38999938964844,183.55999755859375,118952,0
2026-05-05 14:55:00-04:00,183.5749969482422,183.63999938964844,183.35000610351562,183.49000549316406,120344,0
2026-05-05 15:00:00-04:00,183.49000549316406,184.4199981689453,183.38999938964844,184.35000610351562,251896,0
2026-05-05 15:05:00-04:00,184.3800048828125,184.6300048828125,184.19039916992188,184.6300048828125,174572,0
2026-05-05 15:10:00-04:00,184.57000732421875,184.6699981689453,184.22000122070312,184.42999267578125,196481,0
2026-05-05 15:15:00-04:00,184.42999267578125,184.82000732421875,184.3000030517578,184.72000122070312,243486,0
2026-05-05 15:20:00-04:00,184.6750030517578,184.88999938964844,184.3000030517578,184.88999938964844,193515,0
2026-05-05 15:25:00-04:00,184.88999938964844,185.42999267578125,184.61099243164062,185.14999389648438,362510,0
2026-05-05 15:30:00-04:00,185.17999267578125,186.0,185.0,185.99989318847656,295346,0
2026-05-05 15:35:00-04:00,186.0,187.22000122070312,185.75,186.7550048828125,741228,0
2026-05-05 15:40:00-04:00,186.77000427246094,186.98500061035156,186.24000549316406,186.55999755859375,504832,0
2026-05-05 15:45:00-04:00,186.49000549316406,186.60000610351562,186.0399932861328,186.2899932861328,469473,0
2026-05-05 15:50:00-04:00,186.30999755859375,186.8000030517578,184.7100067138672,184.77000427246094,1004429,0
2026-05-05 15:55:00-04:00,184.7899932861328,186.92999267578125,184.7899932861328,186.49000549316406,2412730,0
2026-05-06 09:30:00-04:00,195.17999267578125,197.5,193.89999389648438,194.52999877929688,3571039,0
2026-05-06 09:35:00-04:00,194.57000732421875,196.4199981689453,193.1699981689453,193.32000732421875,1001484,0
2026-05-06 09:40:00-04:00,193.32000732421875,193.9250030517578,192.16000366210938,193.8699951171875,1012007,0
2026-05-06 09:45:00-04:00,193.60000610351562,195.57000732421875,193.1699981689453,194.8699951171875,769757,0
2026-05-06 09:50:00-04:00,194.93899536132812,195.66000366210938,194.0500030517578,195.34779357910156,758103,0
2026-05-06 09:55:00-04:00,195.5,196.3300018310547,194.50999450683594,196.08999633789062,595858,0
2026-05-06 10:00:00-04:00,196.08999633789062,196.08999633789062,191.97999572753906,192.0,692519,0
2026-05-06 10:05:00-04:00,191.94000244140625,191.99000549316406,190.19000244140625,191.13999938964844,682524,0
2026-05-06 10:10:00-04:00,191.05999755859375,191.5,189.63999938964844,189.85000610351562,484456,0
2026-05-06 10:15:00-04:00,189.8300018310547,190.99000549316406,188.89010620117188,189.11000061035156,448073,0
2026-05-06 10:20:00-04:00,189.16000366210938,189.66000366210938,188.42999267578125,188.69000244140625,425768,0
2026-05-06 10:25:00-04:00,188.64500427246094,189.47000122070312,188.3000030517578,189.0399932861328,533502,0
2026-05-06 10:30:00-04:00,189.0399932861328,190.36000061035156,188.22000122070312,190.0800018310547,367022,0
2026-05-06 10:35:00-04:00,189.9550018310547,190.77000427246094,189.17999267578125,189.52999877929688,268631,0
2026-05-06 10:40:00-04:00,189.5299072265625,190.24000549316406,189.16000366210938,189.83999633789062,274697,0
2026-05-06 10:45:00-04:00,189.72000122070312,190.5,189.60000610351562,189.64500427246094,232950,0
2026-05-06 10:50:00-04:00,189.64500427246094,190.47999572753906,189.34500122070312,190.1999969482422,204933,0
2026-05-06 10:55:00-04:00,190.2100067138672,190.24000549316406,189.10000610351562,189.32000732421875,215604,0
2026-05-06 11:00:00-04:00,189.42999267578125,189.8000030517578,188.89999389648438,189.2550048828125,205217,0
2026-05-06 11:05:00-04:00,189.2093048095703,190.64999389648438,188.88999938964844,190.3300018310547,290645,0
2026-05-06 11:10:00-04:00,190.47000122070312,192.0,190.36329650878906,191.52499389648438,372393,0
2026-05-06 11:15:00-04:00,191.52499389648438,191.82000732421875,190.91000366210938,191.69000244140625,277128,0
2026-05-06 11:20:00-04:00,191.6750030517578,192.14999389648438,190.98500061035156,192.076904296875,254723,0
2026-05-06 11:25:00-04:00,192.10000610351562,193.0800018310547,192.08999633789062,192.75999450683594,330587,0
2026-05-06 11:30:00-04:00,192.73500061035156,194.0,192.69000244140625,193.35499572753906,275308,0
2026-05-06 11:35:00-04:00,193.1999969482422,193.8000030517578,192.85000610351562,193.6300048828125,181549,0
2026-05-06 11:40:00-04:00,193.60000610351562,194.8000030517578,193.60000610351562,194.8000030517578,306499,0
2026-05-06 11:45:00-04:00,194.7899932861328,195.4499969482422,194.5399932861328,194.7949981689453,338602,0
2026-05-06 11:50:00-04:00,194.75999450683594,195.0800018310547,194.13999938964844,194.6199951171875,297456,0
2026-05-06 11:55:00-04:00,194.58999633789062,194.83999633789062,192.8101043701172,193.0,261191,0
2026-05-06 12:00:00-04:00,192.92999267578125,194.1300048828125,192.75999450683594,193.8800048828125,338537,0
2026-05-06 12:05:00-04:00,193.94000244140625,194.5,193.60009765625,194.4499969482422,187794,0
2026-05-06 12:10:00-04:00,194.49000549316406,194.75,193.83999633789062,194.5500030517578,193082,0
2026-05-06 12:15:00-04:00,194.50999450683594,194.57000732421875,194.0500030517578,194.15249633789062,155684,0
2026-05-06 12:20:00-04:00,194.24000549316406,194.6999969482422,194.1300048828125,194.17999267578125,164282,0
2026-05-06 12:25:00-04:00,194.13499450683594,195.39999389648438,194.07000732421875,195.30909729003906,252273,0
2026-05-06 12:30:00-04:00,195.32000732421875,196.3000030517578,195.32000732421875,196.2476043701172,276633,0
2026-05-06 12:35:00-04:00,196.24000549316406,197.14999389648438,196.02000427246094,197.13999938964844,324238,0
2026-05-06 12:40:00-04:00,197.13499450683594,197.1699981689453,195.97999572753906,196.28179931640625,151880,0
2026-05-06 12:45:00-04:00,196.33999633789062,196.66000366210938,195.36000061035156,195.80999755859375,181136,0
2026-05-06 12:50:00-04:00,195.7550048828125,196.02000427246094,195.0626983642578,195.10000610351562,142952,0
2026-05-06 12:55:00-04:00,195.1199951171875,195.52999877929688,194.70179748535156,194.9499969482422,158812,0
2026-05-06 13:00:00-04:00,194.9600067138672,194.9600067138672,194.02000427246094,194.3800048828125,160949,0
2026-05-06 13:05:00-04:00,194.3800048828125,194.9499969482422,194.19000244140625,194.22000122070312,160388,0
2026-05-06 13:10:00-04:00,194.19000244140625,194.53500366210938,193.86000061035156,194.10000610351562,146948,0
2026-05-06 13:15:00-04:00,194.06500244140625,194.39999389648438,194.0399932861328,194.2449951171875,81150,0
2026-05-06 13:20:00-04:00,194.2449951171875,194.30999755859375,193.85589599609375,194.27999877929688,118909,0
2026-05-06 13:25:00-04:00,194.17999267578125,194.5800018310547,194.1199951171875,194.35499572753906,126528,0
2026-05-06 13:30:00-04:00,194.31500244140625,194.5,194.0,194.00999450683594,116854,0
2026-05-06 13:35:00-04:00,194.00010681152344,194.23989868164062,193.7270050048828,193.85000610351562,157577,0
2026-05-06 13:40:00-04:00,193.85000610351562,194.7899932861328,193.5,194.7449951171875,207917,0
2026-05-06 13:45:00-04:00,194.7100067138672,194.8699951171875,194.35000610351562,194.55999755859375,124428,0
2026-05-06 13:50:00-04:00,194.6199951171875,194.94000244140625,194.36000061035156,194.67999267578125,109804,0
2026-05-06 13:55:00-04:00,194.7100067138672,195.25,194.61000061035156,195.14999389648438,160164,0
2026-05-06 14:00:00-04:00,195.14999389648438,195.36000061035156,194.13710021972656,194.22999572753906,165193,0
2026-05-06 14:05:00-04:00,194.16000366210938,194.55999755859375,193.80999755859375,194.00889587402344,119084,0
2026-05-06 14:10:00-04:00,194.07000732421875,194.3000030517578,193.92640686035156,194.16000366210938,113530,0
2026-05-06 14:15:00-04:00,194.17999267578125,194.44000244140625,194.0800018310547,194.1800994873047,109620,0
2026-05-06 14:20:00-04:00,194.22000122070312,194.51800537109375,194.0500030517578,194.12989807128906,310633,0
2026-05-06 14:25:00-04:00,194.09500122070312,194.22000122070312,193.80499267578125,193.88009643554688,115164,0
2026-05-06 14:30:00-04:00,193.91000366210938,194.22000122070312,193.72000122070312,194.02000427246094,116093,0
2026-05-06 14:35:00-04:00,194.0449981689453,194.625,194.01499938964844,194.47999572753906,112312,0
2026-05-06 14:40:00-04:00,194.4600067138672,195.0500030517578,194.19000244140625,195.02499389648438,130471,0
2026-05-06 14:45:00-04:00,195.00010681152344,195.0800018310547,194.33999633789062,194.40499877929688,151788,0
2026-05-06 14:50:00-04:00,194.40499877929688,194.47000122070312,193.6300048828125,193.77999877929688,136435,0
2026-05-06 14:55:00-04:00,193.7899932861328,193.8300018310547,192.5399932861328,192.59979248046875,211704,0
2026-05-06 15:00:00-04:00,192.5749969482422,192.64999389648438,191.9499969482422,191.9600067138672,193816,0
2026-05-06 15:05:00-04:00,191.94000244140625,192.5800018310547,191.85000610351562,192.3800048828125,174086,0
2026-05-06 15:10:00-04:00,192.47000122070312,193.58999633789062,192.4199981689453,193.47000122070312,217680,0
2026-05-06 15:15:00-04:00,193.52000427246094,193.92999267578125,193.3800048828125,193.8699951171875,222647,0
2026-05-06 15:20:00-04:00,193.80999755859375,193.88999938964844,193.30999755859375,193.6999969482422,193175,0
2026-05-06 15:25:00-04:00,193.75999450683594,194.07000732421875,193.4199981689453,193.49490356445312,182510,0
2026-05-06 15:30:00-04:00,193.48500061035156,193.86000061035156,193.3300018310547,193.4499969482422,205216,0
2026-05-06 15:35:00-04:00,193.4499969482422,193.56219482421875,193.00999450683594,193.4199981689453,187806,0
2026-05-06 15:40:00-04:00,193.4600067138672,193.60000610351562,192.80999755859375,193.23500061035156,421811,0
2026-05-06 15:45:00-04:00,193.2100067138672,193.9799041748047,192.9550018310547,193.80499267578125,345117,0
2026-05-06 15:50:00-04:00,193.75999450683594,193.80499267578125,192.50999450683594,192.63999938964844,486114,0
2026-05-06 15:55:00-04:00,192.6699981689453,193.03500366210938,192.32000732421875,192.6300048828125,1253208,0
2026-05-07 09:30:00-04:00,190.56500244140625,192.17999267578125,187.63999938964844,188.5800018310547,1820826,0
2026-05-07 09:35:00-04:00,188.52999877929688,189.89999389648438,188.27000427246094,189.34500122070312,289741,0
2026-05-07 09:40:00-04:00,189.33999633789062,190.789794921875,188.75999450683594,190.2100067138672,275572,0
2026-05-07 09:45:00-04:00,190.13999938964844,190.57000732421875,188.1999969482422,189.8249969482422,388485,0
2026-05-07 09:50:00-04:00,189.86000061035156,190.1300048828125,188.3000030517578,188.52000427246094,207564,0
2026-05-07 09:55:00-04:00,188.64999389648438,191.75,188.52999877929688,191.6199951171875,359625,0
2026-05-07 10:00:00-04:00,191.6199951171875,191.72000122070312,190.69009399414062,190.90499877929688,365256,0
2026-05-07 10:05:00-04:00,190.88389587402344,192.0,190.6699981689453,190.80999755859375,213627,0
2026-05-07 10:10:00-04:00,190.77999877929688,192.1999969482422,190.5399932861328,192.10499572753906,249983,0
2026-05-07 10:15:00-04:00,192.10499572753906,193.78900146484375,192.0,192.3699951171875,452411,0
2026-05-07 10:20:00-04:00,192.36000061035156,193.42999267578125,192.22500610351562,192.3800048828125,199550,0
2026-05-07 10:25:00-04:00,192.4199981689453,192.6300048828125,191.0800018310547,192.5399932861328,189973,0
2026-05-07 10:30:00-04:00,192.3800048828125,194.7998046875,192.22000122070312,193.08999633789062,445023,0
2026-05-07 10:35:00-04:00,193.2449951171875,193.67999267578125,192.2949981689453,193.22999572753906,173533,0
2026-05-07 10:40:00-04:00,193.1999969482422,195.0,193.0500030517578,194.19000244140625,227319,0
2026-05-07 10:45:00-04:00,194.1199951171875,195.3000030517578,193.9550018310547,195.06500244140625,303443,0
2026-05-07 10:50:00-04:00,195.06500244140625,198.52000427246094,194.72999572753906,198.34500122070312,954123,0
2026-05-07 10:55:00-04:00,198.28529357910156,201.1999969482422,198.28529357910156,201.19500732421875,1663033,0
2026-05-07 11:00:00-04:00,201.0,201.3800048828125,199.2100067138672,200.75,732188,0
2026-05-07 11:05:00-04:00,200.63999938964844,203.22000122070312,199.5,203.16000366210938,1117562,0
2026-05-07 11:10:00-04:00,203.2899932861328,207.22000122070312,202.95010375976562,206.33999633789062,1696086,0
2026-05-07 11:15:00-04:00,206.17999267578125,208.24000549316406,205.50010681152344,206.77999877929688,857120,0
2026-05-07 11:20:00-04:00,206.7550048828125,209.22999572753906,205.5,208.66000366210938,1004827,0
2026-05-07 11:25:00-04:00,208.5399932861328,209.4250030517578,206.75,209.3800048828125,1126214,0
2026-05-07 11:30:00-04:00,209.42999267578125,214.8800048828125,209.0,214.69000244140625,1729828,0
2026-05-07 11:35:00-04:00,214.49000549316406,216.66000366210938,213.77999877929688,214.93499755859375,1493863,0
2026-05-07 11:40:00-04:00,214.9499969482422,222.41000366210938,214.82000732421875,221.75,2120785,0
2026-05-07 11:45:00-04:00,221.7050018310547,223.66000366210938,214.8800048828125,215.0699005126953,2168624,0
2026-05-07 11:50:00-04:00,215.02999877929688,215.07000732421875,212.1199951171875,212.86000061035156,1383234,0
2026-05-07 11:55:00-04:00,212.81500244140625,213.05990600585938,207.25390625,207.93499755859375,1525648,0
2026-05-07 12:00:00-04:00,207.9149932861328,210.92990112304688,207.11000061035156,210.5800018310547,1291919,0
2026-05-07 12:05:00-04:00,210.55999755859375,210.85989379882812,208.32009887695312,209.4600067138672,706085,0
2026-05-07 12:10:00-04:00,209.47000122070312,211.08999633789062,209.0500030517578,210.24000549316406,640434,0
2026-05-07 12:15:00-04:00,210.07000732421875,210.41000366210938,206.85000610351562,209.94970703125,822379,0
2026-05-07 12:20:00-04:00,209.94970703125,213.77000427246094,209.61000061035156,213.06500244140625,826639,0
2026-05-07 12:25:00-04:00,213.03880310058594,214.0,212.19369506835938,212.85499572753906,1101204,0
2026-05-07 12:30:00-04:00,212.75999450683594,214.13999938964844,211.6999969482422,213.11000061035156,637237,0
2026-05-07 12:35:00-04:00,213.43629455566406,213.43629455566406,210.22000122070312,210.64500427246094,562433,0
2026-05-07 12:40:00-04:00,210.64500427246094,210.7082061767578,208.8000946044922,209.2550048828125,374471,0
2026-05-07 12:45:00-04:00,209.1999969482422,210.21420288085938,208.92999267578125,209.64999389648438,339078,0
2026-05-07 12:50:00-04:00,209.64500427246094,209.80999755859375,208.41000366210938,209.25,331204,0
2026-05-07 12:55:00-04:00,209.22500610351562,209.53990173339844,207.88160705566406,208.09500122070312,268815,0
2026-05-07 13:00:00-04:00,208.00999450683594,208.5,206.21009826660156,206.3350067138672,388248,0
2026-05-07 13:05:00-04:00,206.4499969482422,206.61959838867188,205.30999755859375,205.30999755859375,381546,0
2026-05-07 13:10:00-04:00,205.47000122070312,205.9799041748047,203.0500030517578,203.13510131835938,483994,0
2026-05-07 13:15:00-04:00,203.0500030517578,203.07000732421875,199.77999877929688,200.0,1085015,0
2026-05-07 13:20:00-04:00,200.03500366210938,200.91000366210938,199.50999450683594,200.33999633789062,952130,0
2026-05-07 13:25:00-04:00,200.33999633789062,201.83990478515625,199.3000030517578,201.5500030517578,509758,0
2026-05-07 13:30:00-04:00,201.4600067138672,203.99989318847656,201.3699951171875,203.35499572753906,504131,0
2026-05-07 13:35:00-04:00,203.3074951171875,204.46580505371094,202.86000061035156,204.11000061035156,330939,0
2026-05-07 13:40:00-04:00,204.23500061035156,205.39999389648438,203.80999755859375,204.5399932861328,351690,0
2026-05-07 13:45:00-04:00,204.41000366210938,204.6898956298828,203.9001007080078,204.30499267578125,230636,0
2026-05-07 13:50:00-04:00,204.22999572753906,204.27999877929688,203.02999877929688,203.11000061035156,251034,0
2026-05-07 13:55:00-04:00,203.11000061035156,204.99000549316406,203.00999450683594,204.9199981689453,310140,0
2026-05-07 14:00:00-04:00,204.9199981689453,205.74989318847656,204.6300048828125,205.23500061035156,231062,0
2026-05-07 14:05:00-04:00,205.235107421875,206.3000030517578,204.74000549316406,204.74000549316406,304270,0
2026-05-07 14:10:00-04:00,204.74000549316406,205.58999633789062,204.6147003173828,204.68499755859375,191519,0
2026-05-07 14:15:00-04:00,204.75999450683594,205.08999633789062,204.2310028076172,204.6999969482422,196776,0
2026-05-07 14:20:00-04:00,204.57009887695312,204.6999969482422,204.01010131835938,204.3000030517578,145495,0
2026-05-07 14:25:00-04:00,204.27999877929688,204.41000366210938,203.72999572753906,203.89999389648438,152568,0
2026-05-07 14:30:00-04:00,203.82000732421875,204.6750030517578,203.27999877929688,204.65480041503906,220803,0
2026-05-07 14:35:00-04:00,204.57000732421875,204.60989379882812,202.8603057861328,203.27499389648438,188563,0
2026-05-07 14:40:00-04:00,203.27499389648438,203.3800048828125,202.2899932861328,202.6699981689453,242845,0
2026-05-07 14:45:00-04:00,202.6699981689453,202.72999572753906,201.1699981689453,201.33999633789062,160691,0
2026-05-07 14:50:00-04:00,201.28500366210938,201.4199981689453,200.74000549316406,201.27000427246094,179418,0
2026-05-07 14:55:00-04:00,201.2698974609375,201.85000610351562,200.31500244140625,201.71499633789062,240579,0
2026-05-07 15:00:00-04:00,201.71499633789062,201.77999877929688,201.00999450683594,201.24000549316406,113660,0
2026-05-07 15:05:00-04:00,201.3300018310547,202.49560546875,201.22000122070312,202.3699951171875,200566,0
2026-05-07 15:10:00-04:00,202.4199981689453,202.86000061035156,201.9949951171875,202.22000122070312,200005,0
2026-05-07 15:15:00-04:00,202.3300018310547,203.0399932861328,202.16000366210938,202.5800018310547,211425,0
2026-05-07 15:20:00-04:00,202.5800018310547,202.67999267578125,201.92999267578125,202.30999755859375,251275,0
2026-05-07 15:25:00-04:00,202.2899932861328,203.35499572753906,202.08999633789062,202.58999633789062,290670,0
2026-05-07 15:30:00-04:00,202.72000122070312,203.9199981689453,202.5500030517578,203.66000366210938,268828,0
2026-05-07 15:35:00-04:00,203.72500610351562,204.6300048828125,203.4600067138672,204.2899932861328,266851,0
2026-05-07 15:40:00-04:00,204.27000427246094,204.58999633789062,203.50010681152344,203.71499633789062,305530,0
2026-05-07 15:45:00-04:00,203.71499633789062,203.99000549316406,202.89999389648438,203.0800018310547,341740,0
2026-05-07 15:50:00-04:00,203.17999267578125,203.5,201.9499969482422,202.5059051513672,626762,0
2026-05-07 15:55:00-04:00,202.47999572753906,203.30999755859375,201.4600067138672,202.6199951171875,1553701,0
2026-05-08 09:30:00-04:00,212.4010009765625,215.0,208.6300048828125,213.47999572753906,3424765,0
2026-05-08 09:35:00-04:00,213.38999938964844,213.75999450683594,210.0,210.0,746344,0
2026-05-08 09:40:00-04:00,210.30450439453125,215.1300048828125,209.7899932861328,215.0399932861328,841142,0
2026-05-08 09:45:00-04:00,215.0800018310547,217.35000610351562,214.04010009765625,214.88999938964844,1147067,0
2026-05-08 09:50:00-04:00,214.7711944580078,217.0,213.60000610351562,215.86000061035156,513762,0
2026-05-08 09:55:00-04:00,215.86000061035156,218.97000122070312,215.8000030517578,218.9698944091797,924704,0
2026-05-08 10:00:00-04:00,218.875,220.41000366210938,218.4600067138672,219.94000244140625,986245,0
2026-05-08 10:05:00-04:00,219.86000061035156,219.9499969482422,215.8000030517578,216.38999938964844,759067,0
2026-05-08 10:10:00-04:00,216.25,216.6999969482422,214.27389526367188,216.02999877929688,820242,0
2026-05-08 10:15:00-04:00,215.9499969482422,217.0449981689453,215.00999450683594,215.13999938964844,500829,0
2026-05-08 10:20:00-04:00,215.22999572753906,215.8800048828125,214.0399932861328,214.52000427246094,406838,0
2026-05-08 10:25:00-04:00,214.64999389648438,216.8000030517578,214.3101043701172,215.52999877929688,488132,0
2026-05-08 10:30:00-04:00,215.5,217.63999938964844,215.0,217.1649932861328,396532,0
2026-05-08 10:35:00-04:00,217.10000610351562,217.5,215.54550170898438,215.55999755859375,464915,0
2026-05-08 10:40:00-04:00,215.5800018310547,218.67919921875,215.3300018310547,218.5749969482422,397038,0
2026-05-08 10:45:00-04:00,218.6199951171875,221.0,218.01010131835938,220.84500122070312,682898,0
2026-05-08 10:50:00-04:00,220.9600067138672,222.25999450683594,219.74000549316406,221.08999633789062,847008,0
2026-05-08 10:55:00-04:00,221.1898956298828,223.00999450683594,220.5,221.30999755859375,676013,0
2026-05-08 11:00:00-04:00,221.30999755859375,222.77000427246094,220.39999389648438,222.3000030517578,448607,0
2026-05-08 11:05:00-04:00,222.1342010498047,222.7949981689453,221.47549438476562,221.78500366210938,358762,0
2026-05-08 11:10:00-04:00,221.67999267578125,221.97999572753906,219.02000427246094,219.35000610351562,393876,0
2026-05-08 11:15:00-04:00,219.4199981689453,221.60000610351562,218.79249572753906,221.13999938964844,520152,0
2026-05-08 11:20:00-04:00,221.19500732421875,223.19000244140625,221.17750549316406,223.14999389648438,397665,0
2026-05-08 11:25:00-04:00,223.0749969482422,224.9698944091797,222.35069274902344,224.7949981689453,622943,0
2026-05-08 11:30:00-04:00,224.87939453125,226.52999877929688,224.0,224.84500122070312,701423,0
2026-05-08 11:35:00-04:00,224.9398956298828,226.89999389648438,224.70010375976562,226.8699951171875,548749,0
2026-05-08 11:40:00-04:00,226.80999755859375,228.0399932861328,225.47000122070312,225.89010620117188,753152,0
2026-05-08 11:45:00-04:00,226.0399932861328,227.42999267578125,226.0399932861328,226.57749938964844,445812,0
2026-05-08 11:50:00-04:00,226.6199951171875,227.8699951171875,226.0800018310547,227.23500061035156,422121,0
2026-05-08 11:55:00-04:00,227.23500061035156,227.83999633789062,224.33999633789062,224.8000030517578,470298,0
2026-05-08 12:00:00-04:00,224.8300018310547,225.1699981689453,223.02000427246094,224.2100067138672,438296,0
2026-05-08 12:05:00-04:00,224.07000732421875,224.4600067138672,221.5500030517578,221.6699981689453,461743,0
2026-05-08 12:10:00-04:00,221.7100067138672,222.3699951171875,221.21009826660156,221.5800018310547,294691,0
2026-05-08 12:15:00-04:00,221.7299041748047,221.981201171875,220.6300048828125,221.21009826660156,346697,0
2026-05-08 12:20:00-04:00,221.4499969482422,223.36000061035156,221.38119506835938,223.02000427246094,405456,0
2026-05-08 12:25:00-04:00,223.07000732421875,224.0,222.77239990234375,223.1436004638672,273438,0
2026-05-08 12:30:00-04:00,223.4158935546875,223.4158935546875,221.88999938964844,222.22999572753906,265385,0
2026-05-08 12:35:00-04:00,222.14999389648438,222.38999938964844,221.22999572753906,222.17820739746094,242071,0
2026-05-08 12:40:00-04:00,222.0500030517578,222.49989318847656,220.32119750976562,220.9600067138672,284358,0
2026-05-08 12:45:00-04:00,220.88999938964844,222.0,220.6699981689453,221.69500732421875,223224,0
2026-05-08 12:50:00-04:00,221.69500732421875,221.85000610351562,220.7899932861328,221.0500030517578,196881,0
2026-05-08 12:55:00-04:00,221.0449981689453,221.3249969482422,220.22000122070312,220.69009399414062,246165,0
2026-05-08 13:00:00-04:00,220.7550048828125,221.1699981689453,219.92999267578125,220.72999572753906,278006,0
2026-05-08 13:05:00-04:00,220.631103515625,221.1300048828125,220.33999633789062,221.08999633789062,175471,0
2026-05-08 13:10:00-04:00,221.08999633789062,222.6999969482422,220.80209350585938,220.9600067138672,265295,0
2026-05-08 13:15:00-04:00,220.9600067138672,221.07000732421875,220.0428924560547,220.3300018310547,152418,0
2026-05-08 13:20:00-04:00,220.418701171875,220.418701171875,218.8800048828125,219.01499938964844,195628,0
2026-05-08 13:25:00-04:00,219.01499938964844,220.47000122070312,219.0034942626953,220.38999938964844,190484,0
2026-05-08 13:30:00-04:00,220.30999755859375,220.4541015625,219.10000610351562,219.50999450683594,126558,0
2026-05-08 13:35:00-04:00,219.67990112304688,219.67990112304688,218.9499969482422,219.46499633789062,127355,0
2026-05-08 13:40:00-04:00,219.33999633789062,219.58990478515625,218.57000732421875,218.94000244140625,154456,0
2026-05-08 13:45:00-04:00,219.00999450683594,219.4499969482422,218.72250366210938,218.86000061035156,201732,0
2026-05-08 13:50:00-04:00,218.822998046875,218.88999938964844,217.82029724121094,218.09500122070312,177623,0
2026-05-08 13:55:00-04:00,218.0489959716797,218.37989807128906,217.61000061035156,217.71499633789062,130993,0
2026-05-08 14:00:00-04:00,217.80999755859375,218.50799560546875,217.6999969482422,217.85000610351562,138863,0
2026-05-08 14:05:00-04:00,217.89500427246094,218.2100067138672,217.64999389648438,217.77499389648438,151818,0
2026-05-08 14:10:00-04:00,217.77499389648438,217.8800048828125,216.8000030517578,217.22000122070312,213259,0
2026-05-08 14:15:00-04:00,217.22000122070312,217.25,215.5417022705078,215.76499938964844,233378,0
2026-05-08 14:20:00-04:00,215.64999389648438,216.27999877929688,215.05999755859375,215.1999969482422,301415,0
2026-05-08 14:25:00-04:00,215.1649932861328,215.82000732421875,214.8000946044922,215.4949951171875,265613,0
2026-05-08 14:30:00-04:00,215.4949951171875,216.52000427246094,215.38999938964844,216.27000427246094,245823,0
2026-05-08 14:35:00-04:00,216.22999572753906,216.73989868164062,215.86500549316406,216.42999267578125,181193,0
2026-05-08 14:40:00-04:00,216.42999267578125,217.36000061035156,216.2841033935547,217.11070251464844,143207,0
2026-05-08 14:45:00-04:00,217.21499633789062,217.5500030517578,216.25010681152344,216.27499389648438,205392,0
2026-05-08 14:50:00-04:00,216.3000030517578,216.61990356445312,215.55999755859375,215.7449951171875,163342,0
2026-05-08 14:55:00-04:00,215.6199951171875,215.9398956298828,214.39999389648438,214.45989990234375,244543,0
2026-05-08 15:00:00-04:00,214.6699981689453,215.66000366210938,214.6699981689453,215.52000427246094,142453,0
2026-05-08 15:05:00-04:00,215.5800018310547,217.69500732421875,215.5050048828125,217.69500732421875,271767,0
2026-05-08 15:10:00-04:00,217.86990356445312,218.47999572753906,217.57000732421875,218.47999572753906,311191,0
2026-05-08 15:15:00-04:00,218.42999267578125,219.40499877929688,218.4250030517578,219.1199951171875,332672,0
2026-05-08 15:20:00-04:00,219.17999267578125,219.41990661621094,218.35000610351562,218.46249389648438,235592,0
2026-05-08 15:25:00-04:00,218.41000366210938,218.69000244140625,217.72000122070312,217.7899932861328,214389,0
2026-05-08 15:30:00-04:00,217.75999450683594,218.6199951171875,217.6699981689453,218.60000610351562,217374,0
2026-05-08 15:35:00-04:00,218.52000427246094,218.99000549316406,218.2200927734375,218.78500366210938,214578,0
2026-05-08 15:40:00-04:00,218.78990173339844,219.08999633789062,217.67999267578125,218.22999572753906,300092,0
2026-05-08 15:45:00-04:00,218.17999267578125,219.1699981689453,218.17999267578125,218.97999572753906,279949,0
2026-05-08 15:50:00-04:00,218.91000366210938,219.61000061035156,218.6999969482422,219.51559448242188,513751,0
2026-05-08 15:55:00-04:00,219.52000427246094,219.91000366210938,218.88999938964844,219.13999938964844,1291212,0
2026-05-11 09:30:00-04:00,232.0050048828125,247.8979949951172,231.94500732421875,246.2386932373047,7356442,0
2026-05-11 09:35:00-04:00,246.43499755859375,246.7100067138672,236.63009643554688,239.83999633789062,2037087,0
2026-05-11 09:40:00-04:00,239.7949981689453,243.22000122070312,238.14999389648438,240.2100067138672,1024819,0
2026-05-11 09:45:00-04:00,240.25,241.1999053955078,236.52000427246094,237.0,1029931,0
2026-05-11 09:50:00-04:00,236.9499969482422,238.5,234.69000244140625,234.91000366210938,857704,0
2026-05-11 09:55:00-04:00,235.02999877929688,235.36000061035156,231.9051055908203,232.09500122070312,746685,0
2026-05-11 10:00:00-04:00,232.23150634765625,236.7799072265625,232.08999633789062,235.81500244140625,586252,0
2026-05-11 10:05:00-04:00,235.6699981689453,238.52000427246094,235.6699981689453,238.22000122070312,586661,0
2026-05-11 10:10:00-04:00,238.22000122070312,241.41000366210938,237.8000946044922,240.30990600585938,784267,0
2026-05-11 10:15:00-04:00,240.1999969482422,243.3498992919922,239.91000366210938,242.97999572753906,751718,0
2026-05-11 10:20:00-04:00,243.0950927734375,244.29989624023438,240.5,241.1300048828125,894306,0
2026-05-11 10:25:00-04:00,241.02000427246094,241.24000549316406,235.0,235.22500610351562,736244,0
2026-05-11 10:30:00-04:00,235.22500610351562,238.89999389648438,234.88999938964844,238.3000030517578,638069,0
2026-05-11 10:35:00-04:00,238.55999755859375,239.7899932861328,237.25010681152344,239.25999450683594,413308,0
2026-05-11 10:40:00-04:00,239.25999450683594,240.66000366210938,237.8300018310547,238.0522003173828,435406,0
2026-05-11 10:45:00-04:00,238.00999450683594,238.9600067138672,236.3000030517578,237.3800048828125,405859,0
2026-05-11 10:50:00-04:00,237.2449951171875,237.3000030517578,235.11000061035156,235.24000549316406,371225,0
2026-05-11 10:55:00-04:00,235.39999389648438,235.39999389648438,233.76010131835938,234.2100067138672,504477,0
2026-05-11 11:00:00-04:00,234.19000244140625,235.89999389648438,233.6999969482422,235.61000061035156,332414,0
2026-05-11 11:05:00-04:00,235.6999969482422,236.5449981689453,234.5601043701172,235.85000610351562,240384,0
2026-05-11 11:10:00-04:00,235.7899932861328,236.97999572753906,235.6999969482422,236.0399932861328,263926,0
2026-05-11 11:15:00-04:00,236.01010131835938,236.83999633789062,235.50999450683594,236.1699981689453,226253,0
2026-05-11 11:20:00-04:00,236.0399932861328,238.3000030517578,235.4499969482422,237.99349975585938,312926,0
2026-05-11 11:25:00-04:00,237.99349975585938,239.7899932861328,237.6199951171875,239.63499450683594,381218,0
2026-05-11 11:30:00-04:00,239.63499450683594,241.24000549316406,238.75010681152344,241.06500244140625,409109,0
2026-05-11 11:35:00-04:00,241.06509399414062,241.7899932861328,240.3699951171875,241.4149932861328,384911,0
2026-05-11 11:40:00-04:00,241.49989318847656,242.5500030517578,241.35000610351562,241.7899932861328,304795,0
2026-05-11 11:45:00-04:00,241.7899932861328,242.49000549316406,241.11000061035156,241.47999572753906,371533,0
2026-05-11 11:50:00-04:00,241.5800018310547,242.0,238.55999755859375,239.5399932861328,355301,0
2026-05-11 11:55:00-04:00,239.6699981689453,241.48989868164062,239.57009887695312,241.0399932861328,334036,0
2026-05-11 12:00:00-04:00,241.2100067138672,241.63999938964844,239.66009521484375,240.5800018310547,297143,0
2026-05-11 12:05:00-04:00,240.30499267578125,241.19000244140625,240.0800018310547,240.2949981689453,253672,0
2026-05-11 12:10:00-04:00,240.2100067138672,240.30999755859375,238.64999389648438,239.50999450683594,207983,0
2026-05-11 12:15:00-04:00,239.52999877929688,239.70989990234375,238.50999450683594,238.75,154559,0
2026-05-11 12:20:00-04:00,238.7100067138672,238.72500610351562,234.5601043701172,235.27999877929688,530253,0
2026-05-11 12:25:00-04:00,235.28500366210938,235.75,235.0,235.2899932861328,325165,0
2026-05-11 12:30:00-04:00,235.2949981689453,235.664306640625,233.72999572753906,233.99000549316406,364504,0
2026-05-11 12:35:00-04:00,233.9604034423828,234.10499572753906,231.52999877929688,231.7550048828125,520461,0
2026-05-11 12:40:00-04:00,231.72000122070312,232.35000610351562,231.1999969482422,232.09500122070312,618560,0
2026-05-11 12:45:00-04:00,232.10000610351562,234.6300048828125,232.08999633789062,234.39999389648438,398086,0
2026-05-11 12:50:00-04:00,234.39999389648438,235.11000061035156,233.0,234.24000549316406,328194,0
2026-05-11 12:55:00-04:00,234.11000061035156,235.49989318847656,233.5500030517578,235.3800048828125,244908,0
2026-05-11 13:00:00-04:00,235.3800048828125,235.52999877929688,233.57000732421875,235.2899932861328,320205,0
2026-05-11 13:05:00-04:00,235.2899932861328,236.10000610351562,234.39999389648438,235.97000122070312,285637,0
2026-05-11 13:10:00-04:00,235.91000366210938,236.05999755859375,234.16000366210938,234.85499572753906,312434,0
2026-05-11 13:15:00-04:00,234.85499572753906,236.1898956298828,234.22999572753906,235.97000122070312,290761,0
2026-05-11 13:20:00-04:00,235.89999389648438,237.19000244140625,235.6300048828125,236.9499969482422,252467,0
2026-05-11 13:25:00-04:00,236.9199981689453,238.49989318847656,236.5399932861328,238.35499572753906,244779,0
2026-05-11 13:30:00-04:00,238.35499572753906,239.0,237.77000427246094,237.85000610351562,303637,0
2026-05-11 13:35:00-04:00,237.7001953125,238.23989868164062,237.0,237.47999572753906,243600,0
2026-05-11 13:40:00-04:00,237.47999572753906,237.87579345703125,237.25999450683594,237.30499267578125,166028,0
2026-05-11 13:45:00-04:00,237.30250549316406,237.30499267578125,236.4499969482422,236.98500061035156,201705,0
2026-05-11 13:50:00-04:00,236.9499969482422,237.52630615234375,236.0446014404297,237.21499633789062,271807,0
2026-05-11 13:55:00-04:00,237.23989868164062,237.42990112304688,235.50999450683594,235.50999450683594,134853,0
2026-05-11 14:00:00-04:00,235.54530334472656,236.3300018310547,234.5399932861328,236.00999450683594,259164,0
2026-05-11 14:05:00-04:00,236.11000061035156,237.3000030517578,235.41200256347656,235.6999969482422,366300,0
2026-05-11 14:10:00-04:00,235.75999450683594,236.50999450683594,235.4499969482422,235.71499633789062,238961,0
2026-05-11 14:15:00-04:00,235.72000122070312,236.3000030517578,235.05999755859375,235.7899932861328,153241,0
2026-05-11 14:20:00-04:00,235.97999572753906,236.966796875,235.7899932861328,236.6999969482422,268636,0
2026-05-11 14:25:00-04:00,236.70010375976562,237.5500030517578,236.25,237.14999389648438,249938,0
2026-05-11 14:30:00-04:00,237.11500549316406,238.5,236.67999267578125,238.44000244140625,277425,0
2026-05-11 14:35:00-04:00,238.3800048828125,239.14990234375,237.6501007080078,237.6501007080078,217877,0
2026-05-11 14:40:00-04:00,237.66000366210938,237.89999389648438,236.38999938964844,236.7100067138672,363685,0
2026-05-11 14:45:00-04:00,236.58999633789062,236.6750030517578,234.72000122070312,235.64500427246094,271376,0
2026-05-11 14:50:00-04:00,235.64999389648438,236.91990661621094,235.36000061035156,236.60000610351562,176341,0
2026-05-11 14:55:00-04:00,236.49000549316406,237.10000610351562,234.91000366210938,235.72999572753906,342202,0
2026-05-11 15:00:00-04:00,235.69000244140625,236.49000549316406,235.24009704589844,235.24009704589844,159680,0
2026-05-11 15:05:00-04:00,235.3300018310547,237.0749969482422,235.0800018310547,236.97000122070312,214698,0
2026-05-11 15:10:00-04:00,236.9199981689453,237.49989318847656,235.97999572753906,236.6699981689453,335350,0
2026-05-11 15:15:00-04:00,236.63999938964844,236.83999633789062,236.1699981689453,236.27999877929688,151762,0
2026-05-11 15:20:00-04:00,236.33999633789062,237.23989868164062,236.13999938964844,236.52000427246094,237834,0
2026-05-11 15:25:00-04:00,236.52000427246094,236.5749969482422,235.21499633789062,235.25999450683594,227941,0
2026-05-11 15:30:00-04:00,235.25999450683594,235.6999969482422,234.6699981689453,235.0500030517578,260779,0
2026-05-11 15:35:00-04:00,235.11000061035156,235.5,234.35000610351562,235.49000549316406,477550,0
2026-05-11 15:40:00-04:00,235.44000244140625,235.75,235.08999633789062,235.2550048828125,241561,0
2026-05-11 15:45:00-04:00,235.22999572753906,235.80990600585938,234.84010314941406,235.55499267578125,286737,0
2026-05-11 15:50:00-04:00,235.50999450683594,237.4698944091797,235.0,236.0850067138672,668376,0
2026-05-11 15:55:00-04:00,236.0800018310547,238.74330139160156,236.0800018310547,237.58999633789062,1532312,0
2026-05-12 09:30:00-04:00,229.83999633789062,230.0,222.47999572753906,223.0399932861328,2819992,0
2026-05-12 09:35:00-04:00,223.0,226.48989868164062,222.3000030517578,226.34500122070312,821696,0
2026-05-12 09:40:00-04:00,226.47999572753906,227.9499969482422,225.3300018310547,225.97000122070312,686183,0
2026-05-12 09:45:00-04:00,225.97000122070312,226.52999877929688,222.0800018310547,223.32009887695312,711511,0
2026-05-12 09:50:00-04:00,223.41000366210938,224.6999053955078,222.64999389648438,223.74000549316406,445515,0
2026-05-12 09:55:00-04:00,223.74000549316406,223.74000549316406,220.80999755859375,221.10000610351562,736012,0
2026-05-12 10:00:00-04:00,221.19000244140625,222.72000122070312,220.61500549316406,220.6699981689453,590430,0
2026-05-12 10:05:00-04:00,220.74000549316406,220.99000549316406,219.39999389648438,219.50999450683594,685556,0
2026-05-12 10:10:00-04:00,219.52999877929688,221.2100067138672,219.05499267578125,220.6999969482422,637634,0
2026-05-12 10:15:00-04:00,220.72999572753906,220.80999755859375,218.0,220.5399932861328,687738,0
2026-05-12 10:20:00-04:00,220.66000366210938,220.8950958251953,217.8000030517578,217.98500061035156,395542,0
2026-05-12 10:25:00-04:00,218.0800018310547,218.1199951171875,215.5,215.64999389648438,954247,0
2026-05-12 10:30:00-04:00,215.6999969482422,216.22000122070312,214.61000061035156,215.9550018310547,695493,0
2026-05-12 10:35:00-04:00,215.7550048828125,216.75990295410156,214.85000610351562,216.375,553227,0
2026-05-12 10:40:00-04:00,216.3000030517578,216.77630615234375,214.47999572753906,214.60000610351562,418239,0
2026-05-12 10:45:00-04:00,214.5449981689453,214.7899932861328,213.6699981689453,213.69000244140625,470458,0
2026-05-12 10:50:00-04:00,213.83999633789062,214.3000030517578,212.50999450683594,214.13499450683594,612057,0
2026-05-12 10:55:00-04:00,214.16000366210938,214.1699981689453,212.4499969482422,212.50999450683594,441400,0
2026-05-12 11:00:00-04:00,212.49000549316406,212.9199981689453,211.3000946044922,212.36000061035156,625701,0
2026-05-12 11:05:00-04:00,212.36000061035156,212.6300048828125,211.50010681152344,212.43499755859375,426099,0
2026-05-12 11:10:00-04:00,212.48500061035156,212.55999755859375,211.15109252929688,211.15109252929688,315439,0
2026-05-12 11:15:00-04:00,211.16000366210938,212.0,210.75,211.19000244140625,395476,0
2026-05-12 11:20:00-04:00,211.17100524902344,211.44000244140625,209.89999389648438,210.18499755859375,512661,0
2026-05-12 11:25:00-04:00,210.22999572753906,210.49000549316406,208.69000244140625,208.8699951171875,435983,0
2026-05-12 11:30:00-04:00,208.89999389648438,209.77000427246094,208.67999267578125,209.49000549316406,479448,0
2026-05-12 11:35:00-04:00,209.55499267578125,210.30999755859375,208.85060119628906,209.55999755859375,447274,0
2026-05-12 11:40:00-04:00,209.47999572753906,209.78250122070312,208.2100067138672,208.49000549316406,460065,0
2026-05-12 11:45:00-04:00,208.47000122070312,208.77999877929688,207.3000030517578,208.0399932861328,409838,0
2026-05-12 11:50:00-04:00,208.0399932861328,208.36000061035156,206.9499969482422,206.97000122070312,403817,0
2026-05-12 11:55:00-04:00,206.91009521484375,206.94000244140625,205.8000030517578,205.84500122070312,499067,0
2026-05-12 12:00:00-04:00,205.85000610351562,207.4499969482422,205.50999450683594,206.66000366210938,425101,0
2026-05-12 12:05:00-04:00,206.6999969482422,207.30999755859375,205.64999389648438,205.75999450683594,360354,0
2026-05-12 12:10:00-04:00,205.72000122070312,207.00999450683594,205.13999938964844,206.9259033203125,389764,0
2026-05-12 12:15:00-04:00,206.85000610351562,206.9499969482422,205.88290405273438,205.88290405273438,283870,0
2026-05-12 12:20:00-04:00,205.85000610351562,205.8800048828125,204.8800048828125,205.4499969482422,334294,0
2026-05-12 12:25:00-04:00,205.49000549316406,205.5800018310547,204.25010681152344,204.4698944091797,270168,0
2026-05-12 12:30:00-04:00,204.39999389648438,204.7299041748047,204.02999877929688,204.68499755859375,292060,0
2026-05-12 12:35:00-04:00,204.7100067138672,205.2100067138672,203.64999389648438,203.85000610351562,306903,0
2026-05-12 12:40:00-04:00,203.88999938964844,204.63800048828125,203.36000061035156,203.84689331054688,285469,0
2026-05-12 12:45:00-04:00,203.82000732421875,204.24000549316406,202.5500030517578,202.9600067138672,350318,0
2026-05-12 12:50:00-04:00,202.89999389648438,203.5998992919922,202.31500244140625,202.52999877929688,358801,0
2026-05-12 12:55:00-04:00,202.52999877929688,202.82000732421875,202.0,202.0200958251953,463978,0
2026-05-12 13:00:00-04:00,202.06500244140625,204.8800048828125,202.06500244140625,204.8699951171875,667747,0
2026-05-12 13:05:00-04:00,204.71090698242188,205.29989624023438,203.4499969482422,203.5469970703125,627889,0
2026-05-12 13:10:00-04:00,203.56500244140625,205.10989379882812,203.5,204.92999267578125,435131,0
2026-05-12 13:15:00-04:00,204.9499969482422,206.68609619140625,204.94000244140625,206.2021942138672,430601,0
2026-05-12 13:20:00-04:00,206.3199005126953,207.3300018310547,205.92999267578125,206.75,421085,0
2026-05-12 13:25:00-04:00,206.77999877929688,206.8300018310547,204.85000610351562,205.77999877929688,353895,0
2026-05-12 13:30:00-04:00,205.70010375976562,207.1999053955078,205.63999938964844,206.55499267578125,296053,0
2026-05-12 13:35:00-04:00,206.5,206.5,205.0200958251953,205.110107421875,266398,0
2026-05-12 13:40:00-04:00,205.2100067138672,205.5,204.6999969482422,205.0,314787,0
2026-05-12 13:45:00-04:00,205.02999877929688,205.8300018310547,204.8350067138672,205.82989501953125,270769,0
2026-05-12 13:50:00-04:00,205.77000427246094,205.77000427246094,205.02999877929688,205.3000030517578,219774,0
2026-05-12 13:55:00-04:00,205.3300018310547,206.44000244140625,204.77000427246094,206.0850067138672,259972,0
2026-05-12 14:00:00-04:00,206.10000610351562,207.52000427246094,206.10000610351562,207.36000061035156,290378,0
2026-05-12 14:05:00-04:00,207.35499572753906,207.61500549316406,206.86000061035156,206.91000366210938,300102,0
2026-05-12 14:10:00-04:00,206.91000366210938,208.00999450683594,206.88999938964844,208.0,245458,0
2026-05-12 14:15:00-04:00,207.9499969482422,208.36000061035156,207.63099670410156,207.72000122070312,245848,0
2026-05-12 14:20:00-04:00,207.71499633789062,207.77000427246094,206.80999755859375,207.0800018310547,354159,0
2026-05-12 14:25:00-04:00,207.0200958251953,207.59500122070312,206.92010498046875,207.08999633789062,249266,0
2026-05-12 14:30:00-04:00,207.10000610351562,207.69000244140625,207.0,207.63999938964844,227767,0
2026-05-12 14:35:00-04:00,207.625,208.3000030517578,207.1779022216797,207.6999969482422,223189,0
2026-05-12 14:40:00-04:00,207.64999389648438,207.97000122070312,207.16009521484375,207.27000427246094,155261,0
2026-05-12 14:45:00-04:00,207.29600524902344,208.13999938964844,207.0,207.8699951171875,293280,0
2026-05-12 14:50:00-04:00,207.85000610351562,208.0749969482422,207.5,207.58999633789062,188437,0
2026-05-12 14:55:00-04:00,207.6199951171875,208.38999938964844,207.20010375976562,207.61500549316406,274544,0
2026-05-12 15:00:00-04:00,207.6199951171875,208.19000244140625,207.27999877929688,207.99000549316406,174459,0
2026-05-12 15:05:00-04:00,207.99000549316406,208.33999633789062,207.55999755859375,207.61000061035156,232463,0
2026-05-12 15:10:00-04:00,207.64500427246094,209.5,207.6300048828125,209.2449951171875,316766,0
2026-05-12 15:15:00-04:00,209.2449951171875,210.25999450683594,209.1800994873047,209.94000244140625,351646,0
2026-05-12 15:20:00-04:00,209.94000244140625,210.31500244140625,208.5050048828125,208.67999267578125,342444,0
2026-05-12 15:25:00-04:00,208.625,209.11000061035156,208.5,208.61000061035156,249940,0
2026-05-12 15:30:00-04:00,208.61000061035156,209.2100067138672,208.60000610351562,208.66099548339844,283276,0
2026-05-12 15:35:00-04:00,208.77999877929688,209.89999389648438,208.5,209.5500030517578,333280,0
2026-05-12 15:40:00-04:00,209.5,210.27000427246094,209.27999877929688,209.75999450683594,318674,0
2026-05-12 15:45:00-04:00,209.6699981689453,210.5,209.1999969482422,210.0166015625,421101,0
2026-05-12 15:50:00-04:00,210.0399932861328,211.19000244140625,209.8350067138672,210.63999938964844,613385,0
2026-05-12 15:55:00-04:00,210.6699981689453,210.67999267578125,209.58999633789062,210.3249969482422,1080320,0
2026-05-13 09:30:00-04:00,216.6230010986328,219.49000549316406,210.64999389648438,213.8300018310547,3536680,0
2026-05-13 09:35:00-04:00,213.52999877929688,215.17999267578125,212.0800018310547,213.47500610351562,688136,0
2026-05-13 09:40:00-04:00,213.38609313964844,216.89999389648438,212.77999877929688,212.9550018310547,527169,0
2026-05-13 09:45:00-04:00,212.84500122070312,212.84500122070312,207.57000732421875,209.25999450683594,862386,0
2026-05-13 09:50:00-04:00,209.25999450683594,210.61309814453125,207.76499938964844,210.44000244140625,695388,0
2026-05-13 09:55:00-04:00,210.44000244140625,210.6699981689453,207.5904998779297,208.00999450683594,769909,0
2026-05-13 10:00:00-04:00,208.10499572753906,209.8000030517578,207.85000610351562,208.4600067138672,395338,0
2026-05-13 10:05:00-04:00,208.4600067138672,208.97999572753906,207.14999389648438,208.86000061035156,347299,0
2026-05-13 10:10:00-04:00,208.7899932861328,211.0,208.25010681152344,210.75999450683594,361604,0
2026-05-13 10:15:00-04:00,210.72500610351562,211.24000549316406,209.38999938964844,210.58999633789062,307021,0
2026-05-13 10:20:00-04:00,210.52999877929688,212.49000549316406,209.92999267578125,211.6999969482422,387930,0
2026-05-13 10:25:00-04:00,211.69000244140625,212.8800048828125,211.52859497070312,211.97000122070312,295053,0
2026-05-13 10:30:00-04:00,211.97500610351562,213.64999389648438,211.61000061035156,212.56500244140625,349056,0
2026-05-13 10:35:00-04:00,212.57000732421875,213.64999389648438,212.25,213.35499572753906,260444,0
2026-05-13 10:40:00-04:00,213.3000030517578,214.0399932861328,212.5800018310547,213.72000122070312,254232,0
2026-05-13 10:45:00-04:00,213.83999633789062,215.2198944091797,213.59500122070312,214.10499572753906,427567,0
2026-05-13 10:50:00-04:00,214.10000610351562,215.47999572753906,213.3000030517578,214.50999450683594,403180,0
2026-05-13 10:55:00-04:00,214.38099670410156,215.77999877929688,214.24000549316406,215.16000366210938,297914,0
2026-05-13 11:00:00-04:00,215.24000549316406,216.5500030517578,214.9600067138672,216.10009765625,386497,0
2026-05-13 11:05:00-04:00,216.10000610351562,216.4499053955078,214.39999389648438,214.8699951171875,337062,0
2026-05-13 11:10:00-04:00,214.8800048828125,215.0800018310547,213.3000030517578,213.7165985107422,336208,0
2026-05-13 11:15:00-04:00,213.6750030517578,214.27000427246094,213.52999877929688,213.85009765625,199923,0
2026-05-13 11:20:00-04:00,214.00999450683594,215.7299041748047,214.00999450683594,215.19000244140625,321354,0
2026-05-13 11:25:00-04:00,215.19009399414062,215.1999969482422,213.39999389648438,213.99000549316406,179481,0
2026-05-13 11:30:00-04:00,214.07989501953125,214.1300048828125,213.25,213.4499969482422,159348,0
2026-05-13 11:35:00-04:00,213.35000610351562,214.27000427246094,213.0,213.52000427246094,212656,0
2026-05-13 11:40:00-04:00,213.39999389648438,214.44500732421875,213.00999450683594,214.44500732421875,141773,0
2026-05-13 11:45:00-04:00,214.31930541992188,215.66000366210938,213.70010375976562,214.88999938964844,181858,0
2026-05-13 11:50:00-04:00,214.8699951171875,215.10000610351562,213.9250030517578,213.9425048828125,223994,0
2026-05-13 11:55:00-04:00,213.89999389648438,213.96499633789062,212.54010009765625,212.67689514160156,219016,0
2026-05-13 12:00:00-04:00,212.7899932861328,214.16000366210938,212.67999267578125,213.86000061035156,158941,0
2026-05-13 12:05:00-04:00,213.75999450683594,214.5,213.2949981689453,214.375,105423,0
2026-05-13 12:10:00-04:00,214.30999755859375,214.89999389648438,214.14999389648438,214.25999450683594,100840,0
2026-05-13 12:15:00-04:00,214.27000427246094,214.90989685058594,213.7801055908203,214.8000030517578,97796,0
2026-05-13 12:20:00-04:00,214.7100067138672,215.30499267578125,214.1699981689453,215.2050018310547,123470,0
2026-05-13 12:25:00-04:00,215.24000549316406,215.75,215.14500427246094,215.68829345703125,119484,0
2026-05-13 12:30:00-04:00,215.6750030517578,216.32000732421875,215.5,216.16000366210938,153603,0
2026-05-13 12:35:00-04:00,216.15499877929688,216.97000122070312,216.15499877929688,216.57000732421875,159294,0
2026-05-13 12:40:00-04:00,216.57000732421875,217.35989379882812,216.2100067138672,217.09500122070312,180152,0
2026-05-13 12:45:00-04:00,216.99000549316406,217.47000122070312,216.75999450683594,217.2899932861328,179565,0
2026-05-13 12:50:00-04:00,217.3000030517578,217.47999572753906,216.50010681152344,216.75999450683594,151053,0
2026-05-13 12:55:00-04:00,216.74000549316406,217.19000244140625,216.11000061035156,216.13009643554688,149137,0
2026-05-13 13:00:00-04:00,216.31500244140625,218.86000061035156,216.31500244140625,217.98500061035156,318870,0
2026-05-13 13:05:00-04:00,217.80999755859375,218.39999389648438,217.24000549316406,217.2949981689453,139602,0
2026-05-13 13:10:00-04:00,217.2899932861328,218.1699981689453,217.11000061035156,217.69500732421875,130323,0
2026-05-13 13:15:00-04:00,217.6199951171875,217.94000244140625,217.38999938964844,217.88999938964844,88026,0
2026-05-13 13:20:00-04:00,217.9199981689453,217.99000549316406,217.26010131835938,217.26010131835938,78018,0
2026-05-13 13:25:00-04:00,217.3300018310547,218.14999389648438,217.3300018310547,218.08999633789062,68209,0
2026-05-13 13:30:00-04:00,218.01499938964844,218.3350067138672,217.6199951171875,217.68499755859375,74434,0
2026-05-13 13:35:00-04:00,217.70449829101562,218.1999969482422,217.47000122070312,217.50999450683594,97190,0
2026-05-13 13:40:00-04:00,217.44500732421875,217.5699005126953,217.05999755859375,217.2899932861328,96682,0
2026-05-13 13:45:00-04:00,217.25509643554688,217.25509643554688,216.0847930908203,216.16000366210938,128183,0
2026-05-13 13:50:00-04:00,216.08999633789062,216.8350067138672,216.0399932861328,216.3699951171875,112103,0
2026-05-13 13:55:00-04:00,216.33999633789062,216.52000427246094,215.5500030517578,215.57000732421875,134725,0
2026-05-13 14:00:00-04:00,215.61000061035156,215.92999267578125,215.27999877929688,215.30999755859375,134554,0
2026-05-13 14:05:00-04:00,215.17100524902344,215.35000610351562,214.77000427246094,214.875,131956,0
2026-05-13 14:10:00-04:00,214.8699951171875,215.4499969482422,214.6199951171875,214.73500061035156,131827,0
2026-05-13 14:15:00-04:00,214.8000030517578,215.0,214.5449981689453,214.6300048828125,118660,0
2026-05-13 14:20:00-04:00,214.61500549316406,215.5500030517578,214.5500030517578,214.7449951171875,151795,0
2026-05-13 14:25:00-04:00,214.7449951171875,215.2899932861328,214.71009826660156,214.7700958251953,115125,0
2026-05-13 14:30:00-04:00,214.9149932861328,215.22000122070312,214.39999389648438,214.77499389648438,141374,0
2026-05-13 14:35:00-04:00,214.77499389648438,214.83990478515625,214.22000122070312,214.6300048828125,128158,0
2026-05-13 14:40:00-04:00,214.7100067138672,215.1199951171875,213.84500122070312,213.91000366210938,120368,0
2026-05-13 14:45:00-04:00,213.91000366210938,214.24989318847656,213.50999450683594,213.7899932861328,144509,0
2026-05-13 14:50:00-04:00,213.78500366210938,213.7899932861328,213.0,213.19000244140625,147645,0
2026-05-13 14:55:00-04:00,213.13999938964844,213.17999267578125,212.0,212.11000061035156,177030,0
2026-05-13 15:00:00-04:00,212.02000427246094,212.61000061035156,211.97999572753906,212.4600067138672,585143,0
2026-05-13 15:05:00-04:00,212.47999572753906,213.99000549316406,212.47999572753906,213.55999755859375,228945,0
2026-05-13 15:10:00-04:00,213.60499572753906,213.78500366210938,213.24000549316406,213.375,141523,0
2026-05-13 15:15:00-04:00,213.35000610351562,214.7899932861328,213.30999755859375,214.2449951171875,164978,0
2026-05-13 15:20:00-04:00,214.27999877929688,214.30999755859375,213.52499389648438,213.5500030517578,164096,0
2026-05-13 15:25:00-04:00,213.52999877929688,214.0399932861328,213.4600067138672,213.85499572753906,165582,0
2026-05-13 15:30:00-04:00,213.8300018310547,214.0699005126953,212.2899932861328,212.40499877929688,253970,0
2026-05-13 15:35:00-04:00,212.4199981689453,212.66990661621094,212.00999450683594,212.3000030517578,210136,0
2026-05-13 15:40:00-04:00,212.3300018310547,213.34500122070312,212.09500122070312,213.34500122070312,278209,0
2026-05-13 15:45:00-04:00,213.27999877929688,214.0413055419922,213.07000732421875,213.3300018310547,302894,0
2026-05-13 15:50:00-04:00,213.3300018310547,213.4149932861328,212.16000366210938,213.11500549316406,580628,0
2026-05-13 15:55:00-04:00,213.1199951171875,213.49000549316406,212.85000610351562,213.17999267578125,804626,0
2026-05-14 09:30:00-04:00,208.31500244140625,209.44000244140625,201.10000610351562,202.3350067138672,2249633,0
2026-05-14 09:35:00-04:00,202.36000061035156,207.91000366210938,202.19000244140625,207.19000244140625,647593,0
2026-05-14 09:40:00-04:00,207.08999633789062,208.8800048828125,206.82009887695312,208.4499969482422,421371,0
2026-05-14 09:45:00-04:00,208.36500549316406,208.74989318847656,205.77000427246094,207.13999938964844,629807,0
2026-05-14 09:50:00-04:00,206.9001007080078,207.73280334472656,203.75,203.77499389648438,451128,0
2026-05-14 09:55:00-04:00,203.85000610351562,205.25180053710938,203.12469482421875,203.2550048828125,486393,0
2026-05-14 10:00:00-04:00,203.2550048828125,205.07000732421875,203.17269897460938,203.7899932861328,352167,0
2026-05-14 10:05:00-04:00,203.97000122070312,204.7799072265625,201.64999389648438,201.8000030517578,573483,0
2026-05-14 10:10:00-04:00,201.99000549316406,204.22999572753906,201.8000030517578,203.69000244140625,356694,0
2026-05-14 10:15:00-04:00,203.69000244140625,204.4243927001953,201.9550018310547,202.19000244140625,412229,0
2026-05-14 10:20:00-04:00,202.08999633789062,203.5594940185547,201.85000610351562,203.32000732421875,351893,0
2026-05-14 10:25:00-04:00,203.32000732421875,204.6699981689453,203.0399932861328,203.16000366210938,197602,0
2026-05-14 10:30:00-04:00,203.0800018310547,203.98989868164062,202.83999633789062,203.4600067138672,236116,0
2026-05-14 10:35:00-04:00,203.6199951171875,204.9499969482422,203.58009338378906,204.69500732421875,242906,0
2026-05-14 10:40:00-04:00,204.69500732421875,204.889892578125,203.8699951171875,204.17999267578125,229016,0
2026-05-14 10:45:00-04:00,204.08999633789062,204.08999633789062,203.19000244140625,203.78939819335938,193038,0
2026-05-14 10:50:00-04:00,203.75,204.3699951171875,203.50999450683594,203.76499938964844,405772,0
2026-05-14 10:55:00-04:00,203.77999877929688,204.13999938964844,202.82000732421875,203.02000427246094,229355,0
2026-05-14 11:00:00-04:00,203.02999877929688,203.77000427246094,202.8000030517578,202.9499969482422,163070,0
2026-05-14 11:05:00-04:00,202.9149932861328,203.67559814453125,202.6300048828125,203.58200073242188,225431,0
2026-05-14 11:10:00-04:00,203.5800018310547,203.94000244140625,203.08999633789062,203.08999633789062,181966,0
2026-05-14 11:15:00-04:00,203.08999633789062,203.9799041748047,203.0,203.44500732421875,195776,0
2026-05-14 11:20:00-04:00,203.3101043701172,203.66000366210938,202.63999938964844,202.91000366210938,220945,0
2026-05-14 11:25:00-04:00,202.8800048828125,203.75999450683594,202.63999938964844,203.75,380238,0
2026-05-14 11:30:00-04:00,203.6300048828125,203.8300018310547,202.3000030517578,202.49000549316406,275283,0
2026-05-14 11:35:00-04:00,202.52999877929688,203.5,202.36439514160156,203.1300048828125,191044,0
2026-05-14 11:40:00-04:00,203.1300048828125,203.88999938964844,202.9949951171875,203.8300018310547,231643,0
2026-05-14 11:45:00-04:00,203.75,203.82000732421875,201.8000030517578,201.8300018310547,301323,0
2026-05-14 11:50:00-04:00,201.8699951171875,202.49989318847656,201.39999389648438,202.30999755859375,263910,0
2026-05-14 11:55:00-04:00,202.39999389648438,202.57000732421875,201.6699981689453,201.8000030517578,178715,0
2026-05-14 12:00:00-04:00,201.8300018310547,202.4499969482422,201.6199951171875,201.77999877929688,189611,0
2026-05-14 12:05:00-04:00,201.7550048828125,202.4149932861328,201.51010131835938,202.28500366210938,193756,0
2026-05-14 12:10:00-04:00,202.36000061035156,203.14990234375,202.2899932861328,202.85499572753906,232059,0
2026-05-14 12:15:00-04:00,202.8800048828125,204.10000610351562,202.75999450683594,203.69000244140625,208914,0
2026-05-14 12:20:00-04:00,203.76499938964844,204.4208984375,203.74000549316406,204.22999572753906,213198,0
2026-05-14 12:25:00-04:00,204.25,204.5500030517578,203.92999267578125,204.07069396972656,203526,0
2026-05-14 12:30:00-04:00,204.30349731445312,204.89999389648438,204.02999877929688,204.5449981689453,214830,0
2026-05-14 12:35:00-04:00,204.44000244140625,204.79989624023438,204.22999572753906,204.61990356445312,131231,0
2026-05-14 12:40:00-04:00,204.41000366210938,204.86000061035156,204.1999969482422,204.25999450683594,121271,0
2026-05-14 12:45:00-04:00,204.25999450683594,204.61000061035156,203.00999450683594,203.2899932861328,202971,0
2026-05-14 12:50:00-04:00,203.2899932861328,203.2899932861328,202.5,202.88999938964844,151307,0
2026-05-14 12:55:00-04:00,202.8800048828125,203.13999938964844,202.10000610351562,202.75,137571,0
2026-05-14 13:00:00-04:00,202.75999450683594,202.86000061035156,202.1999969482422,202.30990600585938,136139,0
2026-05-14 13:05:00-04:00,202.30999755859375,202.30999755859375,201.32000732421875,201.47999572753906,337046,0
2026-05-14 13:10:00-04:00,201.42999267578125,202.25,201.02000427246094,201.7050018310547,185181,0
2026-05-14 13:15:00-04:00,201.77000427246094,201.9499053955078,200.3800048828125,200.3800048828125,275883,0
2026-05-14 13:20:00-04:00,200.4199981689453,201.639892578125,200.3300018310547,200.42999267578125,216195,0
2026-05-14 13:25:00-04:00,200.44000244140625,200.52000427246094,199.66000366210938,200.0800018310547,361980,0
2026-05-14 13:30:00-04:00,200.1199951171875,200.80999755859375,199.93380737304688,200.4149932861328,137646,0
2026-05-14 13:35:00-04:00,200.4199981689453,201.12989807128906,200.33999633789062,200.33999633789062,156351,0
2026-05-14 13:40:00-04:00,200.375,201.5,200.33999633789062,201.31500244140625,223564,0
2026-05-14 13:45:00-04:00,201.31500244140625,201.6699981689453,200.5500030517578,200.80499267578125,240016,0
2026-05-14 13:50:00-04:00,200.80499267578125,201.3000030517578,200.5399932861328,201.2899932861328,158780,0
2026-05-14 13:55:00-04:00,201.22999572753906,202.24000549316406,201.14999389648438,201.84500122070312,238272,0
2026-05-14 14:00:00-04:00,201.6999969482422,201.84500122070312,200.2899932861328,200.50999450683594,157310,0
2026-05-14 14:05:00-04:00,200.5,200.83999633789062,200.4499969482422,200.6999969482422,105077,0
2026-05-14 14:10:00-04:00,200.61520385742188,201.5572967529297,200.61000061035156,201.32000732421875,118217,0
2026-05-14 14:15:00-04:00,201.39999389648438,201.9199981689453,201.1300048828125,201.875,549983,0
2026-05-14 14:20:00-04:00,201.8800048828125,202.50999450683594,201.32000732421875,201.4600067138672,185220,0
2026-05-14 14:25:00-04:00,201.4600067138672,202.74989318847656,201.3000030517578,202.57000732421875,162834,0
2026-05-14 14:30:00-04:00,202.57000732421875,202.8800048828125,201.77999877929688,202.0050048828125,111498,0
2026-05-14 14:35:00-04:00,201.9300994873047,202.1999969482422,201.4499969482422,201.5238037109375,180021,0
2026-05-14 14:40:00-04:00,201.61000061035156,201.68629455566406,201.1999969482422,201.375,65642,0
2026-05-14 14:45:00-04:00,201.4499969482422,202.3000030517578,201.19000244140625,202.2100067138672,109849,0
2026-05-14 14:50:00-04:00,202.22999572753906,202.94000244140625,202.16180419921875,202.6999969482422,115733,0
2026-05-14 14:55:00-04:00,202.58680725097656,202.66250610351562,201.6999969482422,202.05999755859375,167596,0
2026-05-14 15:00:00-04:00,202.10000610351562,202.50999450683594,201.360107421875,201.63999938964844,179858,0
2026-05-14 15:05:00-04:00,201.61000061035156,202.0,201.57000732421875,201.63499450683594,178197,0
2026-05-14 15:10:00-04:00,201.60000610351562,201.8498992919922,201.30999755859375,201.7550048828125,148422,0
2026-05-14 15:15:00-04:00,201.6999969482422,201.80999755859375,201.4600067138672,201.72000122070312,132053,0
2026-05-14 15:20:00-04:00,201.7100067138672,201.97999572753906,201.41000366210938,201.5050048828125,110633,0
2026-05-14 15:25:00-04:00,201.49000549316406,201.58680725097656,200.77000427246094,200.97000122070312,160906,0
2026-05-14 15:30:00-04:00,201.0050048828125,201.5500030517578,200.83999633789062,201.38999938964844,177045,0
2026-05-14 15:35:00-04:00,201.38999938964844,201.92999267578125,201.1800994873047,201.6699981689453,267596,0
2026-05-14 15:40:00-04:00,201.65919494628906,201.7799072265625,201.05999755859375,201.33599853515625,159164,0
2026-05-14 15:45:00-04:00,201.27000427246094,202.25999450683594,201.14999389648438,202.02000427246094,230607,0
2026-05-14 15:50:00-04:00,201.9600067138672,201.9600067138672,200.4499969482422,200.9199981689453,474865,0
2026-05-14 15:55:00-04:00,200.99000549316406,201.0,199.8000030517578,199.83999633789062,1044719,0
2026-05-15 09:30:00-04:00,201.64999389648438,205.0,200.0399932861328,202.07749938964844,2556908,0
2026-05-15 09:35:00-04:00,202.0449981689453,203.5800018310547,201.03640747070312,203.3699951171875,444879,0
2026-05-15 09:40:00-04:00,203.3699951171875,204.89999389648438,201.5,202.02000427246094,575410,0
2026-05-15 09:45:00-04:00,201.86000061035156,203.57000732421875,200.3800048828125,203.3699951171875,555254,0
2026-05-15 09:50:00-04:00,202.97000122070312,206.72999572753906,201.77000427246094,206.57000732421875,728234,0
2026-05-15 09:55:00-04:00,206.66000366210938,207.39999389648438,202.63009643554688,202.63009643554688,717844,0
2026-05-15 10:00:00-04:00,202.82000732421875,204.61000061035156,202.4001007080078,203.22500610351562,394839,0
2026-05-15 10:05:00-04:00,203.22509765625,203.92990112304688,202.4499969482422,202.9499969482422,290660,0
2026-05-15 10:10:00-04:00,202.9499969482422,203.87989807128906,201.10000610351562,203.3300018310547,408781,0
2026-05-15 10:15:00-04:00,203.30499267578125,205.58999633789062,202.58999633789062,205.06500244140625,348214,0
2026-05-15 10:20:00-04:00,205.05999755859375,206.5,204.93499755859375,205.7449951171875,299778,0
2026-05-15 10:25:00-04:00,205.6199951171875,206.27000427246094,204.75999450683594,205.25,257983,0
2026-05-15 10:30:00-04:00,205.4499969482422,206.11000061035156,204.30999755859375,205.10000610351562,212233,0
2026-05-15 10:35:00-04:00,205.1999969482422,205.89999389648438,204.76010131835938,205.42999267578125,140384,0
2026-05-15 10:40:00-04:00,205.3000030517578,206.88999938964844,205.3000030517578,206.72999572753906,247448,0
2026-05-15 10:45:00-04:00,206.8000030517578,207.0,205.39999389648438,205.49000549316406,270506,0
2026-05-15 10:50:00-04:00,205.49000549316406,205.88999938964844,204.33200073242188,204.6999969482422,226757,0
2026-05-15 10:55:00-04:00,204.83999633789062,205.47999572753906,203.9199981689453,203.92999267578125,165841,0
2026-05-15 11:00:00-04:00,203.9199981689453,204.80999755859375,203.68499755859375,204.39999389648438,128726,0
2026-05-15 11:05:00-04:00,204.39999389648438,204.47999572753906,203.50999450683594,204.13999938964844,121809,0
2026-05-15 11:10:00-04:00,204.19500732421875,204.1999969482422,202.27000427246094,202.9499969482422,303700,0
2026-05-15 11:15:00-04:00,202.85499572753906,203.1300048828125,202.1999969482422,202.47999572753906,167564,0
2026-05-15 11:20:00-04:00,202.47999572753906,203.58999633789062,202.30259704589844,202.34500122070312,131681,0
2026-05-15 11:25:00-04:00,202.42999267578125,203.67999267578125,202.1699981689453,202.86000061035156,160874,0
2026-05-15 11:30:00-04:00,202.85000610351562,202.97999572753906,201.3000030517578,201.3000030517578,269175,0
2026-05-15 11:35:00-04:00,201.25999450683594,202.2949981689453,201.2259979248047,201.71499633789062,183069,0
2026-05-15 11:40:00-04:00,201.72000122070312,201.72000122070312,199.60000610351562,199.6699981689453,285410,0
2026-05-15 11:45:00-04:00,199.75,200.75999450683594,199.52999877929688,200.52000427246094,188066,0
2026-05-15 11:50:00-04:00,200.50999450683594,200.69000244140625,199.60000610351562,199.6699981689453,165191,0
2026-05-15 11:55:00-04:00,199.64999389648438,200.25,199.16000366210938,199.7100067138672,170028,0
2026-05-15 12:00:00-04:00,199.71499633789062,201.0800018310547,199.71499633789062,200.99000549316406,127369,0
2026-05-15 12:05:00-04:00,201.0,201.33999633789062,200.32000732421875,200.97500610351562,150280,0
2026-05-15 12:10:00-04:00,200.97999572753906,201.14999389648438,200.41000366210938,200.99000549316406,80282,0
2026-05-15 12:15:00-04:00,200.83999633789062,200.9499969482422,200.1999969482422,200.41000366210938,69057,0
2026-05-15 12:20:00-04:00,200.33999633789062,201.0399932861328,200.3000030517578,200.97000122070312,102437,0
2026-05-15 12:25:00-04:00,201.04989624023438,201.44000244140625,200.57000732421875,200.83999633789062,590686,0
2026-05-15 12:30:00-04:00,200.8699951171875,201.47000122070312,200.64999389648438,201.4499969482422,68648,0
2026-05-15 12:35:00-04:00,201.375,201.42999267578125,200.7100067138672,201.018798828125,170203,0
2026-05-15 12:40:00-04:00,200.97500610351562,201.75999450683594,200.8000030517578,201.3300018310547,121415,0
2026-05-15 12:45:00-04:00,201.35000610351562,202.32000732421875,201.32000732421875,201.75999450683594,127346,0
2026-05-15 12:50:00-04:00,201.8000030517578,202.05499267578125,201.22000122070312,201.22000122070312,79772,0
2026-05-15 12:55:00-04:00,201.34500122070312,202.3300018310547,201.3249969482422,202.05799865722656,135074,0
2026-05-15 13:00:00-04:00,202.02000427246094,202.10000610351562,201.62010192871094,202.10000610351562,67396,0
2026-05-15 13:05:00-04:00,202.13999938964844,202.86000061035156,202.07000732421875,202.7899932861328,134565,0
2026-05-15 13:10:00-04:00,202.6999969482422,203.4949951171875,202.60000610351562,203.4199981689453,140467,0
2026-05-15 13:15:00-04:00,203.4149932861328,203.5500030517578,202.6649932861328,203.1699981689453,124299,0
2026-05-15 13:20:00-04:00,203.19500732421875,203.60000610351562,203.0399932861328,203.5399932861328,116177,0
2026-05-15 13:25:00-04:00,203.58999633789062,204.0,203.57000732421875,203.89500427246094,117483,0
2026-05-15 13:30:00-04:00,203.83999633789062,204.0,203.46009826660156,203.9600067138672,106241,0
2026-05-15 13:35:00-04:00,203.89999389648438,205.2100067138672,203.82000732421875,205.1750030517578,172674,0
2026-05-15 13:40:00-04:00,205.24989318847656,205.47999572753906,205.02000427246094,205.4600067138672,183589,0
2026-05-15 13:45:00-04:00,205.39500427246094,205.7899932861328,203.65199279785156,203.7550048828125,255982,0
2026-05-15 13:50:00-04:00,203.6699981689453,204.39999389648438,203.6699981689453,204.1842041015625,115779,0
2026-05-15 13:55:00-04:00,204.14999389648438,204.85000610351562,204.01499938964844,204.77999877929688,579231,0
2026-05-15 14:00:00-04:00,204.71009826660156,205.10740661621094,204.21009826660156,204.38499450683594,121398,0
2026-05-15 14:05:00-04:00,204.35000610351562,205.5989990234375,204.35000610351562,205.3800048828125,206440,0
2026-05-15 14:10:00-04:00,205.4199981689453,205.64999389648438,204.97000122070312,205.22500610351562,146921,0
2026-05-15 14:15:00-04:00,205.22500610351562,205.2899932861328,204.16000366210938,204.39999389648438,126928,0
2026-05-15 14:20:00-04:00,204.27999877929688,205.0,204.17999267578125,204.76499938964844,154643,0
2026-05-15 14:25:00-04:00,204.67999267578125,204.82000732421875,203.86000061035156,204.36000061035156,132468,0
2026-05-15 14:30:00-04:00,204.3300018310547,204.97000122070312,203.8000030517578,204.82000732421875,178325,0
2026-05-15 14:35:00-04:00,204.88499450683594,205.22000122070312,204.52999877929688,204.93499755859375,74081,0
2026-05-15 14:40:00-04:00,204.8699951171875,205.1999969482422,204.8699951171875,205.17010498046875,67969,0
2026-05-15 14:45:00-04:00,205.1699981689453,205.35499572753906,204.50999450683594,204.6300048828125,172768,0
2026-05-15 14:50:00-04:00,204.7449951171875,205.48989868164062,204.6199951171875,205.40499877929688,140757,0
2026-05-15 14:55:00-04:00,205.3300018310547,205.5399932861328,204.82000732421875,205.14439392089844,129534,0
2026-05-15 15:00:00-04:00,205.1699981689453,205.27999877929688,204.85000610351562,205.16000366210938,80351,0
2026-05-15 15:05:00-04:00,205.08999633789062,205.22000122070312,204.0399932861328,204.27999877929688,141877,0
2026-05-15 15:10:00-04:00,204.2899932861328,205.1300048828125,204.20010375976562,204.80999755859375,100255,0
2026-05-15 15:15:00-04:00,204.8300018310547,205.14990234375,204.1199951171875,204.32000732421875,147571,0
2026-05-15 15:20:00-04:00,204.375,204.98989868164062,204.2801055908203,204.6999969482422,107093,0
2026-05-15 15:25:00-04:00,204.63499450683594,204.9600067138672,204.3699951171875,204.57000732421875,109998,0
2026-05-15 15:30:00-04:00,204.5500030517578,205.19839477539062,204.5,205.0500030517578,142547,0
2026-05-15 15:35:00-04:00,205.0749969482422,205.10000610351562,204.5399932861328,204.94000244140625,123787,0
2026-05-15 15:40:00-04:00,204.90249633789062,205.02000427246094,204.25,204.2899932861328,172335,0
2026-05-15 15:45:00-04:00,204.32000732421875,204.5449981689453,203.95750427246094,204.36500549316406,203866,0
2026-05-15 15:50:00-04:00,204.2100067138672,204.7198944091797,202.7899932861328,202.88999938964844,511059,0
2026-05-15 15:55:00-04:00,202.69000244140625,202.88999938964844,201.3000030517578,201.47999572753906,1963318,0
2026-05-18 09:30:00-04:00,206.8179931640625,210.67999267578125,204.5800018310547,207.4199981689453,1632810,0
2026-05-18 09:35:00-04:00,207.4199981689453,208.5,203.69000244140625,204.47000122070312,384060,0
2026-05-18 09:40:00-04:00,204.65589904785156,205.4199981689453,200.10000610351562,200.3350067138672,585563,0
2026-05-18 09:45:00-04:00,200.36000061035156,200.61990356445312,198.0,198.17010498046875,551969,0
2026-05-18 09:50:00-04:00,198.10009765625,200.72000122070312,198.10009765625,200.38499450683594,370239,0
2026-05-18 09:55:00-04:00,200.49000549316406,200.88999938964844,199.25050354003906,199.25050354003906,394463,0
2026-05-18 10:00:00-04:00,199.38999938964844,199.58999633789062,196.95249938964844,198.74000549316406,441281,0
2026-05-18 10:05:00-04:00,198.72000122070312,201.22500610351562,198.52000427246094,200.36000061035156,210760,0
2026-05-18 10:10:00-04:00,200.05999755859375,201.83859252929688,199.97999572753906,201.5,200190,0
2026-05-18 10:15:00-04:00,201.6300048828125,202.1898956298828,198.1300048828125,198.83009338378906,242568,0
2026-05-18 10:20:00-04:00,199.0449981689453,199.5500030517578,197.10000610351562,197.2949981689453,208772,0
2026-05-18 10:25:00-04:00,197.16000366210938,197.41000366210938,196.39999389648438,196.64010620117188,285437,0
2026-05-18 10:30:00-04:00,196.77999877929688,197.10000610351562,194.16000366210938,194.30999755859375,453367,0
2026-05-18 10:35:00-04:00,194.67999267578125,195.2899932861328,194.0,194.78500366210938,359920,0
2026-05-18 10:40:00-04:00,194.7949981689453,195.6999969482422,193.9600067138672,194.97500610351562,216611,0
2026-05-18 10:45:00-04:00,195.0,195.3800048828125,193.77000427246094,194.05499267578125,321108,0
2026-05-18 10:50:00-04:00,194.14999389648438,195.4499969482422,193.8000030517578,193.9600067138672,156263,0
2026-05-18 10:55:00-04:00,193.9600067138672,195.12989807128906,193.5800018310547,194.72000122070312,276551,0
2026-05-18 11:00:00-04:00,194.77000427246094,196.94700622558594,194.6199951171875,196.8000030517578,317855,0
2026-05-18 11:05:00-04:00,196.91000366210938,196.91000366210938,195.0467071533203,195.19000244140625,173279,0
2026-05-18 11:10:00-04:00,195.0321044921875,196.63999938964844,195.00999450683594,196.10000610351562,177556,0
2026-05-18 11:15:00-04:00,196.10000610351562,196.1923065185547,195.34010314941406,195.7899932861328,82537,0
2026-05-18 11:20:00-04:00,195.74000549316406,196.39999389648438,195.6699981689453,196.15499877929688,102248,0
2026-05-18 11:25:00-04:00,196.14500427246094,196.77000427246094,195.0,195.0399932861328,133085,0
2026-05-18 11:30:00-04:00,194.98500061035156,196.39999389648438,194.69000244140625,196.29249572753906,167009,0
2026-05-18 11:35:00-04:00,196.38999938964844,197.89999389648438,196.28500366210938,197.39999389648438,294731,0
2026-05-18 11:40:00-04:00,197.39999389648438,198.5,197.38499450683594,197.61000061035156,219565,0
2026-05-18 11:45:00-04:00,197.69960021972656,198.49000549316406,197.3699951171875,198.21499633789062,122939,0
2026-05-18 11:50:00-04:00,198.2100067138672,198.3699951171875,197.31930541992188,198.01499938964844,114135,0
2026-05-18 11:55:00-04:00,198.08999633789062,198.27999877929688,197.5399932861328,197.875,78346,0
2026-05-18 12:00:00-04:00,197.9149932861328,197.92919921875,197.0,197.64500427246094,84064,0
2026-05-18 12:05:00-04:00,197.63999938964844,197.95989990234375,197.22999572753906,197.77999877929688,98243,0
2026-05-18 12:10:00-04:00,197.77999877929688,198.6699981689453,197.6999969482422,198.3498992919922,137198,0
2026-05-18 12:15:00-04:00,198.33999633789062,198.83999633789062,198.24510192871094,198.58560180664062,87816,0
2026-05-18 12:20:00-04:00,198.6699981689453,199.30999755859375,197.8448028564453,198.35000610351562,92710,0
2026-05-18 12:25:00-04:00,198.35499572753906,198.35499572753906,196.91439819335938,197.1199951171875,236275,0
2026-05-18 12:30:00-04:00,197.0399932861328,197.6999053955078,196.73919677734375,197.2550048828125,76810,0
2026-05-18 12:35:00-04:00,197.2100067138672,198.27000427246094,197.1699981689453,197.73500061035156,74287,0
2026-05-18 12:40:00-04:00,197.72999572753906,198.14999389648438,197.50010681152344,197.64500427246094,83450,0
2026-05-18 12:45:00-04:00,197.69000244140625,198.0500030517578,197.63510131835938,197.69630432128906,60087,0
2026-05-18 12:50:00-04:00,197.74000549316406,199.01499938964844,197.6699981689453,198.9499969482422,79808,0
2026-05-18 12:55:00-04:00,198.9149932861328,199.24989318847656,198.72000122070312,198.75120544433594,101494,0
2026-05-18 13:00:00-04:00,198.7899932861328,199.60000610351562,198.3699951171875,199.3468017578125,106366,0
2026-05-18 13:05:00-04:00,199.18499755859375,199.63999938964844,198.86000061035156,199.22500610351562,161596,0
2026-05-18 13:10:00-04:00,199.1501007080078,199.97000122070312,199.1501007080078,199.6699981689453,109915,0
2026-05-18 13:15:00-04:00,199.7100067138672,199.7100067138672,198.81089782714844,199.03500366210938,133031,0
2026-05-18 13:20:00-04:00,199.03500366210938,199.38999938964844,198.60499572753906,198.85000610351562,78808,0
2026-05-18 13:25:00-04:00,198.88999938964844,199.5050048828125,198.5399932861328,199.5050048828125,161965,0
2026-05-18 13:30:00-04:00,199.5,199.82000732421875,198.8300018310547,199.64500427246094,113617,0
2026-05-18 13:35:00-04:00,199.63999938964844,200.23989868164062,199.25999450683594,200.125,102643,0
2026-05-18 13:40:00-04:00,200.17999267578125,201.8000030517578,200.125,201.47000122070312,164203,0
2026-05-18 13:45:00-04:00,201.47000122070312,201.50999450683594,200.6199951171875,200.77999877929688,110855,0
2026-05-18 13:50:00-04:00,200.77999877929688,200.85000610351562,200.33999633789062,200.72500610351562,94447,0
2026-05-18 13:55:00-04:00,200.72500610351562,202.10000610351562,200.60009765625,201.86000061035156,124047,0
2026-05-18 14:00:00-04:00,201.86000061035156,202.08999633789062,201.25,201.4499969482422,130242,0
2026-05-18 14:05:00-04:00,201.48500061035156,201.90989685058594,200.64999389648438,200.72500610351562,122661,0
2026-05-18 14:10:00-04:00,200.75999450683594,201.1999969482422,200.5,200.91000366210938,132414,0
2026-05-18 14:15:00-04:00,200.75999450683594,200.91000366210938,200.1199951171875,200.42999267578125,110967,0
2026-05-18 14:20:00-04:00,200.4499969482422,200.7100067138672,200.11000061035156,200.2100067138672,91482,0
2026-05-18 14:25:00-04:00,200.2100067138672,200.61500549316406,199.72999572753906,200.57000732421875,76436,0
2026-05-18 14:30:00-04:00,200.69000244140625,201.1199951171875,200.36000061035156,200.69000244140625,78492,0
2026-05-18 14:35:00-04:00,200.72999572753906,201.4600067138672,200.20010375976562,200.41000366210938,140586,0
2026-05-18 14:40:00-04:00,200.38009643554688,200.72000122070312,200.0500030517578,200.7100067138672,71978,0
2026-05-18 14:45:00-04:00,200.8000030517578,200.8300018310547,199.9499969482422,199.9499969482422,129733,0
2026-05-18 14:50:00-04:00,200.02999877929688,200.22000122070312,199.75,199.89999389648438,74750,0
2026-05-18 14:55:00-04:00,199.82000732421875,200.72000122070312,199.6649932861328,200.52000427246094,113556,0
2026-05-18 15:00:00-04:00,200.5800018310547,202.65989685058594,200.5,201.7873992919922,202936,0
2026-05-18 15:05:00-04:00,201.875,202.22999572753906,200.97000122070312,201.8000030517578,121231,0
2026-05-18 15:10:00-04:00,201.88999938964844,202.16000366210938,201.0500030517578,201.12100219726562,146199,0
2026-05-18 15:15:00-04:00,201.22000122070312,201.25999450683594,200.39500427246094,200.4499969482422,130392,0
2026-05-18 15:20:00-04:00,200.61000061035156,201.2698974609375,200.4499969482422,200.89999389648438,147461,0
2026-05-18 15:25:00-04:00,200.94500732421875,201.7050018310547,200.91000366210938,201.49009704589844,132106,0
2026-05-18 15:30:00-04:00,201.55999755859375,202.5,201.39999389648438,201.8000030517578,199443,0
2026-05-18 15:35:00-04:00,201.86000061035156,203.4499969482422,201.71009826660156,203.44900512695312,351087,0
2026-05-18 15:40:00-04:00,203.4499969482422,203.8800048828125,203.0500030517578,203.38650512695312,341683,0
2026-05-18 15:45:00-04:00,203.4199981689453,204.44000244140625,203.30999755859375,203.55999755859375,353130,0
2026-05-18 15:50:00-04:00,203.57000732421875,204.83999633789062,203.11000061035156,204.83999633789062,487808,0
2026-05-18 15:55:00-04:00,204.77000427246094,204.77000427246094,203.35000610351562,203.6699981689453,1014914,0
2026-05-19 09:30:00-04:00,197.67999267578125,200.17999267578125,196.23199462890625,197.7449951171875,1265335,0
2026-05-19 09:35:00-04:00,197.7050018310547,201.5,197.11000061035156,199.6750030517578,505361,0
2026-05-19 09:40:00-04:00,199.6472930908203,199.9499969482422,197.3000030517578,197.6999969482422,310934,0
2026-05-19 09:45:00-04:00,197.55999755859375,198.14999389648438,196.4114990234375,197.2050018310547,234340,0
2026-05-19 09:50:00-04:00,197.21499633789062,197.60000610351562,196.0,196.44000244140625,235252,0
2026-05-19 09:55:00-04:00,196.5,197.02999877929688,195.5800018310547,195.69500732421875,225782,0
2026-05-19 10:00:00-04:00,195.74000549316406,196.33999633789062,195.02000427246094,195.4199981689453,324814,0
2026-05-19 10:05:00-04:00,195.63999938964844,195.66000366210938,192.36000061035156,192.60000610351562,506175,0
2026-05-19 10:10:00-04:00,192.6300048828125,193.5,191.8000030517578,191.99000549316406,438384,0
2026-05-19 10:15:00-04:00,192.08009338378906,192.17999267578125,191.02000427246094,191.8800048828125,507461,0
2026-05-19 10:20:00-04:00,191.74000549316406,192.48989868164062,191.110107421875,192.1649932861328,432459,0
2026-05-19 10:25:00-04:00,192.24000549316406,193.77000427246094,191.99000549316406,192.49000549316406,286803,0
2026-05-19 10:30:00-04:00,192.64999389648438,193.27999877929688,191.80999755859375,192.53500366210938,235403,0
2026-05-19 10:35:00-04:00,192.6300048828125,194.10000610351562,192.1999969482422,193.80499267578125,213423,0
2026-05-19 10:40:00-04:00,193.80499267578125,193.80499267578125,192.50999450683594,192.8800048828125,162522,0
2026-05-19 10:45:00-04:00,192.8800048828125,193.25,191.35400390625,191.4199981689453,199445,0
2026-05-19 10:50:00-04:00,191.4499969482422,193.9398956298828,191.36500549316406,193.69500732421875,254565,0
2026-05-19 10:55:00-04:00,193.60000610351562,193.60000610351562,192.19000244140625,193.24000549316406,197467,0
2026-05-19 11:00:00-04:00,193.3000030517578,194.9949951171875,193.11000061035156,194.75,369677,0
2026-05-19 11:05:00-04:00,194.5800018310547,194.74000549316406,192.99000549316406,193.47999572753906,163592,0
2026-05-19 11:10:00-04:00,193.4949951171875,194.1300048828125,193.1999969482422,193.67999267578125,112713,0
2026-05-19 11:15:00-04:00,193.82000732421875,194.95989990234375,193.6699981689453,193.72999572753906,161464,0
2026-05-19 11:20:00-04:00,193.71499633789062,194.94000244140625,193.1999969482422,193.36000061035156,267069,0
2026-05-19 11:25:00-04:00,193.27999877929688,194.3000030517578,193.04750061035156,194.13999938964844,150582,0
2026-05-19 11:30:00-04:00,194.08999633789062,195.17999267578125,194.0500030517578,194.1999969482422,189617,0
2026-05-19 11:35:00-04:00,194.1999969482422,195.22000122070312,194.11309814453125,195.1699981689453,160620,0
2026-05-19 11:40:00-04:00,195.2299041748047,195.94000244140625,194.97999572753906,195.81500244140625,173840,0
2026-05-19 11:45:00-04:00,195.8800048828125,196.0,194.8699951171875,195.0050048828125,114740,0
2026-05-19 11:50:00-04:00,195.0050048828125,195.72999572753906,194.89999389648438,195.1649932861328,482285,0
2026-05-19 11:55:00-04:00,195.13499450683594,195.62989807128906,194.9499969482422,195.4199981689453,182905,0
2026-05-19 12:00:00-04:00,195.47999572753906,196.30999755859375,195.27999877929688,196.27000427246094,125395,0
2026-05-19 12:05:00-04:00,196.22000122070312,196.22000122070312,195.4600067138672,195.5050048828125,63533,0
2026-05-19 12:10:00-04:00,195.4600067138672,196.0,195.1800994873047,195.47500610351562,72414,0
2026-05-19 12:15:00-04:00,195.4600067138672,196.07989501953125,195.4600067138672,195.75999450683594,69815,0
2026-05-19 12:20:00-04:00,195.76499938964844,196.07000732421875,195.360107421875,196.0449981689453,74998,0
2026-05-19 12:25:00-04:00,196.07000732421875,196.58990478515625,196.0301055908203,196.2899932861328,126402,0
2026-05-19 12:30:00-04:00,196.22000122070312,197.89999389648438,196.1999969482422,197.66000366210938,206585,0
2026-05-19 12:35:00-04:00,197.61000061035156,197.8498992919922,197.07000732421875,197.5,201413,0
2026-05-19 12:40:00-04:00,197.5399932861328,197.79989624023438,196.80520629882812,197.6199951171875,149927,0
2026-05-19 12:45:00-04:00,197.69000244140625,197.82000732421875,196.97999572753906,197.13999938964844,90738,0
2026-05-19 12:50:00-04:00,197.25,197.75,196.88999938964844,197.67999267578125,116185,0
2026-05-19 12:55:00-04:00,197.75999450683594,198.0,197.16000366210938,197.5399932861328,131602,0
2026-05-19 13:00:00-04:00,197.5500030517578,197.6649932861328,197.08999633789062,197.25,137028,0
2026-05-19 13:05:00-04:00,197.2550048828125,198.25,197.25039672851562,198.25,134312,0
2026-05-19 13:10:00-04:00,198.25,198.6199951171875,198.006103515625,198.50999450683594,177862,0
2026-05-19 13:15:00-04:00,198.5,199.88999938964844,198.5,199.72500610351562,201761,0
2026-05-19 13:20:00-04:00,199.66000366210938,200.10000610351562,199.25999450683594,199.52999877929688,239262,0
2026-05-19 13:25:00-04:00,199.52999877929688,199.56500244140625,198.82009887695312,199.19009399414062,124396,0
2026-05-19 13:30:00-04:00,199.2899932861328,199.91000366210938,199.22999572753906,199.27000427246094,77949,0
2026-05-19 13:35:00-04:00,199.27000427246094,199.9499969482422,199.00999450683594,199.7050018310547,145235,0
2026-05-19 13:40:00-04:00,199.8000030517578,199.9600067138672,199.4342041015625,199.61000061035156,78897,0
2026-05-19 13:45:00-04:00,199.61000061035156,199.610107421875,198.6999969482422,199.0399932861328,82619,0
2026-05-19 13:50:00-04:00,198.97999572753906,199.0449981689453,198.0200958251953,198.7449951171875,109209,0
2026-05-19 13:55:00-04:00,198.74000549316406,199.5449981689453,198.6300048828125,199.47999572753906,105272,0
2026-05-19 14:00:00-04:00,199.66000366210938,200.60000610351562,199.66000366210938,200.23500061035156,206535,0
2026-05-19 14:05:00-04:00,200.27000427246094,200.45989990234375,200.11000061035156,200.22999572753906,58836,0
2026-05-19 14:10:00-04:00,200.25,200.25999450683594,199.66000366210938,199.90499877929688,100150,0
2026-05-19 14:15:00-04:00,199.91000366210938,200.25999450683594,199.2550048828125,199.25999450683594,102003,0
2026-05-19 14:20:00-04:00,199.4149932861328,199.4149932861328,198.4029998779297,198.47000122070312,109474,0
2026-05-19 14:25:00-04:00,198.44000244140625,199.23500061035156,198.4199981689453,198.76499938964844,112008,0
2026-05-19 14:30:00-04:00,198.6999969482422,200.35000610351562,198.6649932861328,199.7449951171875,143306,0
2026-05-19 14:35:00-04:00,199.89999389648438,200.17999267578125,199.5399932861328,199.64999389648438,106577,0
2026-05-19 14:40:00-04:00,199.65499877929688,199.74000549316406,198.58999633789062,198.8300018310547,110978,0
2026-05-19 14:45:00-04:00,198.97999572753906,199.6649932861328,198.74000549316406,199.63499450683594,71480,0
2026-05-19 14:50:00-04:00,199.60000610351562,199.72500610351562,199.2100067138672,199.27999877929688,47628,0
2026-05-19 14:55:00-04:00,199.2100067138672,199.5749969482422,199.16000366210938,199.4600067138672,113392,0
2026-05-19 15:00:00-04:00,199.4600067138672,199.9398956298828,199.44500732421875,199.69500732421875,81899,0
2026-05-19 15:05:00-04:00,199.71499633789062,200.07000732421875,199.5850067138672,199.80999755859375,93851,0
2026-05-19 15:10:00-04:00,199.80999755859375,200.375,199.75999450683594,200.27499389648438,111349,0
2026-05-19 15:15:00-04:00,200.25999450683594,200.32000732421875,199.3300018310547,199.3800048828125,88543,0
2026-05-19 15:20:00-04:00,199.43499755859375,199.5,198.25,198.36500549316406,160258,0
2026-05-19 15:25:00-04:00,198.30999755859375,198.36000061035156,197.77000427246094,198.02000427246094,156109,0
2026-05-19 15:30:00-04:00,198.02000427246094,198.5500030517578,197.6999969482422,198.03500366210938,129538,0
2026-05-19 15:35:00-04:00,198.10000610351562,198.24000549316406,197.32000732421875,197.50999450683594,156338,0
2026-05-19 15:40:00-04:00,197.56500244140625,197.5800018310547,196.8800048828125,197.0,143057,0
2026-05-19 15:45:00-04:00,196.89999389648438,197.13999938964844,196.2899932861328,196.4199981689453,217405,0
2026-05-19 15:50:00-04:00,196.36000061035156,196.4199981689453,195.60000610351562,196.1750030517578,406796,0
2026-05-19 15:55:00-04:00,196.11000061035156,196.6999969482422,195.1300048828125,195.6300048828125,1229437,0
2026-05-20 09:30:00-04:00,197.0,199.5,195.3300018310547,196.2899932861328,1083514,0
2026-05-20 09:35:00-04:00,196.2899932861328,196.57000732421875,194.0,196.28500366210938,319347,0
2026-05-20 09:40:00-04:00,196.2996063232422,198.80999755859375,195.7200927734375,198.30499267578125,298380,0
2026-05-20 09:45:00-04:00,198.1999969482422,198.77999877929688,196.36000061035156,196.99000549316406,328582,0
2026-05-20 09:50:00-04:00,196.75,198.625,196.1300048828125,196.38999938964844,404742,0
2026-05-20 09:55:00-04:00,196.41000366210938,196.88999938964844,195.35000610351562,196.77000427246094,308210,0
2026-05-20 10:00:00-04:00,196.81500244140625,197.97000122070312,196.08999633789062,197.44000244140625,216571,0
2026-05-20 10:05:00-04:00,197.35049438476562,200.5,197.35049438476562,200.08999633789062,326227,0
2026-05-20 10:10:00-04:00,199.9102020263672,201.63999938964844,199.32000732421875,200.80499267578125,495645,0
2026-05-20 10:15:00-04:00,200.8000030517578,202.74000549316406,199.88009643554688,202.00999450683594,488158,0
2026-05-20 10:20:00-04:00,202.0,202.58999633789062,200.30999755859375,200.5449981689453,449776,0
2026-05-20 10:25:00-04:00,200.3000030517578,202.24000549316406,200.3000030517578,202.24000549316406,256301,0
2026-05-20 10:30:00-04:00,202.24000549316406,202.94000244140625,201.63999938964844,202.09500122070312,456291,0
2026-05-20 10:35:00-04:00,202.02000427246094,202.16000366210938,200.25999450683594,200.7100067138672,305040,0
2026-05-20 10:40:00-04:00,200.7100067138672,201.7299041748047,200.52999877929688,201.54989624023438,223786,0
2026-05-20 10:45:00-04:00,201.5399932861328,201.94000244140625,200.5,200.5,181768,0
2026-05-20 10:50:00-04:00,200.52999877929688,200.69000244140625,200.0500030517578,200.35000610351562,229467,0
2026-05-20 10:55:00-04:00,200.25,200.47000122070312,199.5,199.52999877929688,124372,0
2026-05-20 11:00:00-04:00,199.50999450683594,200.6199951171875,198.62750244140625,198.86000061035156,246290,0
2026-05-20 11:05:00-04:00,198.743896484375,199.8000030517578,198.743896484375,199.52999877929688,121607,0
2026-05-20 11:10:00-04:00,199.57000732421875,200.389892578125,199.3000030517578,200.2100067138672,209297,0
2026-05-20 11:15:00-04:00,200.375,201.27999877929688,200.10000610351562,200.82000732421875,240037,0
2026-05-20 11:20:00-04:00,200.88499450683594,200.9600067138672,199.94009399414062,200.22999572753906,165131,0
2026-05-20 11:25:00-04:00,200.1699981689453,200.77000427246094,200.02000427246094,200.6999969482422,112305,0
2026-05-20 11:30:00-04:00,200.6999969482422,200.91000366210938,200.1199951171875,200.25,89777,0
2026-05-20 11:35:00-04:00,200.32000732421875,200.74749755859375,200.1199951171875,200.34500122070312,107016,0
2026-05-20 11:40:00-04:00,200.34500122070312,200.57000732421875,200.19000244140625,200.4499969482422,66410,0
2026-05-20 11:45:00-04:00,200.4499969482422,200.9199981689453,200.1199951171875,200.5449981689453,111929,0
2026-05-20 11:50:00-04:00,200.4678955078125,200.75,200.2899932861328,200.74000549316406,92022,0
2026-05-20 11:55:00-04:00,200.8300018310547,201.0,200.35000610351562,200.57000732421875,103674,0
2026-05-20 12:00:00-04:00,200.57000732421875,200.67999267578125,200.0507049560547,200.4499969482422,66752,0
2026-05-20 12:05:00-04:00,200.5800018310547,201.36000061035156,200.47500610351562,200.86500549316406,138141,0
2026-05-20 12:10:00-04:00,200.86500549316406,203.0,200.30999755859375,200.4499969482422,591837,0
2026-05-20 12:15:00-04:00,200.4499969482422,200.897705078125,198.6300048828125,200.22000122070312,328251,0
2026-05-20 12:20:00-04:00,200.24000549316406,200.6999969482422,199.8800048828125,199.96009826660156,90937,0
2026-05-20 12:25:00-04:00,199.9600067138672,200.25,199.1800994873047,200.25,144132,0
2026-05-20 12:30:00-04:00,200.27000427246094,201.47999572753906,200.22000122070312,200.6300048828125,129185,0
2026-05-20 12:35:00-04:00,200.71499633789062,201.09320068359375,200.50999450683594,200.5500030517578,52730,0
2026-05-20 12:40:00-04:00,200.5500030517578,201.13999938964844,200.24000549316406,200.89999389648438,70707,0
2026-05-20 12:45:00-04:00,201.0601043701172,201.1199951171875,200.6999969482422,201.1199951171875,50814,0
2026-05-20 12:50:00-04:00,201.17999267578125,201.9499969482422,200.85499572753906,201.89999389648438,60516,0
2026-05-20 12:55:00-04:00,201.9600067138672,202.19500732421875,201.47000122070312,202.02499389648438,139410,0
2026-05-20 13:00:00-04:00,202.1199951171875,202.27000427246094,201.38999938964844,201.55999755859375,82532,0
2026-05-20 13:05:00-04:00,201.64999389648438,201.75,201.4499969482422,201.5,57073,0
2026-05-20 13:10:00-04:00,201.56849670410156,202.4499053955078,201.44500732421875,202.25999450683594,61732,0
2026-05-20 13:15:00-04:00,202.25999450683594,202.2949981689453,201.58999633789062,202.0399932861328,85250,0
2026-05-20 13:20:00-04:00,202.0399932861328,202.5,201.64999389648438,201.98500061035156,102664,0
2026-05-20 13:25:00-04:00,201.9600067138672,202.4149932861328,201.77000427246094,202.3699951171875,91139,0
2026-05-20 13:30:00-04:00,202.38999938964844,202.63999938964844,202.11000061035156,202.36000061035156,68323,0
2026-05-20 13:35:00-04:00,202.1699981689453,202.53990173339844,201.91000366210938,202.30499267578125,69361,0
2026-05-20 13:40:00-04:00,202.17999267578125,202.3300018310547,202.0,202.14500427246094,59409,0
2026-05-20 13:45:00-04:00,202.13999938964844,202.3000030517578,201.46009826660156,202.29580688476562,103371,0
2026-05-20 13:50:00-04:00,202.17999267578125,202.42999267578125,202.07000732421875,202.25999450683594,57889,0
2026-05-20 13:55:00-04:00,202.3300018310547,202.64999389648438,202.22000122070312,202.49000549316406,131438,0
2026-05-20 14:00:00-04:00,202.49000549316406,203.3300018310547,202.38999938964844,202.9429931640625,293600,0
2026-05-20 14:05:00-04:00,202.99000549316406,202.99000549316406,202.3000030517578,202.4199981689453,82438,0
2026-05-20 14:10:00-04:00,202.47999572753906,202.8096923828125,202.21009826660156,202.47999572753906,62227,0
2026-05-20 14:15:00-04:00,202.4149932861328,202.75999450683594,202.25999450683594,202.2899932861328,66519,0
2026-05-20 14:20:00-04:00,202.3300018310547,202.3300018310547,201.85000610351562,202.0500030517578,61901,0
2026-05-20 14:25:00-04:00,202.07550048828125,202.25999450683594,202.02999877929688,202.2100067138672,49985,0
2026-05-20 14:30:00-04:00,202.23500061035156,202.4550018310547,201.72000122070312,202.14999389648438,79118,0
2026-05-20 14:35:00-04:00,202.1300048828125,202.69000244140625,202.0500030517578,202.44000244140625,79623,0
2026-05-20 14:40:00-04:00,202.47000122070312,202.64999389648438,202.22000122070312,202.3699951171875,70051,0
2026-05-20 14:45:00-04:00,202.4199981689453,202.50750732421875,201.91000366210938,201.9499969482422,76007,0
2026-05-20 14:50:00-04:00,202.02999877929688,202.19500732421875,201.86000061035156,201.9250030517578,84576,0
2026-05-20 14:55:00-04:00,201.9199981689453,202.2899932861328,201.9199981689453,202.02999877929688,94644,0
2026-05-20 15:00:00-04:00,202.02999877929688,202.86000061035156,202.02000427246094,202.4949951171875,212514,0
2026-05-20 15:05:00-04:00,202.5399932861328,203.55999755859375,202.4199981689453,203.4149932861328,312158,0
2026-05-20 15:10:00-04:00,203.33999633789062,203.58999633789062,202.27000427246094,202.59500122070312,191945,0
2026-05-20 15:15:00-04:00,202.57000732421875,202.77000427246094,202.0850067138672,202.4499969482422,171615,0
2026-05-20 15:20:00-04:00,202.36000061035156,202.6199951171875,202.10000610351562,202.36000061035156,180715,0
2026-05-20 15:25:00-04:00,202.41000366210938,202.75,202.2899932861328,202.59500122070312,182927,0
2026-05-20 15:30:00-04:00,202.5850067138672,203.0500030517578,202.4600067138672,202.72000122070312,181341,0
2026-05-20 15:35:00-04:00,202.6699981689453,202.86000061035156,201.89999389648438,202.41000366210938,151567,0
2026-05-20 15:40:00-04:00,202.4199981689453,202.44000244140625,201.77999877929688,201.85499572753906,124236,0
2026-05-20 15:45:00-04:00,201.77000427246094,202.25,201.75,201.97000122070312,137620,0
2026-05-20 15:50:00-04:00,201.97000122070312,202.16000366210938,201.32000732421875,201.9499969482422,354033,0
2026-05-20 15:55:00-04:00,201.9499969482422,202.63999938964844,201.9499969482422,202.6199951171875,949711,0
2026-05-21 09:30:00-04:00,202.77999877929688,204.27999877929688,200.0,204.16000366210938,1782633,0
2026-05-21 09:35:00-04:00,203.82110595703125,204.88510131835938,203.0,204.50999450683594,419130,0
2026-05-21 09:40:00-04:00,204.44540405273438,206.10000610351562,204.08999633789062,205.59750366210938,515248,0
2026-05-21 09:45:00-04:00,205.67999267578125,206.77000427246094,205.3101043701172,206.5800018310547,344464,0
2026-05-21 09:50:00-04:00,206.75,208.22999572753906,206.22999572753906,206.68499755859375,521862,0
2026-05-21 09:55:00-04:00,206.69000244140625,207.5198974609375,206.10009765625,207.3000946044922,313284,0
2026-05-21 10:00:00-04:00,207.4499969482422,210.0,207.1501007080078,209.83999633789062,527746,0
2026-05-21 10:05:00-04:00,209.8000030517578,209.97000122070312,207.6999969482422,208.78990173339844,464716,0
2026-05-21 10:10:00-04:00,208.49000549316406,209.0,207.2550048828125,208.64999389648438,601306,0
2026-05-21 10:15:00-04:00,208.64500427246094,208.88999938964844,207.2899932861328,207.35000610351562,401315,0
2026-05-21 10:20:00-04:00,207.375,207.9199981689453,204.63999938964844,207.0,596351,0
2026-05-21 10:25:00-04:00,206.9199981689453,207.52000427246094,206.42999267578125,206.7899932861328,475626,0
2026-05-21 10:30:00-04:00,206.64999389648438,207.74989318847656,206.30999755859375,206.83999633789062,305658,0
2026-05-21 10:35:00-04:00,206.6300048828125,208.0,206.6300048828125,207.81500244140625,259676,0
2026-05-21 10:40:00-04:00,208.02000427246094,210.0800018310547,207.86000061035156,209.1638946533203,465074,0
2026-05-21 10:45:00-04:00,209.10499572753906,209.64999389648438,208.07000732421875,208.1300048828125,264901,0
2026-05-21 10:50:00-04:00,208.1300048828125,208.5,206.99000549316406,207.94000244140625,280305,0
2026-05-21 10:55:00-04:00,207.75999450683594,207.99000549316406,204.80999755859375,204.91000366210938,281618,0
2026-05-21 11:00:00-04:00,204.93499755859375,205.14999389648438,202.3000030517578,202.65499877929688,445883,0
2026-05-21 11:05:00-04:00,202.5800018310547,202.66000366210938,199.3800048828125,199.43499755859375,835886,0
2026-05-21 11:10:00-04:00,199.42999267578125,201.49989318847656,197.60000610351562,200.86500549316406,815929,0
2026-05-21 11:15:00-04:00,200.8699951171875,201.18499755859375,199.2100067138672,199.68499755859375,925285,0
2026-05-21 11:20:00-04:00,199.7550048828125,201.1999969482422,198.75999450683594,201.1199951171875,458330,0
2026-05-21 11:25:00-04:00,201.17999267578125,202.0399932861328,200.69000244140625,201.55499267578125,306654,0
2026-05-21 11:30:00-04:00,201.55499267578125,203.05999755859375,201.22999572753906,201.8300018310547,495322,0
2026-05-21 11:35:00-04:00,201.8350067138672,204.42999267578125,201.6999969482422,204.42999267578125,325516,0
2026-05-21 11:40:00-04:00,204.39999389648438,206.14999389648438,204.1999969482422,206.05999755859375,528891,0
2026-05-21 11:45:00-04:00,206.10499572753906,208.5500030517578,206.02000427246094,206.57000732421875,585333,0
2026-05-21 11:50:00-04:00,206.73500061035156,207.1999969482422,206.0,206.125,202460,0
2026-05-21 11:55:00-04:00,206.0749969482422,207.11000061035156,206.0,206.99000549316406,170492,0
2026-05-21 12:00:00-04:00,206.97000122070312,207.97000122070312,206.81149291992188,207.8699951171875,183222,0
2026-05-21 12:05:00-04:00,207.77999877929688,207.97000122070312,207.10690307617188,207.80999755859375,195588,0
2026-05-21 12:10:00-04:00,207.82000732421875,208.50999450683594,207.60000610351562,208.39500427246094,190426,0
2026-05-21 12:15:00-04:00,208.38999938964844,208.63999938964844,207.1699981689453,207.1699981689453,171880,0
2026-05-21 12:20:00-04:00,207.11000061035156,207.4499969482422,206.58999633789062,207.13499450683594,170992,0
2026-05-21 12:25:00-04:00,207.11000061035156,207.1999969482422,206.5,207.05999755859375,106080,0
2026-05-21 12:30:00-04:00,207.0500030517578,207.92999267578125,206.83999633789062,207.75999450683594,109152,0
2026-05-21 12:35:00-04:00,207.7100067138672,207.99000549316406,207.14999389648438,207.85000610351562,152938,0
2026-05-21 12:40:00-04:00,207.92999267578125,208.27000427246094,207.77999877929688,207.9199981689453,118066,0
2026-05-21 12:45:00-04:00,207.9250030517578,208.0,207.5,207.85000610351562,95570,0
2026-05-21 12:50:00-04:00,207.7899932861328,207.9600067138672,206.9199981689453,207.81500244140625,158474,0
2026-05-21 12:55:00-04:00,207.75999450683594,208.14999389648438,207.39999389648438,207.72999572753906,186279,0
2026-05-21 13:00:00-04:00,207.8000030517578,208.2100067138672,207.60000610351562,207.7801055908203,134173,0
2026-05-21 13:05:00-04:00,207.86000061035156,208.08999633789062,207.69000244140625,207.97410583496094,112777,0
2026-05-21 13:10:00-04:00,208.05999755859375,208.75999450683594,208.0399932861328,208.39999389648438,96720,0
2026-05-21 13:15:00-04:00,208.33999633789062,209.69000244140625,208.1699981689453,209.69000244140625,186036,0
2026-05-21 13:20:00-04:00,209.66000366210938,209.9949951171875,208.77000427246094,209.94000244140625,204265,0
2026-05-21 13:25:00-04:00,210.0,210.39999389648438,209.60000610351562,210.3300018310547,244372,0
2026-05-21 13:30:00-04:00,210.22999572753906,211.24949645996094,210.11000061035156,210.87989807128906,212914,0
2026-05-21 13:35:00-04:00,210.77499389648438,211.5800018310547,210.6699981689453,211.55499267578125,196096,0
2026-05-21 13:40:00-04:00,211.58999633789062,212.05999755859375,211.3000030517578,211.99000549316406,263812,0
2026-05-21 13:45:00-04:00,212.10000610351562,213.9499969482422,211.89999389648438,213.39999389648438,287923,0
2026-05-21 13:50:00-04:00,213.4199981689453,213.89630126953125,213.0200958251953,213.69500732421875,197568,0
2026-05-21 13:55:00-04:00,213.75,213.84500122070312,212.8699951171875,212.91000366210938,222563,0
2026-05-21 14:00:00-04:00,212.9499969482422,213.77000427246094,212.72999572753906,213.1699981689453,184039,0
2026-05-21 14:05:00-04:00,213.19000244140625,213.41419982910156,203.10000610351562,212.7100067138672,163955,0
2026-05-21 14:10:00-04:00,212.72999572753906,212.8249969482422,211.8300018310547,211.83999633789062,171050,0
2026-05-21 14:15:00-04:00,211.83999633789062,212.5749969482422,211.6199951171875,212.43499755859375,191361,0
2026-05-21 14:20:00-04:00,212.43499755859375,212.66000366210938,212.10000610351562,212.51499938964844,105022,0
2026-05-21 14:25:00-04:00,212.6300048828125,212.94000244140625,212.2899932861328,212.4199981689453,108386,0
2026-05-21 14:30:00-04:00,212.49000549316406,212.72999572753906,212.08009338378906,212.18499755859375,129933,0
2026-05-21 14:35:00-04:00,212.13999938964844,212.27000427246094,210.76010131835938,211.0500030517578,165492,0
2026-05-21 14:40:00-04:00,211.11500549316406,211.27999877929688,210.67010498046875,211.10000610351562,115946,0
2026-05-21 14:45:00-04:00,211.1300048828125,211.27999877929688,210.55999755859375,210.6199951171875,139875,0
2026-05-21 14:50:00-04:00,210.85000610351562,211.21499633789062,209.89999389648438,210.0,128281,0
2026-05-21 14:55:00-04:00,209.9600067138672,210.4499969482422,209.41000366210938,209.94000244140625,118950,0
2026-05-21 15:00:00-04:00,210.0500030517578,210.5998992919922,209.7899932861328,209.99000549316406,112739,0
2026-05-21 15:05:00-04:00,210.02000427246094,210.44000244140625,209.69500732421875,210.3300018310547,87730,0
2026-05-21 15:10:00-04:00,210.22999572753906,210.8699951171875,209.94000244140625,210.60000610351562,120286,0
2026-05-21 15:15:00-04:00,210.74000549316406,211.0,210.2899932861328,210.8699951171875,99762,0
2026-05-21 15:20:00-04:00,210.91000366210938,211.1114044189453,210.49000549316406,211.08999633789062,107344,0
2026-05-21 15:25:00-04:00,211.09500122070312,211.09500122070312,210.5500030517578,210.91000366210938,115486,0
2026-05-21 15:30:00-04:00,211.0,211.05999755859375,210.4600067138672,211.02999877929688,108611,0
2026-05-21 15:35:00-04:00,211.07000732421875,212.0,211.07000732421875,211.9250946044922,189658,0
2026-05-21 15:40:00-04:00,211.97999572753906,212.5500030517578,211.5500030517578,211.9600067138672,233149,0
2026-05-21 15:45:00-04:00,212.03500366210938,212.38999938964844,211.66000366210938,212.27499389648438,181274,0
2026-05-21 15:50:00-04:00,212.33999633789062,213.64999389648438,212.0399932861328,213.4199981689453,425290,0
2026-05-21 15:55:00-04:00,213.3800048828125,214.0,213.10000610351562,213.49000549316406,1306232,0
2026-05-22 09:30:00-04:00,214.4199981689453,222.36000061035156,214.1699981689453,221.91000366210938,2181910,0
2026-05-22 09:35:00-04:00,222.30999755859375,226.3699951171875,222.0,226.13250732421875,1043337,0
2026-05-22 09:40:00-04:00,226.13119506835938,226.89999389648438,222.5200958251953,223.2949981689453,681817,0
2026-05-22 09:45:00-04:00,223.4149932861328,227.27000427246094,223.41000366210938,226.75999450683594,637467,0
2026-05-22 09:50:00-04:00,226.75999450683594,227.85000610351562,225.50999450683594,227.50999450683594,551305,0
2026-05-22 09:55:00-04:00,227.50999450683594,227.85000610351562,225.4499969482422,227.30889892578125,439286,0
2026-05-22 10:00:00-04:00,227.24000549316406,228.1199951171875,225.00999450683594,226.5800018310547,359679,0
2026-05-22 10:05:00-04:00,226.52499389648438,231.39999389648438,226.32009887695312,230.1999969482422,723335,0
2026-05-22 10:10:00-04:00,230.5,233.59500122070312,229.7100067138672,232.88999938964844,793508,0
2026-05-22 10:15:00-04:00,232.76499938964844,234.4499053955078,231.0,231.86000061035156,719733,0
2026-05-22 10:20:00-04:00,231.85000610351562,233.39999389648438,231.5,233.32000732421875,523589,0
2026-05-22 10:25:00-04:00,233.32000732421875,237.29989624023438,233.22500610351562,237.1699981689453,838021,0
2026-05-22 10:30:00-04:00,237.2100067138672,240.49000549316406,235.52000427246094,240.44000244140625,823986,0
2026-05-22 10:35:00-04:00,240.0850067138672,240.42999267578125,238.0,239.60499572753906,426317,0
2026-05-22 10:40:00-04:00,239.4600067138672,241.14990234375,238.85000610351562,240.875,556670,0
2026-05-22 10:45:00-04:00,240.75,240.99659729003906,237.88999938964844,238.0500030517578,552532,0
2026-05-22 10:50:00-04:00,238.0500030517578,238.7698974609375,237.10009765625,237.2949981689453,499618,0
2026-05-22 10:55:00-04:00,237.2949981689453,240.5800018310547,237.0800018310547,240.47999572753906,441554,0
2026-05-22 11:00:00-04:00,240.25999450683594,242.54249572753906,240.19000244140625,242.1699981689453,552445,0
2026-05-22 11:05:00-04:00,242.32989501953125,242.60000610351562,241.02000427246094,241.58999633789062,330190,0
2026-05-22 11:10:00-04:00,241.47000122070312,241.7299041748047,240.5048065185547,241.02789306640625,290856,0
2026-05-22 11:15:00-04:00,241.05999755859375,241.99000549316406,240.4001007080078,241.27000427246094,334735,0
2026-05-22 11:20:00-04:00,241.27000427246094,242.39999389648438,240.42999267578125,242.07000732421875,374001,0
2026-05-22 11:25:00-04:00,242.07000732421875,242.72999572753906,239.91000366210938,240.0117950439453,500074,0
2026-05-22 11:30:00-04:00,240.10000610351562,240.10000610351562,238.110107421875,238.82000732421875,387455,0
2026-05-22 11:35:00-04:00,238.86000061035156,240.16000366210938,238.42999267578125,240.06500244140625,521467,0
2026-05-22 11:40:00-04:00,240.06500244140625,242.0,239.6800994873047,241.8000030517578,415885,0
2026-05-22 11:45:00-04:00,241.7550048828125,243.0,241.2899932861328,241.67529296875,306270,0
2026-05-22 11:50:00-04:00,241.6999969482422,241.75,239.02999877929688,239.99000549316406,354002,0
2026-05-22 11:55:00-04:00,239.9680938720703,240.1179962158203,238.57000732421875,239.06500244140625,223600,0
2026-05-22 12:00:00-04:00,239.1699981689453,239.3800048828125,237.75010681152344,238.47500610351562,369574,0
2026-05-22 12:05:00-04:00,238.38999938964844,239.95989990234375,238.19000244140625,239.57000732421875,283639,0
2026-05-22 12:10:00-04:00,239.5800018310547,240.1300048828125,239.13999938964844,239.72000122070312,228718,0
2026-05-22 12:15:00-04:00,239.80870056152344,239.80870056152344,238.1300048828125,238.2899932861328,133998,0
2026-05-22 12:20:00-04:00,238.2799072265625,239.7899932861328,238.10000610351562,239.6999969482422,232282,0
2026-05-22 12:25:00-04:00,239.6999969482422,240.21609497070312,238.83999633789062,240.1199951171875,212482,0
2026-05-22 12:30:00-04:00,240.1199951171875,240.1199951171875,238.4949951171875,238.75010681152344,176993,0
2026-05-22 12:35:00-04:00,238.75999450683594,239.17999267578125,238.22000122070312,238.50999450683594,104876,0
2026-05-22 12:40:00-04:00,238.5749969482422,239.0,237.83999633789062,238.42999267578125,170587,0
2026-05-22 12:45:00-04:00,238.44500732421875,239.139892578125,238.02569580078125,238.39999389648438,140227,0
2026-05-22 12:50:00-04:00,238.3000030517578,239.39999389648438,238.25,238.6999969482422,183863,0
2026-05-22 12:55:00-04:00,238.75,240.10000610351562,237.1300048828125,237.63999938964844,357516,0
2026-05-22 13:00:00-04:00,237.5800018310547,238.24000549316406,237.22000122070312,238.18499755859375,232372,0
2026-05-22 13:05:00-04:00,238.22000122070312,238.3800048828125,237.75999450683594,238.33999633789062,141030,0
2026-05-22 13:10:00-04:00,238.36000061035156,239.61000061035156,238.2100067138672,239.28500366210938,244083,0
2026-05-22 13:15:00-04:00,239.2100067138672,239.60000610351562,237.9600067138672,237.9600067138672,183335,0
2026-05-22 13:20:00-04:00,238.02499389648438,239.3800048828125,238.0,239.0800018310547,85549,0
2026-05-22 13:25:00-04:00,239.08999633789062,239.49989318847656,238.6699981689453,239.11000061035156,115297,0
2026-05-22 13:30:00-04:00,239.0399932861328,239.45989990234375,238.5500030517578,238.89500427246094,84866,0
2026-05-22 13:35:00-04:00,238.83999633789062,239.5,238.1300048828125,239.39500427246094,117395,0
2026-05-22 13:40:00-04:00,239.39500427246094,239.6999969482422,239.0,239.44000244140625,139675,0
2026-05-22 13:45:00-04:00,239.27999877929688,239.6999969482422,238.5500030517578,239.02000427246094,122258,0
2026-05-22 13:50:00-04:00,238.9499969482422,239.14500427246094,238.2100067138672,238.47999572753906,121159,0
2026-05-22 13:55:00-04:00,238.4591064453125,238.7100067138672,238.0,238.5,122347,0
2026-05-22 14:00:00-04:00,238.5,238.89999389648438,238.0,238.55499267578125,201177,0
2026-05-22 14:05:00-04:00,238.64999389648438,240.36500549316406,238.46519470214844,240.35000610351562,211920,0
2026-05-22 14:10:00-04:00,240.35000610351562,240.639892578125,239.69000244140625,239.99000549316406,172181,0
2026-05-22 14:15:00-04:00,239.94000244140625,240.1699981689453,239.16000366210938,239.42999267578125,143745,0
2026-05-22 14:20:00-04:00,239.4250030517578,240.27999877929688,239.39999389648438,240.13999938964844,136217,0
2026-05-22 14:25:00-04:00,239.8616943359375,240.61000061035156,239.8300018310547,240.55999755859375,87587,0
2026-05-22 14:30:00-04:00,240.51499938964844,240.5800018310547,239.8800048828125,240.01010131835938,135953,0
2026-05-22 14:35:00-04:00,240.00999450683594,240.13999938964844,239.4300994873047,239.86000061035156,128308,0
2026-05-22 14:40:00-04:00,240.0,240.9499969482422,239.8267059326172,240.45579528808594,156590,0
2026-05-22 14:45:00-04:00,240.5050048828125,241.61000061035156,240.07000732421875,241.2510986328125,200577,0
2026-05-22 14:50:00-04:00,241.43499755859375,241.43499755859375,240.7050018310547,241.14999389648438,157328,0
2026-05-22 14:55:00-04:00,241.02000427246094,241.33999633789062,240.3800048828125,240.47000122070312,168255,0
2026-05-22 15:00:00-04:00,240.47999572753906,240.47999572753906,238.80999755859375,239.25999450683594,365980,0
2026-05-22 15:05:00-04:00,239.18499755859375,240.99000549316406,238.00999450683594,239.14500427246094,340447,0
2026-05-22 15:10:00-04:00,239.14500427246094,239.3332061767578,238.0500030517578,238.3300018310547,206929,0
2026-05-22 15:15:00-04:00,238.41000366210938,238.41000366210938,237.42999267578125,237.60000610351562,231464,0
2026-05-22 15:20:00-04:00,237.60499572753906,237.6699981689453,236.75,236.85000610351562,220086,0
2026-05-22 15:25:00-04:00,236.85000610351562,237.22000122070312,235.8101043701172,236.3300018310547,323008,0
2026-05-22 15:30:00-04:00,236.47000122070312,237.78500366210938,236.2519989013672,237.4949951171875,220034,0
2026-05-22 15:35:00-04:00,237.4949951171875,238.47000122070312,237.4949951171875,238.24000549316406,164918,0
2026-05-22 15:40:00-04:00,238.33999633789062,238.33999633789062,237.30999755859375,237.67999267578125,202887,0
2026-05-22 15:45:00-04:00,237.63999938964844,238.1999969482422,237.28500366210938,237.6699981689453,247513,0
2026-05-22 15:50:00-04:00,237.6699981689453,237.97999572753906,237.0200958251953,237.60369873046875,566806,0
2026-05-22 15:55:00-04:00,237.63999938964844,238.60000610351562,236.75999450683594,238.14999389648438,925811,0
2026-05-26 09:30:00-04:00,240.71499633789062,245.99989318847656,238.125,239.0500030517578,2100226,0
2026-05-26 09:35:00-04:00,239.1300048828125,243.0,239.02999877929688,242.47999572753906,518258,0
2026-05-26 09:40:00-04:00,242.4967041015625,242.58999633789062,237.7617950439453,238.1199951171875,569394,0
2026-05-26 09:45:00-04:00,238.0749969482422,238.66000366210938,235.8000946044922,236.3000030517578,487364,0
2026-05-26 09:50:00-04:00,236.5399932861328,240.69000244140625,236.39999389648438,239.75,340293,0
2026-05-26 09:55:00-04:00,239.6300048828125,242.1999053955078,238.5200958251953,240.97000122070312,400818,0
2026-05-26 10:00:00-04:00,240.81500244140625,241.35000610351562,239.27000427246094,239.9199981689453,256594,0
2026-05-26 10:05:00-04:00,239.9199981689453,243.8800048828125,239.90249633789062,242.8249969482422,346235,0
2026-05-26 10:10:00-04:00,242.8249969482422,245.40040588378906,242.35000610351562,245.0500030517578,284005,0
2026-05-26 10:15:00-04:00,244.99000549316406,247.85989379882812,244.70559692382812,247.50999450683594,422243,0
2026-05-26 10:20:00-04:00,247.44000244140625,248.1300048828125,244.2100067138672,244.56500244140625,486976,0
2026-05-26 10:25:00-04:00,244.52499389648438,244.99989318847656,241.88999938964844,242.44500732421875,327337,0
2026-05-26 10:30:00-04:00,242.49000549316406,245.0,242.36000061035156,244.3350067138672,269205,0
2026-05-26 10:35:00-04:00,244.4550018310547,246.20989990234375,243.8101043701172,245.75,256172,0
2026-05-26 10:40:00-04:00,245.85000610351562,256.2850036621094,244.9499969482422,253.40060424804688,1624083,0
2026-05-26 10:45:00-04:00,253.80999755859375,258.0,248.10009765625,249.6103057861328,1849007,0
2026-05-26 10:50:00-04:00,248.77000427246094,253.25999450683594,248.6699981689453,252.67999267578125,1113819,0
2026-05-26 10:55:00-04:00,252.6999969482422,252.8699951171875,249.4405975341797,249.90499877929688,573763,0
2026-05-26 11:00:00-04:00,249.90499877929688,255.35000610351562,249.5500030517578,255.00999450683594,711014,0
2026-05-26 11:05:00-04:00,254.8300018310547,255.77000427246094,251.99000549316406,254.4250030517578,670155,0
2026-05-26 11:10:00-04:00,254.3699951171875,255.0,250.5500030517578,253.3800048828125,522961,0
2026-05-26 11:15:00-04:00,253.38800048828125,253.38999938964844,249.02000427246094,250.81500244140625,402810,0
2026-05-26 11:20:00-04:00,250.82000732421875,252.1300048828125,250.16000366210938,251.9499969482422,210524,0
2026-05-26 11:25:00-04:00,252.2899932861328,253.5,250.08999633789062,251.43499755859375,257741,0
2026-05-26 11:30:00-04:00,251.35000610351562,251.99620056152344,250.1699981689453,251.08999633789062,169245,0
2026-05-26 11:35:00-04:00,251.10000610351562,251.41000366210938,248.77000427246094,249.36500549316406,278923,0
2026-05-26 11:40:00-04:00,249.27000427246094,251.0800018310547,248.33999633789062,250.8699951171875,242406,0
2026-05-26 11:45:00-04:00,250.75010681152344,251.86000061035156,249.0,249.22000122070312,173379,0
2026-05-26 11:50:00-04:00,249.3314971923828,249.90269470214844,246.49000549316406,247.3249969482422,325436,0
2026-05-26 11:55:00-04:00,247.25,248.55999755859375,246.50010681152344,248.3300018310547,182235,0
2026-05-26 12:00:00-04:00,248.25999450683594,251.5,247.3800048828125,251.5,228905,0
2026-05-26 12:05:00-04:00,251.6199951171875,252.0,250.3800048828125,250.72500610351562,228622,0
2026-05-26 12:10:00-04:00,250.72999572753906,250.86990356445312,249.66000366210938,250.0050048828125,164045,0
2026-05-26 12:15:00-04:00,249.91000366210938,250.5,249.67010498046875,250.1300048828125,140626,0
2026-05-26 12:20:00-04:00,250.1300048828125,251.10000610351562,249.3209991455078,249.89999389648438,174435,0
2026-05-26 12:25:00-04:00,249.91409301757812,250.38999938964844,249.38999938964844,249.75999450683594,130215,0
2026-05-26 12:30:00-04:00,249.6999969482422,249.99989318847656,247.3300018310547,247.33009338378906,213666,0
2026-05-26 12:35:00-04:00,247.30999755859375,247.3553924560547,245.6999969482422,246.05999755859375,287024,0
2026-05-26 12:40:00-04:00,246.1199951171875,246.77999877929688,245.60000610351562,245.85000610351562,162801,0
2026-05-26 12:45:00-04:00,245.96319580078125,246.52999877929688,245.02000427246094,245.30499267578125,143744,0
2026-05-26 12:50:00-04:00,245.30499267578125,245.64999389648438,244.44009399414062,244.50999450683594,172469,0
2026-05-26 12:55:00-04:00,244.74000549316406,245.67999267578125,244.50999450683594,245.5048065185547,229751,0
2026-05-26 13:00:00-04:00,245.60000610351562,246.22999572753906,245.5500030517578,245.86990356445312,100949,0
2026-05-26 13:05:00-04:00,245.77000427246094,246.43099975585938,244.74000549316406,245.97500610351562,120763,0
2026-05-26 13:10:00-04:00,246.11500549316406,246.4499969482422,245.77000427246094,246.20010375976562,85728,0
2026-05-26 13:15:00-04:00,246.2899932861328,246.4040069580078,245.72109985351562,245.91990661621094,88233,0
2026-05-26 13:20:00-04:00,245.8249969482422,246.47999572753906,245.61000061035156,245.97999572753906,88854,0
2026-05-26 13:25:00-04:00,245.97999572753906,246.67999267578125,245.57000732421875,246.64999389648438,120938,0
2026-05-26 13:30:00-04:00,246.7949981689453,246.9199981689453,245.99000549316406,246.80999755859375,75562,0
2026-05-26 13:35:00-04:00,246.8000030517578,246.87989807128906,245.91000366210938,246.39990234375,88580,0
2026-05-26 13:40:00-04:00,246.26499938964844,246.83999633789062,245.9149932861328,246.26499938964844,62426,0
2026-05-26 13:45:00-04:00,246.35000610351562,247.39999389648438,246.13999938964844,247.0,113411,0
2026-05-26 13:50:00-04:00,246.9499969482422,248.0,246.66000366210938,247.14999389648438,125130,0
2026-05-26 13:55:00-04:00,247.00999450683594,247.22999572753906,246.39999389648438,246.69000244140625,96659,0
2026-05-26 14:00:00-04:00,246.57000732421875,247.36990356445312,246.27499389648438,246.97999572753906,87022,0
2026-05-26 14:05:00-04:00,246.86000061035156,247.00999450683594,245.9600067138672,246.42999267578125,108525,0
2026-05-26 14:10:00-04:00,246.42999267578125,246.9799041748047,246.0,246.47000122070312,64498,0
2026-05-26 14:15:00-04:00,246.43499755859375,246.4550018310547,245.82009887695312,246.1999969482422,74009,0
2026-05-26 14:20:00-04:00,246.02999877929688,246.3000030517578,245.23199462890625,245.53500366210938,112707,0
2026-05-26 14:25:00-04:00,245.4600067138672,246.27999877929688,245.39999389648438,246.12559509277344,77530,0
2026-05-26 14:30:00-04:00,245.97000122070312,246.80999755859375,245.89999389648438,246.52000427246094,68643,0
2026-05-26 14:35:00-04:00,246.5050048828125,246.80999755859375,245.6300048828125,245.72000122070312,69704,0
2026-05-26 14:40:00-04:00,245.72999572753906,246.7449951171875,245.35499572753906,246.7449951171875,87400,0
2026-05-26 14:45:00-04:00,246.74000549316406,246.85000610351562,245.61000061035156,245.8000030517578,82164,0
2026-05-26 14:50:00-04:00,245.7873992919922,246.35850524902344,245.63999938964844,246.25999450683594,62060,0
2026-05-26 14:55:00-04:00,246.22999572753906,246.25999450683594,245.25,245.55999755859375,115103,0
2026-05-26 15:00:00-04:00,245.57000732421875,245.75,245.11000061035156,245.32000732421875,84498,0
2026-05-26 15:05:00-04:00,245.32000732421875,246.00999450683594,244.50999450683594,245.7899932861328,129851,0
2026-05-26 15:10:00-04:00,245.77999877929688,246.4499969482422,245.3101043701172,246.1999969482422,131216,0
2026-05-26 15:15:00-04:00,246.19000244140625,247.42999267578125,246.09429931640625,247.24099731445312,166066,0
2026-05-26 15:20:00-04:00,247.38999938964844,247.50999450683594,246.5800018310547,247.2100067138672,145863,0
2026-05-26 15:25:00-04:00,247.2100067138672,247.82000732421875,247.0500030517578,247.42999267578125,164330,0
2026-05-26 15:30:00-04:00,247.52999877929688,248.35789489746094,247.10000610351562,248.2100067138672,167214,0
2026-05-26 15:35:00-04:00,248.1999969482422,248.83999633789062,247.9600067138672,248.5500030517578,152842,0
2026-05-26 15:40:00-04:00,248.47999572753906,248.8300018310547,248.11000061035156,248.4499969482422,201977,0
2026-05-26 15:45:00-04:00,248.4199981689453,249.7100067138672,248.32000732421875,249.32000732421875,210162,0
2026-05-26 15:50:00-04:00,249.38999938964844,250.0500030517578,248.44000244140625,249.02499389648438,370884,0
2026-05-26 15:55:00-04:00,249.02000427246094,249.13999938964844,248.55999755859375,248.80999755859375,713846,0
2026-05-27 09:30:00-04:00,245.42999267578125,248.26499938964844,243.75999450683594,244.4250030517578,2069973,0
2026-05-27 09:35:00-04:00,244.17999267578125,245.11000061035156,238.66000366210938,238.74000549316406,759174,0
2026-05-27 09:40:00-04:00,238.72000122070312,239.60989379882812,232.1999969482422,232.72500610351562,1206587,0
2026-05-27 09:45:00-04:00,232.72999572753906,234.25,230.6199951171875,232.40499877929688,799653,0
2026-05-27 09:50:00-04:00,232.39999389648438,235.67799377441406,231.14999389648438,232.74749755859375,574187,0
2026-05-27 09:55:00-04:00,232.77499389648438,233.63999938964844,230.5,232.91690063476562,607219,0
2026-05-27 10:00:00-04:00,232.84500122070312,233.52999877929688,231.10000610351562,232.6322021484375,491486,0
2026-05-27 10:05:00-04:00,232.9499969482422,232.9499969482422,229.33709716796875,229.66000366210938,655490,0
2026-05-27 10:10:00-04:00,229.77999877929688,231.69000244140625,229.0,230.74000549316406,545480,0
2026-05-27 10:15:00-04:00,230.7200927734375,232.5500030517578,228.60000610351562,228.7899932861328,463658,0
2026-05-27 10:20:00-04:00,228.69500732421875,228.875,226.0,226.4949951171875,653408,0
2026-05-27 10:25:00-04:00,226.24000549316406,226.55999755859375,224.5800018310547,224.875,632340,0
2026-05-27 10:30:00-04:00,224.875,227.3000030517578,224.6999969482422,226.8972930908203,777971,0
2026-05-27 10:35:00-04:00,227.2100067138672,228.3000030517578,226.57009887695312,227.02999877929688,456571,0
2026-05-27 10:40:00-04:00,227.0,228.8800048828125,226.3000030517578,226.60000610351562,429716,0
2026-05-27 10:45:00-04:00,226.5449981689453,227.14999389648438,225.63999938964844,225.66000366210938,365086,0
2026-05-27 10:50:00-04:00,225.7050018310547,228.5800018310547,225.6999969482422,228.11500549316406,293095,0
2026-05-27 10:55:00-04:00,228.1300048828125,228.3000030517578,226.5850067138672,226.88009643554688,298296,0
2026-05-27 11:00:00-04:00,227.0399932861328,227.14999389648438,225.0399932861328,225.14500427246094,326157,0
2026-05-27 11:05:00-04:00,225.1649932861328,226.17999267578125,225.13999938964844,225.5800018310547,259308,0
2026-05-27 11:10:00-04:00,225.58999633789062,226.1999053955078,224.8800048828125,225.11000061035156,349919,0
2026-05-27 11:15:00-04:00,225.14999389648438,225.5800018310547,224.17999267578125,224.47000122070312,250230,0
2026-05-27 11:20:00-04:00,224.5399932861328,225.1649932861328,224.1999969482422,225.1649932861328,171731,0
2026-05-27 11:25:00-04:00,225.1649932861328,225.28990173339844,224.47000122070312,225.16000366210938,132653,0
2026-05-27 11:30:00-04:00,225.3000030517578,226.8350067138672,225.02439880371094,226.3249969482422,341248,0
2026-05-27 11:35:00-04:00,226.49000549316406,226.6300048828125,225.6699981689453,225.88999938964844,172598,0
2026-05-27 11:40:00-04:00,225.97000122070312,226.75,225.9300994873047,226.21499633789062,136396,0
2026-05-27 11:45:00-04:00,226.30999755859375,226.60000610351562,224.75,225.08999633789062,139085,0
2026-05-27 11:50:00-04:00,225.08999633789062,226.5,224.610107421875,225.53500366210938,162619,0
2026-05-27 11:55:00-04:00,225.4499969482422,226.75,225.11000061035156,226.6300048828125,130649,0
2026-05-27 12:00:00-04:00,226.5399932861328,227.1300048828125,226.10009765625,227.0500030517578,162476,0
2026-05-27 12:05:00-04:00,227.02000427246094,228.21229553222656,226.92999267578125,228.1649932861328,144072,0
2026-05-27 12:10:00-04:00,228.3000030517578,230.10000610351562,228.11000061035156,229.9398956298828,260028,0
2026-05-27 12:15:00-04:00,230.0,230.49000549316406,229.02000427246094,230.3699951171875,226334,0
2026-05-27 12:20:00-04:00,230.50999450683594,230.92999267578125,229.7899932861328,230.89500427246094,150135,0
2026-05-27 12:25:00-04:00,230.80999755859375,230.9550018310547,230.25010681152344,230.66000366210938,146942,0
2026-05-27 12:30:00-04:00,230.6999969482422,230.86000061035156,229.72000122070312,229.818603515625,122983,0
2026-05-27 12:35:00-04:00,229.9250030517578,230.1199951171875,229.37010192871094,229.77499389648438,109127,0
2026-05-27 12:40:00-04:00,229.7899932861328,230.6558074951172,229.69000244140625,230.32000732421875,125324,0
2026-05-27 12:45:00-04:00,230.3300018310547,230.64999389648438,229.8800048828125,230.4499969482422,109597,0
2026-05-27 12:50:00-04:00,230.52000427246094,230.5399932861328,228.66000366210938,229.10000610351562,209572,0
2026-05-27 12:55:00-04:00,229.0850067138672,229.2100067138672,228.27000427246094,228.47999572753906,104580,0
2026-05-27 13:00:00-04:00,228.52200317382812,228.66000366210938,228.2100067138672,228.31500244140625,101314,0
2026-05-27 13:05:00-04:00,228.31590270996094,228.4600067138672,226.77499389648438,226.77499389648438,129963,0
2026-05-27 13:10:00-04:00,226.92999267578125,227.55999755859375,226.61669921875,227.0500030517578,140892,0
2026-05-27 13:15:00-04:00,227.0500030517578,227.5,226.82000732421875,227.4499969482422,128421,0
2026-05-27 13:20:00-04:00,227.38999938964844,228.19020080566406,227.32000732421875,228.0,103321,0
2026-05-27 13:25:00-04:00,228.05999755859375,228.35499572753906,227.88999938964844,228.05999755859375,67593,0
2026-05-27 13:30:00-04:00,228.08999633789062,228.39999389648438,227.85020446777344,228.3000030517578,79877,0
2026-05-27 13:35:00-04:00,228.125,228.2899932861328,227.35000610351562,227.36000061035156,79361,0
2026-05-27 13:40:00-04:00,227.3300018310547,227.8199005126953,226.83999633789062,227.23500061035156,121375,0
2026-05-27 13:45:00-04:00,227.3800048828125,230.24119567871094,227.05499267578125,228.86000061035156,280804,0
2026-05-27 13:50:00-04:00,228.92999267578125,231.3524932861328,228.82000732421875,229.36000061035156,220653,0
2026-05-27 13:55:00-04:00,229.47000122070312,230.3907928466797,228.50990295410156,228.71499633789062,123423,0
2026-05-27 14:00:00-04:00,228.71499633789062,229.48500061035156,228.19000244140625,229.1649932861328,80939,0
2026-05-27 14:05:00-04:00,229.02000427246094,229.4499969482422,228.67999267578125,229.0,68995,0
2026-05-27 14:10:00-04:00,229.14500427246094,229.80999755859375,228.8300018310547,229.14500427246094,101526,0
2026-05-27 14:15:00-04:00,229.05999755859375,229.2220001220703,228.8300018310547,229.0,80211,0
2026-05-27 14:20:00-04:00,229.00999450683594,229.00999450683594,228.02000427246094,228.6999969482422,73433,0
2026-05-27 14:25:00-04:00,228.75999450683594,229.42990112304688,228.55059814453125,229.33999633789062,85006,0
2026-05-27 14:30:00-04:00,229.375,229.72000122070312,228.72999572753906,228.76499938964844,116531,0
2026-05-27 14:35:00-04:00,228.82989501953125,229.17999267578125,228.49000549316406,229.0500030517578,110370,0
2026-05-27 14:40:00-04:00,229.0449981689453,229.52999877929688,228.77999877929688,228.9199981689453,87809,0
2026-05-27 14:45:00-04:00,228.8350067138672,228.8350067138672,228.1999969482422,228.5,99394,0
2026-05-27 14:50:00-04:00,228.4199981689453,229.10000610351562,228.39300537109375,228.73500061035156,73969,0
2026-05-27 14:55:00-04:00,228.7550048828125,229.36000061035156,228.7100067138672,229.24000549316406,77012,0
2026-05-27 15:00:00-04:00,229.2899932861328,229.38999938964844,228.82009887695312,229.0399932861328,110445,0
2026-05-27 15:05:00-04:00,228.99009704589844,229.22000122070312,228.2100067138672,228.6999969482422,123495,0
2026-05-27 15:10:00-04:00,228.7050018310547,228.9600067138672,228.3000030517578,228.3000030517578,110000,0
2026-05-27 15:15:00-04:00,228.35000610351562,228.89999389648438,228.05999755859375,228.05999755859375,119314,0
2026-05-27 15:20:00-04:00,228.05999755859375,228.47999572753906,227.8000030517578,228.30999755859375,158848,0
2026-05-27 15:25:00-04:00,228.24000549316406,228.25,227.52999877929688,227.77000427246094,136125,0
2026-05-27 15:30:00-04:00,227.77000427246094,229.4600067138672,227.77000427246094,229.27000427246094,184453,0
2026-05-27 15:35:00-04:00,229.3300018310547,231.3498992919922,229.3000030517578,231.03500366210938,388016,0
2026-05-27 15:40:00-04:00,231.03500366210938,231.74000549316406,230.5,231.2100067138672,275401,0
2026-05-27 15:45:00-04:00,231.3000030517578,231.66000366210938,230.87989807128906,231.0500030517578,247296,0
2026-05-27 15:50:00-04:00,231.10000610351562,232.85000610351562,231.00999450683594,232.77000427246094,427244,0
2026-05-27 15:55:00-04:00,232.8699951171875,233.9499969482422,232.72500610351562,233.41000366210938,1241314,0
2026-05-28 09:30:00-04:00,236.10000610351562,237.49000549316406,231.52000427246094,231.53500366210938,1237540,0
2026-05-28 09:35:00-04:00,231.52999877929688,235.4949951171875,231.52999877929688,233.75999450683594,324516,0
2026-05-28 09:40:00-04:00,233.57269287109375,234.50999450683594,232.2100067138672,233.94000244140625,175715,0
2026-05-28 09:45:00-04:00,233.8000030517578,236.1699981689453,233.13999938964844,235.02000427246094,256880,0
2026-05-28 09:50:00-04:00,235.06979370117188,235.3300018310547,233.38999938964844,234.38999938964844,142790,0
2026-05-28 09:55:00-04:00,234.49000549316406,235.78500366210938,233.67050170898438,235.4250030517578,178933,0
2026-05-28 10:00:00-04:00,235.4250030517578,236.17999267578125,233.6905975341797,234.64999389648438,242958,0
2026-05-28 10:05:00-04:00,234.7899932861328,236.0,234.0854949951172,235.71949768066406,146201,0
2026-05-28 10:10:00-04:00,235.85499572753906,238.0,234.69009399414062,237.68499755859375,376131,0
2026-05-28 10:15:00-04:00,237.83790588378906,238.10000610351562,235.435302734375,238.08999633789062,406145,0
2026-05-28 10:20:00-04:00,238.1300048828125,239.38999938964844,236.88009643554688,237.36000061035156,405827,0
2026-05-28 10:25:00-04:00,237.36000061035156,241.2899932861328,237.36000061035156,241.25,352401,0
2026-05-28 10:30:00-04:00,241.22000122070312,241.639892578125,240.67999267578125,241.05999755859375,428537,0
2026-05-28 10:35:00-04:00,240.8000946044922,242.53990173339844,240.04010009765625,240.8000030517578,350551,0
2026-05-28 10:40:00-04:00,240.77499389648438,240.9199981689453,238.52999877929688,239.0,240114,0
2026-05-28 10:45:00-04:00,238.88999938964844,240.35989379882812,238.77490234375,239.43499755859375,187478,0
2026-05-28 10:50:00-04:00,239.3300018310547,241.16299438476562,239.32000732421875,240.47000122070312,368971,0
2026-05-28 10:55:00-04:00,240.50999450683594,242.2899932861328,240.49000549316406,241.7100067138672,218090,0
2026-05-28 11:00:00-04:00,241.7100067138672,243.08670043945312,241.64999389648438,243.0,196136,0
2026-05-28 11:05:00-04:00,242.90499877929688,244.31500244140625,242.61000061035156,244.12100219726562,250446,0
2026-05-28 11:10:00-04:00,244.10000610351562,244.32000732421875,243.30499267578125,243.4499969482422,161708,0
2026-05-28 11:15:00-04:00,243.16270446777344,244.0,242.65499877929688,243.63999938964844,135265,0
2026-05-28 11:20:00-04:00,243.76499938964844,245.0,243.5500946044922,244.83999633789062,181370,0
2026-05-28 11:25:00-04:00,244.82000732421875,245.72000122070312,244.1049041748047,245.4499969482422,309070,0
2026-05-28 11:30:00-04:00,245.55999755859375,246.42999267578125,245.0500030517578,246.24000549316406,162621,0
2026-05-28 11:35:00-04:00,246.30999755859375,247.16000366210938,245.75,245.8000030517578,202484,0
2026-05-28 11:40:00-04:00,245.81500244140625,245.81500244140625,243.55299377441406,243.7050018310547,218897,0
2026-05-28 11:45:00-04:00,243.7050018310547,243.70750427246094,241.7100067138672,242.05499267578125,214485,0
2026-05-28 11:50:00-04:00,242.02999877929688,243.2100067138672,242.02999877929688,242.61000061035156,138043,0
2026-05-28 11:55:00-04:00,242.61000061035156,243.10000610351562,241.97999572753906,242.99000549316406,102868,0
2026-05-28 12:00:00-04:00,243.10000610351562,243.62989807128906,242.9499969482422,243.19500732421875,101607,0
2026-05-28 12:05:00-04:00,243.16000366210938,243.89999389648438,242.89999389648438,243.57000732421875,160257,0
2026-05-28 12:10:00-04:00,243.68499755859375,244.17990112304688,243.68499755859375,243.9499969482422,69638,0
2026-05-28 12:15:00-04:00,243.98599243164062,244.0399932861328,243.39999389648438,243.55999755859375,69804,0
2026-05-28 12:20:00-04:00,243.6649932861328,244.05999755859375,243.4010009765625,243.7550048828125,77583,0
2026-05-28 12:25:00-04:00,243.7100067138672,244.4698944091797,243.52999877929688,244.36000061035156,97376,0
2026-05-28 12:30:00-04:00,244.3699951171875,245.8249969482422,244.2700958251953,245.8249969482422,154771,0
2026-05-28 12:35:00-04:00,245.72999572753906,247.2100067138672,245.33009338378906,246.89999389648438,166910,0
2026-05-28 12:40:00-04:00,246.83999633789062,246.92999267578125,245.5200958251953,246.2949981689453,191208,0
2026-05-28 12:45:00-04:00,246.35000610351562,247.89999389648438,245.4199981689453,247.86000061035156,187898,0
2026-05-28 12:50:00-04:00,247.9499969482422,249.0,247.1112060546875,247.2899932861328,300704,0
2026-05-28 12:55:00-04:00,247.2899932861328,248.39990234375,246.58619689941406,248.02450561523438,124399,0
2026-05-28 13:00:00-04:00,248.0800018310547,248.26499938964844,247.22000122070312,247.95140075683594,95011,0
2026-05-28 13:05:00-04:00,248.19000244140625,249.02999877929688,248.0399932861328,248.7415008544922,161020,0
2026-05-28 13:10:00-04:00,248.76499938964844,249.4600067138672,248.27000427246094,248.5,118724,0
2026-05-28 13:15:00-04:00,248.64999389648438,248.97999572753906,247.85000610351562,248.0749969482422,136978,0
2026-05-28 13:20:00-04:00,248.0749969482422,248.6699981689453,247.8000030517578,248.5,125689,0
2026-05-28 13:25:00-04:00,248.5399932861328,248.89999389648438,248.0399932861328,248.19000244140625,117793,0
2026-05-28 13:30:00-04:00,248.14999389648438,248.3052978515625,246.3101043701172,246.5399932861328,187585,0
2026-05-28 13:35:00-04:00,246.51499938964844,247.7799072265625,246.14010620117188,247.41000366210938,121777,0
2026-05-28 13:40:00-04:00,247.42999267578125,247.67950439453125,246.1999969482422,246.52000427246094,110902,0
2026-05-28 13:45:00-04:00,246.4810028076172,246.80999755859375,246.27549743652344,246.67999267578125,65720,0
2026-05-28 13:50:00-04:00,246.56500244140625,247.0,245.3800048828125,245.5500946044922,562587,0
2026-05-28 13:55:00-04:00,245.63499450683594,245.7299041748047,244.17999267578125,244.47999572753906,122864,0
2026-05-28 14:00:00-04:00,244.47000122070312,244.99000549316406,244.22000122070312,244.61000061035156,101360,0
2026-05-28 14:05:00-04:00,244.5800018310547,244.99000549316406,244.50999450683594,244.875,72590,0
2026-05-28 14:10:00-04:00,244.82000732421875,245.2198944091797,244.5500030517578,244.5800018310547,84003,0
2026-05-28 14:15:00-04:00,244.52000427246094,244.77999877929688,244.3000030517578,244.7100067138672,67723,0
2026-05-28 14:20:00-04:00,244.6750030517578,244.71499633789062,244.4199981689453,244.47500610351562,58013,0
2026-05-28 14:25:00-04:00,244.47500610351562,244.85000610351562,244.07000732421875,244.36000061035156,81697,0
2026-05-28 14:30:00-04:00,244.32000732421875,244.40989685058594,243.63999938964844,243.73500061035156,100963,0
2026-05-28 14:35:00-04:00,243.74000549316406,243.7895965576172,243.3800048828125,243.53500366210938,73779,0
2026-05-28 14:40:00-04:00,243.53500366210938,243.74000549316406,243.17999267578125,243.41000366210938,73909,0
2026-05-28 14:45:00-04:00,243.5500030517578,243.72000122070312,242.88009643554688,242.9199981689453,71690,0
2026-05-28 14:50:00-04:00,242.86000061035156,243.63999938964844,242.7100067138672,243.43499755859375,73442,0
2026-05-28 14:55:00-04:00,243.5,243.55990600585938,243.00999450683594,243.33999633789062,167986,0
2026-05-28 15:00:00-04:00,243.42999267578125,244.13999938964844,243.08999633789062,244.0399932861328,80851,0
2026-05-28 15:05:00-04:00,244.0399932861328,245.27000427246094,243.98599243164062,245.07000732421875,106383,0
2026-05-28 15:10:00-04:00,245.07000732421875,245.30130004882812,243.88999938964844,243.9949951171875,104966,0
2026-05-28 15:15:00-04:00,243.9700927734375,244.0399932861328,243.32000732421875,243.52999877929688,79473,0
2026-05-28 15:20:00-04:00,243.50999450683594,243.92990112304688,242.8800048828125,243.2100067138672,94768,0
2026-05-28 15:25:00-04:00,243.2899932861328,243.7899932861328,243.08999633789062,243.77999877929688,70628,0
2026-05-28 15:30:00-04:00,243.72999572753906,244.05999755859375,243.49000549316406,243.76300048828125,78474,0
2026-05-28 15:35:00-04:00,243.8800048828125,244.52499389648438,243.8101043701172,244.35000610351562,93017,0
2026-05-28 15:40:00-04:00,244.3300018310547,244.3300018310547,243.74000549316406,244.0500030517578,109200,0
2026-05-28 15:45:00-04:00,244.07000732421875,244.3699951171875,243.66000366210938,243.77499389648438,123165,0
2026-05-28 15:50:00-04:00,243.6999969482422,243.77999877929688,242.8249969482422,243.49000549316406,213905,0
2026-05-28 15:55:00-04:00,243.49000549316406,243.5850067138672,242.89999389648438,243.22000122070312,579018,0
2026-05-29 09:30:00-04:00,250.1999969482422,258.1400146484375,248.60000610351562,255.02999877929688,1942255,0
2026-05-29 09:35:00-04:00,254.84500122070312,256.80999755859375,253.36790466308594,254.61000061035156,427676,0
2026-05-29 09:40:00-04:00,254.52049255371094,257.7699890136719,254.30999755859375,256.7699890136719,317988,0
2026-05-29 09:45:00-04:00,257.05999755859375,259.8500061035156,255.31260681152344,258.0050048828125,504311,0
2026-05-29 09:50:00-04:00,258.1099853515625,259.20001220703125,256.32000732421875,256.55499267578125,328776,0
2026-05-29 09:55:00-04:00,256.55499267578125,257.7749938964844,255.7100067138672,257.6700134277344,241558,0
2026-05-29 10:00:00-04:00,257.625,259.9200134277344,257.3100891113281,258.010009765625,359679,0
2026-05-29 10:05:00-04:00,258.11260986328125,258.29998779296875,254.3699951171875,254.3699951171875,320050,0
2026-05-29 10:10:00-04:00,254.27999877929688,256.1300048828125,252.89999389648438,252.92999267578125,331813,0
2026-05-29 10:15:00-04:00,253.10000610351562,253.53500366210938,251.29010009765625,251.67999267578125,280890,0
2026-05-29 10:20:00-04:00,252.0,253.4499969482422,251.0500030517578,251.3300018310547,297097,0
2026-05-29 10:25:00-04:00,251.44500732421875,252.33999633789062,249.6699981689453,252.33999633789062,365449,0
2026-05-29 10:30:00-04:00,252.39999389648438,254.22000122070312,252.1999969482422,254.11000061035156,254508,0
2026-05-29 10:35:00-04:00,254.08999633789062,254.44000244140625,250.125,250.13999938964844,194223,0
2026-05-29 10:40:00-04:00,250.33999633789062,250.85000610351562,248.0,248.24000549316406,436364,0
2026-05-29 10:45:00-04:00,248.10499572753906,249.25,247.83999633789062,248.3800048828125,255126,0
2026-05-29 10:50:00-04:00,248.375,250.5648956298828,248.10009765625,248.9199981689453,276634,0
2026-05-29 10:55:00-04:00,248.86500549316406,251.10000610351562,248.86500549316406,251.10000610351562,245921,0
2026-05-29 11:00:00-04:00,251.1199951171875,251.522705078125,250.4499969482422,251.0,154690,0
2026-05-29 11:05:00-04:00,250.99000549316406,251.1300048828125,249.39999389648438,249.88499450683594,162254,0
2026-05-29 11:10:00-04:00,249.8574981689453,250.00990295410156,248.5399932861328,248.7899932861328,167097,0
2026-05-29 11:15:00-04:00,248.6199951171875,249.25,247.61000061035156,248.1649932861328,257833,0
2026-05-29 11:20:00-04:00,248.0800018310547,249.86000061035156,247.51010131835938,249.32000732421875,194682,0
2026-05-29 11:25:00-04:00,249.3000030517578,251.0399932861328,249.19000244140625,250.42999267578125,269725,0
2026-05-29 11:30:00-04:00,250.5800018310547,252.4199981689453,250.55999755859375,252.00999450683594,180297,0
2026-05-29 11:35:00-04:00,251.83999633789062,252.7799072265625,251.3300018310547,251.52999877929688,148427,0
2026-05-29 11:40:00-04:00,251.52499389648438,251.65989685058594,250.35000610351562,250.52499389648438,125355,0
2026-05-29 11:45:00-04:00,250.52499389648438,251.03990173339844,249.55999755859375,250.3300018310547,109194,0
2026-05-29 11:50:00-04:00,250.26010131835938,250.77000427246094,249.6999969482422,250.69500732421875,100053,0
2026-05-29 11:55:00-04:00,250.6300048828125,251.5399932861328,250.23500061035156,251.05499267578125,127848,0
2026-05-29 12:00:00-04:00,251.0,252.97000122070312,250.91000366210938,252.84500122070312,150569,0
2026-05-29 12:05:00-04:00,252.9600067138672,254.16000366210938,252.07000732421875,253.94009399414062,169167,0
2026-05-29 12:10:00-04:00,253.94500732421875,254.0500030517578,252.6999969482422,253.00999450683594,127095,0
2026-05-29 12:15:00-04:00,253.00509643554688,253.3000030517578,251.9199981689453,252.47500610351562,121415,0
2026-05-29 12:20:00-04:00,252.47500610351562,254.08999633789062,252.47500610351562,254.0,127926,0
2026-05-29 12:25:00-04:00,253.9499969482422,253.97000122070312,252.71009826660156,252.91000366210938,116087,0
2026-05-29 12:30:00-04:00,253.10000610351562,253.14999389648438,251.9199981689453,252.0449981689453,118092,0
2026-05-29 12:35:00-04:00,252.1300048828125,252.5,251.85000610351562,252.3300018310547,90075,0
2026-05-29 12:40:00-04:00,252.30499267578125,252.41000366210938,251.67999267578125,251.91000366210938,75832,0
2026-05-29 12:45:00-04:00,251.91000366210938,251.91000366210938,251.44000244140625,251.85499572753906,99097,0
2026-05-29 12:50:00-04:00,251.89999389648438,252.3800048828125,251.57000732421875,252.3300018310547,59336,0
2026-05-29 12:55:00-04:00,252.2949981689453,253.3699951171875,252.07000732421875,253.24000549316406,119555,0
2026-05-29 13:00:00-04:00,253.30999755859375,253.30999755859375,252.2949981689453,252.36000061035156,66438,0
2026-05-29 13:05:00-04:00,252.5,253.4600067138672,252.49000549316406,252.875,112544,0
2026-05-29 13:10:00-04:00,252.8249969482422,252.93499755859375,252.2899932861328,252.64999389648438,49547,0
2026-05-29 13:15:00-04:00,252.64999389648438,252.8800048828125,252.3000946044922,252.77999877929688,60331,0
2026-05-29 13:20:00-04:00,252.7899932861328,253.09500122070312,252.3101043701172,253.0,70858,0
2026-05-29 13:25:00-04:00,253.09500122070312,254.10000610351562,252.67999267578125,253.75,144840,0
2026-05-29 13:30:00-04:00,253.80999755859375,254.2698974609375,253.46499633789062,254.16000366210938,69479,0
2026-05-29 13:35:00-04:00,254.19000244140625,254.9499969482422,253.8000030517578,254.88499450683594,64222,0
2026-05-29 13:40:00-04:00,254.88499450683594,254.9499969482422,253.82000732421875,253.91000366210938,104981,0
2026-05-29 13:45:00-04:00,254.0,254.1199951171875,252.25,252.71009826660156,147388,0
2026-05-29 13:50:00-04:00,252.77999877929688,253.44000244140625,252.5399932861328,252.90499877929688,66765,0
2026-05-29 13:55:00-04:00,252.90499877929688,253.22999572753906,252.36000061035156,253.02000427246094,85597,0
2026-05-29 14:00:00-04:00,253.02499389648438,253.25340270996094,252.64999389648438,253.14999389648438,64426,0
2026-05-29 14:05:00-04:00,253.02000427246094,254.1999969482422,253.02000427246094,254.0500030517578,105616,0
2026-05-29 14:10:00-04:00,254.05999755859375,254.41969299316406,253.47000122070312,253.52499389648438,74051,0
2026-05-29 14:15:00-04:00,253.52499389648438,254.0399932861328,252.27999877929688,253.3699951171875,96061,0
2026-05-29 14:20:00-04:00,253.33999633789062,253.88999938964844,252.75,253.84500122070312,71626,0
2026-05-29 14:25:00-04:00,253.84500122070312,255.0,253.84500122070312,254.77499389648438,169541,0
2026-05-29 14:30:00-04:00,254.77499389648438,255.75999450683594,254.6999969482422,255.58970642089844,131210,0
2026-05-29 14:35:00-04:00,255.52000427246094,255.5301055908203,254.48500061035156,254.61000061035156,110483,0
2026-05-29 14:40:00-04:00,254.52999877929688,254.847900390625,254.0919952392578,254.375,79513,0
2026-05-29 14:45:00-04:00,254.375,254.5399932861328,253.3800048828125,253.4499969482422,96009,0
2026-05-29 14:50:00-04:00,253.50790405273438,253.83999633789062,253.1999969482422,253.59500122070312,87086,0
2026-05-29 14:55:00-04:00,253.59500122070312,253.74000549316406,252.64999389648438,253.27999877929688,108164,0
2026-05-29 15:00:00-04:00,253.49000549316406,253.91000366210938,252.9550018310547,253.35989379882812,116939,0
2026-05-29 15:05:00-04:00,253.2449951171875,254.25399780273438,253.2449951171875,254.11000061035156,85638,0
2026-05-29 15:10:00-04:00,254.03500366210938,254.1999969482422,253.6300048828125,253.66009521484375,90351,0
2026-05-29 15:15:00-04:00,253.77000427246094,253.97000122070312,253.5800018310547,253.6999969482422,93643,0
2026-05-29 15:20:00-04:00,253.65499877929688,253.80999755859375,252.99000549316406,253.3000030517578,119714,0
2026-05-29 15:25:00-04:00,253.2899932861328,253.4199981689453,252.42999267578125,252.86000061035156,197659,0
2026-05-29 15:30:00-04:00,252.86000061035156,253.16000366210938,250.9499969482422,251.32000732421875,209517,0
2026-05-29 15:35:00-04:00,251.26499938964844,252.11000061035156,250.75010681152344,250.80499267578125,288618,0
2026-05-29 15:40:00-04:00,250.80499267578125,251.30999755859375,250.32000732421875,251.22999572753906,247533,0
2026-05-29 15:45:00-04:00,251.22999572753906,251.3560028076172,250.72999572753906,250.77999877929688,180255,0
2026-05-29 15:50:00-04:00,250.8699951171875,250.8699951171875,248.25010681152344,249.2899932861328,634342,0
2026-05-29 15:55:00-04:00,249.42999267578125,251.52000427246094,249.42999267578125,251.08999633789062,810560,0
2026-06-01 09:30:00-04:00,233.3300018310547,235.60000610351562,230.50680541992188,232.6199951171875,3517362,0
2026-06-01 09:35:00-04:00,232.2100067138672,238.02000427246094,232.00999450683594,236.81500244140625,578540,0
2026-06-01 09:40:00-04:00,236.50999450683594,236.98989868164062,234.0,234.77499389648438,555155,0
2026-06-01 09:45:00-04:00,234.4600067138672,234.57000732421875,229.5,230.88499450683594,658080,0
2026-06-01 09:50:00-04:00,230.61900329589844,232.3699951171875,229.1199951171875,229.72000122070312,477803,0
2026-06-01 09:55:00-04:00,229.72000122070312,229.94000244140625,227.60000610351562,228.3800048828125,504686,0
2026-06-01 10:00:00-04:00,228.38999938964844,228.97900390625,226.81179809570312,228.58999633789062,456765,0
2026-06-01 10:05:00-04:00,228.55499267578125,232.3000030517578,228.43499755859375,231.14999389648438,370685,0
2026-06-01 10:10:00-04:00,231.07000732421875,231.99000549316406,229.85000610351562,230.89500427246094,298793,0
2026-06-01 10:15:00-04:00,230.9600067138672,233.5749969482422,230.95359802246094,232.7550048828125,428930,0
2026-06-01 10:20:00-04:00,232.7899932861328,235.99989318847656,232.75999450683594,235.5399932861328,388575,0
2026-06-01 10:25:00-04:00,235.38999938964844,235.97000122070312,234.8968963623047,235.6199951171875,185247,0
2026-06-01 10:30:00-04:00,235.6699981689453,236.5,235.10670471191406,235.6999969482422,218400,0
2026-06-01 10:35:00-04:00,235.6300048828125,236.33999633789062,234.00010681152344,234.6699981689453,183298,0
2026-06-01 10:40:00-04:00,234.6649932861328,234.9600067138672,233.11000061035156,233.3000030517578,175057,0
2026-06-01 10:45:00-04:00,233.4949951171875,233.91000366210938,233.06700134277344,233.56190490722656,138618,0
2026-06-01 10:50:00-04:00,233.4600067138672,233.86349487304688,233.08999633789062,233.7899932861328,150501,0
2026-06-01 10:55:00-04:00,233.5800018310547,233.72000122070312,232.50999450683594,232.7550048828125,179521,0
2026-06-01 11:00:00-04:00,232.85000610351562,234.0800018310547,232.77499389648438,233.32000732421875,130775,0
2026-06-01 11:05:00-04:00,233.35000610351562,234.61000061035156,233.14999389648438,234.30999755859375,163071,0
2026-06-01 11:10:00-04:00,234.1699981689453,234.72000122070312,233.1999969482422,234.30999755859375,114516,0
2026-06-01 11:15:00-04:00,234.38999938964844,234.92999267578125,233.9199981689453,234.06500244140625,105987,0
2026-06-01 11:20:00-04:00,234.07000732421875,234.5,233.10000610351562,233.42999267578125,209417,0
2026-06-01 11:25:00-04:00,233.56300354003906,234.28990173339844,233.35000610351562,234.13999938964844,129123,0
2026-06-01 11:30:00-04:00,234.13999938964844,235.44000244140625,234.13999938964844,234.7725067138672,182148,0
2026-06-01 11:35:00-04:00,234.86000061035156,234.86000061035156,232.88999938964844,234.47999572753906,157600,0
2026-06-01 11:40:00-04:00,234.4250030517578,234.71600341796875,233.5800018310547,234.52000427246094,120386,0
2026-06-01 11:45:00-04:00,234.52000427246094,234.5749969482422,233.27999877929688,233.27999877929688,105100,0
2026-06-01 11:50:00-04:00,233.28399658203125,234.27999877929688,233.14999389648438,233.55499267578125,105685,0
2026-06-01 11:55:00-04:00,233.56500244140625,233.63999938964844,232.5601043701172,232.74000549316406,103754,0
2026-06-01 12:00:00-04:00,232.83999633789062,233.05999755859375,232.18499755859375,232.3249969482422,132390,0
2026-06-01 12:05:00-04:00,232.31500244140625,233.0500030517578,232.0800018310547,233.0449981689453,78547,0
2026-06-01 12:10:00-04:00,233.02999877929688,233.139892578125,231.7050018310547,231.97500610351562,144545,0
2026-06-01 12:15:00-04:00,231.83999633789062,232.16000366210938,231.58999633789062,231.9499969482422,87023,0
2026-06-01 12:20:00-04:00,232.0,232.16000366210938,231.7899932861328,231.89999389648438,102626,0
2026-06-01 12:25:00-04:00,231.94000244140625,232.28900146484375,230.84820556640625,231.25,243585,0
2026-06-01 12:30:00-04:00,231.13499450683594,231.4949951171875,230.66000366210938,230.83999633789062,134631,0
2026-06-01 12:35:00-04:00,230.8300018310547,231.58999633789062,230.8300018310547,231.36000061035156,95551,0
2026-06-01 12:40:00-04:00,231.27999877929688,231.36000061035156,229.60000610351562,229.66000366210938,269130,0
2026-06-01 12:45:00-04:00,229.67999267578125,230.32980346679688,228.94000244140625,230.0800018310547,203926,0
2026-06-01 12:50:00-04:00,230.05999755859375,232.3800048828125,230.0,232.1750030517578,123325,0
2026-06-01 12:55:00-04:00,232.00999450683594,233.62989807128906,231.97000122070312,233.34500122070312,149964,0
2026-06-01 13:00:00-04:00,233.30999755859375,233.73989868164062,231.75,231.88999938964844,139540,0
2026-06-01 13:05:00-04:00,231.9250030517578,232.2342987060547,231.5,231.93370056152344,75755,0
2026-06-01 13:10:00-04:00,231.8800048828125,232.04800415039062,231.14999389648438,231.47999572753906,98228,0
2026-06-01 13:15:00-04:00,231.5050048828125,231.7899932861328,230.50100708007812,231.1199951171875,112949,0
2026-06-01 13:20:00-04:00,231.13499450683594,231.75,230.83999633789062,231.61000061035156,81699,0
2026-06-01 13:25:00-04:00,231.6699981689453,233.05499267578125,231.38009643554688,232.9600067138672,131655,0
2026-06-01 13:30:00-04:00,233.0449981689453,233.1699981689453,232.39999389648438,232.5850067138672,84535,0
2026-06-01 13:35:00-04:00,232.67999267578125,233.47999572753906,232.5850067138672,233.0659942626953,98461,0
2026-06-01 13:40:00-04:00,232.91000366210938,234.30990600585938,232.860107421875,233.88499450683594,159649,0
2026-06-01 13:45:00-04:00,234.0,234.20379638671875,233.38999938964844,234.02000427246094,99648,0
2026-06-01 13:50:00-04:00,234.0399932861328,234.55999755859375,233.65370178222656,233.65370178222656,107195,0
2026-06-01 13:55:00-04:00,233.76499938964844,233.89390563964844,232.88999938964844,233.41000366210938,94443,0
2026-06-01 14:00:00-04:00,233.4199981689453,233.66000366210938,232.21730041503906,232.33999633789062,98919,0
2026-06-01 14:05:00-04:00,232.34500122070312,232.63999938964844,231.55050659179688,231.6699981689453,129923,0
2026-06-01 14:10:00-04:00,231.7050018310547,231.80999755859375,229.8000030517578,230.8300018310547,297486,0
2026-06-01 14:15:00-04:00,230.61000061035156,230.7333984375,229.24000549316406,229.52000427246094,164477,0
2026-06-01 14:20:00-04:00,229.56500244140625,230.35000610351562,229.5050048828125,230.23500061035156,129573,0
2026-06-01 14:25:00-04:00,230.1649932861328,230.3350067138672,229.7017059326172,230.0399932861328,91530,0
2026-06-01 14:30:00-04:00,230.02000427246094,230.5,229.5500030517578,230.110107421875,140421,0
2026-06-01 14:35:00-04:00,230.26499938964844,230.8000030517578,230.02749633789062,230.58999633789062,101792,0
2026-06-01 14:40:00-04:00,230.58999633789062,231.0299072265625,230.3000030517578,230.7100067138672,110390,0
2026-06-01 14:45:00-04:00,230.66000366210938,230.85000610351562,230.1199951171875,230.34500122070312,93873,0
2026-06-01 14:50:00-04:00,230.34500122070312,230.50999450683594,230.1208038330078,230.27000427246094,82675,0
2026-06-01 14:55:00-04:00,230.3300018310547,230.85000610351562,229.83999633789062,230.10000610351562,158633,0
2026-06-01 15:00:00-04:00,230.1999969482422,230.1999969482422,228.02000427246094,228.68499755859375,236561,0
2026-06-01 15:05:00-04:00,228.5800018310547,229.1199951171875,228.42999267578125,229.07000732421875,108447,0
2026-06-01 15:10:00-04:00,229.08999633789062,229.37989807128906,227.89999389648438,228.80999755859375,406872,0
2026-06-01 15:15:00-04:00,228.78500366210938,228.7949981689453,227.17999267578125,227.77000427246094,376973,0
2026-06-01 15:20:00-04:00,227.74000549316406,228.92999267578125,227.6999969482422,228.8061981201172,166457,0
2026-06-01 15:25:00-04:00,228.64999389648438,228.92999267578125,228.2100067138672,228.80999755859375,130152,0
2026-06-01 15:30:00-04:00,228.76499938964844,229.7050018310547,228.57550048828125,229.60499572753906,169078,0
2026-06-01 15:35:00-04:00,229.55999755859375,229.58999633789062,228.85000610351562,229.15499877929688,149442,0
2026-06-01 15:40:00-04:00,229.11000061035156,229.28390502929688,228.34500122070312,229.16000366210938,213060,0
2026-06-01 15:45:00-04:00,229.1999969482422,229.47000122070312,228.55999755859375,228.65499877929688,267906,0
2026-06-01 15:50:00-04:00,228.61000061035156,229.1999969482422,228.3800048828125,229.0449981689453,331625,0
2026-06-01 15:55:00-04:00,229.08999633789062,229.08999633789062,228.1999969482422,228.97999572753906,809831,0
2026-06-02 09:30:00-04:00,232.3000030517578,232.5800018310547,226.0500030517578,226.5,1258661,0
2026-06-02 09:35:00-04:00,226.36000061035156,232.6750030517578,226.18499755859375,232.64999389648438,486179,0
2026-06-02 09:40:00-04:00,232.5,234.63999938964844,230.9600067138672,234.50010681152344,360321,0
2026-06-02 09:45:00-04:00,234.3800048828125,234.66000366210938,230.8699951171875,231.86990356445312,337468,0
2026-06-02 09:50:00-04:00,231.8000030517578,232.57000732421875,230.60000610351562,231.80880737304688,171490,0
2026-06-02 09:55:00-04:00,231.7449951171875,232.52999877929688,231.58999633789062,232.1199951171875,144786,0
2026-06-02 10:00:00-04:00,232.3000030517578,233.08999633789062,231.3800048828125,232.99000549316406,258529,0
2026-06-02 10:05:00-04:00,233.08999633789062,235.0,232.50999450683594,234.4600067138672,440131,0
2026-06-02 10:10:00-04:00,234.51609802246094,237.16000366210938,234.08009338378906,236.8343963623047,530909,0
2026-06-02 10:15:00-04:00,236.99989318847656,237.72999572753906,236.0095977783203,236.82110595703125,256999,0
2026-06-02 10:20:00-04:00,236.8251953125,236.99989318847656,234.32000732421875,234.32000732421875,251122,0
2026-06-02 10:25:00-04:00,234.41000366210938,235.80999755859375,233.51010131835938,235.80099487304688,219790,0
2026-06-02 10:30:00-04:00,235.57359313964844,236.5,234.3249969482422,236.25999450683594,185217,0
2026-06-02 10:35:00-04:00,236.22999572753906,237.6999969482422,235.7899932861328,237.22500610351562,257118,0
2026-06-02 10:40:00-04:00,237.27000427246094,240.6199951171875,236.7899932861328,240.50999450683594,388402,0
2026-06-02 10:45:00-04:00,240.48500061035156,240.91000366210938,238.6511993408203,239.32000732421875,306276,0
2026-06-02 10:50:00-04:00,239.2949981689453,240.0,238.56680297851562,238.75,159764,0
2026-06-02 10:55:00-04:00,238.83999633789062,239.75999450683594,238.32000732421875,239.7476043701172,117202,0
2026-06-02 11:00:00-04:00,239.75,240.16000366210938,238.30999755859375,238.97000122070312,174732,0
2026-06-02 11:05:00-04:00,239.0,239.6999969482422,238.3699951171875,239.44000244140625,97440,0
2026-06-02 11:10:00-04:00,239.5500030517578,240.64999389648438,239.2100067138672,240.36000061035156,208941,0
2026-06-02 11:15:00-04:00,240.36000061035156,241.17999267578125,239.77000427246094,240.3699951171875,170040,0
2026-06-02 11:20:00-04:00,240.2899932861328,241.36000061035156,239.52999877929688,240.1300048828125,180235,0
2026-06-02 11:25:00-04:00,240.125,240.27999877929688,239.125,240.16000366210938,154866,0
2026-06-02 11:30:00-04:00,240.0601043701172,240.0601043701172,238.8654022216797,239.8699951171875,127134,0
2026-06-02 11:35:00-04:00,239.7082977294922,240.32000732421875,239.25999450683594,240.1699981689453,99186,0
2026-06-02 11:40:00-04:00,240.0,240.69000244140625,238.89500427246094,239.03500366210938,153670,0
2026-06-02 11:45:00-04:00,238.9949951171875,240.9149932861328,238.83999633789062,240.74000549316406,129233,0
2026-06-02 11:50:00-04:00,240.86000061035156,241.67999267578125,240.14999389648438,241.60000610351562,128654,0
2026-06-02 11:55:00-04:00,241.75999450683594,241.9499969482422,240.44000244140625,241.10000610351562,139730,0
2026-06-02 12:00:00-04:00,241.26499938964844,242.47000122070312,241.26499938964844,242.27000427246094,137524,0
2026-06-02 12:05:00-04:00,242.2100067138672,243.36500549316406,241.9700927734375,243.0800018310547,175330,0
2026-06-02 12:10:00-04:00,242.92999267578125,243.3300018310547,242.22999572753906,242.65499877929688,139321,0
2026-06-02 12:15:00-04:00,242.5,242.80499267578125,241.32000732421875,241.8300018310547,185489,0
2026-06-02 12:20:00-04:00,241.9199981689453,242.41000366210938,240.79150390625,241.97999572753906,117555,0
2026-06-02 12:25:00-04:00,242.02499389648438,242.17999267578125,240.9199981689453,241.1239013671875,94509,0
2026-06-02 12:30:00-04:00,241.10000610351562,241.89990234375,241.0,241.4499969482422,77068,0
2026-06-02 12:35:00-04:00,241.48500061035156,241.63040161132812,240.41000366210938,240.74000549316406,117432,0
2026-06-02 12:40:00-04:00,240.9398956298828,241.0,240.16000366210938,240.4199981689453,71048,0
2026-06-02 12:45:00-04:00,240.61000061035156,241.19000244140625,240.02000427246094,240.91000366210938,64914,0
2026-06-02 12:50:00-04:00,241.0,241.7899932861328,241.0,241.58999633789062,41431,0
2026-06-02 12:55:00-04:00,241.5399932861328,242.2100067138672,241.22999572753906,242.13999938964844,74099,0
2026-06-02 13:00:00-04:00,242.17999267578125,242.2899932861328,241.44009399414062,241.83999633789062,71003,0
2026-06-02 13:05:00-04:00,241.82949829101562,243.5,241.41000366210938,242.64999389648438,204310,0
2026-06-02 13:10:00-04:00,242.50509643554688,245.18699645996094,241.860107421875,243.44000244140625,322127,0
2026-06-02 13:15:00-04:00,243.39500427246094,243.4600067138672,241.4499969482422,241.8350067138672,198863,0
2026-06-02 13:20:00-04:00,241.8350067138672,242.39999389648438,240.25999450683594,240.9499969482422,147878,0
2026-06-02 13:25:00-04:00,240.94000244140625,241.1300048828125,239.5,239.66000366210938,100154,0
2026-06-02 13:30:00-04:00,239.58999633789062,240.8656005859375,239.36000061035156,240.52999877929688,80324,0
2026-06-02 13:35:00-04:00,240.5500030517578,240.6699981689453,239.2819061279297,239.39999389648438,436636,0
2026-06-02 13:40:00-04:00,239.42990112304688,239.94000244140625,238.8000030517578,239.72999572753906,73518,0
2026-06-02 13:45:00-04:00,239.7949981689453,240.47000122070312,239.6699981689453,240.14500427246094,74156,0
2026-06-02 13:50:00-04:00,240.02000427246094,240.4199981689453,239.9499969482422,240.16000366210938,33301,0
2026-06-02 13:55:00-04:00,240.1300048828125,240.19000244140625,239.63009643554688,240.19000244140625,62512,0
2026-06-02 14:00:00-04:00,240.13999938964844,240.8699951171875,239.91000366210938,240.77000427246094,109240,0
2026-06-02 14:05:00-04:00,240.77999877929688,241.32000732421875,240.5399932861328,241.24000549316406,66625,0
2026-06-02 14:10:00-04:00,241.25,241.77999877929688,241.22000122070312,241.77999877929688,84210,0
2026-06-02 14:15:00-04:00,241.75999450683594,242.1300048828125,241.297607421875,241.5050048828125,94708,0
2026-06-02 14:20:00-04:00,241.52000427246094,242.2449951171875,241.1699981689453,241.27000427246094,73230,0
2026-06-02 14:25:00-04:00,241.27499389648438,241.86500549316406,241.0,241.86500549316406,86025,0
2026-06-02 14:30:00-04:00,241.99549865722656,243.0500030517578,241.6999969482422,242.69000244140625,111083,0
2026-06-02 14:35:00-04:00,242.6300048828125,242.99000549316406,241.99000549316406,242.46690368652344,113436,0
2026-06-02 14:40:00-04:00,242.47500610351562,242.52000427246094,242.12010192871094,242.39500427246094,56093,0
2026-06-02 14:45:00-04:00,242.38999938964844,243.17999267578125,242.00999450683594,242.86500549316406,84755,0
2026-06-02 14:50:00-04:00,242.86500549316406,243.2299041748047,242.63999938964844,242.8300018310547,72233,0
2026-06-02 14:55:00-04:00,242.7449951171875,243.25,242.60000610351562,243.06430053710938,56268,0
2026-06-02 15:00:00-04:00,243.1699981689453,243.57000732421875,243.14999389648438,243.2949981689453,87706,0
2026-06-02 15:05:00-04:00,243.21009826660156,243.5500030517578,242.81900024414062,243.2899932861328,92361,0
2026-06-02 15:10:00-04:00,243.30499267578125,243.97999572753906,243.13999938964844,243.80999755859375,104942,0
2026-06-02 15:15:00-04:00,243.80499267578125,243.86000061035156,242.0301055908203,242.2449951171875,160860,0
2026-06-02 15:20:00-04:00,242.13999938964844,242.6999969482422,241.9199981689453,242.44500732421875,95750,0
2026-06-02 15:25:00-04:00,242.5399932861328,243.02999877929688,242.38999938964844,242.5399932861328,119168,0
2026-06-02 15:30:00-04:00,242.47000122070312,243.11000061035156,242.1999969482422,242.48500061035156,102039,0
2026-06-02 15:35:00-04:00,242.52000427246094,242.80999755859375,241.16000366210938,241.16000366210938,117548,0
2026-06-02 15:40:00-04:00,241.1199951171875,241.52499389648438,240.71499633789062,241.4550018310547,135398,0
2026-06-02 15:45:00-04:00,241.4600067138672,241.639892578125,241.16000366210938,241.30999755859375,139129,0
2026-06-02 15:50:00-04:00,241.24000549316406,241.2899932861328,240.6199951171875,240.64999389648438,263394,0
2026-06-02 15:55:00-04:00,240.63999938964844,241.63999938964844,240.63999938964844,240.77999877929688,713363,0
2026-06-03 09:30:00-04:00,235.02000427246094,244.39999389648438,233.02000427246094,241.67999267578125,1255234,0
2026-06-03 09:35:00-04:00,241.5,244.10000610351562,239.69000244140625,242.1999969482422,317152,0
2026-06-03 09:40:00-04:00,242.5937957763672,243.22000122070312,239.10000610351562,239.55999755859375,232281,0
2026-06-03 09:45:00-04:00,239.7899932861328,240.2100067138672,236.32000732421875,236.60000610351562,230666,0
2026-06-03 09:50:00-04:00,236.52000427246094,243.13999938964844,236.3000030517578,240.7100067138672,299419,0
2026-06-03 09:55:00-04:00,240.49000549316406,243.0,239.88999938964844,243.0,203279,0
2026-06-03 10:00:00-04:00,243.18499755859375,247.49000549316406,242.25999450683594,246.35499572753906,434323,0
2026-06-03 10:05:00-04:00,246.35499572753906,248.5,244.50999450683594,247.90499877929688,379907,0
2026-06-03 10:10:00-04:00,247.97999572753906,253.79989624023438,247.50999450683594,253.52499389648438,620745,0
2026-06-03 10:15:00-04:00,253.67999267578125,254.72000122070312,250.69000244140625,250.75999450683594,623491,0
2026-06-03 10:20:00-04:00,250.67999267578125,252.3699951171875,248.20889282226562,249.1999969482422,503334,0
2026-06-03 10:25:00-04:00,249.13999938964844,252.00999450683594,247.9801025390625,251.8350067138672,327996,0
2026-06-03 10:30:00-04:00,251.72000122070312,252.23599243164062,249.16009521484375,249.41000366210938,275294,0
2026-06-03 10:35:00-04:00,249.41000366210938,250.0,246.35000610351562,249.1999969482422,280041,0
2026-06-03 10:40:00-04:00,249.1699981689453,250.4499969482422,248.72000122070312,249.27499389648438,205605,0
2026-06-03 10:45:00-04:00,249.47999572753906,250.1999969482422,248.86000061035156,249.39999389648438,158553,0
2026-06-03 10:50:00-04:00,249.58999633789062,250.49989318847656,249.19009399414062,249.99000549316406,163653,0
2026-06-03 10:55:00-04:00,249.88499450683594,250.11000061035156,247.1699981689453,247.81500244140625,993258,0
2026-06-03 11:00:00-04:00,247.7100067138672,250.1898956298828,247.1300048828125,249.3300018310547,168109,0
2026-06-03 11:05:00-04:00,249.28500366210938,251.3699951171875,248.9300994873047,250.03500366210938,239843,0
2026-06-03 11:10:00-04:00,250.0399932861328,251.06500244140625,250.0399932861328,250.67999267578125,163530,0
2026-06-03 11:15:00-04:00,250.8300018310547,250.9499969482422,249.8300018310547,250.5800018310547,139916,0
2026-06-03 11:20:00-04:00,250.61000061035156,251.17999267578125,249.39999389648438,249.8249969482422,181197,0
2026-06-03 11:25:00-04:00,249.72999572753906,249.97000122070312,248.64999389648438,249.69000244140625,195818,0
2026-06-03 11:30:00-04:00,249.39999389648438,251.07000732421875,249.36000061035156,250.73500061035156,110808,0
2026-06-03 11:35:00-04:00,250.50999450683594,251.0,249.83999633789062,250.25,153020,0
2026-06-03 11:40:00-04:00,250.33999633789062,250.6999969482422,249.9199981689453,250.10000610351562,168979,0
2026-06-03 11:45:00-04:00,250.0,251.16000366210938,248.89999389648438,250.88499450683594,371602,0
2026-06-03 11:50:00-04:00,250.88499450683594,252.97000122070312,250.88499450683594,252.4001007080078,214866,0
2026-06-03 11:55:00-04:00,252.41000366210938,253.8699951171875,251.52000427246094,252.61000061035156,229444,0
2026-06-03 12:00:00-04:00,252.63999938964844,254.27999877929688,252.50999450683594,253.99000549316406,339882,0
2026-06-03 12:05:00-04:00,254.20989990234375,254.6199951171875,253.09129333496094,253.73500061035156,184278,0
2026-06-03 12:10:00-04:00,253.75,255.08999633789062,253.36000061035156,254.3699951171875,295155,0
2026-06-03 12:15:00-04:00,254.44009399414062,254.5399932861328,253.35000610351562,254.36000061035156,245373,0
2026-06-03 12:20:00-04:00,254.38999938964844,254.50999450683594,252.0,252.00100708007812,195283,0
2026-06-03 12:25:00-04:00,252.0,252.25999450683594,250.8800048828125,250.98500061035156,181475,0
2026-06-03 12:30:00-04:00,250.98500061035156,251.1199951171875,249.39999389648438,249.66000366210938,241902,0
2026-06-03 12:35:00-04:00,249.6999969482422,250.0,248.3300018310547,249.6199951171875,189149,0
2026-06-03 12:40:00-04:00,249.49000549316406,249.6790008544922,247.89999389648438,248.03500366210938,181522,0
2026-06-03 12:45:00-04:00,248.0,249.3249969482422,247.99000549316406,249.11000061035156,120691,0
2026-06-03 12:50:00-04:00,249.0800018310547,250.36000061035156,249.0800018310547,249.9199981689453,109922,0
2026-06-03 12:55:00-04:00,249.9499969482422,251.1999969482422,249.80999755859375,250.96499633789062,85470,0
2026-06-03 13:00:00-04:00,250.96499633789062,251.0,248.77999877929688,248.77999877929688,163569,0
2026-06-03 13:05:00-04:00,248.75999450683594,249.49989318847656,248.01080322265625,249.08999633789062,118564,0
2026-06-03 13:10:00-04:00,249.19500732421875,249.7989959716797,248.5500030517578,248.74000549316406,97696,0
2026-06-03 13:15:00-04:00,248.7100067138672,249.0399932861328,248.25999450683594,248.8300018310547,113640,0
2026-06-03 13:20:00-04:00,248.6999969482422,249.32000732421875,248.25999450683594,249.30999755859375,139093,0
2026-06-03 13:25:00-04:00,249.39849853515625,249.7100067138672,248.83999633789062,249.6999969482422,54403,0
2026-06-03 13:30:00-04:00,249.7050018310547,249.71499633789062,248.82000732421875,249.17999267578125,90295,0
2026-06-03 13:35:00-04:00,249.66000366210938,249.860595703125,248.69009399414062,249.4199981689453,45223,0
2026-06-03 13:40:00-04:00,249.25,249.8800048828125,249.25,249.60000610351562,74631,0
2026-06-03 13:45:00-04:00,249.74000549316406,250.6999969482422,249.42999267578125,250.3699951171875,96143,0
2026-06-03 13:50:00-04:00,250.38999938964844,250.6300048828125,249.9600067138672,250.6300048828125,82133,0
2026-06-03 13:55:00-04:00,250.55999755859375,250.6898956298828,249.69000244140625,250.3000030517578,72928,0
2026-06-03 14:00:00-04:00,250.39999389648438,251.0,250.13999938964844,250.8800048828125,76012,0
2026-06-03 14:05:00-04:00,250.88499450683594,251.2899932861328,250.7899932861328,251.02999877929688,76642,0
2026-06-03 14:10:00-04:00,251.00999450683594,251.2899932861328,250.14010620117188,250.6300048828125,81144,0
2026-06-03 14:15:00-04:00,250.59500122070312,250.65989685058594,249.55999755859375,250.30999755859375,87492,0
2026-06-03 14:20:00-04:00,250.2678985595703,250.8000030517578,250.10000610351562,250.70010375976562,66058,0
2026-06-03 14:25:00-04:00,250.8800048828125,251.5,250.77000427246094,251.3800048828125,83343,0
2026-06-03 14:30:00-04:00,251.4499053955078,251.6746063232422,250.72999572753906,250.72999572753906,80166,0
2026-06-03 14:35:00-04:00,250.7100067138672,251.17999267578125,249.75999450683594,250.33999633789062,94361,0
2026-06-03 14:40:00-04:00,250.33999633789062,250.7899932861328,250.11000061035156,250.67999267578125,69472,0
2026-06-03 14:45:00-04:00,250.62750244140625,250.8000030517578,250.3300018310547,250.63999938964844,65168,0
2026-06-03 14:50:00-04:00,250.5850067138672,250.99989318847656,250.07000732421875,250.55999755859375,83936,0
2026-06-03 14:55:00-04:00,250.61000061035156,250.72000122070312,249.64999389648438,250.406005859375,125475,0
2026-06-03 15:00:00-04:00,250.375,250.4600067138672,249.77999877929688,250.35000610351562,95079,0
2026-06-03 15:05:00-04:00,250.34500122070312,250.88999938964844,249.7899932861328,249.83999633789062,89081,0
2026-06-03 15:10:00-04:00,249.83999633789062,250.47000122070312,249.08999633789062,249.7899932861328,118086,0
2026-06-03 15:15:00-04:00,249.7050018310547,250.14999389648438,249.2100067138672,249.89999389648438,81549,0
2026-06-03 15:20:00-04:00,249.75,249.8300018310547,249.25,249.47500610351562,64449,0
2026-06-03 15:25:00-04:00,249.2801055908203,250.27000427246094,248.85000610351562,250.17999267578125,156005,0
2026-06-03 15:30:00-04:00,250.17999267578125,251.24000549316406,249.22999572753906,251.14500427246094,166458,0
2026-06-03 15:35:00-04:00,251.24000549316406,252.03500366210938,250.66180419921875,251.5500030517578,161076,0
2026-06-03 15:40:00-04:00,251.5449981689453,252.05999755859375,251.48500061035156,251.9499969482422,170894,0
2026-06-03 15:45:00-04:00,251.97999572753906,252.3800048828125,251.43499755859375,251.86000061035156,182459,0
2026-06-03 15:50:00-04:00,251.92999267578125,252.22000122070312,251.44000244140625,251.9199981689453,304321,0
2026-06-03 15:55:00-04:00,251.75,252.02499389648438,249.92999267578125,250.02000427246094,876639,0
2026-06-04 09:30:00-04:00,239.4499969482422,246.6999969482422,239.22999572753906,246.59939575195312,1224980,0
2026-06-04 09:35:00-04:00,246.35000610351562,246.4600067138672,240.72000122070312,244.1999969482422,365553,0
2026-06-04 09:40:00-04:00,244.16600036621094,244.3000030517578,239.16000366210938,239.66000366210938,264225,0
2026-06-04 09:45:00-04:00,239.47999572753906,242.5449981689453,238.08999633789062,240.24000549316406,333175,0
2026-06-04 09:50:00-04:00,240.22000122070312,241.6999969482422,238.35000610351562,238.8300018310547,250175,0
2026-06-04 09:55:00-04:00,238.82000732421875,239.42999267578125,237.10000610351562,237.11500549316406,251692,0
2026-06-04 10:00:00-04:00,237.1699981689453,238.435302734375,236.46499633789062,236.5749969482422,242633,0
2026-06-04 10:05:00-04:00,236.55999755859375,236.64999389648438,235.3300018310547,235.92990112304688,329966,0
2026-06-04 10:10:00-04:00,235.77000427246094,238.2100067138672,235.69000244140625,238.1300048828125,265573,0
2026-06-04 10:15:00-04:00,238.13999938964844,239.6999969482422,237.4199981689453,238.6199951171875,249789,0
2026-06-04 10:20:00-04:00,238.5800018310547,239.4199981689453,238.01010131835938,239.27999877929688,142786,0
2026-06-04 10:25:00-04:00,239.22000122070312,241.298095703125,238.61000061035156,241.13999938964844,158659,0
2026-06-04 10:30:00-04:00,241.13999938964844,241.14500427246094,238.7100067138672,239.00999450683594,140059,0
2026-06-04 10:35:00-04:00,239.05499267578125,239.3000030517578,238.00999450683594,238.8800048828125,88896,0
2026-06-04 10:40:00-04:00,238.8699951171875,239.25999450683594,237.6999969482422,237.75,100701,0
2026-06-04 10:45:00-04:00,237.82000732421875,238.63999938964844,237.8000030517578,238.49000549316406,85956,0
2026-06-04 10:50:00-04:00,238.5800018310547,239.9600067138672,238.22000122070312,239.72999572753906,97877,0
2026-06-04 10:55:00-04:00,239.38999938964844,241.218505859375,238.6199951171875,241.2100067138672,117838,0
2026-06-04 11:00:00-04:00,240.9949951171875,241.9949951171875,240.72999572753906,241.35499572753906,130512,0
2026-06-04 11:05:00-04:00,241.2989959716797,243.34500122070312,241.22999572753906,243.12600708007812,177311,0
2026-06-04 11:10:00-04:00,242.88999938964844,243.28509521484375,242.1800994873047,242.5749969482422,204538,0
2026-06-04 11:15:00-04:00,242.55999755859375,243.29989624023438,242.22779846191406,242.6024932861328,298449,0
2026-06-04 11:20:00-04:00,242.50999450683594,242.5399932861328,240.88999938964844,241.6300048828125,125397,0
2026-06-04 11:25:00-04:00,241.5800018310547,241.60000610351562,240.3300018310547,240.3699951171875,91509,0
2026-06-04 11:30:00-04:00,240.48500061035156,240.6699981689453,239.41009521484375,239.8699951171875,99602,0
2026-06-04 11:35:00-04:00,239.8699951171875,240.25,239.57000732421875,240.13999938964844,77793,0
2026-06-04 11:40:00-04:00,240.17999267578125,240.5,239.8000030517578,240.375,60991,0
2026-06-04 11:45:00-04:00,240.33999633789062,240.38999938964844,237.61000061035156,237.74000549316406,131232,0
2026-06-04 11:50:00-04:00,237.72999572753906,238.79989624023438,237.71009826660156,238.47999572753906,96169,0
2026-06-04 11:55:00-04:00,238.44500732421875,239.33999633789062,238.1300048828125,239.27000427246094,103193,0
2026-06-04 12:00:00-04:00,239.33999633789062,239.6999969482422,238.8800048828125,239.57000732421875,59125,0
2026-06-04 12:05:00-04:00,239.52999877929688,239.69000244140625,238.75,239.42999267578125,84912,0
2026-06-04 12:10:00-04:00,239.52999877929688,239.5800018310547,238.8800048828125,239.0,52614,0
2026-06-04 12:15:00-04:00,238.99000549316406,239.72000122070312,238.99000549316406,239.51010131835938,59911,0
2026-06-04 12:20:00-04:00,239.6300048828125,240.49000549316406,239.52999877929688,240.49000549316406,71442,0
2026-06-04 12:25:00-04:00,240.3300018310547,240.88999938964844,240.05999755859375,240.71499633789062,66557,0
2026-06-04 12:30:00-04:00,240.74000549316406,240.7949981689453,239.47000122070312,240.02999877929688,70859,0
2026-06-04 12:35:00-04:00,239.92999267578125,240.58999633789062,239.92999267578125,240.24000549316406,68617,0
2026-06-04 12:40:00-04:00,240.30999755859375,240.75999450683594,239.91099548339844,240.44000244140625,56892,0
2026-06-04 12:45:00-04:00,240.44000244140625,240.92999267578125,240.19000244140625,240.60000610351562,62438,0
2026-06-04 12:50:00-04:00,240.58999633789062,241.50999450683594,240.55999755859375,240.9636993408203,81037,0
2026-06-04 12:55:00-04:00,240.97999572753906,241.41000366210938,240.76010131835938,241.02999877929688,46278,0
2026-06-04 13:00:00-04:00,241.00999450683594,241.08999633789062,240.110107421875,240.39999389648438,79422,0
2026-06-04 13:05:00-04:00,240.24000549316406,240.75999450683594,240.00140380859375,240.75999450683594,66964,0
2026-06-04 13:10:00-04:00,240.75999450683594,241.58999633789062,240.75,241.17999267578125,487715,0
2026-06-04 13:15:00-04:00,241.24000549316406,241.39500427246094,240.61000061035156,241.33999633789062,52134,0
2026-06-04 13:20:00-04:00,241.1999969482422,241.50999450683594,240.50999450683594,240.89999389648438,69907,0
2026-06-04 13:25:00-04:00,241.0,241.32000732421875,240.5399932861328,241.1925048828125,62536,0
2026-06-04 13:30:00-04:00,241.19000244140625,241.77999877929688,241.1300048828125,241.63499450683594,54343,0
2026-06-04 13:35:00-04:00,241.66009521484375,242.1999969482422,240.83999633789062,241.0800018310547,95264,0
2026-06-04 13:40:00-04:00,241.00999450683594,241.00999450683594,240.5200958251953,240.93319702148438,64911,0
2026-06-04 13:45:00-04:00,240.8874969482422,241.3000030517578,240.6999969482422,241.13999938964844,46050,0
2026-06-04 13:50:00-04:00,241.3699951171875,242.10000610351562,240.97999572753906,241.75,50803,0
2026-06-04 13:55:00-04:00,241.72000122070312,243.2899932861328,241.58999633789062,243.125,91348,0
2026-06-04 14:00:00-04:00,243.1300048828125,243.83999633789062,242.5500030517578,243.7899932861328,85914,0
2026-06-04 14:05:00-04:00,243.74000549316406,244.5,243.54010009765625,243.74000549316406,98554,0
2026-06-04 14:10:00-04:00,243.74000549316406,243.99000549316406,243.3249969482422,243.76499938964844,73405,0
2026-06-04 14:15:00-04:00,243.77999877929688,243.8000030517578,242.47000122070312,243.0778045654297,64190,0
2026-06-04 14:20:00-04:00,242.80999755859375,242.9199981689453,241.82000732421875,242.0,50032,0
2026-06-04 14:25:00-04:00,242.1540985107422,242.72000122070312,241.8699951171875,242.38999938964844,50368,0
2026-06-04 14:30:00-04:00,242.25999450683594,242.39999389648438,241.1501007080078,241.58999633789062,72608,0
2026-06-04 14:35:00-04:00,241.73500061035156,241.73500061035156,240.86000061035156,241.13999938964844,81943,0
2026-06-04 14:40:00-04:00,241.0950927734375,241.22999572753906,240.6999969482422,241.02000427246094,85165,0
2026-06-04 14:45:00-04:00,240.97999572753906,241.80999755859375,240.84500122070312,241.80999755859375,52524,0
2026-06-04 14:50:00-04:00,241.8699951171875,242.34500122070312,241.610107421875,241.9949951171875,42795,0
2026-06-04 14:55:00-04:00,242.0,242.0,240.9600067138672,241.43499755859375,97691,0
2026-06-04 15:00:00-04:00,241.43499755859375,242.38999938964844,241.27999877929688,242.2449951171875,89252,0
2026-06-04 15:05:00-04:00,242.38999938964844,243.6699981689453,242.0800018310547,242.75,174064,0
2026-06-04 15:10:00-04:00,242.72000122070312,243.41990661621094,242.09010314941406,242.72000122070312,101540,0
2026-06-04 15:15:00-04:00,242.72000122070312,242.72000122070312,241.5850067138672,241.6300048828125,99176,0
2026-06-04 15:20:00-04:00,241.64500427246094,244.88499450683594,241.64500427246094,244.7949981689453,108711,0
2026-06-04 15:25:00-04:00,244.72999572753906,245.77999877929688,244.5601043701172,245.6999969482422,191700,0
2026-06-04 15:30:00-04:00,245.69000244140625,245.77000427246094,245.0200958251953,245.39999389648438,92854,0
2026-06-04 15:35:00-04:00,245.3699951171875,245.39999389648438,244.52000427246094,244.97500610351562,151105,0
2026-06-04 15:40:00-04:00,245.0,245.0,242.39999389648438,242.46499633789062,133085,0
2026-06-04 15:45:00-04:00,242.55999755859375,250.00999450683594,241.8000030517578,242.7899932861328,138202,0
2026-06-04 15:50:00-04:00,242.8000030517578,243.36500549316406,242.48159790039062,242.72500610351562,216542,0
2026-06-04 15:55:00-04:00,242.75999450683594,243.35000610351562,242.17999267578125,242.5800018310547,683557,0
2026-06-05 09:30:00-04:00,237.64999389648438,238.44000244140625,231.58999633789062,231.82000732421875,886768,0
2026-06-05 09:35:00-04:00,232.05499267578125,232.89999389648438,230.25,231.99000549316406,335879,0
2026-06-05 09:40:00-04:00,232.25999450683594,232.4499969482422,229.58999633789062,229.8800048828125,283168,0
2026-06-05 09:45:00-04:00,229.80999755859375,231.2449951171875,227.95599365234375,228.4149932861328,290885,0
2026-06-05 09:50:00-04:00,228.4149932861328,231.2397003173828,228.34140014648438,230.97999572753906,261084,0
2026-06-05 09:55:00-04:00,231.08999633789062,231.22500610351562,226.66000366210938,226.66000366210938,257152,0
2026-06-05 10:00:00-04:00,226.66000366210938,227.889892578125,226.10000610351562,227.5500030517578,276859,0
2026-06-05 10:05:00-04:00,227.47999572753906,230.5,227.42750549316406,230.2100067138672,300564,0
2026-06-05 10:10:00-04:00,230.2100067138672,230.49000549316406,228.51010131835938,229.05499267578125,161510,0
2026-06-05 10:15:00-04:00,229.2100067138672,231.33340454101562,229.0399932861328,231.22500610351562,114517,0
2026-06-05 10:20:00-04:00,231.110107421875,231.83999633789062,229.94500732421875,231.2050018310547,278061,0
2026-06-05 10:25:00-04:00,231.0,231.23989868164062,228.83009338378906,229.32000732421875,304404,0
2026-06-05 10:30:00-04:00,229.2624969482422,230.64999389648438,229.0,230.5,132459,0
2026-06-05 10:35:00-04:00,230.66000366210938,232.6300048828125,230.36000061035156,231.5,179151,0
2026-06-05 10:40:00-04:00,231.5,231.67990112304688,230.4499969482422,230.8394012451172,103865,0
2026-06-05 10:45:00-04:00,230.9499969482422,231.58999633789062,229.63999938964844,229.85499572753906,106628,0
2026-06-05 10:50:00-04:00,229.8000030517578,230.32000732421875,229.42999267578125,229.9600067138672,126156,0
2026-06-05 10:55:00-04:00,229.94000244140625,230.5050048828125,229.61000061035156,230.15499877929688,113970,0
2026-06-05 11:00:00-04:00,230.2050018310547,230.27499389648438,228.10000610351562,228.5800018310547,114764,0
2026-06-05 11:05:00-04:00,228.4600067138672,228.62049865722656,227.71499633789062,227.9199981689453,170982,0
2026-06-05 11:10:00-04:00,227.77000427246094,228.3000030517578,226.5601043701172,226.69000244140625,111141,0
2026-06-05 11:15:00-04:00,226.75,227.93649291992188,226.6999969482422,227.02999877929688,220182,0
2026-06-05 11:20:00-04:00,226.9199981689453,227.2198944091797,225.75,226.2100067138672,245905,0
2026-06-05 11:25:00-04:00,226.35000610351562,226.7550048828125,225.5941925048828,225.83999633789062,110047,0
2026-06-05 11:30:00-04:00,225.80999755859375,226.25,225.24000549316406,225.39999389648438,176513,0
2026-06-05 11:35:00-04:00,225.3000030517578,225.69000244140625,223.91000366210938,224.2899932861328,295788,0
2026-06-05 11:40:00-04:00,224.27999877929688,225.14999389648438,223.99000549316406,225.11000061035156,223556,0
2026-06-05 11:45:00-04:00,225.11000061035156,226.1999969482422,224.88999938964844,225.27000427246094,187065,0
2026-06-05 11:50:00-04:00,225.1999969482422,225.77000427246094,224.7100067138672,225.0500030517578,140407,0
2026-06-05 11:55:00-04:00,225.08999633789062,225.47000122070312,224.49000549316406,224.8699951171875,136690,0
2026-06-05 12:00:00-04:00,224.94000244140625,224.94000244140625,223.33999633789062,223.47000122070312,206831,0
2026-06-05 12:05:00-04:00,223.47999572753906,223.86000061035156,222.75,222.83999633789062,204727,0
2026-06-05 12:10:00-04:00,222.85409545898438,223.24000549316406,222.39999389648438,222.57000732421875,164106,0
2026-06-05 12:15:00-04:00,222.61000061035156,222.61000061035156,221.13999938964844,221.8300018310547,235708,0
2026-06-05 12:20:00-04:00,221.8300018310547,222.82000732421875,221.41000366210938,222.19000244140625,138037,0
2026-06-05 12:25:00-04:00,222.25999450683594,222.49989318847656,221.1649932861328,221.30999755859375,164139,0
2026-06-05 12:30:00-04:00,221.25,221.49000549316406,220.41000366210938,220.9600067138672,269634,0
2026-06-05 12:35:00-04:00,220.99000549316406,221.0800018310547,219.57000732421875,220.02999877929688,311262,0
2026-06-05 12:40:00-04:00,220.0399932861328,220.0749969482422,218.85499572753906,219.11500549316406,290708,0
2026-06-05 12:45:00-04:00,219.11500549316406,220.25990295410156,215.22000122070312,220.16000366210938,458920,0
2026-06-05 12:50:00-04:00,220.16000366210938,221.1750030517578,219.02999877929688,221.1750030517578,156083,0
2026-06-05 12:55:00-04:00,221.02999877929688,221.02999877929688,219.09500122070312,219.67999267578125,142597,0
2026-06-05 13:00:00-04:00,219.6199951171875,219.6199951171875,218.0200958251953,218.44000244140625,171521,0
2026-06-05 13:05:00-04:00,218.44000244140625,218.6999969482422,217.26010131835938,217.55999755859375,177026,0
2026-06-05 13:10:00-04:00,217.57000732421875,217.86000061035156,217.11000061035156,217.7698974609375,150671,0
2026-06-05 13:15:00-04:00,217.6699981689453,218.54249572753906,217.1800994873047,218.44000244140625,133472,0
2026-06-05 13:20:00-04:00,218.4199981689453,218.89999389648438,217.7100067138672,218.88999938964844,104842,0
2026-06-05 13:25:00-04:00,218.88999938964844,219.11000061035156,218.1199951171875,219.06500244140625,119675,0
2026-06-05 13:30:00-04:00,219.19500732421875,219.88999938964844,218.80999755859375,219.8300018310547,118314,0
2026-06-05 13:35:00-04:00,219.8000030517578,220.07000732421875,219.36000061035156,219.97999572753906,135353,0
2026-06-05 13:40:00-04:00,219.97999572753906,220.0500030517578,218.2100067138672,218.89500427246094,153902,0
2026-06-05 13:45:00-04:00,218.94000244140625,219.63499450683594,218.7899932861328,219.36500549316406,108730,0
2026-06-05 13:50:00-04:00,219.49009704589844,220.49000549316406,219.49009704589844,220.27999877929688,103735,0
2026-06-05 13:55:00-04:00,220.08999633789062,220.32000732421875,219.47000122070312,220.17999267578125,79995,0
2026-06-05 14:00:00-04:00,220.25999450683594,220.35000610351562,219.36000061035156,219.43499755859375,69830,0
2026-06-05 14:05:00-04:00,219.32000732421875,219.5500030517578,218.94000244140625,218.96499633789062,94212,0
2026-06-05 14:10:00-04:00,219.0,219.2100067138672,218.1999969482422,218.63999938964844,143213,0
2026-06-05 14:15:00-04:00,218.72000122070312,218.88999938964844,218.35000610351562,218.6750030517578,120859,0
2026-06-05 14:20:00-04:00,218.5399932861328,219.48989868164062,218.5399932861328,218.97000122070312,115455,0
2026-06-05 14:25:00-04:00,218.92999267578125,219.10049438476562,218.51010131835938,218.6699981689453,95282,0
2026-06-05 14:30:00-04:00,218.6699981689453,218.99600219726562,217.5,217.5,196404,0
2026-06-05 14:35:00-04:00,217.65499877929688,218.16529846191406,217.4600067138672,218.10499572753906,113981,0
2026-06-05 14:40:00-04:00,218.02999877929688,218.10000610351562,217.1699981689453,217.86000061035156,136635,0
2026-06-05 14:45:00-04:00,217.88999938964844,217.88999938964844,216.2899932861328,217.2949981689453,209061,0
2026-06-05 14:50:00-04:00,217.1699981689453,217.9499969482422,216.75,217.6300048828125,155045,0
2026-06-05 14:55:00-04:00,217.6750030517578,219.7799072265625,217.4250030517578,219.5399932861328,200745,0
2026-06-05 15:00:00-04:00,219.5399932861328,219.5500030517578,218.06500244140625,219.44500732421875,147662,0
2026-06-05 15:05:00-04:00,219.3699951171875,219.46499633789062,216.11000061035156,217.14999389648438,232602,0
2026-06-05 15:10:00-04:00,217.14999389648438,217.14999389648438,216.22000122070312,216.97500610351562,208650,0
2026-06-05 15:15:00-04:00,216.91000366210938,217.05990600585938,216.19000244140625,216.35000610351562,252186,0
2026-06-05 15:20:00-04:00,216.42999267578125,217.2799072265625,216.0800018310547,217.25999450683594,214872,0
2026-06-05 15:25:00-04:00,217.27000427246094,218.9499969482422,216.89999389648438,218.9499969482422,320901,0
2026-06-05 15:30:00-04:00,219.0399932861328,219.12989807128906,217.3699951171875,218.4149932861328,215389,0
2026-06-05 15:35:00-04:00,218.3699951171875,218.9759979248047,217.74000549316406,218.66000366210938,370565,0
2026-06-05 15:40:00-04:00,218.66000366210938,218.83999633789062,217.15499877929688,218.7100067138672,294675,0
2026-06-05 15:45:00-04:00,218.72000122070312,220.0,218.22000122070312,219.57000732421875,284054,0
2026-06-05 15:50:00-04:00,219.58999633789062,220.81280517578125,219.02000427246094,219.26499938964844,467343,0
2026-06-05 15:55:00-04:00,219.25,219.26499938964844,215.52999877929688,215.52999877929688,2109122,0
2026-06-08 09:30:00-04:00,220.86000061035156,220.9199981689453,216.5800018310547,217.6750030517578,2716180,0
2026-06-08 09:35:00-04:00,217.50999450683594,219.55999755859375,217.2913055419922,218.41000366210938,254235,0
2026-06-08 09:40:00-04:00,218.47999572753906,221.08999633789062,217.50599670410156,220.52000427246094,338649,0
2026-06-08 09:45:00-04:00,220.6699981689453,220.8300018310547,219.47000122070312,220.6300048828125,199995,0
2026-06-08 09:50:00-04:00,220.49000549316406,220.8800048828125,218.97999572753906,220.02999877929688,222288,0
2026-06-08 09:55:00-04:00,220.05999755859375,220.1999969482422,217.10000610351562,217.1199951171875,208373,0
2026-06-08 10:00:00-04:00,217.08999633789062,218.19000244140625,216.272705078125,216.42840576171875,327175,0
2026-06-08 10:05:00-04:00,216.3249969482422,217.8000030517578,215.92999267578125,216.69500732421875,222727,0
2026-06-08 10:10:00-04:00,216.7899932861328,217.889892578125,216.44000244140625,217.6699981689453,170903,0
2026-06-08 10:15:00-04:00,217.4499969482422,217.66990661621094,216.1199951171875,216.5399932861328,157689,0
2026-06-08 10:20:00-04:00,216.60000610351562,216.86500549316406,214.6300048828125,216.60989379882812,308173,0
2026-06-08 10:25:00-04:00,216.57000732421875,217.80990600585938,216.36000061035156,217.4394989013672,131667,0
2026-06-08 10:30:00-04:00,217.30999755859375,217.826904296875,217.0500030517578,217.5749969482422,100842,0
2026-06-08 10:35:00-04:00,217.57000732421875,218.79989624023438,217.49000549316406,218.61500549316406,169274,0
2026-06-08 10:40:00-04:00,218.61500549316406,219.0,217.35000610351562,217.42999267578125,169332,0
2026-06-08 10:45:00-04:00,217.43499755859375,218.125,217.1300048828125,217.55999755859375,170397,0
2026-06-08 10:50:00-04:00,217.50999450683594,218.9600067138672,217.5,218.3699951171875,132774,0
2026-06-08 10:55:00-04:00,218.40499877929688,219.36990356445312,218.09500122070312,218.77999877929688,140302,0
2026-06-08 11:00:00-04:00,218.72000122070312,220.10000610351562,218.4499969482422,220.01499938964844,187064,0
2026-06-08 11:05:00-04:00,220.12420654296875,221.13499450683594,220.0,221.0500030517578,166573,0
2026-06-08 11:10:00-04:00,221.1999969482422,221.55999755859375,220.82000732421875,221.22999572753906,176154,0
2026-06-08 11:15:00-04:00,221.22999572753906,221.61000061035156,220.54550170898438,221.27000427246094,144013,0
2026-06-08 11:20:00-04:00,221.22500610351562,221.92999267578125,220.47000122070312,221.3300018310547,193834,0
2026-06-08 11:25:00-04:00,221.14999389648438,221.32069396972656,219.09010314941406,219.80499267578125,185283,0
2026-06-08 11:30:00-04:00,219.83999633789062,219.86000061035156,218.4199981689453,218.6300048828125,128862,0
2026-06-08 11:35:00-04:00,218.6199951171875,219.52999877929688,218.1269989013672,219.30999755859375,208912,0
2026-06-08 11:40:00-04:00,219.3800048828125,219.8300018310547,218.83999633789062,219.8000030517578,100860,0
2026-06-08 11:45:00-04:00,219.97999572753906,220.1199951171875,218.77999877929688,218.9199981689453,141954,0
2026-06-08 11:50:00-04:00,218.9600067138672,219.61000061035156,218.88999938964844,219.3249969482422,87081,0
2026-06-08 11:55:00-04:00,219.27000427246094,219.27000427246094,218.41000366210938,218.8000030517578,85446,0
2026-06-08 12:00:00-04:00,218.8699951171875,219.66000366210938,218.48800659179688,219.0749969482422,77209,0
2026-06-08 12:05:00-04:00,219.20599365234375,219.77999877929688,218.9600067138672,219.24000549316406,78031,0
2026-06-08 12:10:00-04:00,219.35000610351562,220.0,218.99000549316406,219.58009338378906,79022,0
2026-06-08 12:15:00-04:00,219.64889526367188,220.22999572753906,219.61849975585938,220.1750030517578,80238,0
2026-06-08 12:20:00-04:00,220.17999267578125,220.58990478515625,219.6300048828125,219.810302734375,86094,0
2026-06-08 12:25:00-04:00,219.92999267578125,220.16000366210938,218.13999938964844,218.4499969482422,102849,0
2026-06-08 12:30:00-04:00,218.47999572753906,218.98989868164062,218.20809936523438,218.47000122070312,84476,0
2026-06-08 12:35:00-04:00,218.44000244140625,218.9499969482422,218.031005859375,218.20989990234375,110429,0
2026-06-08 12:40:00-04:00,218.125,218.67999267578125,217.82000732421875,218.2899932861328,66838,0
2026-06-08 12:45:00-04:00,218.2899932861328,219.22500610351562,218.17999267578125,218.9499969482422,54769,0
2026-06-08 12:50:00-04:00,218.97999572753906,219.08999633789062,218.55859375,218.7899932861328,55150,0
2026-06-08 12:55:00-04:00,218.69000244140625,218.8300018310547,218.31500244140625,218.4250030517578,55954,0
2026-06-08 13:00:00-04:00,218.41000366210938,218.41000366210938,216.83999633789062,217.21499633789062,98970,0
2026-06-08 13:05:00-04:00,217.09280395507812,217.52000427246094,216.9001007080078,217.14999389648438,74386,0
2026-06-08 13:10:00-04:00,217.13999938964844,217.13999938964844,216.4499969482422,216.8699951171875,92663,0
2026-06-08 13:15:00-04:00,216.9499969482422,217.08999633789062,216.52000427246094,216.8300018310547,65744,0
2026-06-08 13:20:00-04:00,216.78500366210938,217.10000610351562,216.57000732421875,216.99000549316406,66921,0
2026-06-08 13:25:00-04:00,216.96499633789062,218.49000549316406,216.96499633789062,218.49000549316406,88194,0
2026-06-08 13:30:00-04:00,218.3699951171875,218.69000244140625,217.38999938964844,218.10000610351562,76989,0
2026-06-08 13:35:00-04:00,218.1649932861328,218.44000244140625,217.72999572753906,218.2550048828125,42423,0
2026-06-08 13:40:00-04:00,218.30499267578125,218.36500549316406,217.89010620117188,218.10499572753906,65016,0
2026-06-08 13:45:00-04:00,218.1999969482422,219.3000030517578,218.11000061035156,219.13499450683594,85443,0
2026-06-08 13:50:00-04:00,219.16000366210938,219.9600067138672,218.91009521484375,219.9600067138672,43626,0
2026-06-08 13:55:00-04:00,219.9149932861328,220.09429931640625,219.5399932861328,219.61500549316406,69156,0
2026-06-08 14:00:00-04:00,219.69000244140625,220.13999938964844,219.63999938964844,219.8800048828125,91365,0
2026-06-08 14:05:00-04:00,219.99000549316406,220.90499877929688,219.875,220.7899932861328,90070,0
2026-06-08 14:10:00-04:00,220.77999877929688,220.94000244140625,220.14999389648438,220.1999969482422,59371,0
2026-06-08 14:15:00-04:00,220.29989624023438,220.69000244140625,220.14999389648438,220.53179931640625,73364,0
2026-06-08 14:20:00-04:00,220.4600067138672,220.48500061035156,220.08999633789062,220.32000732421875,64589,0
2026-06-08 14:25:00-04:00,220.35000610351562,220.8199005126953,220.24569702148438,220.6699981689453,46807,0
2026-06-08 14:30:00-04:00,220.64500427246094,221.0467987060547,220.56500244140625,220.80499267578125,58894,0
2026-06-08 14:35:00-04:00,220.86500549316406,220.93499755859375,220.01449584960938,220.13999938964844,83995,0
2026-06-08 14:40:00-04:00,220.17999267578125,220.20989990234375,219.42999267578125,219.47000122070312,63343,0
2026-06-08 14:45:00-04:00,219.42999267578125,219.86000061035156,219.42999267578125,219.68150329589844,72234,0
2026-06-08 14:50:00-04:00,219.67999267578125,219.9698944091797,219.44000244140625,219.44000244140625,67305,0
2026-06-08 14:55:00-04:00,219.44000244140625,219.44000244140625,219.0,219.05999755859375,58425,0
2026-06-08 15:00:00-04:00,219.0399932861328,219.22999572753906,218.67999267578125,218.92999267578125,80615,0
2026-06-08 15:05:00-04:00,218.99000549316406,219.3800048828125,218.32000732421875,218.3300018310547,89265,0
2026-06-08 15:10:00-04:00,218.24000549316406,218.24000549316406,217.52000427246094,217.6699981689453,143450,0
2026-06-08 15:15:00-04:00,217.61000061035156,217.7736053466797,217.10000610351562,217.5500030517578,80795,0
2026-06-08 15:20:00-04:00,217.52999877929688,218.27999877929688,216.97000122070312,217.1199951171875,82945,0
2026-06-08 15:25:00-04:00,217.07000732421875,217.65989685058594,216.8800048828125,217.3000946044922,88857,0
2026-06-08 15:30:00-04:00,217.5,218.5699005126953,217.24000549316406,217.72479248046875,112403,0
2026-06-08 15:35:00-04:00,217.7100067138672,217.72000122070312,216.8699951171875,216.89999389648438,101552,0
2026-06-08 15:40:00-04:00,216.92999267578125,217.0,216.0,216.25999450683594,167225,0
2026-06-08 15:45:00-04:00,216.2100067138672,217.11000061035156,216.1199951171875,216.22999572753906,125820,0
2026-06-08 15:50:00-04:00,216.30999755859375,217.22999572753906,216.30999755859375,217.11500549316406,234455,0
2026-06-08 15:55:00-04:00,217.1300048828125,218.0399932861328,217.1300048828125,217.69000244140625,782733,0
2026-06-09 09:30:00-04:00,216.4600067138672,219.4499969482422,210.66000366210938,211.1833953857422,2970469,0
2026-06-09 09:35:00-04:00,211.3300018310547,214.97999572753906,210.63999938964844,211.8350067138672,863007,0
2026-06-09 09:40:00-04:00,211.77000427246094,213.5800018310547,210.3000030517578,212.17999267578125,555804,0
2026-06-09 09:45:00-04:00,212.18499755859375,214.3000030517578,211.6616973876953,214.07000732421875,477506,0
2026-06-09 09:50:00-04:00,214.30140686035156,214.30140686035156,211.61000061035156,213.52999877929688,433987,0
2026-06-09 09:55:00-04:00,213.61000061035156,214.33999633789062,211.11000061035156,211.58999633789062,461478,0
2026-06-09 10:00:00-04:00,211.66000366210938,212.89999389648438,209.39999389648438,210.7899932861328,703297,0
2026-06-09 10:05:00-04:00,210.78500366210938,213.07119750976562,208.4600067138672,208.60000610351562,592253,0
2026-06-09 10:10:00-04:00,208.69000244140625,209.0800018310547,206.75,207.32000732421875,502955,0
2026-06-09 10:15:00-04:00,207.27999877929688,207.73379516601562,205.0,206.14999389648438,475684,0
2026-06-09 10:20:00-04:00,206.14999389648438,207.41000366210938,204.6699981689453,207.21499633789062,546379,0
2026-06-09 10:25:00-04:00,207.21499633789062,208.39999389648438,206.2899932861328,206.70010375976562,501314,0
2026-06-09 10:30:00-04:00,206.85000610351562,207.18380737304688,205.61000061035156,206.2050018310547,393762,0
2026-06-09 10:35:00-04:00,206.0800018310547,206.4774932861328,204.60000610351562,204.94200134277344,371986,0
2026-06-09 10:40:00-04:00,205.07000732421875,205.72720336914062,202.7899932861328,202.85499572753906,397731,0
2026-06-09 10:45:00-04:00,202.84500122070312,203.5500030517578,201.83999633789062,202.1649932861328,465238,0
2026-06-09 10:50:00-04:00,202.1300048828125,205.0800018310547,201.6999969482422,205.0800018310547,372021,0
2026-06-09 10:55:00-04:00,204.99000549316406,205.3800048828125,203.37010192871094,205.0,170193,0
2026-06-09 11:00:00-04:00,204.82000732421875,205.49000549316406,203.32009887695312,203.6300048828125,305343,0
2026-06-09 11:05:00-04:00,203.5,204.97999572753906,202.6300048828125,204.8699951171875,239507,0
2026-06-09 11:10:00-04:00,204.9199981689453,206.17990112304688,204.69000244140625,205.50999450683594,277947,0
2026-06-09 11:15:00-04:00,205.72000122070312,205.960205078125,204.04150390625,204.30499267578125,245214,0
2026-06-09 11:20:00-04:00,204.3300018310547,204.9600067138672,202.09010314941406,202.27999877929688,286449,0
2026-06-09 11:25:00-04:00,202.26499938964844,202.3800048828125,200.36000061035156,200.58999633789062,414941,0
2026-06-09 11:30:00-04:00,200.5,202.22000122070312,200.4499969482422,201.05999755859375,328183,0
2026-06-09 11:35:00-04:00,201.15499877929688,202.27000427246094,200.91000366210938,202.07000732421875,251177,0
2026-06-09 11:40:00-04:00,202.2100067138672,204.25,202.02000427246094,203.10499572753906,253864,0
2026-06-09 11:45:00-04:00,202.9499969482422,203.6999969482422,202.60000610351562,202.89500427246094,205598,0
2026-06-09 11:50:00-04:00,202.89500427246094,203.57989501953125,201.23500061035156,201.27499389648438,179399,0
2026-06-09 11:55:00-04:00,201.4499053955078,201.4499053955078,198.2200927734375,198.30999755859375,460859,0
2026-06-09 12:00:00-04:00,198.30499267578125,199.4199981689453,198.22000122070312,198.60000610351562,236564,0
2026-06-09 12:05:00-04:00,198.60499572753906,198.8800048828125,196.73500061035156,197.0850067138672,327577,0
2026-06-09 12:10:00-04:00,197.0850067138672,198.42999267578125,197.0,197.7899932861328,219385,0
2026-06-09 12:15:00-04:00,197.92999267578125,198.0800018310547,195.5399932861328,195.61000061035156,323545,0
2026-06-09 12:20:00-04:00,195.5500030517578,197.64999389648438,195.00999450683594,197.38510131835938,299209,0
2026-06-09 12:25:00-04:00,197.33999633789062,198.42999267578125,196.72999572753906,196.99000549316406,649957,0
2026-06-09 12:30:00-04:00,196.86000061035156,197.00999450683594,195.75,195.8000946044922,272236,0
2026-06-09 12:35:00-04:00,195.9600067138672,196.86000061035156,193.08999633789062,193.27000427246094,338330,0
2026-06-09 12:40:00-04:00,193.22000122070312,195.77999877929688,193.0399932861328,195.27499389648438,288892,0
2026-06-09 12:45:00-04:00,195.24000549316406,196.0800018310547,193.67999267578125,194.94000244140625,384602,0
2026-06-09 12:50:00-04:00,195.07989501953125,195.07989501953125,192.7100067138672,192.77999877929688,346983,0
2026-06-09 12:55:00-04:00,192.6999969482422,196.42149353027344,192.6699981689453,196.36500549316406,288742,0
2026-06-09 13:00:00-04:00,196.36500549316406,198.8699951171875,196.07000732421875,198.72999572753906,247717,0
2026-06-09 13:05:00-04:00,198.63999938964844,199.0500030517578,197.76010131835938,199.04299926757812,315112,0
2026-06-09 13:10:00-04:00,198.9550018310547,199.32699584960938,197.49000549316406,198.88499450683594,185314,0
2026-06-09 13:15:00-04:00,198.77000427246094,199.95989990234375,198.36000061035156,199.82000732421875,236810,0
2026-06-09 13:20:00-04:00,199.8699951171875,200.47999572753906,198.55999755859375,199.38999938964844,254627,0
2026-06-09 13:25:00-04:00,199.38999938964844,199.8800048828125,198.57000732421875,199.24000549316406,159688,0
2026-06-09 13:30:00-04:00,199.16000366210938,200.6790008544922,198.360107421875,200.5,169630,0
2026-06-09 13:35:00-04:00,200.5500030517578,200.90249633789062,199.60000610351562,200.42999267578125,182971,0
2026-06-09 13:40:00-04:00,200.55999755859375,201.16000366210938,200.13999938964844,200.32000732421875,193704,0
2026-06-09 13:45:00-04:00,200.27000427246094,200.74989318847656,197.6199951171875,198.11000061035156,194050,0
2026-06-09 13:50:00-04:00,198.17999267578125,199.36000061035156,198.05999755859375,198.63499450683594,175454,0
2026-06-09 13:55:00-04:00,198.64500427246094,199.92999267578125,198.5800018310547,199.75,142511,0
2026-06-09 14:00:00-04:00,199.69500732421875,199.80999755859375,198.42999267578125,199.01499938964844,118344,0
2026-06-09 14:05:00-04:00,198.9600067138672,200.22500610351562,198.71009826660156,200.11000061035156,165379,0
2026-06-09 14:10:00-04:00,200.14999389648438,200.14999389648438,199.35000610351562,199.8699951171875,141367,0
2026-06-09 14:15:00-04:00,199.9499969482422,200.75999450683594,199.0399932861328,200.7550048828125,200594,0
2026-06-09 14:20:00-04:00,200.76499938964844,202.02000427246094,200.26010131835938,201.75,178697,0
2026-06-09 14:25:00-04:00,201.77000427246094,201.99000549316406,200.8800048828125,201.57000732421875,182985,0
2026-06-09 14:30:00-04:00,201.5800018310547,202.4499969482422,201.39500427246094,201.9250030517578,182493,0
2026-06-09 14:35:00-04:00,201.9250030517578,202.52000427246094,201.6300048828125,201.7050018310547,118773,0
2026-06-09 14:40:00-04:00,201.82000732421875,201.97999572753906,200.48500061035156,200.5500030517578,161458,0
2026-06-09 14:45:00-04:00,200.47999572753906,201.02000427246094,200.13999938964844,201.02000427246094,112931,0
2026-06-09 14:50:00-04:00,200.98500061035156,202.02000427246094,200.71009826660156,201.28750610351562,130176,0
2026-06-09 14:55:00-04:00,201.3699951171875,202.99000549316406,201.3249969482422,202.72500610351562,180302,0
2026-06-09 15:00:00-04:00,202.72500610351562,203.8498992919922,201.75,203.75,195799,0
2026-06-09 15:05:00-04:00,203.74000549316406,203.8300018310547,201.97000122070312,202.0500030517578,201867,0
2026-06-09 15:10:00-04:00,202.0,202.0800018310547,200.89999389648438,200.9199981689453,141666,0
2026-06-09 15:15:00-04:00,200.97999572753906,201.02000427246094,199.41000366210938,199.98500061035156,239036,0
2026-06-09 15:20:00-04:00,199.91000366210938,201.39500427246094,199.75,200.82650756835938,239544,0
2026-06-09 15:25:00-04:00,200.875,202.9550018310547,200.82000732421875,202.74000549316406,193108,0
2026-06-09 15:30:00-04:00,202.75,203.75999450683594,202.5399932861328,203.42999267578125,238687,0
2026-06-09 15:35:00-04:00,203.3300018310547,203.7100067138672,203.0800018310547,203.1300048828125,247700,0
2026-06-09 15:40:00-04:00,203.11000061035156,203.13999938964844,201.69000244140625,203.0449981689453,254299,0
2026-06-09 15:45:00-04:00,203.10000610351562,203.3863067626953,201.7200927734375,202.18099975585938,230789,0
2026-06-09 15:50:00-04:00,202.27000427246094,203.50999450683594,202.1999969482422,203.02000427246094,494064,0
2026-06-09 15:55:00-04:00,203.2100067138672,205.49000549316406,203.0399932861328,205.4149932861328,1242863,0
2026-06-10 09:30:00-04:00,199.07000732421875,203.1999969482422,199.00999450683594,199.1699981689453,1020707,0
2026-06-10 09:35:00-04:00,199.02999877929688,202.67999267578125,198.5500030517578,201.22999572753906,387452,0
2026-06-10 09:40:00-04:00,201.3249969482422,203.41000366210938,200.19000244140625,203.220703125,223932,0
2026-06-10 09:45:00-04:00,203.2100067138672,204.89500427246094,202.1199951171875,203.9199981689453,326792,0
2026-06-10 09:50:00-04:00,203.89500427246094,203.96820068359375,200.4499969482422,200.91000366210938,236038,0
2026-06-10 09:55:00-04:00,200.8699951171875,201.11000061035156,199.5001983642578,199.73500061035156,197209,0
2026-06-10 10:00:00-04:00,199.7550048828125,200.30990600585938,198.55999755859375,199.13999938964844,248120,0
2026-06-10 10:05:00-04:00,199.13999938964844,200.92599487304688,198.3000030517578,200.5449981689453,315193,0
2026-06-10 10:10:00-04:00,200.60499572753906,200.75999450683594,198.8800048828125,198.91000366210938,196455,0
2026-06-10 10:15:00-04:00,198.91000366210938,199.41000366210938,198.10000610351562,198.96499633789062,211301,0
2026-06-10 10:20:00-04:00,199.08999633789062,200.58999633789062,198.52999877929688,200.5800018310547,170931,0
2026-06-10 10:25:00-04:00,200.6699981689453,200.7698974609375,199.46470642089844,200.25999450683594,169119,0
2026-06-10 10:30:00-04:00,200.22999572753906,201.63999938964844,199.5200958251953,201.51499938964844,182946,0
2026-06-10 10:35:00-04:00,201.3300018310547,201.72000122070312,199.33999633789062,200.25,163355,0
2026-06-10 10:40:00-04:00,200.14999389648438,200.4600067138672,198.3000030517578,198.30999755859375,176563,0
2026-06-10 10:45:00-04:00,198.4149932861328,198.6699981689453,196.55999755859375,197.08999633789062,286825,0
2026-06-10 10:50:00-04:00,197.1199951171875,198.2899932861328,196.50999450683594,196.6199951171875,244965,0
2026-06-10 10:55:00-04:00,196.6199951171875,196.75,194.00999450683594,194.94000244140625,435079,0
2026-06-10 11:00:00-04:00,194.94000244140625,196.08999633789062,194.0,194.50999450683594,302951,0
2026-06-10 11:05:00-04:00,194.57000732421875,194.69000244140625,193.72000122070312,194.39500427246094,209731,0
2026-06-10 11:10:00-04:00,194.39500427246094,194.6999969482422,193.61000061035156,193.6999969482422,162810,0
2026-06-10 11:15:00-04:00,193.63999938964844,194.0399932861328,192.8800048828125,193.6999969482422,183007,0
2026-06-10 11:20:00-04:00,193.66000366210938,195.52999877929688,193.5,195.19000244140625,187086,0
2026-06-10 11:25:00-04:00,195.1199951171875,195.77000427246094,193.7100067138672,194.0,212937,0
2026-06-10 11:30:00-04:00,194.0399932861328,194.6999969482422,193.22000122070312,193.67010498046875,201829,0
2026-06-10 11:35:00-04:00,193.8249969482422,194.0,193.1999969482422,193.67999267578125,134609,0
2026-06-10 11:40:00-04:00,193.7050018310547,194.88499450683594,193.50999450683594,194.82000732421875,165723,0
2026-06-10 11:45:00-04:00,194.77499389648438,195.27000427246094,192.8000030517578,193.0800018310547,255175,0
2026-06-10 11:50:00-04:00,193.07000732421875,194.50999450683594,192.31500244140625,194.28500366210938,205725,0
2026-06-10 11:55:00-04:00,194.0500030517578,195.0,193.4499969482422,194.9250030517578,153985,0
2026-06-10 12:00:00-04:00,194.86000061035156,195.0659942626953,194.13999938964844,194.86329650878906,150004,0
2026-06-10 12:05:00-04:00,194.90499877929688,195.14500427246094,193.85000610351562,194.0749969482422,126349,0
2026-06-10 12:10:00-04:00,194.0749969482422,194.0850067138672,192.60000610351562,192.85000610351562,171696,0
2026-06-10 12:15:00-04:00,192.83999633789062,193.11000061035156,191.61000061035156,192.2100067138672,778816,0
2026-06-10 12:20:00-04:00,192.25,192.60000610351562,191.4600067138672,191.86000061035156,175580,0
2026-06-10 12:25:00-04:00,191.9199981689453,192.64999389648438,191.84500122070312,192.49000549316406,143196,0
2026-06-10 12:30:00-04:00,192.49000549316406,193.23849487304688,191.7100067138672,193.23849487304688,194963,0
2026-06-10 12:35:00-04:00,193.1840057373047,193.69000244140625,192.52999877929688,193.52999877929688,108534,0
2026-06-10 12:40:00-04:00,193.52999877929688,193.7041015625,192.13999938964844,192.14999389648438,104894,0
2026-06-10 12:45:00-04:00,192.02000427246094,192.02000427246094,191.1717071533203,191.28709411621094,124824,0
2026-06-10 12:50:00-04:00,191.52499389648438,191.99000549316406,191.2301025390625,191.71499633789062,138778,0
2026-06-10 12:55:00-04:00,191.61000061035156,191.75,191.14999389648438,191.74119567871094,105590,0
2026-06-10 13:00:00-04:00,191.58999633789062,192.67999267578125,191.50999450683594,192.47039794921875,174087,0
2026-06-10 13:05:00-04:00,192.4600067138672,192.4600067138672,191.10000610351562,191.25,127590,0
2026-06-10 13:10:00-04:00,191.27999877929688,191.30990600585938,190.6199951171875,190.77999877929688,170744,0
2026-06-10 13:15:00-04:00,190.75999450683594,191.11000061035156,190.1923065185547,190.39990234375,193570,0
2026-06-10 13:20:00-04:00,190.3249969482422,190.97000122070312,190.10000610351562,190.86000061035156,209075,0
2026-06-10 13:25:00-04:00,190.83999633789062,191.16990661621094,190.6009979248047,190.8699951171875,112987,0
2026-06-10 13:30:00-04:00,191.02999877929688,191.22500610351562,190.55999755859375,191.0,115714,0
2026-06-10 13:35:00-04:00,191.02999877929688,191.55999755859375,190.88999938964844,191.31500244140625,102646,0
2026-06-10 13:40:00-04:00,191.31500244140625,191.66000366210938,190.82009887695312,190.82009887695312,112133,0
2026-06-10 13:45:00-04:00,190.9499969482422,193.49000549316406,190.91619873046875,193.2899932861328,173961,0
2026-06-10 13:50:00-04:00,193.35000610351562,193.42990112304688,192.218994140625,192.94000244140625,139920,0
2026-06-10 13:55:00-04:00,192.99000549316406,193.77999877929688,192.8699951171875,193.65989685058594,94382,0
2026-06-10 14:00:00-04:00,193.60000610351562,193.8800048828125,193.2899932861328,193.80999755859375,127916,0
2026-06-10 14:05:00-04:00,193.82000732421875,193.8800048828125,192.9499969482422,193.17999267578125,152269,0
2026-06-10 14:10:00-04:00,193.1199951171875,194.16000366210938,193.1199951171875,194.16000366210938,121224,0
2026-06-10 14:15:00-04:00,194.1699981689453,194.3000030517578,193.0,193.28750610351562,137567,0
2026-06-10 14:20:00-04:00,193.35000610351562,193.6199951171875,192.6199951171875,193.02999877929688,124573,0
2026-06-10 14:25:00-04:00,192.99000549316406,193.15499877929688,192.72000122070312,192.94000244140625,68874,0
2026-06-10 14:30:00-04:00,192.88999938964844,193.0,192.52999877929688,192.69000244140625,81379,0
2026-06-10 14:35:00-04:00,192.67999267578125,192.69000244140625,192.07000732421875,192.27000427246094,85261,0
2026-06-10 14:40:00-04:00,192.2700958251953,192.60000610351562,192.0500946044922,192.35000610351562,75741,0
2026-06-10 14:45:00-04:00,192.3800048828125,192.5399932861328,192.11000061035156,192.14500427246094,94560,0
2026-06-10 14:50:00-04:00,192.1199951171875,192.572998046875,191.7449951171875,192.13999938964844,124551,0
2026-06-10 14:55:00-04:00,192.1300048828125,192.1300048828125,191.7100067138672,191.85000610351562,82871,0
2026-06-10 15:00:00-04:00,191.82000732421875,192.75,191.5800018310547,192.36000061035156,119834,0
2026-06-10 15:05:00-04:00,192.41000366210938,193.1199951171875,192.14039611816406,192.55999755859375,96676,0
2026-06-10 15:10:00-04:00,192.44500732421875,192.52999877929688,191.43130493164062,191.60400390625,150451,0
2026-06-10 15:15:00-04:00,191.6300048828125,191.68499755859375,190.4499969482422,190.7100067138672,161846,0
2026-06-10 15:20:00-04:00,190.75,191.1999969482422,190.4499969482422,191.11500549316406,173157,0
2026-06-10 15:25:00-04:00,191.1300048828125,191.85000610351562,190.69000244140625,191.72999572753906,171193,0
2026-06-10 15:30:00-04:00,191.67999267578125,192.5,191.10009765625,192.39500427246094,170642,0
2026-06-10 15:35:00-04:00,192.39500427246094,192.94000244140625,192.13999938964844,192.77999877929688,157718,0
2026-06-10 15:40:00-04:00,192.72000122070312,192.89999389648438,191.8249969482422,192.11500549316406,210681,0
2026-06-10 15:45:00-04:00,192.16000366210938,192.3000030517578,191.50999450683594,192.22500610351562,200490,0
2026-06-10 15:50:00-04:00,192.1999969482422,192.9600067138672,191.5,191.8699951171875,353412,0
2026-06-10 15:55:00-04:00,191.82000732421875,192.0845947265625,190.8800048828125,190.8800048828125,779116,0
2026-06-11 09:30:00-04:00,190.82000732421875,195.0,190.82000732421875,193.4781951904297,843178,0
2026-06-11 09:35:00-04:00,193.58999633789062,195.34210205078125,193.3699951171875,194.06500244140625,257859,0
2026-06-11 09:40:00-04:00,194.0493927001953,195.35000610351562,192.62010192871094,194.88499450683594,267484,0
2026-06-11 09:45:00-04:00,194.88999938964844,196.77999877929688,194.10499572753906,196.24000549316406,298753,0
2026-06-11 09:50:00-04:00,196.52499389648438,199.47999572753906,196.47000122070312,198.9499969482422,372657,0
2026-06-11 09:55:00-04:00,199.14999389648438,199.23500061035156,196.72999572753906,196.89500427246094,223526,0
2026-06-11 10:00:00-04:00,197.11000061035156,198.85000610351562,197.11000061035156,198.5449981689453,152510,0
2026-06-11 10:05:00-04:00,198.3800048828125,198.5,197.27000427246094,197.6300048828125,117906,0
2026-06-11 10:10:00-04:00,197.63499450683594,197.63999938964844,195.33999633789062,195.6999969482422,212650,0
2026-06-11 10:15:00-04:00,195.73500061035156,196.11000061035156,193.82260131835938,194.22000122070312,169445,0
2026-06-11 10:20:00-04:00,194.08999633789062,196.49000549316406,193.9564971923828,195.52000427246094,146421,0
2026-06-11 10:25:00-04:00,195.38999938964844,196.0,194.60000610351562,195.51499938964844,92752,0
2026-06-11 10:30:00-04:00,195.50999450683594,195.66000366210938,194.67999267578125,195.1300048828125,120069,0
2026-06-11 10:35:00-04:00,195.0800018310547,195.82000732421875,194.5,195.0449981689453,137001,0
2026-06-11 10:40:00-04:00,195.2899932861328,195.3000030517578,193.8800048828125,194.0,99980,0
2026-06-11 10:45:00-04:00,194.0,195.0063018798828,193.88999938964844,194.64999389648438,189358,0
2026-06-11 10:50:00-04:00,194.65499877929688,195.88999938964844,194.60000610351562,195.3699951171875,108022,0
2026-06-11 10:55:00-04:00,195.46690368652344,195.46690368652344,193.52000427246094,193.99000549316406,120354,0
2026-06-11 11:00:00-04:00,193.92999267578125,194.5,192.99000549316406,193.97000122070312,125724,0
2026-06-11 11:05:00-04:00,193.9600067138672,195.64990234375,193.6811065673828,195.01499938964844,120516,0
2026-06-11 11:10:00-04:00,195.11000061035156,196.08689880371094,194.97999572753906,195.76499938964844,106662,0
2026-06-11 11:15:00-04:00,195.76499938964844,196.41720581054688,194.6699981689453,195.02999877929688,100006,0
2026-06-11 11:20:00-04:00,194.97999572753906,195.9595947265625,194.85000610351562,195.38999938964844,81771,0
2026-06-11 11:25:00-04:00,195.3800048828125,195.3800048828125,193.9499969482422,194.13999938964844,95039,0
2026-06-11 11:30:00-04:00,194.1199951171875,194.6999969482422,193.99000549316406,194.55999755859375,87180,0
2026-06-11 11:35:00-04:00,194.48379516601562,195.30999755859375,194.41000366210938,195.1699981689453,71607,0
2026-06-11 11:40:00-04:00,195.08999633789062,195.4528045654297,194.3000030517578,194.47000122070312,79761,0
2026-06-11 11:45:00-04:00,194.52999877929688,195.10000610351562,194.16009521484375,194.30999755859375,62571,0
2026-06-11 11:50:00-04:00,194.3000030517578,194.63999938964844,194.0,194.08999633789062,67044,0
2026-06-11 11:55:00-04:00,194.35000610351562,195.00999450683594,194.05999755859375,194.6999969482422,67315,0
2026-06-11 12:00:00-04:00,194.6300048828125,195.60000610351562,194.5800018310547,195.0,70076,0
2026-06-11 12:05:00-04:00,195.0,195.4199981689453,194.66000366210938,195.27999877929688,65948,0
2026-06-11 12:10:00-04:00,195.27499389648438,195.6699981689453,195.1199951171875,195.34500122070312,86416,0
2026-06-11 12:15:00-04:00,195.44000244140625,195.6300048828125,194.86500549316406,195.27999877929688,89829,0
2026-06-11 12:20:00-04:00,195.25999450683594,195.41000366210938,194.5399932861328,194.66000366210938,69384,0
2026-06-11 12:25:00-04:00,194.6300048828125,194.77000427246094,194.32000732421875,194.33999633789062,55016,0
2026-06-11 12:30:00-04:00,194.3000030517578,195.64999389648438,194.05499267578125,195.10549926757812,87355,0
2026-06-11 12:35:00-04:00,195.0800018310547,195.7698974609375,194.9499969482422,195.02999877929688,79228,0
2026-06-11 12:40:00-04:00,195.05999755859375,195.10000610351562,194.67599487304688,194.79420471191406,47355,0
2026-06-11 12:45:00-04:00,194.9600067138672,195.08999633789062,194.6300048828125,194.7050018310547,54168,0
2026-06-11 12:50:00-04:00,194.75999450683594,194.75999450683594,193.86000061035156,193.8800048828125,86834,0
2026-06-11 12:55:00-04:00,193.95989990234375,194.33999633789062,193.69000244140625,193.69000244140625,63070,0
2026-06-11 13:00:00-04:00,193.67999267578125,194.6999969482422,193.61000061035156,194.0,72746,0
2026-06-11 13:05:00-04:00,193.89999389648438,194.7899932861328,193.88999938964844,194.77000427246094,44756,0
2026-06-11 13:10:00-04:00,194.58999633789062,194.75,193.89999389648438,194.19500732421875,54732,0
2026-06-11 13:15:00-04:00,194.19000244140625,194.32000732421875,193.5,193.97999572753906,53108,0
2026-06-11 13:20:00-04:00,193.97999572753906,194.5,193.64999389648438,194.25999450683594,75728,0
2026-06-11 13:25:00-04:00,194.25999450683594,198.85000610351562,194.25999450683594,198.85000610351562,241868,0
2026-06-11 13:30:00-04:00,198.88999938964844,200.58999633789062,198.47999572753906,199.4199981689453,510648,0
2026-06-11 13:35:00-04:00,199.4199981689453,199.7899932861328,198.6999969482422,199.45069885253906,147705,0
2026-06-11 13:40:00-04:00,199.4499969482422,201.41000366210938,199.0,201.0198974609375,210873,0
2026-06-11 13:45:00-04:00,200.99000549316406,201.5,199.6300048828125,199.89999389648438,142447,0
2026-06-11 13:50:00-04:00,199.75999450683594,200.4499969482422,199.1199951171875,200.26499938964844,117309,0
2026-06-11 13:55:00-04:00,200.125,200.6092987060547,199.6199951171875,200.4600067138672,106582,0
2026-06-11 14:00:00-04:00,200.32000732421875,200.88999938964844,199.0,199.60000610351562,172186,0
2026-06-11 14:05:00-04:00,199.60000610351562,199.74000549316406,198.89999389648438,199.41000366210938,68722,0
2026-06-11 14:10:00-04:00,199.5124969482422,200.42999267578125,199.0500030517578,200.42999267578125,68866,0
2026-06-11 14:15:00-04:00,200.4199981689453,201.0,200.25709533691406,200.86500549316406,83698,0
2026-06-11 14:20:00-04:00,200.8699951171875,200.90989685058594,199.64999389648438,200.36990356445312,108903,0
2026-06-11 14:25:00-04:00,200.28500366210938,200.36489868164062,199.8699951171875,200.13499450683594,60295,0
2026-06-11 14:30:00-04:00,200.13499450683594,200.6649932861328,199.80999755859375,199.80999755859375,89898,0
2026-06-11 14:35:00-04:00,199.99130249023438,200.32989501953125,199.76010131835938,199.9600067138672,66829,0
2026-06-11 14:40:00-04:00,200.0,200.47999572753906,199.8800048828125,200.47000122070312,83838,0
2026-06-11 14:45:00-04:00,200.3699951171875,201.17999267578125,200.25999450683594,200.9700927734375,95976,0
2026-06-11 14:50:00-04:00,201.15170288085938,201.39999389648438,200.6199951171875,200.8249969482422,88564,0
2026-06-11 14:55:00-04:00,200.9398956298828,201.0,200.12010192871094,200.8699951171875,118059,0
2026-06-11 15:00:00-04:00,200.71499633789062,201.41000366210938,200.71499633789062,200.97000122070312,122233,0
2026-06-11 15:05:00-04:00,200.9949951171875,201.7205047607422,200.13519287109375,201.7205047607422,150490,0
2026-06-11 15:10:00-04:00,201.67999267578125,202.23500061035156,201.4600067138672,201.9600067138672,231369,0
2026-06-11 15:15:00-04:00,201.9499969482422,202.44000244140625,201.8000030517578,202.10159301757812,188142,0
2026-06-11 15:20:00-04:00,202.15499877929688,202.3000030517578,201.75,202.07000732421875,236646,0
2026-06-11 15:25:00-04:00,202.02499389648438,202.8249969482422,201.85000610351562,202.36500549316406,157268,0
2026-06-11 15:30:00-04:00,202.36000061035156,203.49000549316406,202.30999755859375,203.19500732421875,245151,0
2026-06-11 15:35:00-04:00,203.2899932861328,203.61000061035156,202.33999633789062,202.6300048828125,224250,0
2026-06-11 15:40:00-04:00,202.49000549316406,203.64500427246094,202.39999389648438,203.125,239836,0
2026-06-11 15:45:00-04:00,203.1199951171875,203.19000244140625,202.25999450683594,202.4600067138672,211339,0
2026-06-11 15:50:00-04:00,202.4499969482422,203.66000366210938,202.30999755859375,203.5399932861328,391089,0
2026-06-11 15:55:00-04:00,203.50999450683594,203.83999633789062,202.8000030517578,202.89999389648438,1170072,0
2026-06-12 09:30:00-04:00,201.85000610351562,204.889892578125,200.11500549316406,204.7899932861328,890454,0
2026-06-12 09:35:00-04:00,204.8000030517578,207.02099609375,204.8000030517578,205.85000610351562,325435,0
2026-06-12 09:40:00-04:00,205.86630249023438,208.9499969482422,205.6699981689453,206.66000366210938,462585,0
2026-06-12 09:45:00-04:00,206.8800048828125,207.889892578125,206.0,207.0800018310547,249189,0
2026-06-12 09:50:00-04:00,207.0,208.3800048828125,206.16000366210938,206.52999877929688,259645,0
2026-06-12 09:55:00-04:00,206.52999877929688,208.00999450683594,206.2899932861328,207.0449981689453,196392,0
2026-06-12 10:00:00-04:00,207.19500732421875,211.47000122070312,207.00999450683594,210.68499755859375,422637,0
2026-06-12 10:05:00-04:00,210.8199005126953,211.99000549316406,209.75,211.38999938964844,393157,0
2026-06-12 10:10:00-04:00,211.4149932861328,211.5,209.35000610351562,209.94000244140625,256080,0
2026-06-12 10:15:00-04:00,209.77000427246094,211.6199951171875,209.4600067138672,210.50999450683594,188972,0
2026-06-12 10:20:00-04:00,210.4499969482422,210.7100067138672,208.49000549316406,208.7899932861328,136601,0
2026-06-12 10:25:00-04:00,208.77999877929688,210.1999053955078,208.10000610351562,210.0,181808,0
2026-06-12 10:30:00-04:00,210.0399932861328,211.74989318847656,209.67999267578125,210.24000549316406,198446,0
2026-06-12 10:35:00-04:00,210.11000061035156,211.55979919433594,209.77000427246094,210.19000244140625,124710,0
2026-06-12 10:40:00-04:00,210.1649932861328,210.1649932861328,208.3000946044922,208.49000549316406,136213,0
2026-06-12 10:45:00-04:00,208.55999755859375,208.85000610351562,207.0,208.08999633789062,191832,0
2026-06-12 10:50:00-04:00,208.06500244140625,211.35000610351562,207.70010375976562,211.35000610351562,122651,0
2026-06-12 10:55:00-04:00,211.1649932861328,213.1999969482422,210.9416046142578,212.82000732421875,311127,0
2026-06-12 11:00:00-04:00,212.82000732421875,212.97999572753906,212.14500427246094,212.16000366210938,195726,0
2026-06-12 11:05:00-04:00,212.16000366210938,212.77000427246094,211.55999755859375,212.1750030517578,120443,0
2026-06-12 11:10:00-04:00,212.1750030517578,212.7899932861328,211.76499938964844,212.63999938964844,119113,0
2026-06-12 11:15:00-04:00,212.72999572753906,213.19000244140625,212.05999755859375,213.07000732421875,134383,0
2026-06-12 11:20:00-04:00,213.14999389648438,213.14999389648438,212.19500732421875,213.05999755859375,102751,0
2026-06-12 11:25:00-04:00,213.05999755859375,213.69000244140625,212.85000610351562,213.5399932861328,127190,0
2026-06-12 11:30:00-04:00,213.50999450683594,214.86000061035156,213.3000030517578,214.72999572753906,248568,0
2026-06-12 11:35:00-04:00,214.6199951171875,214.85000610351562,212.94000244140625,213.4499969482422,277337,0
2026-06-12 11:40:00-04:00,213.5,213.6300048828125,212.11000061035156,212.32000732421875,156661,0
2026-06-12 11:45:00-04:00,212.32000732421875,213.22000122070312,211.5,211.67999267578125,163827,0
2026-06-12 11:50:00-04:00,211.80999755859375,213.11990356445312,210.69000244140625,212.47000122070312,117048,0
2026-06-12 11:55:00-04:00,212.47999572753906,212.6750030517578,210.13499450683594,210.57000732421875,128623,0
2026-06-12 12:00:00-04:00,210.32000732421875,211.64990234375,210.0,211.44500732421875,114391,0
2026-06-12 12:05:00-04:00,211.41000366210938,212.97999572753906,211.1300048828125,212.73500061035156,105231,0
2026-06-12 12:10:00-04:00,212.64999389648438,214.03469848632812,212.42999267578125,213.41000366210938,188089,0
2026-06-12 12:15:00-04:00,213.4199981689453,214.2899932861328,212.94000244140625,213.1999969482422,112571,0
2026-06-12 12:20:00-04:00,213.17999267578125,213.64999389648438,212.6300048828125,213.0,65824,0
2026-06-12 12:25:00-04:00,213.1199951171875,213.47000122070312,212.38999938964844,213.47000122070312,79524,0
2026-06-12 12:30:00-04:00,213.47000122070312,213.94000244140625,213.17999267578125,213.83999633789062,78256,0
2026-06-12 12:35:00-04:00,213.83999633789062,214.0198974609375,213.02000427246094,213.41000366210938,75508,0
2026-06-12 12:40:00-04:00,213.52499389648438,213.85000610351562,213.08999633789062,213.38499450683594,78999,0
2026-06-12 12:45:00-04:00,213.36500549316406,214.11000061035156,213.10000610351562,213.94000244140625,73573,0
2026-06-12 12:50:00-04:00,213.82749938964844,214.23300170898438,213.7100067138672,213.80999755859375,82968,0
2026-06-12 12:55:00-04:00,213.9199981689453,214.3800048828125,213.17999267578125,214.14999389648438,71554,0
2026-06-12 13:00:00-04:00,214.25,214.7100067138672,213.86000061035156,214.5800018310547,85614,0
2026-06-12 13:05:00-04:00,214.47000122070312,215.00999450683594,214.0749969482422,214.33999633789062,110904,0
2026-06-12 13:10:00-04:00,214.41000366210938,214.4499969482422,213.5500030517578,213.9600067138672,86992,0
2026-06-12 13:15:00-04:00,214.0800018310547,214.1999969482422,213.67999267578125,214.0,64243,0
2026-06-12 13:20:00-04:00,214.02499389648438,214.49000549316406,213.89999389648438,214.02000427246094,62409,0
2026-06-12 13:25:00-04:00,214.08999633789062,214.14999389648438,213.0301055908203,213.42999267578125,59463,0
2026-06-12 13:30:00-04:00,213.33999633789062,213.4062957763672,212.6199951171875,212.99899291992188,63538,0
2026-06-12 13:35:00-04:00,212.7100067138672,213.48069763183594,212.6999969482422,213.22999572753906,52690,0
2026-06-12 13:40:00-04:00,213.25999450683594,213.42999267578125,212.75999450683594,212.99000549316406,62419,0
2026-06-12 13:45:00-04:00,212.85000610351562,213.26669311523438,212.32000732421875,212.98500061035156,79614,0
2026-06-12 13:50:00-04:00,212.92999267578125,213.11000061035156,212.63999938964844,212.92999267578125,52941,0
2026-06-12 13:55:00-04:00,212.93499755859375,212.93499755859375,212.11000061035156,212.39999389648438,64499,0
2026-06-12 14:00:00-04:00,212.47999572753906,212.5,211.85000610351562,212.10499572753906,69871,0
2026-06-12 14:05:00-04:00,212.22999572753906,212.47300720214844,211.74000549316406,211.77999877929688,77017,0
2026-06-12 14:10:00-04:00,211.86000061035156,212.83990478515625,211.83999633789062,212.00999450683594,40355,0
2026-06-12 14:15:00-04:00,211.9949951171875,212.18499755859375,211.42999267578125,211.89500427246094,54916,0
2026-06-12 14:20:00-04:00,211.97999572753906,211.97999572753906,211.64500427246094,211.83999633789062,49716,0
2026-06-12 14:25:00-04:00,211.97000122070312,212.58200073242188,211.86000061035156,212.2100067138672,49119,0
2026-06-12 14:30:00-04:00,212.35000610351562,212.77000427246094,212.13999938964844,212.5,48554,0
2026-06-12 14:35:00-04:00,212.5800018310547,213.0,212.47000122070312,212.9600067138672,66045,0
2026-06-12 14:40:00-04:00,213.00999450683594,213.38999938964844,212.85000610351562,212.88499450683594,65328,0
2026-06-12 14:45:00-04:00,212.97000122070312,213.11000061035156,212.67999267578125,213.0,56736,0
2026-06-12 14:50:00-04:00,213.02499389648438,213.02499389648438,212.5800018310547,212.72999572753906,44596,0
2026-06-12 14:55:00-04:00,212.52000427246094,212.52000427246094,211.38999938964844,211.53509521484375,82266,0
2026-06-12 15:00:00-04:00,211.60000610351562,212.60000610351562,211.52999877929688,212.36000061035156,55133,0
2026-06-12 15:05:00-04:00,212.3300018310547,212.57159423828125,212.0,212.2100067138672,46344,0
2026-06-12 15:10:00-04:00,212.22999572753906,212.52000427246094,211.82000732421875,212.00999450683594,114502,0
2026-06-12 15:15:00-04:00,212.05999755859375,212.29420471191406,211.7100067138672,212.08999633789062,74334,0
2026-06-12 15:20:00-04:00,212.00999450683594,212.42999267578125,211.58999633789062,212.33999633789062,58780,0
2026-06-12 15:25:00-04:00,212.39999389648438,212.52999877929688,211.6199951171875,211.69000244140625,76282,0
2026-06-12 15:30:00-04:00,211.6699981689453,211.88999938964844,211.10000610351562,211.33990478515625,84918,0
2026-06-12 15:35:00-04:00,211.1300048828125,212.23500061035156,210.86000061035156,211.08999633789062,117224,0
2026-06-12 15:40:00-04:00,211.05999755859375,212.6999969482422,210.80999755859375,211.7899932861328,132671,0
2026-06-12 15:45:00-04:00,211.83999633789062,211.9199981689453,211.22000122070312,211.66000366210938,155670,0
2026-06-12 15:50:00-04:00,211.63999938964844,211.9600067138672,211.3000030517578,211.6649932861328,171010,0
2026-06-12 15:55:00-04:00,211.75,212.64999389648438,211.50999450683594,211.6699981689453,693271,0
2026-06-15 09:30:00-04:00,219.77000427246094,220.68829345703125,216.27999877929688,218.94500732421875,1041045,0
2026-06-15 09:35:00-04:00,219.13999938964844,224.27000427246094,218.9600067138672,222.8076934814453,539318,0
2026-06-15 09:40:00-04:00,222.9199981689453,225.30999755859375,222.6699981689453,224.4149932861328,404913,0
2026-06-15 09:45:00-04:00,224.24000549316406,225.63999938964844,223.97000122070312,224.75999450683594,343450,0
2026-06-15 09:50:00-04:00,224.6649932861328,225.2899932861328,224.00039672851562,224.4499969482422,248534,0
2026-06-15 09:55:00-04:00,224.57000732421875,224.57000732421875,223.11619567871094,223.5500030517578,236162,0
2026-06-15 10:00:00-04:00,223.3800048828125,226.4600067138672,223.35000610351562,225.84500122070312,396100,0
2026-06-15 10:05:00-04:00,225.72500610351562,226.35000610351562,224.0399932861328,224.63999938964844,289977,0
2026-06-15 10:10:00-04:00,224.77000427246094,224.89999389648438,222.89999389648438,223.69000244140625,218414,0
2026-06-15 10:15:00-04:00,223.69000244140625,223.7550048828125,221.66000366210938,222.24000549316406,206344,0
2026-06-15 10:20:00-04:00,222.25999450683594,222.30999755859375,220.94000244140625,220.99000549316406,171792,0
2026-06-15 10:25:00-04:00,220.86000061035156,221.639892578125,220.6199951171875,220.66000366210938,131190,0
2026-06-15 10:30:00-04:00,220.7050018310547,221.4499969482422,220.22000122070312,220.7904052734375,155302,0
2026-06-15 10:35:00-04:00,220.75999450683594,221.19000244140625,220.63999938964844,220.97999572753906,118646,0
2026-06-15 10:40:00-04:00,220.89010620117188,221.0399932861328,220.2899932861328,220.3800048828125,123074,0
2026-06-15 10:45:00-04:00,220.45989990234375,220.7050018310547,219.8000030517578,220.36000061035156,123732,0
2026-06-15 10:50:00-04:00,220.4199981689453,221.91000366210938,220.2550048828125,221.0800018310547,189040,0
2026-06-15 10:55:00-04:00,220.94000244140625,221.6999969482422,220.42999267578125,220.66000366210938,135753,0
2026-06-15 11:00:00-04:00,220.6649932861328,221.4250030517578,220.50999450683594,221.1199951171875,95000,0
2026-06-15 11:05:00-04:00,221.14999389648438,221.17999267578125,220.5399932861328,220.7899932861328,77019,0
2026-06-15 11:10:00-04:00,220.88499450683594,220.88499450683594,220.27000427246094,220.50999450683594,67794,0
2026-06-15 11:15:00-04:00,220.55499267578125,220.86500549316406,220.0,220.86000061035156,78115,0
2026-06-15 11:20:00-04:00,220.90499877929688,222.3300018310547,220.77999877929688,222.3300018310547,114536,0
2026-06-15 11:25:00-04:00,222.30499267578125,222.31350708007812,221.72999572753906,222.0,75052,0
2026-06-15 11:30:00-04:00,221.9499969482422,222.0,221.32000732421875,221.49000549316406,137285,0
2026-06-15 11:35:00-04:00,221.55499267578125,221.57000732421875,221.0,221.38499450683594,76141,0
2026-06-15 11:40:00-04:00,221.38499450683594,221.50999450683594,221.1074981689453,221.25,80980,0
2026-06-15 11:45:00-04:00,221.25999450683594,221.75999450683594,221.02999877929688,221.75,90731,0
2026-06-15 11:50:00-04:00,221.75,222.3000030517578,221.57000732421875,221.71499633789062,101658,0
2026-06-15 11:55:00-04:00,221.77999877929688,222.1999969482422,221.57000732421875,222.0500030517578,81943,0
2026-06-15 12:00:00-04:00,222.1199951171875,222.80990600585938,221.74000549316406,222.19000244140625,129750,0
2026-06-15 12:05:00-04:00,222.24000549316406,222.510498046875,221.97000122070312,222.4600067138672,64290,0
2026-06-15 12:10:00-04:00,222.47000122070312,222.66000366210938,222.11000061035156,222.41000366210938,67000,0
2026-06-15 12:15:00-04:00,222.39500427246094,222.5500030517578,222.10000610351562,222.54989624023438,53811,0
2026-06-15 12:20:00-04:00,222.5050048828125,223.42999267578125,222.4550018310547,222.76499938964844,73516,0
2026-06-15 12:25:00-04:00,222.76499938964844,222.76499938964844,222.0,222.28990173339844,100935,0
2026-06-15 12:30:00-04:00,222.35000610351562,222.75999450683594,222.27000427246094,222.48910522460938,68682,0
2026-06-15 12:35:00-04:00,222.39500427246094,222.71449279785156,222.07000732421875,222.1300048828125,69511,0
2026-06-15 12:40:00-04:00,222.19000244140625,222.39500427246094,221.8800048828125,222.39500427246094,72438,0
2026-06-15 12:45:00-04:00,222.33999633789062,222.47999572753906,222.0500030517578,222.14999389648438,66608,0
2026-06-15 12:50:00-04:00,222.2100067138672,222.4949951171875,222.0850067138672,222.48500061035156,43359,0
2026-06-15 12:55:00-04:00,222.5,222.52999877929688,222.14999389648438,222.4149932861328,49470,0
2026-06-15 13:00:00-04:00,222.3300018310547,222.53610229492188,222.02999877929688,222.4499969482422,56631,0
2026-06-15 13:05:00-04:00,222.4550018310547,222.52000427246094,221.56500244140625,221.7799072265625,80094,0
2026-06-15 13:10:00-04:00,221.72999572753906,222.0749969482422,221.55999755859375,221.8300018310547,56636,0
2026-06-15 13:15:00-04:00,221.77000427246094,222.1699981689453,221.76499938964844,221.91009521484375,43400,0
2026-06-15 13:20:00-04:00,222.02999877929688,222.05999755859375,221.72000122070312,221.77499389648438,50670,0
2026-06-15 13:25:00-04:00,221.7899932861328,221.9199981689453,221.65499877929688,221.75010681152344,46964,0
2026-06-15 13:30:00-04:00,221.77000427246094,221.93499755859375,221.3000030517578,221.74000549316406,54538,0
2026-06-15 13:35:00-04:00,221.74000549316406,221.8699951171875,221.60000610351562,221.84750366210938,39020,0
2026-06-15 13:40:00-04:00,221.8300018310547,222.0,221.6699981689453,221.77999877929688,58796,0
2026-06-15 13:45:00-04:00,221.78500366210938,221.8000030517578,221.30050659179688,221.34500122070312,51486,0
2026-06-15 13:50:00-04:00,221.3800048828125,221.6999969482422,221.2200927734375,221.40499877929688,69800,0
2026-06-15 13:55:00-04:00,221.4600067138672,221.49000549316406,220.77000427246094,220.88499450683594,103433,0
2026-06-15 14:00:00-04:00,220.81280517578125,221.19000244140625,220.5749969482422,220.82000732421875,63365,0
2026-06-15 14:05:00-04:00,220.77000427246094,221.1300048828125,220.75,221.05999755859375,59256,0
2026-06-15 14:10:00-04:00,221.05999755859375,221.3249969482422,220.99000549316406,221.2949981689453,53493,0
2026-06-15 14:15:00-04:00,221.26589965820312,221.5,221.07000732421875,221.41000366210938,74558,0
2026-06-15 14:20:00-04:00,221.36000061035156,221.92990112304688,221.25,221.77720642089844,61907,0
2026-06-15 14:25:00-04:00,221.6199951171875,221.91000366210938,220.8800048828125,221.17999267578125,77385,0
2026-06-15 14:30:00-04:00,221.22999572753906,221.4499969482422,220.99000549316406,221.19500732421875,65360,0
2026-06-15 14:35:00-04:00,221.19500732421875,221.5749969482422,221.19500732421875,221.5,49049,0
2026-06-15 14:40:00-04:00,221.52999877929688,221.59559631347656,221.30999755859375,221.41000366210938,56252,0
2026-06-15 14:45:00-04:00,221.39999389648438,221.8300018310547,221.0800018310547,221.64999389648438,89360,0
2026-06-15 14:50:00-04:00,221.6999969482422,221.7100067138672,221.11000061035156,221.25,46129,0
2026-06-15 14:55:00-04:00,221.25999450683594,221.42999267578125,221.14999389648438,221.16000366210938,50671,0
2026-06-15 15:00:00-04:00,221.17999267578125,221.60899353027344,221.11500549316406,221.22999572753906,60080,0
2026-06-15 15:05:00-04:00,221.22999572753906,221.52999877929688,220.66000366210938,221.11000061035156,125677,0
2026-06-15 15:10:00-04:00,221.02149963378906,221.38999938964844,221.00999450683594,221.07000732421875,60495,0
2026-06-15 15:15:00-04:00,221.0500030517578,221.2899932861328,220.89999389648438,221.1999969482422,71706,0
2026-06-15 15:20:00-04:00,221.22000122070312,221.25999450683594,220.80999755859375,220.87989807128906,72171,0
2026-06-15 15:25:00-04:00,220.8000030517578,220.8699951171875,220.35000610351562,220.44000244140625,85748,0
2026-06-15 15:30:00-04:00,220.39999389648438,220.66000366210938,220.00999450683594,220.13999938964844,115574,0
2026-06-15 15:35:00-04:00,220.18499755859375,220.63499450683594,220.18499755859375,220.52000427246094,109189,0
2026-06-15 15:40:00-04:00,220.52000427246094,221.24000549316406,220.3300018310547,220.9199981689453,177448,0
2026-06-15 15:45:00-04:00,220.94000244140625,221.4550018310547,220.7949981689453,221.44500732421875,173058,0
2026-06-15 15:50:00-04:00,221.44000244140625,221.65499877929688,220.80999755859375,221.2100067138672,274317,0
2026-06-15 15:55:00-04:00,221.1999969482422,221.24000549316406,220.4600067138672,220.7899932861328,612355,0
2026-06-16 09:30:00-04:00,225.8300018310547,230.1300048828125,222.80430603027344,230.07000732421875,1634505,0
2026-06-16 09:35:00-04:00,230.11000061035156,230.99000549316406,226.39999389648438,226.39999389648438,539992,0
2026-06-16 09:40:00-04:00,226.451904296875,229.89999389648438,226.17999267578125,228.52000427246094,361709,0
2026-06-16 09:45:00-04:00,228.52000427246094,229.88099670410156,227.5,229.10000610351562,377945,0
2026-06-16 09:50:00-04:00,229.0,230.97000122070312,228.88999938964844,230.47500610351562,489581,0
2026-06-16 09:55:00-04:00,230.47999572753906,231.0399932861328,229.3300018310547,230.6199951171875,317989,0
2026-06-16 10:00:00-04:00,230.61000061035156,231.19000244140625,228.9199981689453,229.22000122070312,270242,0
2026-06-16 10:05:00-04:00,229.08999633789062,230.66000366210938,228.52999877929688,229.49000549316406,235060,0
2026-06-16 10:10:00-04:00,229.44000244140625,230.16000366210938,228.3800048828125,228.4949951171875,165415,0
2026-06-16 10:15:00-04:00,228.4199981689453,229.92999267578125,227.1199951171875,227.16000366210938,225940,0
2026-06-16 10:20:00-04:00,227.10000610351562,227.60000610351562,224.80999755859375,226.17999267578125,311215,0
2026-06-16 10:25:00-04:00,226.10000610351562,227.6699981689453,225.9600067138672,226.47000122070312,195361,0
2026-06-16 10:30:00-04:00,226.39999389648438,226.4149932861328,223.49009704589844,224.63999938964844,272993,0
2026-06-16 10:35:00-04:00,224.64010620117188,226.3800048828125,224.6300048828125,225.52000427246094,190327,0
2026-06-16 10:40:00-04:00,225.4949951171875,226.597900390625,224.74000549316406,226.40939331054688,203856,0
2026-06-16 10:45:00-04:00,226.22000122070312,226.3699951171875,223.2899932861328,224.05999755859375,216066,0
2026-06-16 10:50:00-04:00,224.1999969482422,225.1649932861328,223.88999938964844,224.0,154620,0
2026-06-16 10:55:00-04:00,224.16000366210938,224.3300018310547,222.38009643554688,222.85499572753906,265471,0
2026-06-16 11:00:00-04:00,222.91990661621094,223.5,222.0,223.19500732421875,228325,0
2026-06-16 11:05:00-04:00,223.13499450683594,223.3300018310547,221.66000366210938,222.1999969482422,189727,0
2026-06-16 11:10:00-04:00,222.125,222.99000549316406,220.97000122070312,221.1475067138672,181837,0
2026-06-16 11:15:00-04:00,221.27499389648438,222.23660278320312,220.9949951171875,221.22000122070312,188785,0
2026-06-16 11:20:00-04:00,221.22999572753906,221.82000732421875,219.4499969482422,219.68649291992188,211914,0
2026-06-16 11:25:00-04:00,219.5800018310547,219.8800048828125,218.01010131835938,219.22000122070312,234819,0
2026-06-16 11:30:00-04:00,219.3699951171875,220.55999755859375,219.22999572753906,220.17999267578125,176215,0
2026-06-16 11:35:00-04:00,220.25999450683594,220.85000610351562,219.25999450683594,219.67999267578125,162781,0
2026-06-16 11:40:00-04:00,219.75999450683594,219.97999572753906,218.92469787597656,219.76539611816406,138984,0
2026-06-16 11:45:00-04:00,219.72999572753906,219.94000244140625,218.41830444335938,218.9600067138672,161190,0
2026-06-16 11:50:00-04:00,218.94000244140625,221.60989379882812,218.4600067138672,221.2949981689453,192279,0
2026-06-16 11:55:00-04:00,221.3000030517578,221.92999267578125,220.05999755859375,220.57000732421875,192365,0
2026-06-16 12:00:00-04:00,220.35000610351562,222.47999572753906,220.33999633789062,222.2803955078125,146731,0
2026-06-16 12:05:00-04:00,222.44000244140625,222.8300018310547,221.3800048828125,222.3800048828125,112076,0
2026-06-16 12:10:00-04:00,222.2899932861328,223.2899932861328,221.67999267578125,221.67999267578125,195847,0
2026-06-16 12:15:00-04:00,221.75999450683594,221.97000122070312,220.47000122070312,221.2100067138672,101559,0
2026-06-16 12:20:00-04:00,221.25999450683594,221.77999877929688,220.88499450683594,221.0955047607422,70246,0
2026-06-16 12:25:00-04:00,221.29359436035156,221.3300018310547,220.5800018310547,220.77999877929688,89816,0
2026-06-16 12:30:00-04:00,220.69500732421875,220.80999755859375,219.0,219.01499938964844,163708,0
2026-06-16 12:35:00-04:00,219.0800018310547,219.44000244140625,218.50999450683594,219.0749969482422,110453,0
2026-06-16 12:40:00-04:00,219.0,220.13999938964844,219.0,219.57749938964844,86518,0
2026-06-16 12:45:00-04:00,219.5749969482422,220.5,219.481201171875,219.8249969482422,62261,0
2026-06-16 12:50:00-04:00,219.9499969482422,220.25999450683594,219.6999969482422,219.92840576171875,73389,0
2026-06-16 12:55:00-04:00,219.8000030517578,220.10000610351562,219.2310028076172,220.10000610351562,71439,0
2026-06-16 13:00:00-04:00,219.99000549316406,219.99000549316406,219.30499267578125,219.5050048828125,83331,0
2026-06-16 13:05:00-04:00,219.41000366210938,219.49000549316406,218.75999450683594,218.8000030517578,78494,0
2026-06-16 13:10:00-04:00,218.88999938964844,219.7899932861328,218.8699951171875,219.47000122070312,103713,0
2026-06-16 13:15:00-04:00,219.47500610351562,219.7449951171875,219.27000427246094,219.3699951171875,74839,0
2026-06-16 13:20:00-04:00,219.3699951171875,219.3699951171875,218.64999389648438,219.30999755859375,92972,0
2026-06-16 13:25:00-04:00,219.33990478515625,219.64999389648438,219.2100067138672,219.47000122070312,79318,0
2026-06-16 13:30:00-04:00,219.3699951171875,219.63999938964844,218.9600067138672,219.2550048828125,73797,0
2026-06-16 13:35:00-04:00,219.2550048828125,219.38999938964844,218.3300018310547,218.77000427246094,140523,0
2026-06-16 13:40:00-04:00,218.63999938964844,219.39999389648438,218.4499969482422,219.10000610351562,57318,0
2026-06-16 13:45:00-04:00,219.05999755859375,219.64999389648438,218.97999572753906,219.6300048828125,68802,0
2026-06-16 13:50:00-04:00,219.5850067138672,220.22000122070312,219.3699951171875,220.1898956298828,67214,0
2026-06-16 13:55:00-04:00,220.13999938964844,220.5,219.4199981689453,219.52999877929688,80107,0
2026-06-16 14:00:00-04:00,219.4600067138672,220.10000610351562,219.33340454101562,219.86000061035156,82940,0
2026-06-16 14:05:00-04:00,219.8800048828125,220.14999389648438,219.6699981689453,219.96499633789062,54829,0
2026-06-16 14:10:00-04:00,219.9149932861328,220.1999969482422,219.47999572753906,219.47999572753906,49226,0
2026-06-16 14:15:00-04:00,219.47610473632812,219.51499938964844,218.77999877929688,219.10000610351562,128414,0
2026-06-16 14:20:00-04:00,219.10000610351562,219.14999389648438,218.6199951171875,218.75,50186,0
2026-06-16 14:25:00-04:00,218.74000549316406,219.05999755859375,218.61500549316406,218.89999389648438,69715,0
2026-06-16 14:30:00-04:00,218.9499969482422,219.14999389648438,218.5,218.72999572753906,77782,0
2026-06-16 14:35:00-04:00,218.61000061035156,218.89999389648438,218.13499450683594,218.5449981689453,104184,0
2026-06-16 14:40:00-04:00,218.63999938964844,218.80999755859375,218.3300018310547,218.69000244140625,66343,0
2026-06-16 14:45:00-04:00,218.69500732421875,218.82000732421875,218.17999267578125,218.2899932861328,77841,0
2026-06-16 14:50:00-04:00,218.4499969482422,218.72999572753906,218.10150146484375,218.3350067138672,100078,0
2026-06-16 14:55:00-04:00,218.39999389648438,218.74000549316406,218.02999877929688,218.7100067138672,112214,0
2026-06-16 15:00:00-04:00,218.6300048828125,220.13999938964844,218.33999633789062,220.10659790039062,111723,0
2026-06-16 15:05:00-04:00,220.14999389648438,220.14999389648438,217.8000946044922,217.89999389648438,147083,0
2026-06-16 15:10:00-04:00,217.9644012451172,218.14999389648438,217.17999267578125,217.86990356445312,163000,0
2026-06-16 15:15:00-04:00,217.6300048828125,217.6300048828125,216.610107421875,217.47999572753906,173070,0
2026-06-16 15:20:00-04:00,217.47999572753906,217.8800048828125,217.22999572753906,217.59500122070312,107808,0
2026-06-16 15:25:00-04:00,217.5800018310547,218.76499938964844,217.47999572753906,218.4949951171875,139465,0
2026-06-16 15:30:00-04:00,218.41000366210938,219.0500030517578,217.66000366210938,217.82000732421875,147936,0
2026-06-16 15:35:00-04:00,217.82000732421875,217.9499969482422,216.0,216.13999938964844,217053,0
2026-06-16 15:40:00-04:00,216.25990295410156,217.04989624023438,216.04010009765625,216.83999633789062,211274,0
2026-06-16 15:45:00-04:00,216.8300018310547,216.83999633789062,216.0,216.38999938964844,184514,0
2026-06-16 15:50:00-04:00,216.4199981689453,216.97000122070312,215.0,216.19000244140625,408569,0
2026-06-16 15:55:00-04:00,216.13999938964844,216.13999938964844,213.80999755859375,213.82000732421875,1114686,0
2026-06-17 09:30:00-04:00,219.0399932861328,221.0,217.58999633789062,218.72000122070312,745813,0
2026-06-17 09:35:00-04:00,218.38999938964844,219.2501983642578,217.3699951171875,218.29010009765625,253162,0
2026-06-17 09:40:00-04:00,218.48069763183594,219.72000122070312,217.47000122070312,218.42999267578125,186010,0
2026-06-17 09:45:00-04:00,218.35499572753906,219.30990600585938,216.25999450683594,217.19500732421875,190692,0
2026-06-17 09:50:00-04:00,217.1750030517578,218.80999755859375,217.0,218.5399932861328,138928,0
2026-06-17 09:55:00-04:00,218.5050048828125,218.6999969482422,216.72000122070312,217.4595947265625,136932,0
2026-06-17 10:00:00-04:00,217.49000549316406,219.8800048828125,217.22999572753906,219.60000610351562,188766,0
2026-06-17 10:05:00-04:00,219.5399932861328,219.5399932861328,217.88999938964844,218.08999633789062,122701,0
2026-06-17 10:10:00-04:00,218.17999267578125,219.16000366210938,217.9199981689453,218.85299682617188,117516,0
2026-06-17 10:15:00-04:00,218.8800048828125,219.4499969482422,218.4300994873047,219.2100067138672,145786,0
2026-06-17 10:20:00-04:00,219.07000732421875,219.89999389648438,218.25,219.89999389648438,121242,0
2026-06-17 10:25:00-04:00,219.89999389648438,220.24000549316406,218.4199981689453,218.57000732421875,186745,0
2026-06-17 10:30:00-04:00,218.72999572753906,218.73500061035156,217.10000610351562,218.22000122070312,106224,0
2026-06-17 10:35:00-04:00,218.22000122070312,218.4600067138672,217.5500030517578,218.08999633789062,116025,0
2026-06-17 10:40:00-04:00,217.93499755859375,218.5800018310547,216.97000122070312,218.33999633789062,112097,0
2026-06-17 10:45:00-04:00,218.0,219.1999969482422,216.81500244140625,217.27000427246094,157651,0
2026-06-17 10:50:00-04:00,217.32000732421875,218.22000122070312,217.32000732421875,217.99000549316406,60352,0
2026-06-17 10:55:00-04:00,217.83999633789062,218.11000061035156,216.35000610351562,216.35000610351562,92170,0
2026-06-17 11:00:00-04:00,216.4499969482422,216.89999389648438,216.14999389648438,216.22500610351562,105778,0
2026-06-17 11:05:00-04:00,216.28500366210938,217.25,215.85000610351562,215.97500610351562,72466,0
2026-06-17 11:10:00-04:00,215.99000549316406,217.02000427246094,215.99000549316406,216.8350067138672,51069,0
2026-06-17 11:15:00-04:00,216.89720153808594,217.6300048828125,216.69000244140625,217.19000244140625,68908,0
2026-06-17 11:20:00-04:00,217.14999389648438,217.5,216.625,216.75999450683594,56424,0
2026-06-17 11:25:00-04:00,216.85000610351562,217.9499969482422,216.8000030517578,217.3699951171875,149871,0
2026-06-17 11:30:00-04:00,217.30999755859375,217.36000061035156,217.01499938964844,217.0800018310547,51745,0
2026-06-17 11:35:00-04:00,217.0438995361328,217.6999969482422,216.97000122070312,217.5500030517578,61454,0
2026-06-17 11:40:00-04:00,217.5800018310547,217.6300048828125,216.91000366210938,217.27499389648438,69105,0
2026-06-17 11:45:00-04:00,217.27499389648438,217.64999389648438,216.9499969482422,217.46499633789062,75000,0
2026-06-17 11:50:00-04:00,217.375,217.85000610351562,217.24000549316406,217.64500427246094,63466,0
2026-06-17 11:55:00-04:00,217.63999938964844,217.99000549316406,217.4600067138672,217.72999572753906,45220,0
2026-06-17 12:00:00-04:00,217.6800994873047,218.47000122070312,217.6800994873047,217.84500122070312,128925,0
2026-06-17 12:05:00-04:00,217.84500122070312,219.50999450683594,217.8000030517578,219.3699951171875,115513,0
2026-06-17 12:10:00-04:00,219.27000427246094,219.6199951171875,218.88009643554688,219.08999633789062,72848,0
2026-06-17 12:15:00-04:00,218.89999389648438,218.89999389648438,218.19000244140625,218.83999633789062,60309,0
2026-06-17 12:20:00-04:00,218.8000030517578,219.3000030517578,218.52499389648438,218.9600067138672,78055,0
2026-06-17 12:25:00-04:00,219.0449981689453,219.0449981689453,218.5800018310547,218.8300018310547,45749,0
2026-06-17 12:30:00-04:00,218.83999633789062,219.2100067138672,218.69580078125,219.13499450683594,53399,0
2026-06-17 12:35:00-04:00,219.11819458007812,219.33999633789062,218.97000122070312,219.2100067138672,31490,0
2026-06-17 12:40:00-04:00,219.10000610351562,219.14999389648438,218.77000427246094,219.02999877929688,43477,0
2026-06-17 12:45:00-04:00,218.94000244140625,218.94000244140625,218.52000427246094,218.7949981689453,45120,0
2026-06-17 12:50:00-04:00,218.74000549316406,219.1999969482422,218.61000061035156,218.77999877929688,55446,0
2026-06-17 12:55:00-04:00,218.9199981689453,218.93280029296875,218.5800018310547,218.71890258789062,42992,0
2026-06-17 13:00:00-04:00,218.64999389648438,218.6999969482422,218.19500732421875,218.19500732421875,36554,0
2026-06-17 13:05:00-04:00,218.17999267578125,218.58999633789062,217.8000030517578,218.22000122070312,64809,0
2026-06-17 13:10:00-04:00,218.05999755859375,218.20989990234375,217.7301025390625,218.08999633789062,29523,0
2026-06-17 13:15:00-04:00,217.99000549316406,218.25,217.6999969482422,218.17999267578125,34851,0
2026-06-17 13:20:00-04:00,218.1199951171875,218.47000122070312,218.02999877929688,218.47000122070312,51016,0
2026-06-17 13:25:00-04:00,218.33999633789062,218.4550018310547,218.02000427246094,218.23500061035156,28545,0
2026-06-17 13:30:00-04:00,218.25999450683594,218.25999450683594,217.77000427246094,217.8300018310547,34368,0
2026-06-17 13:35:00-04:00,217.87139892578125,218.2100067138672,217.72999572753906,218.17010498046875,35569,0
2026-06-17 13:40:00-04:00,218.21499633789062,218.3300018310547,217.64999389648438,217.8000030517578,30112,0
2026-06-17 13:45:00-04:00,217.82000732421875,218.14999389648438,217.7100067138672,218.0800018310547,41365,0
2026-06-17 13:50:00-04:00,218.08999633789062,218.57000732421875,218.0,218.35000610351562,32259,0
2026-06-17 13:55:00-04:00,218.27999877929688,218.42999267578125,218.0399932861328,218.40499877929688,27821,0
2026-06-17 14:00:00-04:00,218.3000030517578,218.3000030517578,214.3780059814453,214.4550018310547,247228,0
2026-06-17 14:05:00-04:00,214.49000549316406,216.44000244140625,212.9600067138672,216.22000122070312,189205,0
2026-06-17 14:10:00-04:00,216.32000732421875,216.88999938964844,215.58999633789062,216.2550048828125,102603,0
2026-06-17 14:15:00-04:00,216.3990020751953,217.27999877929688,216.1300048828125,216.5500030517578,75573,0
2026-06-17 14:20:00-04:00,216.5500030517578,216.66000366210938,215.52000427246094,215.6199951171875,72611,0
2026-06-17 14:25:00-04:00,215.5749969482422,215.7899932861328,214.8000030517578,215.53500366210938,75427,0
2026-06-17 14:30:00-04:00,215.38999938964844,217.0,215.16799926757812,216.0,133994,0
2026-06-17 14:35:00-04:00,216.39999389648438,218.69000244140625,215.94000244140625,218.24000549316406,98443,0
2026-06-17 14:40:00-04:00,218.50999450683594,221.32000732421875,218.43499755859375,220.62989807128906,209476,0
2026-06-17 14:45:00-04:00,220.44000244140625,220.55499267578125,219.60009765625,220.25999450683594,133630,0
2026-06-17 14:50:00-04:00,220.1199951171875,220.75,219.5399932861328,219.99000549316406,154152,0
2026-06-17 14:55:00-04:00,219.8000030517578,219.86500549316406,216.89999389648438,217.93499755859375,131180,0
2026-06-17 15:00:00-04:00,217.98500061035156,218.42999267578125,217.0,217.83999633789062,107913,0
2026-06-17 15:05:00-04:00,217.9600067138672,218.75999450683594,217.625,217.625,83368,0
2026-06-17 15:10:00-04:00,217.5800018310547,218.6199951171875,216.0,218.4398956298828,147261,0
2026-06-17 15:15:00-04:00,218.27999877929688,218.44000244140625,216.6999969482422,217.1199951171875,130745,0
2026-06-17 15:20:00-04:00,217.0800018310547,217.0800018310547,214.92999267578125,215.13999938964844,170159,0
2026-06-17 15:25:00-04:00,215.1999969482422,216.6300048828125,215.0,215.50999450683594,127391,0
2026-06-17 15:30:00-04:00,215.42999267578125,216.0,214.1999969482422,214.27999877929688,135803,0
2026-06-17 15:35:00-04:00,214.2200927734375,215.27000427246094,212.67999267578125,212.97500610351562,149997,0
2026-06-17 15:40:00-04:00,212.97999572753906,213.78829956054688,212.6999969482422,213.3800048828125,272284,0
2026-06-17 15:45:00-04:00,213.47999572753906,214.76820373535156,213.36000061035156,214.3249969482422,188367,0
2026-06-17 15:50:00-04:00,214.17999267578125,214.49000549316406,213.02000427246094,213.7899932861328,305252,0
2026-06-17 15:55:00-04:00,213.74000549316406,214.28050231933594,212.91000366210938,212.99000549316406,702839,0
2026-06-18 09:30:00-04:00,220.72000122070312,220.72000122070312,217.3000030517578,217.6649932861328,2209752,0
2026-06-18 09:35:00-04:00,217.64999389648438,218.0,214.72999572753906,217.64999389648438,404190,0
2026-06-18 09:40:00-04:00,217.74830627441406,219.2949981689453,216.91000366210938,217.2100067138672,270634,0
2026-06-18 09:45:00-04:00,217.4199981689453,221.3300018310547,217.4199981689453,221.1300048828125,315343,0
2026-06-18 09:50:00-04:00,221.1300048828125,224.67999267578125,219.8249969482422,224.1750030517578,707528,0
2026-06-18 09:55:00-04:00,224.2899932861328,227.42999267578125,223.63999938964844,226.9499969482422,483160,0
2026-06-18 10:00:00-04:00,227.00010681152344,228.5449981689453,226.1199951171875,228.02999877929688,547821,0
2026-06-18 10:05:00-04:00,228.11500549316406,228.64999389648438,224.9600067138672,226.47500610351562,414307,0
2026-06-18 10:10:00-04:00,226.39500427246094,226.5449981689453,224.39999389648438,225.0399932861328,235454,0
2026-06-18 10:15:00-04:00,225.08999633789062,225.22000122070312,222.74000549316406,223.22999572753906,290321,0
2026-06-18 10:20:00-04:00,223.27000427246094,223.5399932861328,222.1999969482422,222.43499755859375,209272,0
2026-06-18 10:25:00-04:00,222.4375,222.97000122070312,221.4499969482422,222.44500732421875,231432,0
2026-06-18 10:30:00-04:00,222.44500732421875,224.05499267578125,222.14999389648438,223.92999267578125,307863,0
2026-06-18 10:35:00-04:00,223.7899932861328,226.3000030517578,223.5,225.0,217017,0
2026-06-18 10:40:00-04:00,224.99000549316406,225.13999938964844,223.8000030517578,223.8000030517578,187668,0
2026-06-18 10:45:00-04:00,223.88999938964844,224.89999389648438,223.72999572753906,224.8000030517578,123061,0
2026-06-18 10:50:00-04:00,224.92990112304688,225.5399932861328,224.14999389648438,224.41000366210938,140220,0
2026-06-18 10:55:00-04:00,224.17999267578125,224.77000427246094,223.8000030517578,223.89999389648438,128239,0
2026-06-18 11:00:00-04:00,223.82000732421875,223.82000732421875,221.24319458007812,222.75,245529,0
2026-06-18 11:05:00-04:00,222.75,223.5399932861328,222.50999450683594,223.19500732421875,174972,0
2026-06-18 11:10:00-04:00,223.2050018310547,223.3350067138672,222.6699981689453,222.6699981689453,119978,0
2026-06-18 11:15:00-04:00,222.6199951171875,222.80999755859375,222.11000061035156,222.30999755859375,144737,0
2026-06-18 11:20:00-04:00,222.3699951171875,222.91000366210938,222.14999389648438,222.35000610351562,91676,0
2026-06-18 11:25:00-04:00,222.42999267578125,222.58999633789062,221.8000030517578,222.0399932861328,111534,0
2026-06-18 11:30:00-04:00,222.10499572753906,223.3350067138672,221.8699951171875,222.8350067138672,130281,0
2026-06-18 11:35:00-04:00,222.6999969482422,222.6999969482422,220.835205078125,221.47999572753906,128240,0
2026-06-18 11:40:00-04:00,221.39500427246094,221.53990173339844,220.24009704589844,220.5500030517578,149377,0
2026-06-18 11:45:00-04:00,220.24000549316406,220.24000549316406,219.0,219.4550018310547,185864,0
2026-06-18 11:50:00-04:00,219.61000061035156,220.35079956054688,219.55499267578125,220.22999572753906,111804,0
2026-06-18 11:55:00-04:00,220.3699951171875,221.06610107421875,220.24000549316406,220.30999755859375,134163,0
2026-06-18 12:00:00-04:00,220.36000061035156,220.42999267578125,219.33999633789062,219.61000061035156,124122,0
2026-06-18 12:05:00-04:00,219.6999969482422,220.66000366210938,219.62379455566406,220.26620483398438,117328,0
2026-06-18 12:10:00-04:00,220.07000732421875,220.6999969482422,219.9600067138672,220.22999572753906,86430,0
2026-06-18 12:15:00-04:00,220.14999389648438,220.82000732421875,219.8699951171875,220.27999877929688,114976,0
2026-06-18 12:20:00-04:00,220.27999877929688,221.33999633789062,220.2301025390625,221.09500122070312,97972,0
2026-06-18 12:25:00-04:00,221.00999450683594,222.125,220.92999267578125,221.98500061035156,154446,0
2026-06-18 12:30:00-04:00,221.9550018310547,221.99989318847656,221.4600067138672,221.7949981689453,90858,0
2026-06-18 12:35:00-04:00,221.77000427246094,222.64990234375,221.77000427246094,221.9550018310547,105304,0
2026-06-18 12:40:00-04:00,222.0699005126953,223.75999450683594,221.77999877929688,223.0399932861328,108677,0
2026-06-18 12:45:00-04:00,222.9199981689453,223.64999389648438,222.6199951171875,223.24000549316406,101383,0
2026-06-18 12:50:00-04:00,223.16000366210938,223.3699951171875,222.57000732421875,222.68499755859375,291413,0
2026-06-18 12:55:00-04:00,222.68499755859375,223.30999755859375,222.16000366210938,223.26499938964844,98128,0
2026-06-18 13:00:00-04:00,223.2100067138672,223.87100219726562,222.4600067138672,223.58120727539062,125265,0
2026-06-18 13:05:00-04:00,223.50999450683594,224.27000427246094,223.22999572753906,224.03500366210938,121374,0
2026-06-18 13:10:00-04:00,223.92999267578125,224.83999633789062,223.74000549316406,224.83999633789062,133970,0
2026-06-18 13:15:00-04:00,224.85000610351562,225.7100067138672,224.6300048828125,225.3249969482422,114323,0
2026-06-18 13:20:00-04:00,225.5,225.75,224.88999938964844,225.36000061035156,126536,0
2026-06-18 13:25:00-04:00,225.42750549316406,225.6300048828125,224.97000122070312,225.6300048828125,95167,0
2026-06-18 13:30:00-04:00,225.53489685058594,225.8498992919922,225.08999633789062,225.52000427246094,178089,0
2026-06-18 13:35:00-04:00,225.6300048828125,226.88999938964844,225.55999755859375,226.6699981689453,171481,0
2026-06-18 13:40:00-04:00,226.72999572753906,226.94000244140625,226.10000610351562,226.35000610351562,105207,0
2026-06-18 13:45:00-04:00,226.44500732421875,227.92999267578125,226.22999572753906,227.3199005126953,196976,0
2026-06-18 13:50:00-04:00,227.19500732421875,227.49989318847656,226.5399932861328,227.2899932861328,122652,0
2026-06-18 13:55:00-04:00,227.2899932861328,227.52000427246094,226.50439453125,227.37950134277344,96559,0
2026-06-18 14:00:00-04:00,227.31500244140625,228.32989501953125,227.3000030517578,228.17999267578125,207313,0
2026-06-18 14:05:00-04:00,228.36000061035156,228.7198944091797,227.9199981689453,228.36000061035156,127964,0
2026-06-18 14:10:00-04:00,228.36000061035156,228.7100067138672,227.94000244140625,228.16000366210938,134116,0
2026-06-18 14:15:00-04:00,228.11000061035156,228.83999633789062,227.88999938964844,228.6300048828125,97310,0
2026-06-18 14:20:00-04:00,228.5500030517578,229.39540100097656,228.47999572753906,229.22500610351562,135804,0
2026-06-18 14:25:00-04:00,229.22500610351562,229.4199981689453,228.80999755859375,229.09500122070312,121678,0
2026-06-18 14:30:00-04:00,229.09500122070312,229.13369750976562,227.6699981689453,227.89999389648438,155962,0
2026-06-18 14:35:00-04:00,227.8800048828125,228.1999053955078,227.57000732421875,228.10000610351562,97010,0
2026-06-18 14:40:00-04:00,228.01499938964844,228.08999633789062,226.82000732421875,227.00999450683594,392771,0
2026-06-18 14:45:00-04:00,227.0800018310547,228.02999877929688,227.0,228.0299072265625,64435,0
2026-06-18 14:50:00-04:00,228.02999877929688,228.49000549316406,227.5,228.4149932861328,105553,0
2026-06-18 14:55:00-04:00,228.47999572753906,228.52999877929688,227.7100067138672,228.49000549316406,96704,0
2026-06-18 15:00:00-04:00,228.49000549316406,228.7949981689453,227.6199951171875,227.87399291992188,131136,0
2026-06-18 15:05:00-04:00,227.9250030517578,227.9250030517578,227.12060546875,227.13999938964844,108092,0
2026-06-18 15:10:00-04:00,227.2100067138672,227.24000549316406,226.44000244140625,226.8000030517578,122333,0
2026-06-18 15:15:00-04:00,226.81500244140625,227.93499755859375,226.7700958251953,227.89990234375,166038,0
2026-06-18 15:20:00-04:00,227.81500244140625,227.81500244140625,226.85499572753906,226.85499572753906,128326,0
2026-06-18 15:25:00-04:00,226.80999755859375,227.1699981689453,226.19000244140625,226.5749969482422,197498,0
2026-06-18 15:30:00-04:00,226.55999755859375,227.7899932861328,226.42999267578125,227.6999969482422,170541,0
2026-06-18 15:35:00-04:00,227.6999969482422,227.6999969482422,225.8612060546875,226.47000122070312,230303,0
2026-06-18 15:40:00-04:00,226.57000732421875,227.4199981689453,226.41000366210938,226.5500030517578,338220,0
2026-06-18 15:45:00-04:00,226.47500610351562,226.77000427246094,225.30999755859375,226.0,275858,0
2026-06-18 15:50:00-04:00,226.0,226.6750030517578,223.8699951171875,224.57000732421875,808346,0
2026-06-18 15:55:00-04:00,224.72000122070312,227.03500366210938,224.5399932861328,226.07000732421875,1262759,0
2026-06-22 09:30:00-04:00,223.0800018310547,225.69000244140625,215.5,217.6699981689453,1775712,0
2026-06-22 09:35:00-04:00,217.9199981689453,220.36500549316406,217.61000061035156,219.139892578125,793101,0
2026-06-22 09:40:00-04:00,219.13999938964844,222.77000427246094,218.0,222.4199981689453,619077,0
2026-06-22 09:45:00-04:00,222.6300048828125,224.13499450683594,222.0,223.6649932861328,385743,0
2026-06-22 09:50:00-04:00,223.82000732421875,227.22999572753906,223.6699981689453,225.19000244140625,361078,0
2026-06-22 09:55:00-04:00,225.125,228.38999938964844,224.77999877929688,228.32000732421875,238982,0
2026-06-22 10:00:00-04:00,228.25,231.11000061035156,227.7834930419922,228.71499633789062,355752,0
2026-06-22 10:05:00-04:00,228.71499633789062,230.45989990234375,228.4499969482422,229.94000244140625,237801,0
2026-06-22 10:10:00-04:00,229.80499267578125,233.32000732421875,229.80499267578125,233.1750030517578,380852,0
2026-06-22 10:15:00-04:00,233.30999755859375,233.44400024414062,230.5399932861328,231.0500030517578,281030,0
2026-06-22 10:20:00-04:00,231.0,231.10000610351562,228.52999877929688,229.1300048828125,267660,0
2026-06-22 10:25:00-04:00,229.19000244140625,230.49989318847656,228.9199981689453,230.47329711914062,182974,0
2026-06-22 10:30:00-04:00,230.5,231.21409606933594,227.25999450683594,227.80499267578125,347768,0
2026-06-22 10:35:00-04:00,227.99989318847656,228.52999877929688,225.91000366210938,226.1999969482422,248610,0
2026-06-22 10:40:00-04:00,226.24000549316406,226.7550048828125,224.2899932861328,224.77999877929688,241313,0
2026-06-22 10:45:00-04:00,224.8300018310547,226.4698944091797,224.59170532226562,226.35000610351562,225665,0
2026-06-22 10:50:00-04:00,226.4499969482422,227.5998992919922,225.9600067138672,226.66000366210938,177060,0
2026-06-22 10:55:00-04:00,226.75,228.47000122070312,226.5500030517578,227.36500549316406,142379,0
2026-06-22 11:00:00-04:00,227.36500549316406,229.39999389648438,227.36500549316406,229.27499389648438,139686,0
2026-06-22 11:05:00-04:00,229.40499877929688,229.50999450683594,228.22000122070312,229.0,168575,0
2026-06-22 11:10:00-04:00,228.99000549316406,229.28939819335938,228.3300018310547,228.6649932861328,134873,0
2026-06-22 11:15:00-04:00,228.60000610351562,230.0518035888672,228.2899932861328,228.4199981689453,160314,0
2026-06-22 11:20:00-04:00,228.67379760742188,229.52999877929688,228.35000610351562,229.4149932861328,123720,0
2026-06-22 11:25:00-04:00,229.41009521484375,229.79989624023438,229.0800018310547,229.44000244140625,93858,0
2026-06-22 11:30:00-04:00,229.5,229.7899932861328,228.75999450683594,229.52000427246094,123007,0
2026-06-22 11:35:00-04:00,229.58999633789062,229.85000610351562,229.0800018310547,229.3350067138672,84413,0
2026-06-22 11:40:00-04:00,229.39500427246094,230.86000061035156,229.2700958251953,230.64999389648438,155330,0
2026-06-22 11:45:00-04:00,230.49000549316406,231.64990234375,229.11000061035156,229.32000732421875,164109,0
2026-06-22 11:50:00-04:00,229.22000122070312,229.75999450683594,228.0,228.15499877929688,115117,0
2026-06-22 11:55:00-04:00,228.15499877929688,228.52000427246094,227.63999938964844,227.83999633789062,115914,0
2026-06-22 12:00:00-04:00,227.77000427246094,227.8800048828125,226.22999572753906,226.5399932861328,68499,0
2026-06-22 12:05:00-04:00,226.4149932861328,227.58999633789062,226.4149932861328,227.27000427246094,74735,0
2026-06-22 12:10:00-04:00,227.2313995361328,228.85000610351562,227.2313995361328,228.375,90416,0
2026-06-22 12:15:00-04:00,228.2001953125,228.375,227.34500122070312,227.6999969482422,67985,0
2026-06-22 12:20:00-04:00,227.99000549316406,228.75999450683594,227.9199981689453,228.2100067138672,51837,0
2026-06-22 12:25:00-04:00,228.2100067138672,228.22999572753906,227.52000427246094,228.0,40553,0
2026-06-22 12:30:00-04:00,227.8800048828125,228.0,226.52999877929688,226.9600067138672,66472,0
2026-06-22 12:35:00-04:00,226.97999572753906,227.60000610351562,226.6199951171875,227.60000610351562,36156,0
2026-06-22 12:40:00-04:00,227.48500061035156,227.75999450683594,227.0,227.75999450683594,50810,0
2026-06-22 12:45:00-04:00,227.6649932861328,229.17999267578125,226.97999572753906,229.0449981689453,139283,0
2026-06-22 12:50:00-04:00,229.17970275878906,229.71099853515625,228.83999633789062,229.03750610351562,110931,0
2026-06-22 12:55:00-04:00,229.1300048828125,229.14500427246094,228.50999450683594,229.0850067138672,63188,0
2026-06-22 13:00:00-04:00,229.10499572753906,229.92990112304688,228.9600067138672,229.71499633789062,118756,0
2026-06-22 13:05:00-04:00,229.6300048828125,229.64500427246094,228.6999969482422,228.84500122070312,67298,0
2026-06-22 13:10:00-04:00,228.8000030517578,229.50999450683594,228.57000732421875,229.3800048828125,58715,0
2026-06-22 13:15:00-04:00,229.5500030517578,229.8800048828125,229.30999755859375,229.47999572753906,54361,0
2026-06-22 13:20:00-04:00,229.62489318847656,230.00999450683594,229.27999877929688,230.0,88114,0
2026-06-22 13:25:00-04:00,229.94500732421875,230.42999267578125,229.38999938964844,229.38999938964844,93770,0
2026-06-22 13:30:00-04:00,229.6999969482422,229.6999969482422,229.27000427246094,229.38499450683594,53513,0
2026-06-22 13:35:00-04:00,229.35499572753906,229.5500030517578,228.7899932861328,229.07000732421875,191711,0
2026-06-22 13:40:00-04:00,229.0998992919922,229.16000366210938,228.4199981689453,228.4199981689453,55605,0
2026-06-22 13:45:00-04:00,228.43499755859375,228.8800048828125,228.3000030517578,228.8300018310547,58761,0
2026-06-22 13:50:00-04:00,228.58999633789062,229.05999755859375,228.44000244140625,228.74000549316406,48070,0
2026-06-22 13:55:00-04:00,228.8350067138672,228.8350067138672,228.17010498046875,228.17010498046875,60945,0
2026-06-22 14:00:00-04:00,228.1699981689453,228.25999450683594,227.38999938964844,227.86000061035156,101579,0
2026-06-22 14:05:00-04:00,227.88999938964844,227.99989318847656,227.52000427246094,227.67999267578125,45768,0
2026-06-22 14:10:00-04:00,227.75999450683594,227.86000061035156,227.32899475097656,227.6699981689453,48950,0
2026-06-22 14:15:00-04:00,227.6199951171875,228.0,227.0,227.22999572753906,67597,0
2026-06-22 14:20:00-04:00,227.13999938964844,227.42999267578125,226.77000427246094,226.90499877929688,77141,0
2026-06-22 14:25:00-04:00,226.90499877929688,227.1999969482422,226.25999450683594,226.4149932861328,75890,0
2026-06-22 14:30:00-04:00,226.3800048828125,226.57000732421875,225.2899932861328,225.38999938964844,145394,0
2026-06-22 14:35:00-04:00,225.41000366210938,225.75999450683594,225.00999450683594,225.18499755859375,120000,0
2026-06-22 14:40:00-04:00,225.10000610351562,225.1300048828125,224.16000366210938,224.19500732421875,113395,0
2026-06-22 14:45:00-04:00,224.32000732421875,224.75999450683594,224.0,224.19000244140625,130711,0
2026-06-22 14:50:00-04:00,224.14999389648438,224.15499877929688,223.11000061035156,223.39999389648438,136256,0
2026-06-22 14:55:00-04:00,223.2899932861328,223.3350067138672,222.4199981689453,222.64999389648438,121401,0
2026-06-22 15:00:00-04:00,222.66000366210938,222.7899932861328,222.0447998046875,222.3249969482422,131717,0
2026-06-22 15:05:00-04:00,222.3249969482422,222.4398956298828,221.47000122070312,221.89199829101562,123278,0
2026-06-22 15:10:00-04:00,221.7550048828125,222.0657958984375,221.3699951171875,221.88999938964844,116163,0
2026-06-22 15:15:00-04:00,221.88999938964844,222.39999389648438,221.67999267578125,222.3800048828125,110937,0
2026-06-22 15:20:00-04:00,222.3800048828125,222.97999572753906,221.50010681152344,221.92999267578125,120367,0
2026-06-22 15:25:00-04:00,221.92999267578125,222.39999389648438,221.50999450683594,222.05999755859375,113164,0
2026-06-22 15:30:00-04:00,222.0800018310547,223.2899932861328,221.7100067138672,223.08999633789062,143341,0
2026-06-22 15:35:00-04:00,223.0500030517578,223.3300018310547,222.77000427246094,222.9550018310547,111023,0
2026-06-22 15:40:00-04:00,222.99000549316406,223.02000427246094,222.52999877929688,222.7100067138672,135529,0
2026-06-22 15:45:00-04:00,222.86500549316406,223.14999389648438,222.64999389648438,222.9199981689453,132709,0
2026-06-22 15:50:00-04:00,222.86000061035156,223.22999572753906,222.17999267578125,222.24000549316406,281027,0
2026-06-22 15:55:00-04:00,222.5,222.5500030517578,221.27999877929688,221.97000122070312,911880,0
2026-06-23 09:30:00-04:00,207.33999633789062,208.0399932861328,203.60000610351562,206.0850067138672,1673565,0
2026-06-23 09:35:00-04:00,206.0850067138672,206.25,202.02000427246094,203.32000732421875,801570,0
2026-06-23 09:40:00-04:00,203.27999877929688,205.4600067138672,202.5500030517578,202.5500946044922,565677,0
2026-06-23 09:45:00-04:00,202.80999755859375,203.74000549316406,202.3699951171875,202.73500061035156,482625,0
2026-06-23 09:50:00-04:00,202.74000549316406,205.7899932861328,202.74000549316406,205.0399932861328,495867,0
2026-06-23 09:55:00-04:00,205.1699981689453,208.1199951171875,205.0800018310547,207.7100067138672,538169,0
2026-06-23 10:00:00-04:00,207.66000366210938,209.17999267578125,207.35000610351562,207.96499633789062,423999,0
2026-06-23 10:05:00-04:00,207.84500122070312,208.1999969482422,206.36000061035156,207.83999633789062,251723,0
2026-06-23 10:10:00-04:00,207.97000122070312,208.42999267578125,206.69000244140625,207.1999969482422,239910,0
2026-06-23 10:15:00-04:00,207.2100067138672,207.35000610351562,205.79519653320312,206.67999267578125,179211,0
2026-06-23 10:20:00-04:00,206.85000610351562,207.6199951171875,206.15499877929688,206.47000122070312,140731,0
2026-06-23 10:25:00-04:00,206.67999267578125,206.77999877929688,205.0,205.57000732421875,159556,0
2026-06-23 10:30:00-04:00,205.47500610351562,205.75999450683594,204.11000061035156,205.02999877929688,186454,0
2026-06-23 10:35:00-04:00,205.00999450683594,206.10000610351562,203.75,203.75,218020,0
2026-06-23 10:40:00-04:00,203.83999633789062,203.99000549316406,201.7100067138672,201.93499755859375,407005,0
2026-06-23 10:45:00-04:00,201.94000244140625,202.11000061035156,199.14999389648438,199.60000610351562,1161553,0
2026-06-23 10:50:00-04:00,199.61000061035156,200.49000549316406,198.80999755859375,199.61000061035156,497923,0
2026-06-23 10:55:00-04:00,199.5449981689453,200.58999633789062,199.0800018310547,199.67999267578125,233728,0
2026-06-23 11:00:00-04:00,199.67999267578125,200.5334930419922,199.50999450683594,200.3000030517578,294984,0
2026-06-23 11:05:00-04:00,200.0749969482422,200.5,199.0,199.63400268554688,268657,0
2026-06-23 11:10:00-04:00,199.64999389648438,200.00999450683594,198.93499755859375,199.4600067138672,218985,0
2026-06-23 11:15:00-04:00,199.36000061035156,199.5,198.44000244140625,198.52999877929688,221549,0
2026-06-23 11:20:00-04:00,198.51499938964844,199.5,198.47000122070312,199.0500030517578,201993,0
2026-06-23 11:25:00-04:00,199.05999755859375,199.9199981689453,198.91000366210938,198.9499969482422,183431,0
2026-06-23 11:30:00-04:00,199.10000610351562,199.89990234375,198.89999389648438,199.59500122070312,170163,0
2026-06-23 11:35:00-04:00,199.60000610351562,201.06500244140625,199.24099731445312,199.47999572753906,261916,0
2026-06-23 11:40:00-04:00,199.49000549316406,201.6699981689453,199.110107421875,201.2899932861328,247193,0
2026-06-23 11:45:00-04:00,201.33999633789062,201.61000061035156,200.80999755859375,201.09500122070312,258194,0
2026-06-23 11:50:00-04:00,201.1024932861328,203.0,201.0601043701172,202.46499633789062,203722,0
2026-06-23 11:55:00-04:00,202.42999267578125,203.30999755859375,201.92100524902344,202.99989318847656,192532,0
2026-06-23 12:00:00-04:00,203.10000610351562,204.30999755859375,202.75999450683594,203.9149932861328,221404,0
2026-06-23 12:05:00-04:00,203.8300018310547,204.30999755859375,203.0800018310547,204.00999450683594,162254,0
2026-06-23 12:10:00-04:00,203.94000244140625,204.90750122070312,203.7100067138672,204.1999969482422,140822,0
2026-06-23 12:15:00-04:00,204.1699981689453,204.372802734375,202.610107421875,202.68829345703125,130839,0
2026-06-23 12:20:00-04:00,202.80999755859375,203.54989624023438,202.00100708007812,203.35000610351562,176008,0
2026-06-23 12:25:00-04:00,203.33999633789062,203.5800018310547,202.54010009765625,203.34500122070312,138271,0
2026-06-23 12:30:00-04:00,203.36000061035156,203.75999450683594,202.75010681152344,203.0,115481,0
2026-06-23 12:35:00-04:00,203.0,203.04989624023438,202.4499969482422,203.0299072265625,102300,0
2026-06-23 12:40:00-04:00,202.91000366210938,203.61000061035156,202.9001007080078,203.42999267578125,109044,0
2026-06-23 12:45:00-04:00,203.38999938964844,203.48500061035156,201.72999572753906,202.0800018310547,105719,0
2026-06-23 12:50:00-04:00,202.0800018310547,202.14999389648438,201.4199981689453,201.60009765625,96675,0
2026-06-23 12:55:00-04:00,201.74000549316406,202.2449951171875,201.33999633789062,201.89500427246094,101134,0
2026-06-23 13:00:00-04:00,201.89500427246094,201.89500427246094,201.1501007080078,201.38999938964844,82690,0
2026-06-23 13:05:00-04:00,201.47999572753906,201.55999755859375,201.1199951171875,201.52499389648438,96824,0
2026-06-23 13:10:00-04:00,201.52499389648438,203.8199005126953,201.52499389648438,202.1699981689453,102247,0
2026-06-23 13:15:00-04:00,202.2899932861328,202.66000366210938,202.0500030517578,202.40499877929688,80394,0
2026-06-23 13:20:00-04:00,202.49000549316406,203.14999389648438,202.19000244140625,202.98500061035156,57790,0
2026-06-23 13:25:00-04:00,202.88999938964844,203.40989685058594,202.8350067138672,203.02999877929688,110315,0
2026-06-23 13:30:00-04:00,202.97999572753906,203.02499389648438,202.1999969482422,202.63499450683594,80452,0
2026-06-23 13:35:00-04:00,202.5800018310547,202.8000030517578,202.14999389648438,202.30999755859375,68638,0
2026-06-23 13:40:00-04:00,202.3300018310547,202.47000122070312,201.92999267578125,202.19000244140625,87507,0
2026-06-23 13:45:00-04:00,202.1300048828125,202.33999633789062,201.84080505371094,201.97000122070312,82062,0
2026-06-23 13:50:00-04:00,201.97000122070312,202.0,201.55999755859375,201.68499755859375,111317,0
2026-06-23 13:55:00-04:00,201.68499755859375,201.68499755859375,201.1300048828125,201.2550048828125,95608,0
2026-06-23 14:00:00-04:00,201.22999572753906,202.28990173339844,201.2100067138672,201.92999267578125,117940,0
2026-06-23 14:05:00-04:00,201.8000030517578,202.05499267578125,201.68499755859375,201.88999938964844,90870,0
2026-06-23 14:10:00-04:00,201.88999938964844,202.66000366210938,201.83999633789062,202.55999755859375,76092,0
2026-06-23 14:15:00-04:00,202.6649932861328,202.80999755859375,202.00999450683594,202.26499938964844,104715,0
2026-06-23 14:20:00-04:00,202.27999877929688,203.2899932861328,202.14999389648438,203.2100067138672,103314,0
2026-06-23 14:25:00-04:00,203.20010375976562,204.00999450683594,203.07000732421875,203.94000244140625,119070,0
2026-06-23 14:30:00-04:00,203.86000061035156,203.92999267578125,203.3000030517578,203.3300018310547,117164,0
2026-06-23 14:35:00-04:00,203.4199981689453,203.6999053955078,203.11000061035156,203.2100067138672,79675,0
2026-06-23 14:40:00-04:00,203.25999450683594,203.25999450683594,202.05999755859375,202.19000244140625,146951,0
2026-06-23 14:45:00-04:00,202.2100067138672,202.32000732421875,201.7050018310547,202.22500610351562,157951,0
2026-06-23 14:50:00-04:00,202.22000122070312,202.7050018310547,201.63059997558594,202.0500030517578,134850,0
2026-06-23 14:55:00-04:00,202.0749969482422,202.6649932861328,201.8300018310547,202.6199951171875,118035,0
2026-06-23 15:00:00-04:00,202.57000732421875,204.13999938964844,202.26010131835938,203.88180541992188,276432,0
2026-06-23 15:05:00-04:00,203.8249969482422,204.39999389648438,202.83999633789062,202.9674072265625,187402,0
2026-06-23 15:10:00-04:00,203.03500366210938,203.85000610351562,202.57000732421875,203.64999389648438,194836,0
2026-06-23 15:15:00-04:00,203.5399932861328,204.00999450683594,203.13999938964844,203.13999938964844,169327,0
2026-06-23 15:20:00-04:00,203.2100067138672,204.6999969482422,203.0800018310547,204.26499938964844,163982,0
2026-06-23 15:25:00-04:00,204.30999755859375,205.11990356445312,204.1199951171875,204.75010681152344,172981,0
2026-06-23 15:30:00-04:00,204.74000549316406,205.46499633789062,204.25619506835938,205.30499267578125,219153,0
2026-06-23 15:35:00-04:00,205.3699951171875,205.3699951171875,204.5,204.5449981689453,203111,0
2026-06-23 15:40:00-04:00,204.50999450683594,204.61000061035156,203.52000427246094,203.8699951171875,223490,0
2026-06-23 15:45:00-04:00,203.97000122070312,204.30999755859375,203.41000366210938,204.14999389648438,242464,0
2026-06-23 15:50:00-04:00,204.1699981689453,204.44000244140625,203.00999450683594,204.23330688476562,513525,0
2026-06-23 15:55:00-04:00,204.1999969482422,204.85000610351562,203.72000122070312,204.2100067138672,1237765,0
2026-06-24 09:30:00-04:00,202.57000732421875,202.57000732421875,196.41009521484375,199.39500427246094,1283231,0
2026-06-24 09:35:00-04:00,198.875,201.07989501953125,197.16000366210938,197.16000366210938,328792,0
2026-06-24 09:40:00-04:00,197.35499572753906,197.63999938964844,194.77000427246094,197.02999877929688,444148,0
2026-06-24 09:45:00-04:00,196.97999572753906,199.1291046142578,196.60009765625,197.60000610351562,498538,0
2026-06-24 09:50:00-04:00,197.54629516601562,198.10000610351562,196.66000366210938,196.94500732421875,294692,0
2026-06-24 09:55:00-04:00,196.93499755859375,196.93499755859375,194.63999938964844,195.99000549316406,385566,0
2026-06-24 10:00:00-04:00,195.99000549316406,196.5377960205078,194.63999938964844,194.92999267578125,262174,0
2026-06-24 10:05:00-04:00,194.9499969482422,196.5800018310547,194.9499969482422,196.4949951171875,213793,0
2026-06-24 10:10:00-04:00,196.49819946289062,198.1699981689453,196.35000610351562,196.60000610351562,243662,0
2026-06-24 10:15:00-04:00,196.7050018310547,197.14500427246094,195.07000732421875,195.67999267578125,146140,0
2026-06-24 10:20:00-04:00,195.52999877929688,196.7899932861328,194.60009765625,195.99560546875,256874,0
2026-06-24 10:25:00-04:00,195.9550018310547,196.67999267578125,195.62010192871094,196.17999267578125,129869,0
2026-06-24 10:30:00-04:00,196.1999969482422,197.8800048828125,196.1999969482422,197.63999938964844,148307,0
2026-06-24 10:35:00-04:00,197.75,198.5500030517578,196.22000122070312,196.22000122070312,168121,0
2026-06-24 10:40:00-04:00,196.55990600585938,196.67999267578125,195.67999267578125,196.52000427246094,131048,0
2026-06-24 10:45:00-04:00,196.44000244140625,197.84849548339844,196.3699951171875,197.3300018310547,116152,0
2026-06-24 10:50:00-04:00,197.22999572753906,197.91000366210938,197.0500030517578,197.19000244140625,111771,0
2026-06-24 10:55:00-04:00,197.17999267578125,198.67999267578125,196.75,198.60499572753906,151936,0
2026-06-24 11:00:00-04:00,198.60499572753906,199.69000244140625,198.5,199.32000732421875,206073,0
2026-06-24 11:05:00-04:00,199.4600067138672,199.75999450683594,198.61500549316406,199.09970092773438,153495,0
2026-06-24 11:10:00-04:00,199.0749969482422,199.3699951171875,197.2100067138672,197.89999389648438,139789,0
2026-06-24 11:15:00-04:00,197.89999389648438,198.5399932861328,197.3699951171875,197.75,113430,0
2026-06-24 11:20:00-04:00,197.7624969482422,198.11000061035156,196.52000427246094,196.5800018310547,135451,0
2026-06-24 11:25:00-04:00,196.52000427246094,197.07000732421875,195.8751983642578,196.74000549316406,240672,0
2026-06-24 11:30:00-04:00,196.75,197.00999450683594,196.10000610351562,196.50999450683594,136311,0
2026-06-24 11:35:00-04:00,196.50999450683594,196.91990661621094,196.3000030517578,196.48500061035156,75825,0
2026-06-24 11:40:00-04:00,196.48500061035156,196.61500549316406,195.6800994873047,196.1300048828125,124023,0
2026-06-24 11:45:00-04:00,196.10499572753906,196.97000122070312,195.6300048828125,196.8300018310547,98990,0
2026-06-24 11:50:00-04:00,196.8300018310547,197.60989379882812,196.72000122070312,197.08799743652344,90352,0
2026-06-24 11:55:00-04:00,196.91000366210938,197.16000366210938,196.07000732421875,196.25999450683594,105394,0
2026-06-24 12:00:00-04:00,196.2050018310547,196.89990234375,196.05499267578125,196.6999969482422,96492,0
2026-06-24 12:05:00-04:00,196.68499755859375,196.9499969482422,196.27999877929688,196.9499969482422,61567,0
2026-06-24 12:10:00-04:00,196.75,197.33999633789062,196.3699951171875,196.97999572753906,88200,0
2026-06-24 12:15:00-04:00,196.99000549316406,197.0500030517578,196.26499938964844,196.9149932861328,94903,0
2026-06-24 12:20:00-04:00,196.86570739746094,197.32989501953125,196.58819580078125,197.18499755859375,57497,0
2026-06-24 12:25:00-04:00,197.19500732421875,197.57000732421875,196.69000244140625,197.3656005859375,70155,0
2026-06-24 12:30:00-04:00,197.38999938964844,197.38999938964844,196.75999450683594,196.9600067138672,127828,0
2026-06-24 12:35:00-04:00,196.91000366210938,197.35000610351562,196.20010375976562,196.47500610351562,119027,0
2026-06-24 12:40:00-04:00,196.47500610351562,196.47500610351562,195.9499969482422,196.25999450683594,88796,0
2026-06-24 12:45:00-04:00,196.14999389648438,196.61000061035156,195.72500610351562,196.08999633789062,130819,0
2026-06-24 12:50:00-04:00,196.16000366210938,196.63999938964844,196.0,196.0,52781,0
2026-06-24 12:55:00-04:00,196.02499389648438,196.52999877929688,195.89999389648438,196.1199951171875,60547,0
2026-06-24 13:00:00-04:00,196.0399932861328,196.88999938964844,195.83999633789062,196.74000549316406,86040,0
2026-06-24 13:05:00-04:00,196.8634033203125,196.8634033203125,195.17999267578125,195.3350067138672,108316,0
2026-06-24 13:10:00-04:00,195.42999267578125,195.6199951171875,194.88009643554688,195.0,138853,0
2026-06-24 13:15:00-04:00,194.94009399414062,195.44000244140625,194.0399932861328,194.28500366210938,137881,0
2026-06-24 13:20:00-04:00,194.3000030517578,194.5644073486328,193.77000427246094,194.47999572753906,163885,0
2026-06-24 13:25:00-04:00,194.44000244140625,195.86000061035156,194.14999389648438,195.72500610351562,222788,0
2026-06-24 13:30:00-04:00,195.7899932861328,196.08999633789062,194.77000427246094,196.03500366210938,197844,0
2026-06-24 13:35:00-04:00,196.03500366210938,196.39999389648438,195.04249572753906,195.64500427246094,154236,0
2026-06-24 13:40:00-04:00,195.57000732421875,195.73500061035156,194.52000427246094,194.8350067138672,172247,0
2026-06-24 13:45:00-04:00,194.85499572753906,195.7274932861328,194.32000732421875,195.55499267578125,145082,0
2026-06-24 13:50:00-04:00,195.48800659179688,195.82000732421875,195.24000549316406,195.77999877929688,193033,0
2026-06-24 13:55:00-04:00,195.8800048828125,196.4600067138672,195.1699981689453,195.42999267578125,191044,0
2026-06-24 14:00:00-04:00,195.30999755859375,195.93499755859375,195.16000366210938,195.6699981689453,107901,0
2026-06-24 14:05:00-04:00,195.73829650878906,195.8800048828125,194.27999877929688,194.77000427246094,274444,0
2026-06-24 14:10:00-04:00,194.9329071044922,195.35000610351562,194.1199951171875,195.30999755859375,138439,0
2026-06-24 14:15:00-04:00,195.32000732421875,196.09609985351562,195.22999572753906,195.8188934326172,94664,0
2026-06-24 14:20:00-04:00,195.86749267578125,196.9687042236328,195.63999938964844,196.61000061035156,125550,0
2026-06-24 14:25:00-04:00,196.6699981689453,197.75660705566406,196.26809692382812,197.21499633789062,173405,0
2026-06-24 14:30:00-04:00,197.3000030517578,197.47000122070312,195.64010620117188,196.07989501953125,145612,0
2026-06-24 14:35:00-04:00,196.07000732421875,196.1999969482422,194.5,194.85000610351562,226280,0
2026-06-24 14:40:00-04:00,194.8300018310547,200.5749969482422,194.4199981689453,197.69000244140625,962098,0
2026-06-24 14:45:00-04:00,197.80349731445312,197.80349731445312,192.76010131835938,193.125,644873,0
2026-06-24 14:50:00-04:00,193.08999633789062,195.19000244140625,191.02000427246094,193.92010498046875,815746,0
2026-06-24 14:55:00-04:00,194.0,201.48989868164062,192.80999755859375,194.6750030517578,1068616,0
2026-06-24 15:00:00-04:00,194.75,195.9600067138672,193.13999938964844,195.13999938964844,616689,0
2026-06-24 15:05:00-04:00,195.3000030517578,195.6999969482422,192.32000732421875,193.1300048828125,394731,0
2026-06-24 15:10:00-04:00,193.07000732421875,193.5,191.6800994873047,193.39999389648438,308205,0
2026-06-24 15:15:00-04:00,193.3249969482422,193.64999389648438,192.52000427246094,193.10499572753906,246981,0
2026-06-24 15:20:00-04:00,193.2899932861328,193.58999633789062,192.52999877929688,193.39999389648438,261346,0
2026-06-24 15:25:00-04:00,193.4949951171875,194.5800018310547,193.16000366210938,194.24000549316406,340036,0
2026-06-24 15:30:00-04:00,194.27000427246094,196.33999633789062,193.36000061035156,194.37010192871094,479847,0
2026-06-24 15:35:00-04:00,194.6199951171875,195.7100067138672,194.19000244140625,195.00999450683594,224240,0
2026-06-24 15:40:00-04:00,195.00999450683594,195.19000244140625,193.64999389648438,194.2100067138672,249699,0
2026-06-24 15:45:00-04:00,194.2899932861328,194.41000366210938,193.25999450683594,193.9499969482422,323014,0
2026-06-24 15:50:00-04:00,193.88999938964844,195.64999389648438,193.27000427246094,195.10870361328125,578558,0
2026-06-24 15:55:00-04:00,195.0800018310547,197.4698944091797,195.0800018310547,197.39999389648438,1176514,0
2026-06-25 09:30:00-04:00,218.8000030517578,219.0,213.75,216.0200958251953,3742233,0
2026-06-25 09:35:00-04:00,216.22500610351562,217.44000244140625,212.72000122070312,212.82000732421875,1248383,0
2026-06-25 09:40:00-04:00,212.94000244140625,213.3000030517578,207.0,208.9949951171875,1646189,0
2026-06-25 09:45:00-04:00,209.10000610351562,209.41000366210938,204.63999938964844,205.85000610351562,1044039,0
2026-06-25 09:50:00-04:00,205.85000610351562,206.85000610351562,201.1699981689453,201.24000549316406,974016,0
2026-06-25 09:55:00-04:00,201.5399932861328,202.72999572753906,199.82000732421875,202.13999938964844,1099175,0
2026-06-25 10:00:00-04:00,202.14999389648438,205.63999938964844,202.13999938964844,204.0050048828125,998860,0
2026-06-25 10:05:00-04:00,203.9600067138672,207.6699981689453,203.89999389648438,206.89999389648438,921282,0
2026-06-25 10:10:00-04:00,206.7801055908203,209.34019470214844,206.02999877929688,206.34500122070312,823503,0
2026-06-25 10:15:00-04:00,206.52999877929688,208.16000366210938,205.0,206.97000122070312,465250,0
2026-06-25 10:20:00-04:00,206.8249969482422,208.22000122070312,204.52999877929688,205.33999633789062,484824,0
2026-06-25 10:25:00-04:00,205.11000061035156,206.0399932861328,204.38499450683594,205.27499389648438,343662,0
2026-06-25 10:30:00-04:00,205.27000427246094,206.7519989013672,205.02000427246094,205.7050018310547,500144,0
2026-06-25 10:35:00-04:00,205.7050018310547,206.39999389648438,204.60000610351562,205.8448944091797,349256,0
2026-06-25 10:40:00-04:00,205.83999633789062,206.11000061035156,204.13999938964844,204.38999938964844,459723,0
2026-06-25 10:45:00-04:00,204.3800048828125,205.97000122070312,203.6999969482422,205.11500549316406,295462,0
2026-06-25 10:50:00-04:00,205.0,206.968994140625,204.69500732421875,206.65499877929688,469819,0
2026-06-25 10:55:00-04:00,206.6999969482422,206.6999969482422,203.6999969482422,204.89999389648438,346044,0
2026-06-25 11:00:00-04:00,204.89999389648438,205.99000549316406,204.35000610351562,205.8249969482422,403399,0
2026-06-25 11:05:00-04:00,205.89999389648438,206.08999633789062,204.52999877929688,204.97999572753906,396565,0
2026-06-25 11:10:00-04:00,204.97999572753906,205.16000366210938,202.86000061035156,202.94500732421875,274694,0
2026-06-25 11:15:00-04:00,202.94500732421875,203.88999938964844,201.52999877929688,203.75999450683594,372522,0
2026-06-25 11:20:00-04:00,203.6999969482422,205.44000244140625,203.35000610351562,205.11000061035156,357329,0
2026-06-25 11:25:00-04:00,205.1999969482422,205.1999969482422,204.14999389648438,204.9499969482422,205453,0
2026-06-25 11:30:00-04:00,204.89500427246094,205.61000061035156,204.63999938964844,204.77000427246094,263743,0
2026-06-25 11:35:00-04:00,204.77000427246094,204.88999938964844,204.36000061035156,204.6300048828125,118511,0
2026-06-25 11:40:00-04:00,204.74000549316406,205.5,204.25,205.3300018310547,197238,0
2026-06-25 11:45:00-04:00,205.35000610351562,206.14500427246094,205.19000244140625,205.76499938964844,288727,0
2026-06-25 11:50:00-04:00,205.91000366210938,208.42999267578125,205.4541015625,208.23500061035156,277369,0
2026-06-25 11:55:00-04:00,208.27999877929688,209.1999969482422,207.99000549316406,208.58999633789062,291284,0
2026-06-25 12:00:00-04:00,208.58999633789062,209.55999755859375,208.19000244140625,209.55999755859375,278895,0
2026-06-25 12:05:00-04:00,209.59959411621094,211.86000061035156,209.2100067138672,211.72500610351562,395890,0
2026-06-25 12:10:00-04:00,211.6750030517578,212.99000549316406,211.5500030517578,212.1999969482422,368939,0
2026-06-25 12:15:00-04:00,212.41000366210938,213.10000610351562,212.38499450683594,212.86500549316406,275773,0
2026-06-25 12:20:00-04:00,212.74920654296875,213.1999969482422,212.3000030517578,212.9499969482422,251790,0
2026-06-25 12:25:00-04:00,212.97000122070312,214.99000549316406,212.50999450683594,214.75,345553,0
2026-06-25 12:30:00-04:00,214.81080627441406,214.81080627441406,212.42999267578125,212.94000244140625,344822,0
2026-06-25 12:35:00-04:00,212.88999938964844,212.9499969482422,211.625,212.06500244140625,187671,0
2026-06-25 12:40:00-04:00,212.0500030517578,212.36000061035156,211.2949981689453,211.46749877929688,158983,0
2026-06-25 12:45:00-04:00,211.49000549316406,212.99000549316406,210.2200927734375,212.7949981689453,287246,0
2026-06-25 12:50:00-04:00,212.61000061035156,213.0800018310547,212.05140686035156,212.64999389648438,156841,0
2026-06-25 12:55:00-04:00,212.6699981689453,212.92999267578125,212.14999389648438,212.52000427246094,137368,0
2026-06-25 13:00:00-04:00,212.66000366210938,213.9799041748047,212.52999877929688,213.5,174743,0
2026-06-25 13:05:00-04:00,213.55999755859375,213.6475067138672,213.00570678710938,213.375,136300,0
2026-06-25 13:10:00-04:00,213.44000244140625,214.5399932861328,213.39500427246094,213.9250030517578,207107,0
2026-06-25 13:15:00-04:00,213.9138946533203,215.3000030517578,213.17999267578125,213.26499938964844,254999,0
2026-06-25 13:20:00-04:00,213.33999633789062,213.49000549316406,212.27000427246094,213.4600067138672,179113,0
2026-06-25 13:25:00-04:00,213.4600067138672,213.82749938964844,212.69000244140625,213.72500610351562,158540,0
2026-06-25 13:30:00-04:00,213.72999572753906,214.19000244140625,213.40499877929688,213.50999450683594,118449,0
2026-06-25 13:35:00-04:00,213.41250610351562,213.57000732421875,212.59010314941406,213.05999755859375,135599,0
2026-06-25 13:40:00-04:00,212.9718017578125,213.6999969482422,212.92999267578125,213.02000427246094,162233,0
2026-06-25 13:45:00-04:00,213.02499389648438,213.02499389648438,211.75,211.91000366210938,140880,0
2026-06-25 13:50:00-04:00,211.8699951171875,212.5800018310547,211.6199951171875,212.5,110978,0
2026-06-25 13:55:00-04:00,212.5,212.9199981689453,211.99000549316406,212.50999450683594,111763,0
2026-06-25 14:00:00-04:00,212.53500366210938,212.89999389648438,211.39999389648438,211.52000427246094,170029,0
2026-06-25 14:05:00-04:00,211.57000732421875,211.92999267578125,211.08999633789062,211.41000366210938,143398,0
2026-06-25 14:10:00-04:00,211.50999450683594,211.72000122070312,210.57000732421875,211.10000610351562,175616,0
2026-06-25 14:15:00-04:00,211.08999633789062,211.08999633789062,210.36000061035156,210.6999969482422,188616,0
2026-06-25 14:20:00-04:00,210.68499755859375,211.2050018310547,210.3699951171875,210.97000122070312,120128,0
2026-06-25 14:25:00-04:00,210.97000122070312,211.8300018310547,210.88999938964844,211.22000122070312,146949,0
2026-06-25 14:30:00-04:00,211.1999969482422,211.1999969482422,208.8800048828125,208.92010498046875,170378,0
2026-06-25 14:35:00-04:00,208.99000549316406,209.31500244140625,208.27999877929688,209.02000427246094,252820,0
2026-06-25 14:40:00-04:00,209.0,209.4499969482422,208.3000030517578,209.24000549316406,107069,0
2026-06-25 14:45:00-04:00,209.3011932373047,209.3011932373047,207.58999633789062,208.3300018310547,157847,0
2026-06-25 14:50:00-04:00,208.24000549316406,208.9949951171875,207.83009338378906,208.55999755859375,126977,0
2026-06-25 14:55:00-04:00,208.60000610351562,208.89599609375,207.9499969482422,208.34500122070312,125804,0
2026-06-25 15:00:00-04:00,208.1300048828125,208.35499572753906,206.80999755859375,206.80999755859375,165828,0
2026-06-25 15:05:00-04:00,206.86000061035156,207.0399932861328,206.32000732421875,206.89999389648438,162869,0
2026-06-25 15:10:00-04:00,206.93499755859375,207.0500030517578,206.39999389648438,206.48500061035156,122157,0
2026-06-25 15:15:00-04:00,206.39999389648438,206.64999389648438,205.58999633789062,206.3249969482422,196460,0
2026-06-25 15:20:00-04:00,206.31500244140625,206.47000122070312,205.86000061035156,206.47000122070312,131418,0
2026-06-25 15:25:00-04:00,206.58999633789062,207.42999267578125,206.52999877929688,207.24000549316406,229918,0
2026-06-25 15:30:00-04:00,207.1750030517578,207.1988067626953,205.11000061035156,205.71499633789062,207688,0
2026-06-25 15:35:00-04:00,205.60000610351562,205.61000061035156,205.02000427246094,205.2899932861328,197541,0
2026-06-25 15:40:00-04:00,205.32000732421875,206.60000610351562,205.25999450683594,205.99000549316406,208132,0
2026-06-25 15:45:00-04:00,206.02000427246094,206.3000030517578,205.27000427246094,205.47000122070312,208307,0
2026-06-25 15:50:00-04:00,205.27000427246094,205.6790008544922,204.55999755859375,204.72000122070312,378763,0
2026-06-25 15:55:00-04:00,204.75999450683594,205.60989379882812,204.5500030517578,204.63999938964844,1179866,0
2026-06-26 09:30:00-04:00,201.8000030517578,205.0800018310547,199.875,204.17999267578125,1464969,0
2026-06-26 09:35:00-04:00,203.77999877929688,205.17999267578125,201.16000366210938,202.4499969482422,332025,0
2026-06-26 09:40:00-04:00,202.16000366210938,205.1999969482422,201.97000122070312,204.93499755859375,269556,0
2026-06-26 09:45:00-04:00,204.92999267578125,205.8800048828125,203.57000732421875,204.30999755859375,299195,0
2026-06-26 09:50:00-04:00,204.30999755859375,206.41000366210938,204.07000732421875,206.1300048828125,253961,0
2026-06-26 09:55:00-04:00,206.13999938964844,208.4199981689453,205.4600067138672,207.82000732421875,319626,0
2026-06-26 10:00:00-04:00,207.76499938964844,208.86000061035156,206.72999572753906,207.95989990234375,221542,0
2026-06-26 10:05:00-04:00,207.77999877929688,208.0,205.8000030517578,206.97000122070312,173529,0
2026-06-26 10:10:00-04:00,206.96499633789062,207.1300048828125,204.44000244140625,205.2299041748047,257436,0
2026-06-26 10:15:00-04:00,205.11000061035156,205.7100067138672,204.44000244140625,204.7550048828125,137820,0
2026-06-26 10:20:00-04:00,204.85000610351562,207.5,204.78500366210938,206.45289611816406,294572,0
2026-06-26 10:25:00-04:00,206.57000732421875,206.97000122070312,205.5,206.1699981689453,124446,0
2026-06-26 10:30:00-04:00,206.1699981689453,206.5399932861328,204.61000061035156,205.6999969482422,158797,0
2026-06-26 10:35:00-04:00,206.0,206.0,204.8032989501953,204.88900756835938,122043,0
2026-06-26 10:40:00-04:00,204.96499633789062,206.58999633789062,204.6199951171875,205.15499877929688,179126,0
2026-06-26 10:45:00-04:00,205.3300018310547,205.78500366210938,204.41360473632812,204.8249969482422,101474,0
2026-06-26 10:50:00-04:00,204.99000549316406,205.42999267578125,203.66000366210938,204.44000244140625,206839,0
2026-06-26 10:55:00-04:00,204.46499633789062,204.8300018310547,203.88999938964844,204.60000610351562,137703,0
2026-06-26 11:00:00-04:00,204.74000549316406,204.9499969482422,203.8800048828125,203.88999938964844,99583,0
2026-06-26 11:05:00-04:00,204.0,204.0,202.87010192871094,203.6199951171875,151274,0
2026-06-26 11:10:00-04:00,203.72999572753906,203.72999572753906,202.02999877929688,202.13250732421875,138716,0
2026-06-26 11:15:00-04:00,202.02999877929688,203.6199951171875,201.9499969482422,203.47000122070312,178166,0
2026-06-26 11:20:00-04:00,203.47000122070312,204.14999389648438,203.0500030517578,204.14999389648438,104411,0
2026-06-26 11:25:00-04:00,204.13999938964844,204.16000366210938,203.00999450683594,203.83999633789062,135593,0
2026-06-26 11:30:00-04:00,203.8800048828125,204.55999755859375,202.60009765625,203.02000427246094,111136,0
2026-06-26 11:35:00-04:00,203.1199951171875,203.73500061035156,202.92999267578125,203.66000366210938,75085,0
2026-06-26 11:40:00-04:00,203.64999389648438,204.0,203.24159240722656,203.24159240722656,97107,0
2026-06-26 11:45:00-04:00,203.3800048828125,203.4600067138672,201.39999389648438,201.4600067138672,125837,0
2026-06-26 11:50:00-04:00,201.4600067138672,201.9600067138672,199.42999267578125,199.8699951171875,265578,0
2026-06-26 11:55:00-04:00,200.02999877929688,200.8699951171875,199.5850067138672,200.16000366210938,264176,0
2026-06-26 12:00:00-04:00,200.35000610351562,200.38999938964844,199.02999877929688,200.1199951171875,241259,0
2026-06-26 12:05:00-04:00,200.25,200.3000030517578,199.1999969482422,199.36500549316406,117117,0
2026-06-26 12:10:00-04:00,199.49000549316406,199.72000122070312,198.97000122070312,199.44320678710938,140227,0
2026-06-26 12:15:00-04:00,199.49000549316406,199.52999877929688,198.05999755859375,198.22000122070312,214726,0
2026-06-26 12:20:00-04:00,198.21090698242188,198.39999389648438,196.9499969482422,197.4600067138672,337518,0
2026-06-26 12:25:00-04:00,197.46499633789062,198.0500030517578,197.27000427246094,197.89999389648438,211581,0
2026-06-26 12:30:00-04:00,197.9199981689453,199.1300048828125,197.82000732421875,199.1300048828125,160129,0
2026-06-26 12:35:00-04:00,199.10000610351562,199.2899932861328,198.3000030517578,198.47000122070312,201829,0
2026-06-26 12:40:00-04:00,198.36000061035156,198.74000549316406,198.02999877929688,198.1300048828125,138703,0
2026-06-26 12:45:00-04:00,198.13999938964844,198.4499969482422,197.2899932861328,198.0301055908203,187750,0
2026-06-26 12:50:00-04:00,198.27000427246094,198.97000122070312,197.97000122070312,198.72500610351562,162732,0
2026-06-26 12:55:00-04:00,198.8000030517578,199.1999969482422,198.3300018310547,198.42999267578125,182597,0
2026-06-26 13:00:00-04:00,198.4149932861328,198.60000610351562,198.0,198.10000610351562,126599,0
2026-06-26 13:05:00-04:00,198.16000366210938,198.57000732421875,197.7100067138672,198.5590057373047,160562,0
2026-06-26 13:10:00-04:00,198.5500030517578,199.11000061035156,198.10000610351562,198.72000122070312,144853,0
2026-06-26 13:15:00-04:00,198.7100067138672,198.73989868164062,197.85000610351562,198.2050018310547,101230,0
2026-06-26 13:20:00-04:00,198.3800048828125,198.7949981689453,197.71009826660156,198.75,141880,0
2026-06-26 13:25:00-04:00,198.75,199.77999877929688,198.3800048828125,199.4199981689453,271165,0
2026-06-26 13:30:00-04:00,199.43499755859375,199.63999938964844,198.9199981689453,199.02749633789062,247978,0
2026-06-26 13:35:00-04:00,198.9199981689453,198.9199981689453,198.39999389648438,198.52999877929688,128616,0
2026-06-26 13:40:00-04:00,198.52999877929688,198.61500549316406,198.0500030517578,198.3249969482422,125085,0
2026-06-26 13:45:00-04:00,198.31500244140625,198.6699981689453,198.1649932861328,198.25999450683594,105709,0
2026-06-26 13:50:00-04:00,198.2550048828125,198.31500244140625,197.52000427246094,197.875,197370,0
2026-06-26 13:55:00-04:00,197.8300018310547,197.8300018310547,196.88999938964844,196.9949951171875,241975,0
2026-06-26 14:00:00-04:00,197.0050048828125,197.39999389648438,196.63999938964844,197.22000122070312,172638,0
2026-06-26 14:05:00-04:00,197.22500610351562,197.5800018310547,196.8800048828125,197.11000061035156,138929,0
2026-06-26 14:10:00-04:00,197.1649932861328,197.72000122070312,196.85009765625,196.9149932861328,115800,0
2026-06-26 14:15:00-04:00,196.91000366210938,197.05999755859375,196.17999267578125,196.5500030517578,194430,0
2026-06-26 14:20:00-04:00,196.5800018310547,197.00509643554688,196.30999755859375,196.77999877929688,149094,0
2026-06-26 14:25:00-04:00,196.89999389648438,196.97999572753906,196.3300018310547,196.54139709472656,117398,0
2026-06-26 14:30:00-04:00,196.57000732421875,196.85000610351562,196.1999969482422,196.64999389648438,138470,0
2026-06-26 14:35:00-04:00,196.69500732421875,196.77999877929688,196.1300048828125,196.3000030517578,147498,0
2026-06-26 14:40:00-04:00,196.3000030517578,196.39500427246094,195.72999572753906,195.83999633789062,180564,0
2026-06-26 14:45:00-04:00,195.80999755859375,195.97999572753906,194.86500549316406,194.90499877929688,366999,0
2026-06-26 14:50:00-04:00,194.9001007080078,195.02999877929688,194.42010498046875,194.50999450683594,179843,0
2026-06-26 14:55:00-04:00,194.52499389648438,194.66000366210938,194.08999633789062,194.47999572753906,192420,0
2026-06-26 15:00:00-04:00,194.3699951171875,194.57000732421875,194.02999877929688,194.11000061035156,214131,0
2026-06-26 15:05:00-04:00,194.11000061035156,195.11000061035156,193.77000427246094,195.03500366210938,248329,0
2026-06-26 15:10:00-04:00,194.99000549316406,195.125,194.4300994873047,194.86000061035156,169403,0
2026-06-26 15:15:00-04:00,194.88999938964844,194.88999938964844,193.9499969482422,194.13999938964844,185282,0
2026-06-26 15:20:00-04:00,194.2100067138672,194.36000061035156,193.58009338378906,194.17820739746094,243045,0
2026-06-26 15:25:00-04:00,194.10499572753906,194.1750030517578,193.360107421875,193.81500244140625,252291,0
2026-06-26 15:30:00-04:00,193.86000061035156,194.39999389648438,193.3000030517578,193.96499633789062,262501,0
2026-06-26 15:35:00-04:00,194.02999877929688,194.1199951171875,193.22999572753906,193.25059509277344,257991,0
2026-06-26 15:40:00-04:00,193.27999877929688,193.4499053955078,192.75999450683594,193.38999938964844,526699,0
2026-06-26 15:45:00-04:00,193.41000366210938,193.42999267578125,191.02000427246094,191.14500427246094,659131,0
2026-06-26 15:50:00-04:00,191.25999450683594,191.2899932861328,186.25999450683594,188.92999267578125,2602620,0
2026-06-26 15:55:00-04:00,188.92999267578125,189.63999938964844,186.75,188.60000610351562,3869236,0
2026-06-29 09:30:00-04:00,193.02999877929688,194.58999633789062,190.61000061035156,191.9949951171875,1593797,0
2026-06-29 09:35:00-04:00,191.88999938964844,191.9499969482422,189.4199981689453,189.86500549316406,749437,0
2026-06-29 09:40:00-04:00,189.75999450683594,190.4499969482422,187.86000061035156,189.90989685058594,766766,0
2026-06-29 09:45:00-04:00,189.80999755859375,190.92750549316406,189.24000549316406,190.20010375976562,249244,0
2026-06-29 09:50:00-04:00,190.1999969482422,191.24000549316406,189.16000366210938,190.39999389648438,154261,0
2026-06-29 09:55:00-04:00,190.35000610351562,190.66000366210938,187.42999267578125,189.05599975585938,270438,0
2026-06-29 10:00:00-04:00,189.00999450683594,189.19900512695312,188.0,188.49000549316406,140050,0
2026-06-29 10:05:00-04:00,188.35000610351562,188.4149932861328,186.13999938964844,186.44000244140625,204241,0
2026-06-29 10:10:00-04:00,186.49000549316406,186.89999389648438,184.27999877929688,184.3800048828125,362694,0
2026-06-29 10:15:00-04:00,184.3000030517578,185.77999877929688,183.5800018310547,185.6649932861328,240495,0
2026-06-29 10:20:00-04:00,185.6649932861328,187.06500244140625,185.27000427246094,186.63999938964844,157271,0
2026-06-29 10:25:00-04:00,186.80999755859375,188.85000610351562,186.6136932373047,188.33999633789062,166273,0
2026-06-29 10:30:00-04:00,188.21499633789062,188.63999938964844,186.88999938964844,187.42999267578125,167813,0
2026-06-29 10:35:00-04:00,187.43499755859375,187.63999938964844,186.302001953125,187.0800018310547,137682,0
2026-06-29 10:40:00-04:00,187.11000061035156,187.25999450683594,186.57000732421875,187.13999938964844,163590,0
2026-06-29 10:45:00-04:00,187.13999938964844,187.3249969482422,185.22000122070312,186.80999755859375,250048,0
2026-06-29 10:50:00-04:00,186.6199951171875,189.02000427246094,186.38999938964844,188.77999877929688,103874,0
2026-06-29 10:55:00-04:00,188.66600036621094,189.24000549316406,188.2899932861328,188.89999389648438,107452,0
2026-06-29 11:00:00-04:00,189.0,189.44000244140625,188.47999572753906,188.5399932861328,111445,0
2026-06-29 11:05:00-04:00,188.44000244140625,190.1699981689453,188.25999450683594,189.82009887695312,185050,0
2026-06-29 11:10:00-04:00,189.82000732421875,189.92999267578125,189.0500946044922,189.8300018310547,115308,0
2026-06-29 11:15:00-04:00,189.72999572753906,190.30209350585938,189.3000030517578,189.60000610351562,101640,0
2026-06-29 11:20:00-04:00,189.4600067138672,189.99000549316406,189.3000030517578,189.67999267578125,405798,0
2026-06-29 11:25:00-04:00,189.99000549316406,190.75999450683594,189.72000122070312,190.47000122070312,161974,0
2026-06-29 11:30:00-04:00,190.60499572753906,191.24000549316406,190.35000610351562,190.89999389648438,101460,0
2026-06-29 11:35:00-04:00,190.8300018310547,191.44000244140625,190.4499969482422,191.3000030517578,1543909,0
2026-06-29 11:40:00-04:00,191.28500366210938,191.92990112304688,190.7899932861328,191.77999877929688,119104,0
2026-06-29 11:45:00-04:00,191.72000122070312,191.8350067138672,191.41000366210938,191.7550048828125,87068,0
2026-06-29 11:50:00-04:00,191.77999877929688,192.11000061035156,191.6699981689453,191.9550018310547,100789,0
2026-06-29 11:55:00-04:00,191.7899932861328,191.7899932861328,191.22999572753906,191.74000549316406,96071,0
2026-06-29 12:00:00-04:00,191.64999389648438,191.88999938964844,191.50819396972656,191.6699981689453,85307,0
2026-06-29 12:05:00-04:00,191.6699981689453,191.73989868164062,191.25999450683594,191.55999755859375,123986,0
2026-06-29 12:10:00-04:00,191.6300048828125,191.7100067138672,191.22000122070312,191.5,76224,0
2026-06-29 12:15:00-04:00,191.57000732421875,191.8350067138672,191.50999450683594,191.78500366210938,77959,0
2026-06-29 12:20:00-04:00,191.78500366210938,191.8000030517578,191.35000610351562,191.69000244140625,108879,0
2026-06-29 12:25:00-04:00,191.74000549316406,191.74000549316406,190.32000732421875,190.3300018310547,120246,0
2026-06-29 12:30:00-04:00,190.39999389648438,190.58709716796875,189.8000030517578,190.0850067138672,102768,0
2026-06-29 12:35:00-04:00,190.08999633789062,190.30990600585938,189.7274932861328,189.88999938964844,72263,0
2026-06-29 12:40:00-04:00,189.9499969482422,190.32989501953125,189.86000061035156,190.23500061035156,58229,0
2026-06-29 12:45:00-04:00,190.19000244140625,190.33999633789062,189.82000732421875,190.13999938964844,71862,0
2026-06-29 12:50:00-04:00,190.13999938964844,190.4250030517578,189.69000244140625,190.25,110087,0
2026-06-29 12:55:00-04:00,190.22000122070312,190.38999938964844,190.04150390625,190.24000549316406,45067,0
2026-06-29 13:00:00-04:00,190.1199951171875,190.99000549316406,190.0,190.82000732421875,87478,0
2026-06-29 13:05:00-04:00,190.8800048828125,190.9095001220703,190.4149932861328,190.72500610351562,102026,0
2026-06-29 13:10:00-04:00,190.67999267578125,191.29989624023438,190.5800018310547,191.05999755859375,78957,0
2026-06-29 13:15:00-04:00,191.125,191.3000030517578,190.88999938964844,191.1300048828125,83757,0
2026-06-29 13:20:00-04:00,191.0800018310547,191.1300048828125,190.24000549316406,190.5,80483,0
2026-06-29 13:25:00-04:00,190.39999389648438,191.41000366210938,190.30999755859375,191.25999450683594,91756,0
2026-06-29 13:30:00-04:00,191.25999450683594,191.4499969482422,190.60000610351562,190.72000122070312,101404,0
2026-06-29 13:35:00-04:00,190.74000549316406,190.80999755859375,190.3000030517578,190.67999267578125,69269,0
2026-06-29 13:40:00-04:00,190.68499755859375,191.24000549316406,190.67999267578125,191.10000610351562,70212,0
2026-06-29 13:45:00-04:00,191.1302032470703,191.52589416503906,190.91000366210938,191.47999572753906,56467,0
2026-06-29 13:50:00-04:00,191.52999877929688,191.60499572753906,191.16000366210938,191.36500549316406,67071,0
2026-06-29 13:55:00-04:00,191.35000610351562,191.39999389648438,190.61000061035156,190.6300048828125,63882,0
2026-06-29 14:00:00-04:00,190.6199951171875,190.75999450683594,190.27999877929688,190.57000732421875,110594,0
2026-06-29 14:05:00-04:00,190.56500244140625,191.0,190.55499267578125,190.91000366210938,100624,0
2026-06-29 14:10:00-04:00,190.93499755859375,191.00900268554688,190.52000427246094,190.7899932861328,59698,0
2026-06-29 14:15:00-04:00,190.75999450683594,191.44000244140625,190.74000549316406,191.25999450683594,190630,0
2026-06-29 14:20:00-04:00,191.3300018310547,191.33999633789062,190.9149932861328,191.0399932861328,74805,0
2026-06-29 14:25:00-04:00,191.0399932861328,191.09500122070312,190.5,190.9499969482422,136124,0
2026-06-29 14:30:00-04:00,190.97999572753906,191.6699981689453,190.9499969482422,191.27000427246094,165419,0
2026-06-29 14:35:00-04:00,191.35000610351562,192.05999755859375,191.27000427246094,191.39999389648438,96956,0
2026-06-29 14:40:00-04:00,191.4600067138672,191.55999755859375,191.16000366210938,191.4949951171875,63110,0
2026-06-29 14:45:00-04:00,191.4949951171875,191.57000732421875,191.2100067138672,191.36000061035156,78281,0
2026-06-29 14:50:00-04:00,191.38999938964844,191.44500732421875,190.72000122070312,190.77000427246094,116106,0
2026-06-29 14:55:00-04:00,190.8000030517578,190.8874969482422,190.04010009765625,190.22999572753906,105440,0
2026-06-29 15:00:00-04:00,190.16000366210938,190.3000030517578,189.2899932861328,189.35499572753906,166179,0
2026-06-29 15:05:00-04:00,189.2100067138672,189.3350067138672,188.91000366210938,189.13999938964844,132894,0
2026-06-29 15:10:00-04:00,189.05999755859375,189.38999938964844,189.00999450683594,189.02999877929688,87223,0
2026-06-29 15:15:00-04:00,189.0,189.5449981689453,188.6300048828125,189.32000732421875,239521,0
2026-06-29 15:20:00-04:00,189.2899932861328,190.03500366210938,189.14999389648438,189.50999450683594,173409,0
2026-06-29 15:25:00-04:00,189.4949951171875,189.5850067138672,189.0500030517578,189.0500030517578,131498,0
2026-06-29 15:30:00-04:00,189.11500549316406,189.11500549316406,188.11000061035156,188.5500030517578,191437,0
2026-06-29 15:35:00-04:00,188.50999450683594,189.3699951171875,188.50999450683594,188.97000122070312,997929,0
2026-06-29 15:40:00-04:00,188.97999572753906,189.02000427246094,188.1999969482422,188.27000427246094,245077,0
2026-06-29 15:45:00-04:00,188.2449951171875,188.7100067138672,187.9499969482422,187.98500061035156,398575,0
2026-06-29 15:50:00-04:00,187.9199981689453,188.0500030517578,186.6999969482422,186.8699951171875,439485,0
2026-06-29 15:55:00-04:00,187.02000427246094,189.24000549316406,187.00999450683594,188.6999969482422,1352630,0
2026-06-30 09:30:00-04:00,188.77999877929688,192.77999877929688,188.2899932861328,190.10000610351562,973616,0
2026-06-30 09:35:00-04:00,190.1649932861328,190.88999938964844,188.22999572753906,190.07000732421875,237589,0
2026-06-30 09:40:00-04:00,190.1699981689453,190.63999938964844,188.7100067138672,189.375,212850,0
2026-06-30 09:45:00-04:00,189.24000549316406,189.41000366210938,186.5,186.5,255925,0
2026-06-30 09:50:00-04:00,186.5399932861328,188.8000030517578,186.12010192871094,188.8000030517578,202629,0
2026-06-30 09:55:00-04:00,188.8249969482422,190.5800018310547,188.8249969482422,190.41000366210938,255327,0
2026-06-30 10:00:00-04:00,190.3300018310547,190.55499267578125,189.24380493164062,190.06500244140625,258090,0
2026-06-30 10:05:00-04:00,189.94000244140625,192.7899932861328,189.55999755859375,192.7899932861328,356894,0
2026-06-30 10:10:00-04:00,192.72500610351562,193.5,192.12010192871094,193.1999969482422,284122,0
2026-06-30 10:15:00-04:00,193.21499633789062,193.389892578125,191.90359497070312,192.40249633789062,212879,0
2026-06-30 10:20:00-04:00,192.25999450683594,192.67999267578125,191.69540405273438,192.33839416503906,123919,0
2026-06-30 10:25:00-04:00,192.1699981689453,192.6999969482422,191.59010314941406,192.44000244140625,142528,0
2026-06-30 10:30:00-04:00,192.4499969482422,193.0,190.61000061035156,190.98989868164062,187393,0
2026-06-30 10:35:00-04:00,190.75,190.91000366210938,189.5399932861328,189.75999450683594,173752,0
2026-06-30 10:40:00-04:00,189.6999969482422,190.10989379882812,187.9801025390625,189.25999450683594,148001,0
2026-06-30 10:45:00-04:00,189.11000061035156,189.11000061035156,188.39120483398438,188.39999389648438,131407,0
2026-06-30 10:50:00-04:00,188.3813018798828,188.83990478515625,188.1300048828125,188.24000549316406,102120,0
2026-06-30 10:55:00-04:00,188.18499755859375,188.3699951171875,187.4600067138672,187.74000549316406,146761,0
2026-06-30 11:00:00-04:00,187.74000549316406,188.36000061035156,185.0,186.1699981689453,371220,0
2026-06-30 11:05:00-04:00,186.24000549316406,186.92999267578125,186.0,186.82350158691406,244515,0
2026-06-30 11:10:00-04:00,186.8800048828125,186.98570251464844,186.27999877929688,186.36500549316406,157287,0
2026-06-30 11:15:00-04:00,186.3699951171875,186.3699951171875,184.59010314941406,184.60000610351562,335288,0
2026-06-30 11:20:00-04:00,184.69000244140625,186.3000030517578,184.4600067138672,185.89999389648438,253187,0
2026-06-30 11:25:00-04:00,185.86500549316406,186.52000427246094,185.77999877929688,185.9499969482422,226317,0
2026-06-30 11:30:00-04:00,185.9499969482422,186.1999969482422,185.60000610351562,186.17999267578125,205497,0
2026-06-30 11:35:00-04:00,186.14010620117188,186.3800048828125,185.6999969482422,186.02999877929688,221370,0
2026-06-30 11:40:00-04:00,186.10499572753906,186.83999633789062,186.07000732421875,186.7050018310547,212670,0
2026-06-30 11:45:00-04:00,186.62550354003906,187.02999877929688,185.8300018310547,186.9600067138672,281457,0
2026-06-30 11:50:00-04:00,186.97999572753906,187.33999633789062,186.27000427246094,187.22999572753906,191172,0
2026-06-30 11:55:00-04:00,187.2550048828125,187.5,186.8000030517578,187.27999877929688,166570,0
2026-06-30 12:00:00-04:00,187.25010681152344,187.86729431152344,187.13999938964844,187.55999755859375,200670,0
2026-06-30 12:05:00-04:00,187.55999755859375,187.9499969482422,187.3699951171875,187.54010009765625,144616,0
2026-06-30 12:10:00-04:00,187.625,187.63499450683594,186.6300048828125,186.72999572753906,164791,0
2026-06-30 12:15:00-04:00,186.76499938964844,186.90379333496094,185.86000061035156,186.49000549316406,143440,0
2026-06-30 12:20:00-04:00,186.5449981689453,186.97740173339844,186.32000732421875,186.88999938964844,116125,0
2026-06-30 12:25:00-04:00,186.88499450683594,186.9499969482422,186.3000030517578,186.30999755859375,171288,0
2026-06-30 12:30:00-04:00,186.25,186.39999389648438,185.5,185.57699584960938,115692,0
2026-06-30 12:35:00-04:00,185.55999755859375,186.25,185.32000732421875,186.1649932861328,127090,0
2026-06-30 12:40:00-04:00,186.18850708007812,186.64999389648438,185.9600067138672,186.50999450683594,82039,0
2026-06-30 12:45:00-04:00,186.55999755859375,186.7100067138672,186.05999755859375,186.32000732421875,121780,0
2026-06-30 12:50:00-04:00,186.30999755859375,186.32000732421875,185.8800048828125,185.93499755859375,81871,0
2026-06-30 12:55:00-04:00,185.90499877929688,186.12989807128906,185.77999877929688,185.8800048828125,60845,0
2026-06-30 13:00:00-04:00,185.9311981201172,186.0399932861328,185.05999755859375,185.30499267578125,123293,0
2026-06-30 13:05:00-04:00,185.3699951171875,185.60800170898438,185.24000549316406,185.36000061035156,74086,0
2026-06-30 13:10:00-04:00,185.33999633789062,185.49000549316406,184.6999969482422,184.75999450683594,143519,0
2026-06-30 13:15:00-04:00,184.90750122070312,185.3498992919922,184.71730041503906,185.30999755859375,96436,0
2026-06-30 13:20:00-04:00,185.3249969482422,185.41000366210938,185.10000610351562,185.28359985351562,73130,0
2026-06-30 13:25:00-04:00,185.27000427246094,185.4600067138672,185.0800018310547,185.2949981689453,72120,0
2026-06-30 13:30:00-04:00,185.2949981689453,185.625,185.2050018310547,185.40499877929688,93027,0
2026-06-30 13:35:00-04:00,185.35000610351562,186.3000030517578,185.35000610351562,186.20880126953125,92623,0
2026-06-30 13:40:00-04:00,186.22500610351562,186.50999450683594,186.0500030517578,186.08999633789062,149508,0
2026-06-30 13:45:00-04:00,186.1999969482422,186.33999633789062,185.6999969482422,185.97999572753906,119735,0
2026-06-30 13:50:00-04:00,185.97999572753906,186.1750030517578,185.61000061035156,185.63999938964844,78828,0
2026-06-30 13:55:00-04:00,185.6300048828125,186.11000061035156,185.6300048828125,185.9906005859375,100904,0
2026-06-30 14:00:00-04:00,186.0749969482422,186.2899932861328,185.91009521484375,186.25999450683594,109946,0
2026-06-30 14:05:00-04:00,186.21499633789062,187.0,185.7899932861328,186.9600067138672,243729,0
2026-06-30 14:10:00-04:00,186.86000061035156,187.27999877929688,186.24000549316406,186.3699951171875,102313,0
2026-06-30 14:15:00-04:00,186.33999633789062,186.44830322265625,186.11000061035156,186.24000549316406,78289,0
2026-06-30 14:20:00-04:00,186.22000122070312,186.8000030517578,186.18499755859375,186.37989807128906,83660,0
2026-06-30 14:25:00-04:00,186.25999450683594,186.55999755859375,186.23500061035156,186.53500366210938,69261,0
2026-06-30 14:30:00-04:00,186.47000122070312,186.5,185.6199951171875,185.6199951171875,105360,0
2026-06-30 14:35:00-04:00,185.66000366210938,185.85989379882812,185.5399932861328,185.7550048828125,105201,0
2026-06-30 14:40:00-04:00,185.73500061035156,186.42999267578125,185.6999969482422,186.4290008544922,84502,0
2026-06-30 14:45:00-04:00,186.38250732421875,186.56500244140625,186.08999633789062,186.3699951171875,159308,0
2026-06-30 14:50:00-04:00,186.35000610351562,186.47000122070312,185.64999389648438,185.85000610351562,159575,0
2026-06-30 14:55:00-04:00,185.85000610351562,185.9600067138672,185.42999267578125,185.42999267578125,109998,0
2026-06-30 15:00:00-04:00,185.39999389648438,185.6739044189453,185.24000549316406,185.40499877929688,109151,0
2026-06-30 15:05:00-04:00,185.3699951171875,185.9600067138672,185.1649932861328,185.64999389648438,91475,0
2026-06-30 15:10:00-04:00,185.61000061035156,185.9499053955078,185.5500030517578,185.72999572753906,95728,0
2026-06-30 15:15:00-04:00,185.72500610351562,185.9600067138672,185.47999572753906,185.7899932861328,133071,0
2026-06-30 15:20:00-04:00,185.77999877929688,186.02999877929688,185.52000427246094,185.52000427246094,122257,0
2026-06-30 15:25:00-04:00,185.57000732421875,185.75,185.2301025390625,185.5,196045,0
2026-06-30 15:30:00-04:00,185.49000549316406,185.5,184.6300048828125,184.99000549316406,257602,0
2026-06-30 15:35:00-04:00,184.99000549316406,185.1300048828125,184.7100067138672,184.7949981689453,202428,0
2026-06-30 15:40:00-04:00,184.82000732421875,185.1699981689453,184.75,185.1699981689453,214213,0
2026-06-30 15:45:00-04:00,185.1573944091797,185.39999389648438,184.6999969482422,184.6999969482422,272903,0
2026-06-30 15:50:00-04:00,184.77000427246094,185.13999938964844,184.0800018310547,184.30999755859375,681961,0
2026-06-30 15:55:00-04:00,184.3000030517578,184.89999389648438,184.10000610351562,184.77999877929688,1586411,0
2026-07-01 09:30:00-04:00,183.5850067138672,187.5,182.67999267578125,187.0800018310547,3635474,0
2026-07-01 09:35:00-04:00,187.08999633789062,187.25999450683594,183.61500549316406,186.05499267578125,328571,0
2026-07-01 09:40:00-04:00,186.03599548339844,186.77000427246094,185.03500366210938,185.22999572753906,230373,0
2026-07-01 09:45:00-04:00,185.11000061035156,185.89999389648438,184.1024932861328,184.4149932861328,229871,0
2026-07-01 09:50:00-04:00,184.47999572753906,184.75999450683594,183.32000732421875,183.56500244140625,189192,0
2026-07-01 09:55:00-04:00,183.72999572753906,185.27999877929688,183.72999572753906,185.11000061035156,144971,0
2026-07-01 10:00:00-04:00,185.11000061035156,187.19000244140625,185.02000427246094,186.85000610351562,252594,0
2026-07-01 10:05:00-04:00,186.97999572753906,187.1199951171875,186.0500030517578,186.72999572753906,129864,0
2026-07-01 10:10:00-04:00,186.72999572753906,186.72999572753906,185.69000244140625,186.32000732421875,141769,0
2026-07-01 10:15:00-04:00,186.42999267578125,186.89999389648438,185.7100067138672,186.52999877929688,102892,0
2026-07-01 10:20:00-04:00,186.4199981689453,186.88999938964844,185.84500122070312,185.97999572753906,125484,0
2026-07-01 10:25:00-04:00,186.02499389648438,186.10000610351562,184.75,185.47000122070312,116296,0
2026-07-01 10:30:00-04:00,185.47000122070312,185.49000549316406,183.67999267578125,184.25999450683594,193165,0
2026-07-01 10:35:00-04:00,184.33999633789062,185.0399932861328,183.88999938964844,184.85000610351562,132679,0
2026-07-01 10:40:00-04:00,184.75,185.22000122070312,184.3300018310547,184.60000610351562,176125,0
2026-07-01 10:45:00-04:00,184.55999755859375,184.55999755859375,183.75,184.07000732421875,117238,0
2026-07-01 10:50:00-04:00,184.0850067138672,185.33999633789062,183.7100067138672,184.9250030517578,159869,0
2026-07-01 10:55:00-04:00,184.9250030517578,185.03500366210938,183.69000244140625,184.5800018310547,128335,0
2026-07-01 11:00:00-04:00,184.63999938964844,186.03500366210938,184.63999938964844,185.6199951171875,188867,0
2026-07-01 11:05:00-04:00,185.44000244140625,186.83999633789062,185.32000732421875,186.75,253415,0
2026-07-01 11:10:00-04:00,186.75,187.6999969482422,186.31500244140625,187.5800018310547,273560,0
2026-07-01 11:15:00-04:00,187.55999755859375,188.36000061035156,186.9600067138672,187.00999450683594,262862,0
2026-07-01 11:20:00-04:00,186.97999572753906,187.22999572753906,185.35000610351562,185.35000610351562,135182,0
2026-07-01 11:25:00-04:00,185.35000610351562,185.5399932861328,184.22000122070312,185.5299072265625,154949,0
2026-07-01 11:30:00-04:00,185.5,185.8000030517578,185.11000061035156,185.6699981689453,168301,0
2026-07-01 11:35:00-04:00,185.6699981689453,186.06500244140625,185.22369384765625,185.83999633789062,123455,0
2026-07-01 11:40:00-04:00,185.97000122070312,186.02999877929688,185.22999572753906,185.35000610351562,129890,0
2026-07-01 11:45:00-04:00,185.35000610351562,186.25,185.24000549316406,185.5399932861328,112798,0
2026-07-01 11:50:00-04:00,185.6699981689453,185.7899932861328,185.11000061035156,185.11000061035156,108188,0
2026-07-01 11:55:00-04:00,185.125,185.86500549316406,185.05999755859375,185.59500122070312,85053,0
2026-07-01 12:00:00-04:00,185.59500122070312,185.88999938964844,185.0399932861328,185.0399932861328,58482,0
2026-07-01 12:05:00-04:00,185.02000427246094,185.47000122070312,184.88999938964844,185.25,59632,0
2026-07-01 12:10:00-04:00,185.25999450683594,185.2899932861328,184.9499969482422,185.2899932861328,84545,0
2026-07-01 12:15:00-04:00,185.14999389648438,186.0449981689453,184.92999267578125,186.00999450683594,59164,0
2026-07-01 12:20:00-04:00,186.0,186.55999755859375,185.97999572753906,186.5500030517578,60638,0
2026-07-01 12:25:00-04:00,186.42999267578125,186.47999572753906,185.75999450683594,185.8699951171875,59747,0
2026-07-01 12:30:00-04:00,185.88999938964844,186.2949981689453,185.74000549316406,186.22000122070312,52845,0
2026-07-01 12:35:00-04:00,186.18190002441406,186.18190002441406,185.49009704589844,185.50999450683594,56451,0
2026-07-01 12:40:00-04:00,185.5399932861328,185.61000061035156,185.05999755859375,185.22999572753906,66002,0
2026-07-01 12:45:00-04:00,185.1999969482422,185.25,184.89999389648438,185.12570190429688,66113,0
2026-07-01 12:50:00-04:00,185.1999969482422,185.5449981689453,184.9600067138672,185.2100067138672,62830,0
2026-07-01 12:55:00-04:00,185.22360229492188,185.27999877929688,183.89999389648438,183.94000244140625,132041,0
2026-07-01 13:00:00-04:00,183.9008026123047,184.52000427246094,183.9008026123047,184.25,97898,0
2026-07-01 13:05:00-04:00,184.22000122070312,184.36500549316406,183.42999267578125,183.5500030517578,98491,0
2026-07-01 13:10:00-04:00,183.5,183.5,182.91000366210938,183.09500122070312,141920,0
2026-07-01 13:15:00-04:00,183.11000061035156,183.41000366210938,182.88999938964844,183.22500610351562,98244,0
2026-07-01 13:20:00-04:00,183.22500610351562,183.73500061035156,183.10000610351562,183.72999572753906,70286,0
2026-07-01 13:25:00-04:00,183.68499755859375,183.9499969482422,183.58999633789062,183.88999938964844,57982,0
2026-07-01 13:30:00-04:00,183.83009338378906,184.07989501953125,183.75,183.90499877929688,54959,0
2026-07-01 13:35:00-04:00,183.91000366210938,183.91000366210938,183.3800048828125,183.69500732421875,73424,0
2026-07-01 13:40:00-04:00,183.75999450683594,183.9600067138672,183.64999389648438,183.82000732421875,61430,0
2026-07-01 13:45:00-04:00,183.80999755859375,183.91000366210938,183.50999450683594,183.82000732421875,62341,0
2026-07-01 13:50:00-04:00,183.84500122070312,184.0500030517578,183.3800048828125,183.74000549316406,72761,0
2026-07-01 13:55:00-04:00,183.69000244140625,190.99000549316406,183.57000732421875,188.5998992919922,1763403,0
2026-07-01 14:00:00-04:00,188.3800048828125,189.5399932861328,186.1999969482422,186.22999572753906,722148,0
2026-07-01 14:05:00-04:00,186.2949981689453,186.9199981689453,184.8300018310547,186.22000122070312,485447,0
2026-07-01 14:10:00-04:00,186.11000061035156,186.55999755859375,185.3800048828125,186.02999877929688,211751,0
2026-07-01 14:15:00-04:00,186.07000732421875,186.13999938964844,185.12010192871094,186.00999450683594,190190,0
2026-07-01 14:20:00-04:00,186.1300048828125,186.43499755859375,185.22999572753906,186.1717071533203,156611,0
2026-07-01 14:25:00-04:00,186.10499572753906,186.1300048828125,184.72999572753906,185.77999877929688,185753,0
2026-07-01 14:30:00-04:00,185.64999389648438,185.66000366210938,183.50999450683594,183.63999938964844,369373,0
2026-07-01 14:35:00-04:00,183.60000610351562,183.6282958984375,182.8699951171875,183.52000427246094,208201,0
2026-07-01 14:40:00-04:00,183.48500061035156,184.14999389648438,183.1645050048828,183.34739685058594,207998,0
2026-07-01 14:45:00-04:00,183.39999389648438,183.39999389648438,182.7100067138672,182.80999755859375,135498,0
2026-07-01 14:50:00-04:00,182.76499938964844,182.82000732421875,182.02000427246094,182.1199951171875,143266,0
2026-07-01 14:55:00-04:00,182.2050018310547,183.25,181.99000549316406,182.90499877929688,134011,0
2026-07-01 15:00:00-04:00,182.85000610351562,184.05999755859375,182.64999389648438,183.76499938964844,130128,0
2026-07-01 15:05:00-04:00,183.76499938964844,184.4600067138672,183.64999389648438,184.4600067138672,156560,0
2026-07-01 15:10:00-04:00,184.4550018310547,184.5500030517578,183.4447021484375,183.6199951171875,116395,0
2026-07-01 15:15:00-04:00,183.75,183.8000030517578,183.11000061035156,183.6199951171875,109656,0
2026-07-01 15:20:00-04:00,183.63499450683594,184.0,183.5,183.88499450683594,118415,0
2026-07-01 15:25:00-04:00,183.94000244140625,184.0399932861328,183.2050018310547,183.8699951171875,144540,0
2026-07-01 15:30:00-04:00,183.8699951171875,185.05499267578125,183.77000427246094,184.6199951171875,212254,0
2026-07-01 15:35:00-04:00,184.67999267578125,184.67999267578125,182.97000122070312,183.08389282226562,214426,0
2026-07-01 15:40:00-04:00,183.0399932861328,183.33999633789062,182.60000610351562,182.86000061035156,137346,0
2026-07-01 15:45:00-04:00,182.8800048828125,183.3800048828125,182.83999633789062,183.36880493164062,204981,0
2026-07-01 15:50:00-04:00,183.3699951171875,184.25999450683594,182.99000549316406,183.33999633789062,396604,0
2026-07-01 15:55:00-04:00,183.1999969482422,183.24000549316406,181.60000610351562,181.94000244140625,1464149,0
2026-07-02 09:30:00-04:00,182.1699981689453,184.89999389648438,180.52999877929688,184.5399932861328,773755,0
2026-07-02 09:35:00-04:00,184.75,185.74000549316406,181.47000122070312,181.77499389648438,258272,0
2026-07-02 09:40:00-04:00,182.0,183.3699951171875,181.44000244140625,182.52999877929688,182048,0
2026-07-02 09:45:00-04:00,182.55999755859375,183.3498992919922,182.0,182.43499755859375,171359,0
2026-07-02 09:50:00-04:00,182.2100067138672,183.9199981689453,182.11000061035156,183.0,198275,0
2026-07-02 09:55:00-04:00,182.96499633789062,184.39999389648438,182.539306640625,183.77999877929688,178190,0
2026-07-02 10:00:00-04:00,183.8300018310547,184.4499969482422,183.3000030517578,183.52999877929688,129631,0
2026-07-02 10:05:00-04:00,183.52000427246094,183.52000427246094,181.5,181.60000610351562,200459,0
2026-07-02 10:10:00-04:00,181.75,182.7899932861328,180.9199981689453,182.14999389648438,152706,0
2026-07-02 10:15:00-04:00,182.10499572753906,182.35000610351562,180.60000610351562,181.57679748535156,155626,0
2026-07-02 10:20:00-04:00,181.80999755859375,182.27000427246094,180.83999633789062,180.83999633789062,186005,0
2026-07-02 10:25:00-04:00,180.93499755859375,180.93499755859375,178.40499877929688,178.74000549316406,258186,0
2026-07-02 10:30:00-04:00,178.7100067138672,179.2899932861328,178.02999877929688,178.35499572753906,160367,0
2026-07-02 10:35:00-04:00,178.42999267578125,178.956298828125,177.97999572753906,178.22000122070312,175618,0
2026-07-02 10:40:00-04:00,178.3791961669922,178.3791961669922,176.3800048828125,176.80999755859375,232957,0
2026-07-02 10:45:00-04:00,176.77000427246094,177.875,176.63999938964844,177.1750030517578,180937,0
2026-07-02 10:50:00-04:00,177.22999572753906,177.72999572753906,176.625,176.85000610351562,166728,0
2026-07-02 10:55:00-04:00,176.85000610351562,178.12989807128906,176.76499938964844,177.9600067138672,137220,0
2026-07-02 11:00:00-04:00,178.0399932861328,178.25,176.17999267578125,176.25999450683594,197758,0
2026-07-02 11:05:00-04:00,176.22500610351562,176.36000061035156,175.27999877929688,175.98989868164062,247453,0
2026-07-02 11:10:00-04:00,175.89999389648438,176.36500549316406,175.55999755859375,175.58999633789062,156069,0
2026-07-02 11:15:00-04:00,175.58999633789062,175.8699951171875,174.3782958984375,174.61000061035156,302554,0
2026-07-02 11:20:00-04:00,174.6199951171875,175.08999633789062,174.17999267578125,174.97999572753906,173284,0
2026-07-02 11:25:00-04:00,175.0,175.9600067138672,174.8000030517578,175.3300018310547,247101,0
2026-07-02 11:30:00-04:00,175.3249969482422,176.8300018310547,175.3249969482422,176.69000244140625,114682,0
2026-07-02 11:35:00-04:00,176.52999877929688,177.49000549316406,176.25,176.2949981689453,167928,0
2026-07-02 11:40:00-04:00,176.1999969482422,176.80999755859375,175.4506072998047,175.58749389648438,204993,0
2026-07-02 11:45:00-04:00,175.5850067138672,176.18499755859375,175.43040466308594,175.5399932861328,177186,0
2026-07-02 11:50:00-04:00,175.49000549316406,176.02000427246094,175.0500030517578,175.41000366210938,137520,0
2026-07-02 11:55:00-04:00,175.38999938964844,175.5800018310547,174.75,175.07000732421875,121985,0
2026-07-02 12:00:00-04:00,175.11000061035156,175.19000244140625,174.110107421875,174.6999969482422,138667,0
2026-07-02 12:05:00-04:00,174.6710968017578,174.8300018310547,174.10000610351562,174.4499969482422,147471,0
2026-07-02 12:10:00-04:00,174.44500732421875,175.17999267578125,174.27000427246094,174.91000366210938,146336,0
2026-07-02 12:15:00-04:00,174.97999572753906,174.99000549316406,173.9499969482422,174.2899932861328,214638,0
2026-07-02 12:20:00-04:00,174.3000030517578,174.30999755859375,173.66000366210938,173.67999267578125,128521,0
2026-07-02 12:25:00-04:00,173.69000244140625,174.10000610351562,173.52000427246094,173.72999572753906,151840,0
2026-07-02 12:30:00-04:00,173.77999877929688,173.82000732421875,172.91000366210938,173.05999755859375,148991,0
2026-07-02 12:35:00-04:00,173.02000427246094,173.3300018310547,172.81500244140625,172.92999267578125,155923,0
2026-07-02 12:40:00-04:00,173.0,174.17999267578125,172.83999633789062,174.02999877929688,158496,0
2026-07-02 12:45:00-04:00,174.01499938964844,174.08999633789062,173.43499755859375,173.43499755859375,93088,0
2026-07-02 12:50:00-04:00,173.4499969482422,173.54949951171875,172.9600067138672,173.0850067138672,95250,0
2026-07-02 12:55:00-04:00,173.0800018310547,173.0800018310547,172.2100067138672,172.64500427246094,168046,0
2026-07-02 13:00:00-04:00,172.60000610351562,172.60499572753906,172.1199951171875,172.39999389648438,174170,0
2026-07-02 13:05:00-04:00,172.3300018310547,173.19000244140625,172.27999877929688,172.86000061035156,110518,0
2026-07-02 13:10:00-04:00,172.77999877929688,173.08999633789062,172.39999389648438,172.97999572753906,129222,0
2026-07-02 13:15:00-04:00,172.94000244140625,173.22999572753906,172.72999572753906,172.85499572753906,91551,0
2026-07-02 13:20:00-04:00,172.85000610351562,173.35000610351562,172.75999450683594,173.17999267578125,92138,0
2026-07-02 13:25:00-04:00,173.1649932861328,173.8000030517578,172.91000366210938,173.77000427246094,102938,0
2026-07-02 13:30:00-04:00,173.8000030517578,173.9698944091797,173.4499969482422,173.5,97773,0
2026-07-02 13:35:00-04:00,173.5,173.6199951171875,172.67999267578125,172.9550018310547,109747,0
2026-07-02 13:40:00-04:00,172.9149932861328,173.52000427246094,172.84500122070312,173.33999633789062,160936,0
2026-07-02 13:45:00-04:00,173.2899932861328,173.50999450683594,172.52000427246094,172.82000732421875,86057,0
2026-07-02 13:50:00-04:00,172.81500244140625,173.43569946289062,172.6300048828125,173.22999572753906,143783,0
2026-07-02 13:55:00-04:00,173.3000030517578,173.3000030517578,172.8188018798828,172.9600067138672,111683,0
2026-07-02 14:00:00-04:00,172.90499877929688,173.14999389648438,172.6699981689453,172.97000122070312,95805,0
2026-07-02 14:05:00-04:00,172.97000122070312,174.41000366210938,172.92999267578125,174.3699951171875,115007,0
2026-07-02 14:10:00-04:00,174.35000610351562,174.86000061035156,174.22999572753906,174.3800048828125,113741,0
2026-07-02 14:15:00-04:00,174.39999389648438,174.47000122070312,173.3800048828125,173.47500610351562,82484,0
2026-07-02 14:20:00-04:00,173.4600067138672,174.1699981689453,173.36000061035156,174.1300048828125,126284,0
2026-07-02 14:25:00-04:00,174.0,175.16000366210938,173.99000549316406,175.07000732421875,707699,0
2026-07-02 14:30:00-04:00,174.97500610351562,175.80999755859375,174.77999877929688,174.86000061035156,131568,0
2026-07-02 14:35:00-04:00,174.92999267578125,175.47000122070312,174.8300018310547,175.19000244140625,72921,0
2026-07-02 14:40:00-04:00,175.33999633789062,175.41000366210938,174.87710571289062,175.0500030517578,78152,0
2026-07-02 14:45:00-04:00,175.00999450683594,175.14999389648438,174.2899932861328,174.91000366210938,152815,0
2026-07-02 14:50:00-04:00,174.9199981689453,175.47000122070312,174.8000030517578,175.05999755859375,87510,0
2026-07-02 14:55:00-04:00,174.9600067138672,175.17990112304688,174.50030517578125,175.1300048828125,82002,0
2026-07-02 15:00:00-04:00,175.1649932861328,175.36000061035156,174.15899658203125,174.27499389648438,99919,0
2026-07-02 15:05:00-04:00,174.35000610351562,174.82000732421875,173.72999572753906,173.75,99195,0
2026-07-02 15:10:00-04:00,173.80999755859375,174.46499633789062,173.5800018310547,174.25999450683594,115622,0
2026-07-02 15:15:00-04:00,174.1746063232422,174.3800048828125,173.8000030517578,173.97999572753906,144398,0
2026-07-02 15:20:00-04:00,173.98500061035156,174.02000427246094,173.60000610351562,173.6649932861328,175875,0
2026-07-02 15:25:00-04:00,173.6999969482422,175.22000122070312,173.5,174.6999969482422,231119,0
2026-07-02 15:30:00-04:00,174.7050018310547,175.75999450683594,174.5800018310547,175.6199951171875,216907,0
2026-07-02 15:35:00-04:00,175.6199951171875,175.75,174.77499389648438,175.14500427246094,178912,0
2026-07-02 15:40:00-04:00,175.18499755859375,175.25,174.6300048828125,174.81820678710938,192885,0
2026-07-02 15:45:00-04:00,174.85499572753906,175.0500030517578,174.47000122070312,174.6199951171875,250879,0
2026-07-02 15:50:00-04:00,174.74000549316406,176.42999267578125,174.74000549316406,176.36000061035156,396520,0
2026-07-02 15:55:00-04:00,176.2899932861328,176.52999877929688,175.10000610351562,176.25,1036506,0
2026-07-06 09:30:00-04:00,178.0,183.8300018310547,177.10000610351562,183.7183074951172,862430,0
2026-07-06 09:35:00-04:00,183.63499450683594,186.35000610351562,182.66000366210938,186.20150756835938,591548,0
2026-07-06 09:40:00-04:00,186.0,186.83999633789062,184.49000549316406,186.63499450683594,439084,0
2026-07-06 09:45:00-04:00,186.63999938964844,187.3800048828125,185.8000030517578,186.8699951171875,487027,0
2026-07-06 09:50:00-04:00,186.7949981689453,187.5500030517578,186.22500610351562,187.26499938964844,273213,0
2026-07-06 09:55:00-04:00,187.26499938964844,187.97999572753906,185.39999389648438,185.5399932861328,267769,0
2026-07-06 10:00:00-04:00,185.67999267578125,187.17999267578125,185.3300018310547,186.53500366210938,168175,0
2026-07-06 10:05:00-04:00,186.53500366210938,187.27999877929688,186.02000427246094,187.13499450683594,159352,0
2026-07-06 10:10:00-04:00,187.0,187.3000030517578,186.6199951171875,186.6999969482422,124374,0
2026-07-06 10:15:00-04:00,186.7050018310547,187.58180236816406,186.52000427246094,186.89999389648438,154280,0
2026-07-06 10:20:00-04:00,186.9199981689453,187.14999389648438,185.8000030517578,186.33999633789062,111847,0
2026-07-06 10:25:00-04:00,186.38999938964844,186.89999389648438,186.0500030517578,186.3699951171875,101036,0
2026-07-06 10:30:00-04:00,186.5,187.05999755859375,186.30999755859375,186.92999267578125,96227,0
2026-07-06 10:35:00-04:00,186.875,187.1199951171875,186.22000122070312,186.28500366210938,100537,0
2026-07-06 10:40:00-04:00,186.21499633789062,186.60000610351562,185.85000610351562,186.52499389648438,103427,0
2026-07-06 10:45:00-04:00,186.4499969482422,186.89999389648438,186.26010131835938,186.60000610351562,81294,0
2026-07-06 10:50:00-04:00,186.5,187.05999755859375,186.5,186.6699981689453,110142,0
2026-07-06 10:55:00-04:00,186.6699981689453,186.72500610351562,185.8101043701172,186.72500610351562,105186,0
2026-07-06 11:00:00-04:00,186.67999267578125,187.02999877929688,186.13040161132812,186.9600067138672,207671,0
2026-07-06 11:05:00-04:00,186.93499755859375,187.39999389648438,186.47999572753906,186.48049926757812,171485,0
2026-07-06 11:10:00-04:00,186.5,186.57000732421875,185.4600067138672,185.72000122070312,127615,0
2026-07-06 11:15:00-04:00,185.67999267578125,185.75999450683594,184.60000610351562,184.84500122070312,163753,0
2026-07-06 11:20:00-04:00,184.9199981689453,185.58999633789062,184.57000732421875,185.2050018310547,96556,0
2026-07-06 11:25:00-04:00,185.3000030517578,186.73500061035156,185.3000030517578,186.63499450683594,118819,0
2026-07-06 11:30:00-04:00,186.6898956298828,186.94000244140625,186.4600067138672,186.83999633789062,86204,0
2026-07-06 11:35:00-04:00,186.7899932861328,187.35499572753906,186.52999877929688,187.25169372558594,122113,0
2026-07-06 11:40:00-04:00,187.13009643554688,187.8000030517578,186.8800048828125,187.8000030517578,107470,0
2026-07-06 11:45:00-04:00,187.75,188.39999389648438,187.75,188.1602020263672,185209,0
2026-07-06 11:50:00-04:00,188.1750030517578,188.38999938964844,187.1300048828125,187.42999267578125,132755,0
2026-07-06 11:55:00-04:00,187.4199981689453,187.76780700683594,187.27000427246094,187.4199981689453,94912,0
2026-07-06 12:00:00-04:00,187.4199981689453,187.7794952392578,187.1699981689453,187.3350067138672,90864,0
2026-07-06 12:05:00-04:00,187.3800048828125,188.4799041748047,187.35499572753906,188.22999572753906,115322,0
2026-07-06 12:10:00-04:00,188.21499633789062,188.6699981689453,188.1699981689453,188.30499267578125,101836,0
2026-07-06 12:15:00-04:00,188.33999633789062,188.44000244140625,187.88999938964844,188.17999267578125,70733,0
2026-07-06 12:20:00-04:00,188.18499755859375,188.25,187.69000244140625,188.02999877929688,83093,0
2026-07-06 12:25:00-04:00,188.0,188.00999450683594,187.6199951171875,187.6999969482422,75631,0
2026-07-06 12:30:00-04:00,187.6999969482422,188.00999450683594,187.5500946044922,187.6999969482422,81828,0
2026-07-06 12:35:00-04:00,187.6300048828125,187.8800048828125,187.3524932861328,187.57000732421875,101060,0
2026-07-06 12:40:00-04:00,187.56500244140625,187.75999450683594,187.42999267578125,187.5449981689453,55240,0
2026-07-06 12:45:00-04:00,187.5399932861328,187.5449981689453,187.0500030517578,187.42999267578125,66667,0
2026-07-06 12:50:00-04:00,187.44500732421875,187.51930236816406,187.27000427246094,187.33999633789062,50444,0
2026-07-06 12:55:00-04:00,187.38999938964844,187.50999450683594,187.14869689941406,187.32000732421875,52979,0
2026-07-06 13:00:00-04:00,187.25,187.389892578125,186.61000061035156,186.86000061035156,85297,0
2026-07-06 13:05:00-04:00,186.86000061035156,187.889892578125,186.80999755859375,187.8300018310547,71497,0
2026-07-06 13:10:00-04:00,187.85000610351562,187.90499877929688,187.52000427246094,187.6699981689453,49251,0
2026-07-06 13:15:00-04:00,187.6699981689453,187.77000427246094,187.1999969482422,187.3350067138672,64912,0
2026-07-06 13:20:00-04:00,187.27999877929688,187.3800048828125,186.74009704589844,186.9550018310547,65564,0
2026-07-06 13:25:00-04:00,186.9550018310547,187.22999572753906,186.61129760742188,186.6750030517578,72909,0
2026-07-06 13:30:00-04:00,186.6699981689453,186.72500610351562,185.66000366210938,186.02000427246094,93175,0
2026-07-06 13:35:00-04:00,186.0500030517578,186.22000122070312,185.6999969482422,185.9499969482422,64499,0
2026-07-06 13:40:00-04:00,185.85000610351562,185.91000366210938,185.42999267578125,185.85499572753906,76183,0
2026-07-06 13:45:00-04:00,185.80999755859375,186.13999938964844,185.5800018310547,186.0800018310547,70182,0
2026-07-06 13:50:00-04:00,186.14999389648438,186.34429931640625,185.56500244140625,185.80999755859375,87653,0
2026-07-06 13:55:00-04:00,185.85000610351562,185.91000366210938,185.39999389648438,185.59500122070312,68032,0
2026-07-06 14:00:00-04:00,185.61000061035156,186.11000061035156,185.49000549316406,185.9600067138672,74211,0
2026-07-06 14:05:00-04:00,185.99000549316406,186.51499938964844,185.88499450683594,186.50999450683594,78631,0
2026-07-06 14:10:00-04:00,186.51499938964844,186.52999877929688,186.10000610351562,186.10000610351562,54207,0
2026-07-06 14:15:00-04:00,186.125,186.61000061035156,186.1199951171875,186.50999450683594,69022,0
2026-07-06 14:20:00-04:00,186.5399932861328,186.57000732421875,186.2899932861328,186.33999633789062,54413,0
2026-07-06 14:25:00-04:00,186.3300018310547,186.3699951171875,185.6999969482422,185.7449951171875,67067,0
2026-07-06 14:30:00-04:00,185.74000549316406,185.8249969482422,185.36000061035156,185.61000061035156,76513,0
2026-07-06 14:35:00-04:00,185.61500549316406,185.9149932861328,185.5500030517578,185.6699981689453,46722,0
2026-07-06 14:40:00-04:00,185.69000244140625,186.1199951171875,185.6300048828125,186.0,62204,0
2026-07-06 14:45:00-04:00,185.99000549316406,186.49000549316406,185.8300018310547,185.97999572753906,61422,0
2026-07-06 14:50:00-04:00,185.97999572753906,186.1999969482422,185.7301025390625,185.81500244140625,105525,0
2026-07-06 14:55:00-04:00,185.94000244140625,186.19000244140625,185.86500549316406,186.13499450683594,58551,0
2026-07-06 15:00:00-04:00,186.10000610351562,186.35000610351562,185.75,185.8699951171875,72355,0
2026-07-06 15:05:00-04:00,185.86000061035156,186.3000030517578,185.80999755859375,186.22000122070312,106258,0
2026-07-06 15:10:00-04:00,186.21499633789062,186.97000122070312,186.21499633789062,186.5500030517578,153882,0
2026-07-06 15:15:00-04:00,186.5500030517578,186.97999572753906,186.33999633789062,186.67999267578125,101214,0
2026-07-06 15:20:00-04:00,186.6699981689453,187.22000122070312,186.55999755859375,186.8800048828125,106914,0
2026-07-06 15:25:00-04:00,186.8800048828125,186.9499969482422,186.2100067138672,186.27999877929688,110037,0
2026-07-06 15:30:00-04:00,186.27999877929688,186.27999877929688,185.0500030517578,185.91000366210938,183542,0
2026-07-06 15:35:00-04:00,185.8800048828125,186.1699981689453,185.39999389648438,185.77499389648438,102564,0
2026-07-06 15:40:00-04:00,185.72000122070312,186.3300018310547,185.66000366210938,186.06500244140625,110557,0
2026-07-06 15:45:00-04:00,186.06500244140625,186.5,186.00999450683594,186.2550048828125,148405,0
2026-07-06 15:50:00-04:00,186.22000122070312,186.4600067138672,185.6699981689453,185.72000122070312,446138,0
2026-07-06 15:55:00-04:00,185.74000549316406,187.11000061035156,185.72000122070312,186.4600067138672,869933,0
2026-07-07 09:30:00-04:00,179.0,184.52000427246094,179.0,183.1199951171875,708002,0
2026-07-07 09:35:00-04:00,183.47000122070312,185.02000427246094,182.38999938964844,184.64999389648438,220790,0
2026-07-07 09:40:00-04:00,184.69009399414062,185.8800048828125,183.99749755859375,185.76499938964844,187659,0
2026-07-07 09:45:00-04:00,185.66000366210938,185.69000244140625,182.8800048828125,183.05999755859375,195427,0
2026-07-07 09:50:00-04:00,183.2899932861328,183.4949951171875,182.30999755859375,182.61500549316406,206615,0
2026-07-07 09:55:00-04:00,182.75999450683594,183.58999633789062,181.75,183.10499572753906,217027,0
2026-07-07 10:00:00-04:00,182.86000061035156,183.58999633789062,182.72000122070312,183.1699981689453,133048,0
2026-07-07 10:05:00-04:00,183.1199951171875,183.27499389648438,182.0500030517578,182.5850067138672,113881,0
2026-07-07 10:10:00-04:00,182.47999572753906,182.47999572753906,181.11000061035156,181.3000030517578,174232,0
2026-07-07 10:15:00-04:00,181.38999938964844,181.77999877929688,180.6300048828125,181.6649932861328,312534,0
2026-07-07 10:20:00-04:00,181.6649932861328,182.07000732421875,179.64999389648438,179.75,315260,0
2026-07-07 10:25:00-04:00,179.8000030517578,180.7100067138672,179.3000030517578,180.7100067138672,167277,0
2026-07-07 10:30:00-04:00,180.7100067138672,181.08929443359375,179.8800048828125,180.2899932861328,107414,0
2026-07-07 10:35:00-04:00,180.2899932861328,180.5,179.88999938964844,179.97000122070312,118149,0
2026-07-07 10:40:00-04:00,180.02999877929688,180.11000061035156,179.19000244140625,179.22999572753906,225031,0
2026-07-07 10:45:00-04:00,179.44000244140625,180.94000244140625,179.37049865722656,180.39500427246094,105839,0
2026-07-07 10:50:00-04:00,180.52999877929688,181.17999267578125,180.16000366210938,180.57510375976562,167616,0
2026-07-07 10:55:00-04:00,180.67999267578125,181.39999389648438,180.5399932861328,180.69000244140625,125385,0
2026-07-07 11:00:00-04:00,180.5500030517578,181.14500427246094,180.0800018310547,180.5399932861328,118608,0
2026-07-07 11:05:00-04:00,180.6300048828125,180.88999938964844,179.94000244140625,180.58999633789062,94058,0
2026-07-07 11:10:00-04:00,180.58999633789062,181.1300048828125,180.50999450683594,180.7449951171875,83807,0
2026-07-07 11:15:00-04:00,180.64999389648438,180.64999389648438,179.6699981689453,179.6699981689453,74842,0
2026-07-07 11:20:00-04:00,179.6699981689453,181.0850067138672,179.6699981689453,180.2100067138672,181702,0
2026-07-07 11:25:00-04:00,180.33999633789062,181.62420654296875,180.22000122070312,181.61500549316406,97983,0
2026-07-07 11:30:00-04:00,181.60000610351562,181.75,180.80499267578125,180.9499969482422,101134,0
2026-07-07 11:35:00-04:00,180.80999755859375,181.02999877929688,180.38999938964844,180.55499267578125,87903,0
2026-07-07 11:40:00-04:00,180.52000427246094,180.97000122070312,180.02000427246094,180.97000122070312,90220,0
2026-07-07 11:45:00-04:00,180.86500549316406,181.6199951171875,180.86500549316406,181.0399932861328,130502,0
2026-07-07 11:50:00-04:00,181.0531005859375,181.8300018310547,181.0531005859375,181.4250030517578,101368,0
2026-07-07 11:55:00-04:00,181.4499969482422,182.3300018310547,181.02000427246094,182.2200927734375,99757,0
2026-07-07 12:00:00-04:00,182.30999755859375,182.69500732421875,182.0,182.38999938964844,96354,0
2026-07-07 12:05:00-04:00,182.32000732421875,182.67999267578125,181.9499969482422,182.31199645996094,73324,0
2026-07-07 12:10:00-04:00,182.3699951171875,183.32000732421875,182.31500244140625,183.22000122070312,111099,0
2026-07-07 12:15:00-04:00,183.22000122070312,183.22000122070312,182.65499877929688,182.80999755859375,70510,0
2026-07-07 12:20:00-04:00,182.78500366210938,183.72000122070312,182.78500366210938,183.24000549316406,91288,0
2026-07-07 12:25:00-04:00,183.1699981689453,183.83999633789062,183.0800018310547,183.7899932861328,96424,0
2026-07-07 12:30:00-04:00,183.7100067138672,184.00999450683594,183.02999877929688,183.32000732421875,118134,0
2026-07-07 12:35:00-04:00,183.27499389648438,183.3699951171875,182.52000427246094,182.66000366210938,70403,0
2026-07-07 12:40:00-04:00,182.52999877929688,183.07000732421875,182.33999633789062,183.03500366210938,65005,0
2026-07-07 12:45:00-04:00,182.9600067138672,183.34500122070312,182.82000732421875,183.10000610351562,54905,0
2026-07-07 12:50:00-04:00,183.17999267578125,183.44000244140625,182.9001007080078,183.0,67371,0
2026-07-07 12:55:00-04:00,183.02000427246094,183.02000427246094,182.27999877929688,182.72000122070312,57762,0
2026-07-07 13:00:00-04:00,182.625,183.33999633789062,182.4949951171875,183.2449951171875,61332,0
2026-07-07 13:05:00-04:00,183.2550048828125,183.74000549316406,183.16000366210938,183.48500061035156,62582,0
2026-07-07 13:10:00-04:00,183.3699951171875,183.50990295410156,183.0,183.1199951171875,67556,0
2026-07-07 13:15:00-04:00,183.08999633789062,183.09500122070312,182.72000122070312,182.92010498046875,56122,0
2026-07-07 13:20:00-04:00,182.9199981689453,183.61000061035156,182.64999389648438,183.39500427246094,49347,0
2026-07-07 13:25:00-04:00,183.30999755859375,183.30999755859375,182.77999877929688,182.82000732421875,41799,0
2026-07-07 13:30:00-04:00,182.8800048828125,183.4199981689453,182.82009887695312,183.22000122070312,45564,0
2026-07-07 13:35:00-04:00,183.21499633789062,183.60000610351562,183.0800018310547,183.57000732421875,45078,0
2026-07-07 13:40:00-04:00,183.52999877929688,183.9499969482422,183.4949951171875,183.77999877929688,62478,0
2026-07-07 13:45:00-04:00,183.7899932861328,183.83999633789062,183.24000549316406,183.52000427246094,42994,0
2026-07-07 13:50:00-04:00,183.3800048828125,183.8000030517578,183.25,183.60000610351562,40225,0
2026-07-07 13:55:00-04:00,183.63999938964844,183.86000061035156,183.52000427246094,183.86000061035156,35188,0
2026-07-07 14:00:00-04:00,183.92999267578125,184.0,183.25,183.50999450683594,66866,0
2026-07-07 14:05:00-04:00,183.5625,183.66000366210938,182.90499877929688,183.0,60934,0
2026-07-07 14:10:00-04:00,182.92999267578125,183.19000244140625,182.86000061035156,183.125,47678,0
2026-07-07 14:15:00-04:00,183.10000610351562,183.10000610351562,182.82000732421875,183.00999450683594,45557,0
2026-07-07 14:20:00-04:00,183.0399932861328,183.14999389648438,182.89500427246094,183.0399932861328,42340,0
2026-07-07 14:25:00-04:00,183.02999877929688,183.27999877929688,182.77999877929688,182.8000030517578,57737,0
2026-07-07 14:30:00-04:00,182.8800048828125,182.97999572753906,182.52999877929688,182.83999633789062,62530,0
2026-07-07 14:35:00-04:00,182.77000427246094,182.85000610351562,182.50999450683594,182.71499633789062,42223,0
2026-07-07 14:40:00-04:00,182.72000122070312,182.72000122070312,182.14999389648438,182.33999633789062,51708,0
2026-07-07 14:45:00-04:00,182.27000427246094,182.5399932861328,181.77000427246094,182.1649932861328,66251,0
2026-07-07 14:50:00-04:00,182.07000732421875,182.14999389648438,181.63999938964844,182.0500030517578,57721,0
2026-07-07 14:55:00-04:00,182.1300048828125,182.13999938964844,181.5399932861328,181.5399932861328,66058,0
2026-07-07 15:00:00-04:00,181.6999969482422,181.77000427246094,180.97000122070312,181.7100067138672,84982,0
2026-07-07 15:05:00-04:00,181.7760009765625,182.2899932861328,180.86000061035156,180.94000244140625,113429,0
2026-07-07 15:10:00-04:00,180.88999938964844,181.25,180.42010498046875,180.8699951171875,139047,0
2026-07-07 15:15:00-04:00,180.86500549316406,180.8699951171875,180.13999938964844,180.69000244140625,136222,0
2026-07-07 15:20:00-04:00,180.7899932861328,180.96499633789062,180.44000244140625,180.65499877929688,113853,0
2026-07-07 15:25:00-04:00,180.5800018310547,181.04949951171875,180.16000366210938,180.8249969482422,116122,0
2026-07-07 15:30:00-04:00,180.77999877929688,181.99000549316406,180.6699981689453,181.72500610351562,200771,0
2026-07-07 15:35:00-04:00,181.64999389648438,181.73500061035156,180.5500030517578,180.97999572753906,128955,0
2026-07-07 15:40:00-04:00,180.97500610351562,181.0399932861328,180.52000427246094,180.63499450683594,134122,0
2026-07-07 15:45:00-04:00,180.6501007080078,180.83999633789062,180.2899932861328,180.53500366210938,185816,0
2026-07-07 15:50:00-04:00,180.5800018310547,180.94000244140625,179.7899932861328,180.72999572753906,378118,0
2026-07-07 15:55:00-04:00,180.85000610351562,183.1699981689453,180.82000732421875,182.9499969482422,1045632,0
2026-07-08 09:30:00-04:00,180.5050048828125,185.2050018310547,180.5050048828125,184.33999633789062,1042413,0
2026-07-08 09:35:00-04:00,184.2949981689453,185.4199981689453,183.17999267578125,184.5749969482422,167370,0
2026-07-08 09:40:00-04:00,184.55999755859375,185.32000732421875,183.60000610351562,184.35000610351562,148644,0
2026-07-08 09:45:00-04:00,184.36000061035156,185.16000366210938,183.52499389648438,183.65499877929688,184666,0
2026-07-08 09:50:00-04:00,183.63499450683594,185.25999450683594,183.25,184.83999633789062,106758,0
2026-07-08 09:55:00-04:00,184.8800048828125,185.89999389648438,184.25999450683594,185.6551055908203,135124,0
2026-07-08 10:00:00-04:00,185.6300048828125,185.89999389648438,183.7949981689453,184.3249969482422,136593,0
2026-07-08 10:05:00-04:00,184.55499267578125,184.55499267578125,183.72999572753906,184.28500366210938,100102,0
2026-07-08 10:10:00-04:00,184.27999877929688,184.4698944091797,182.6699981689453,183.2449951171875,115651,0
2026-07-08 10:15:00-04:00,183.22000122070312,184.05999755859375,182.6699981689453,183.85220336914062,87665,0
2026-07-08 10:20:00-04:00,183.69000244140625,184.44000244140625,183.13999938964844,183.9949951171875,99495,0
2026-07-08 10:25:00-04:00,183.9499969482422,184.16000366210938,183.0572052001953,183.58180236816406,91686,0
2026-07-08 10:30:00-04:00,183.77000427246094,184.0399932861328,183.14999389648438,183.85000610351562,81409,0
2026-07-08 10:35:00-04:00,183.80499267578125,184.11500549316406,183.0500030517578,183.6699981689453,79469,0
2026-07-08 10:40:00-04:00,183.72500610351562,184.3300018310547,183.3800048828125,184.2449951171875,80752,0
2026-07-08 10:45:00-04:00,184.18499755859375,184.22999572753906,182.7100067138672,182.75,73269,0
2026-07-08 10:50:00-04:00,182.9600067138672,184.72999572753906,182.5,184.05999755859375,152855,0
2026-07-08 10:55:00-04:00,184.07749938964844,184.7100067138672,183.7301025390625,184.08999633789062,82780,0
2026-07-08 11:00:00-04:00,184.08999633789062,184.41000366210938,183.44000244140625,183.52999877929688,50290,0
2026-07-08 11:05:00-04:00,183.63999938964844,184.40499877929688,183.63999938964844,184.2100067138672,52451,0
2026-07-08 11:10:00-04:00,184.10000610351562,184.3300018310547,183.24000549316406,183.38999938964844,60120,0
2026-07-08 11:15:00-04:00,183.5,183.77999877929688,182.72000122070312,183.60000610351562,86364,0
2026-07-08 11:20:00-04:00,183.52999877929688,183.5500030517578,182.3000030517578,182.39999389648438,69831,0
2026-07-08 11:25:00-04:00,182.47999572753906,182.64999389648438,181.99000549316406,182.11000061035156,103549,0
2026-07-08 11:30:00-04:00,182.11000061035156,183.4490966796875,182.0800018310547,183.3300018310547,94053,0
2026-07-08 11:35:00-04:00,183.35499572753906,183.86000061035156,183.14999389648438,183.24000549316406,53980,0
2026-07-08 11:40:00-04:00,183.22999572753906,183.66000366210938,183.17999267578125,183.42999267578125,40784,0
2026-07-08 11:45:00-04:00,183.3800048828125,183.3800048828125,182.74000549316406,182.9949951171875,70766,0
2026-07-08 11:50:00-04:00,182.97000122070312,182.97000122070312,182.1199951171875,182.61000061035156,50821,0
2026-07-08 11:55:00-04:00,182.61500549316406,182.97000122070312,182.3800048828125,182.889892578125,56519,0
2026-07-08 12:00:00-04:00,182.80999755859375,183.1999969482422,182.24000549316406,182.50999450683594,71340,0
2026-07-08 12:05:00-04:00,182.5500030517578,183.24000549316406,182.375,183.125,98613,0
2026-07-08 12:10:00-04:00,183.125,184.27000427246094,183.125,184.00509643554688,81523,0
2026-07-08 12:15:00-04:00,184.0449981689453,184.35000610351562,183.72000122070312,184.0574951171875,46114,0
2026-07-08 12:20:00-04:00,184.10499572753906,185.11000061035156,184.10499572753906,184.27499389648438,93484,0
2026-07-08 12:25:00-04:00,184.28500366210938,184.77000427246094,184.14999389648438,184.4062042236328,47043,0
2026-07-08 12:30:00-04:00,184.3800048828125,184.99000549316406,184.0,184.02000427246094,52303,0
2026-07-08 12:35:00-04:00,184.11500549316406,184.61000061035156,183.94000244140625,184.5,48312,0
2026-07-08 12:40:00-04:00,184.3699951171875,185.52000427246094,184.3699951171875,185.3699951171875,83182,0
2026-07-08 12:45:00-04:00,185.3300018310547,186.3000030517578,185.02999877929688,186.2449951171875,89921,0
2026-07-08 12:50:00-04:00,186.1999969482422,186.84500122070312,186.110107421875,186.40499877929688,217766,0
2026-07-08 12:55:00-04:00,186.40499877929688,186.5,185.94000244140625,186.31500244140625,67692,0
2026-07-08 13:00:00-04:00,186.34500122070312,186.34500122070312,185.6999969482422,185.8300018310547,62265,0
2026-07-08 13:05:00-04:00,185.77000427246094,186.3000030517578,185.6999969482422,185.75,47112,0
2026-07-08 13:10:00-04:00,185.77999877929688,186.0,185.3300018310547,185.3300018310547,52776,0
2026-07-08 13:15:00-04:00,185.3000030517578,185.72000122070312,185.21009826660156,185.63999938964844,41913,0
2026-07-08 13:20:00-04:00,185.72000122070312,186.10000610351562,185.5800018310547,186.0998992919922,37953,0
2026-07-08 13:25:00-04:00,186.0500030517578,186.63999938964844,186.0500030517578,186.5399932861328,52677,0
2026-07-08 13:30:00-04:00,186.52000427246094,186.70989990234375,186.2100067138672,186.2100067138672,57078,0
2026-07-08 13:35:00-04:00,186.14999389648438,186.24000549316406,185.86000061035156,186.00999450683594,39402,0
2026-07-08 13:40:00-04:00,185.86000061035156,185.91000366210938,185.5,185.5,51421,0
2026-07-08 13:45:00-04:00,185.47000122070312,185.47500610351562,184.85000610351562,185.11000061035156,65565,0
2026-07-08 13:50:00-04:00,185.0800018310547,185.49000549316406,185.0500030517578,185.34500122070312,48341,0
2026-07-08 13:55:00-04:00,185.34500122070312,185.66990661621094,185.16000366210938,185.55499267578125,67628,0
2026-07-08 14:00:00-04:00,185.5500030517578,186.63999938964844,185.35499572753906,186.5500030517578,57150,0
2026-07-08 14:05:00-04:00,186.5500030517578,186.69500732421875,186.19009399414062,186.69500732421875,50329,0
2026-07-08 14:10:00-04:00,186.7100067138672,186.75999450683594,186.39999389648438,186.49000549316406,47250,0
2026-07-08 14:15:00-04:00,186.47000122070312,186.55999755859375,186.2200927734375,186.47999572753906,42675,0
2026-07-08 14:20:00-04:00,186.431396484375,186.58999633789062,186.2270965576172,186.2270965576172,51275,0
2026-07-08 14:25:00-04:00,186.2050018310547,186.32249450683594,185.9102020263672,185.9102020263672,37078,0
2026-07-08 14:30:00-04:00,185.88999938964844,186.0,185.61000061035156,185.69509887695312,50708,0
2026-07-08 14:35:00-04:00,185.69500732421875,186.14999389648438,185.69500732421875,185.92999267578125,34171,0
2026-07-08 14:40:00-04:00,186.0,186.02999877929688,185.6199951171875,185.8699951171875,51503,0
2026-07-08 14:45:00-04:00,185.83999633789062,185.83999633789062,185.39999389648438,185.672607421875,40848,0
2026-07-08 14:50:00-04:00,185.63999938964844,185.93870544433594,185.42999267578125,185.44000244140625,72679,0
2026-07-08 14:55:00-04:00,185.4550018310547,185.4698944091797,185.25999450683594,185.35499572753906,47744,0
2026-07-08 15:00:00-04:00,185.35000610351562,185.64999389648438,185.27999877929688,185.49000549316406,55969,0
2026-07-08 15:05:00-04:00,185.47500610351562,185.7449951171875,185.02000427246094,185.7449951171875,76174,0
2026-07-08 15:10:00-04:00,185.72999572753906,185.74000549316406,185.3300018310547,185.40499877929688,73825,0
2026-07-08 15:15:00-04:00,185.39500427246094,185.89950561523438,185.35000610351562,185.45050048828125,91122,0
2026-07-08 15:20:00-04:00,185.42999267578125,185.8000030517578,185.35000610351562,185.5,80231,0
2026-07-08 15:25:00-04:00,185.5,185.69000244140625,185.39999389648438,185.5,68047,0
2026-07-08 15:30:00-04:00,185.4949951171875,185.5800018310547,184.55499267578125,184.77999877929688,152237,0
2026-07-08 15:35:00-04:00,184.75,185.22000122070312,184.63999938964844,185.10000610351562,90908,0
2026-07-08 15:40:00-04:00,185.11000061035156,185.2100067138672,184.82000732421875,185.2100067138672,92237,0
2026-07-08 15:45:00-04:00,185.1999969482422,185.5399932861328,185.1999969482422,185.27999877929688,127977,0
2026-07-08 15:50:00-04:00,185.25999450683594,186.4199981689453,184.50999450683594,186.3249969482422,292049,0
2026-07-08 15:55:00-04:00,186.27999877929688,187.11000061035156,186.0399932861328,186.5399932861328,988175,0
2026-07-09 09:30:00-04:00,192.4600067138672,193.19500732421875,189.64999389648438,190.22999572753906,762394,0
2026-07-09 09:35:00-04:00,190.3699951171875,191.24000549316406,189.00999450683594,190.8249969482422,285047,0
2026-07-09 09:40:00-04:00,190.72999572753906,191.98989868164062,190.58999633789062,191.27000427246094,209764,0
2026-07-09 09:45:00-04:00,191.27000427246094,192.3699951171875,190.47999572753906,191.02499389648438,184048,0
2026-07-09 09:50:00-04:00,190.85000610351562,191.5294952392578,190.30999755859375,190.4499969482422,125299,0
2026-07-09 09:55:00-04:00,190.55499267578125,190.77000427246094,189.94500732421875,190.4801025390625,130405,0
2026-07-09 10:00:00-04:00,190.47999572753906,190.9199981689453,190.13999938964844,190.75999450683594,111694,0
2026-07-09 10:05:00-04:00,190.77999877929688,191.8300018310547,190.77999877929688,191.5399932861328,214420,0
2026-07-09 10:10:00-04:00,191.4600067138672,191.82000732421875,190.6999969482422,191.2050018310547,158112,0
2026-07-09 10:15:00-04:00,191.19000244140625,191.19000244140625,189.09500122070312,189.2050018310547,172050,0
2026-07-09 10:20:00-04:00,189.2050018310547,190.39990234375,187.44000244140625,190.17999267578125,279746,0
2026-07-09 10:25:00-04:00,190.2550048828125,191.16949462890625,189.88499450683594,190.72000122070312,133071,0
2026-07-09 10:30:00-04:00,190.8699951171875,190.97999572753906,189.72000122070312,190.8000030517578,95117,0
2026-07-09 10:35:00-04:00,190.8249969482422,191.64999389648438,190.82000732421875,191.57000732421875,153746,0
2026-07-09 10:40:00-04:00,191.5399932861328,193.02999877929688,191.52720642089844,192.89500427246094,229171,0
2026-07-09 10:45:00-04:00,192.75999450683594,194.2949981689453,192.39999389648438,193.125,294390,0
2026-07-09 10:50:00-04:00,193.02999877929688,193.52999877929688,192.05999755859375,192.69500732421875,133820,0
2026-07-09 10:55:00-04:00,192.9250030517578,193.88999938964844,192.30999755859375,193.52749633789062,140647,0
2026-07-09 11:00:00-04:00,193.60000610351562,193.94000244140625,192.7100067138672,193.69000244140625,99447,0
2026-07-09 11:05:00-04:00,193.61000061035156,194.39999389648438,193.24000549316406,194.22999572753906,163485,0
2026-07-09 11:10:00-04:00,194.22999572753906,195.61000061035156,194.0800018310547,195.3000030517578,325549,0
2026-07-09 11:15:00-04:00,195.16000366210938,195.4199981689453,194.8000946044922,195.09500122070312,142520,0
2026-07-09 11:20:00-04:00,195.13999938964844,195.69000244140625,194.66000366210938,195.69000244140625,119249,0
2026-07-09 11:25:00-04:00,195.8000030517578,196.08999633789062,194.9199981689453,195.02999877929688,212635,0
2026-07-09 11:30:00-04:00,195.0,195.0,193.66009521484375,193.75999450683594,118134,0
2026-07-09 11:35:00-04:00,193.7895050048828,194.1199951171875,193.35499572753906,194.08999633789062,74313,0
2026-07-09 11:40:00-04:00,194.1199951171875,194.72950744628906,193.92379760742188,194.5500030517578,73133,0
2026-07-09 11:45:00-04:00,194.4600067138672,194.84500122070312,194.3300018310547,194.6699981689453,67051,0
2026-07-09 11:50:00-04:00,194.789794921875,195.02000427246094,194.74049377441406,194.9600067138672,60901,0
2026-07-09 11:55:00-04:00,194.91000366210938,194.9698944091797,194.24009704589844,194.41000366210938,67239,0
2026-07-09 12:00:00-04:00,194.5500030517578,194.99000549316406,194.3000030517578,194.83999633789062,67648,0
2026-07-09 12:05:00-04:00,194.875,194.96499633789062,194.4149932861328,194.4149932861328,59460,0
2026-07-09 12:10:00-04:00,194.42999267578125,194.44500732421875,193.92999267578125,194.0,62397,0
2026-07-09 12:15:00-04:00,193.96499633789062,193.96499633789062,193.22000122070312,193.22000122070312,67707,0
2026-07-09 12:20:00-04:00,193.26499938964844,193.4199981689453,192.92999267578125,192.93499755859375,96559,0
2026-07-09 12:25:00-04:00,192.89500427246094,192.91000366210938,192.25999450683594,192.3350067138672,90530,0
2026-07-09 12:30:00-04:00,192.3800048828125,192.8300018310547,192.25999450683594,192.31500244140625,93793,0
2026-07-09 12:35:00-04:00,192.3300018310547,192.52999877929688,191.88900756835938,192.42999267578125,88611,0
2026-07-09 12:40:00-04:00,192.4199981689453,192.9156951904297,192.4199981689453,192.6300048828125,131991,0
2026-07-09 12:45:00-04:00,192.61000061035156,192.625,191.92999267578125,191.92999267578125,67449,0
2026-07-09 12:50:00-04:00,191.94000244140625,192.1699981689453,191.92999267578125,192.1699981689453,68344,0
2026-07-09 12:55:00-04:00,192.11000061035156,192.22000122070312,191.77999877929688,192.05999755859375,66290,0
2026-07-09 13:00:00-04:00,192.13999938964844,192.25999450683594,191.7899932861328,191.9199981689453,48291,0
2026-07-09 13:05:00-04:00,191.88999938964844,192.63999938964844,191.83999633789062,192.3699951171875,65856,0
2026-07-09 13:10:00-04:00,192.3699951171875,192.70680236816406,192.32000732421875,192.3800048828125,35961,0
2026-07-09 13:15:00-04:00,192.4499969482422,192.58999633789062,192.27999877929688,192.41009521484375,44431,0
2026-07-09 13:20:00-04:00,192.47000122070312,192.6649932861328,192.2899932861328,192.4199981689453,54658,0
2026-07-09 13:25:00-04:00,192.47000122070312,192.6199951171875,192.2550048828125,192.44000244140625,68604,0
2026-07-09 13:30:00-04:00,192.4600067138672,192.47999572753906,191.9600067138672,192.0399932861328,55737,0
2026-07-09 13:35:00-04:00,192.0399932861328,192.39999389648438,191.9499969482422,192.19000244140625,54161,0
2026-07-09 13:40:00-04:00,192.1999969482422,192.53990173339844,192.14999389648438,192.50999450683594,46202,0
2026-07-09 13:45:00-04:00,192.47999572753906,192.51499938964844,192.1699981689453,192.1699981689453,35378,0
2026-07-09 13:50:00-04:00,192.13999938964844,192.17999267578125,191.92999267578125,191.9600067138672,71807,0
2026-07-09 13:55:00-04:00,191.97999572753906,192.0749969482422,191.50999450683594,191.89999389648438,71528,0
2026-07-09 14:00:00-04:00,191.88999938964844,191.97999572753906,191.10000610351562,191.22999572753906,66668,0
2026-07-09 14:05:00-04:00,191.22500610351562,191.7100067138672,191.1699981689453,191.7100067138672,48015,0
2026-07-09 14:10:00-04:00,191.63999938964844,191.82000732421875,191.41000366210938,191.80999755859375,642218,0
2026-07-09 14:15:00-04:00,191.82000732421875,191.8699951171875,191.50999450683594,191.66000366210938,65849,0
2026-07-09 14:20:00-04:00,191.61500549316406,191.69000244140625,191.3903045654297,191.4600067138672,51877,0
2026-07-09 14:25:00-04:00,191.4499969482422,191.7050018310547,191.22500610351562,191.41000366210938,50034,0
2026-07-09 14:30:00-04:00,191.49000549316406,191.69000244140625,191.35000610351562,191.4199981689453,41032,0
2026-07-09 14:35:00-04:00,191.39999389648438,191.75,191.3300018310547,191.75,36588,0
2026-07-09 14:40:00-04:00,191.72000122070312,192.07000732421875,191.66000366210938,192.05999755859375,53454,0
2026-07-09 14:45:00-04:00,191.97999572753906,192.2899932861328,191.92999267578125,192.0399932861328,61519,0
2026-07-09 14:50:00-04:00,192.0399932861328,192.04510498046875,191.74000549316406,191.85000610351562,42707,0
2026-07-09 14:55:00-04:00,191.84500122070312,191.84500122070312,191.38499450683594,191.55999755859375,49631,0
2026-07-09 15:00:00-04:00,191.52000427246094,191.52000427246094,190.23500061035156,190.47999572753906,99158,0
2026-07-09 15:05:00-04:00,190.38499450683594,191.00149536132812,190.22999572753906,190.92999267578125,74987,0
2026-07-09 15:10:00-04:00,190.9199981689453,191.03329467773438,190.6199951171875,190.98500061035156,66893,0
2026-07-09 15:15:00-04:00,191.02999877929688,191.10000610351562,190.5800018310547,191.10000610351562,91692,0
2026-07-09 15:20:00-04:00,191.0500030517578,191.17999267578125,190.77999877929688,190.8800048828125,60258,0
2026-07-09 15:25:00-04:00,190.8350067138672,190.9499969482422,190.50999450683594,190.50999450683594,70662,0
2026-07-09 15:30:00-04:00,190.5,190.5,189.8000030517578,190.16000366210938,164000,0
2026-07-09 15:35:00-04:00,190.1999969482422,190.93760681152344,190.1199951171875,190.8800048828125,94631,0
2026-07-09 15:40:00-04:00,190.91000366210938,190.92999267578125,190.47999572753906,190.63999938964844,79209,0
2026-07-09 15:45:00-04:00,190.63999938964844,190.89999389648438,190.60499572753906,190.6300048828125,93998,0
2026-07-09 15:50:00-04:00,190.27999877929688,190.65499877929688,189.77000427246094,189.86000061035156,199778,0
2026-07-09 15:55:00-04:00,189.83999633789062,191.57000732421875,189.83999633789062,191.0500030517578,705300,0
2026-07-10 09:30:00-04:00,187.50799560546875,188.80999755859375,186.28500366210938,187.24000549316406,493994,0
2026-07-10 09:35:00-04:00,186.97000122070312,187.67999267578125,186.13999938964844,186.84500122070312,105762,0
2026-07-10 09:40:00-04:00,186.75999450683594,187.50999450683594,185.72000122070312,187.1999969482422,148934,0
2026-07-10 09:45:00-04:00,187.3000030517578,188.52000427246094,187.25,188.4499969482422,139995,0
2026-07-10 09:50:00-04:00,188.41929626464844,189.4250030517578,187.92999267578125,188.72000122070312,98248,0
2026-07-10 09:55:00-04:00,188.6143035888672,188.65049743652344,187.44000244140625,187.52999877929688,89751,0
2026-07-10 10:00:00-04:00,187.72000122070312,188.1999053955078,187.25010681152344,187.63499450683594,77468,0
2026-07-10 10:05:00-04:00,187.64010620117188,187.97000122070312,187.1699981689453,187.52499389648438,51782,0
2026-07-10 10:10:00-04:00,188.125,188.22000122070312,187.39500427246094,187.55999755859375,109094,0
2026-07-10 10:15:00-04:00,187.3000030517578,187.3699951171875,186.25010681152344,186.63999938964844,88529,0
2026-07-10 10:20:00-04:00,186.77999877929688,187.5800018310547,186.10499572753906,187.44000244140625,90328,0
2026-07-10 10:25:00-04:00,187.47250366210938,188.11929321289062,187.26010131835938,187.4575958251953,97525,0
2026-07-10 10:30:00-04:00,187.30999755859375,188.6300048828125,185.89999389648438,187.625,165279,0
2026-07-10 10:35:00-04:00,187.6300048828125,188.0500030517578,187.1300048828125,187.16000366210938,77248,0
2026-07-10 10:40:00-04:00,187.2899932861328,187.75999450683594,186.72999572753906,187.5207061767578,91356,0
2026-07-10 10:45:00-04:00,187.67999267578125,187.8800048828125,187.22000122070312,187.69000244140625,57275,0
2026-07-10 10:50:00-04:00,187.70599365234375,187.8800048828125,187.3800048828125,187.3800048828125,47443,0
2026-07-10 10:55:00-04:00,187.36000061035156,187.4199981689453,187.02000427246094,187.0800018310547,61791,0
2026-07-10 11:00:00-04:00,187.1199951171875,187.2550048828125,186.57000732421875,186.6649932861328,84492,0
2026-07-10 11:05:00-04:00,186.5800018310547,187.41000366210938,186.35000610351562,187.27999877929688,81335,0
2026-07-10 11:10:00-04:00,187.23500061035156,187.5,186.9311981201172,187.42999267578125,37067,0
2026-07-10 11:15:00-04:00,187.49000549316406,188.52999877929688,187.49000549316406,188.4199981689453,73851,0
2026-07-10 11:20:00-04:00,188.47000122070312,188.71499633789062,188.3800048828125,188.47000122070312,62476,0
2026-07-10 11:25:00-04:00,188.52999877929688,189.11000061035156,188.47000122070312,188.83999633789062,83296,0
2026-07-10 11:30:00-04:00,188.89999389648438,188.99000549316406,188.52999877929688,188.63999938964844,55621,0
2026-07-10 11:35:00-04:00,188.75,188.80999755859375,188.14999389648438,188.18499755859375,98911,0
2026-07-10 11:40:00-04:00,188.1999969482422,188.38999938964844,187.8000030517578,188.1750030517578,43091,0
2026-07-10 11:45:00-04:00,188.14999389648438,188.35000610351562,187.85000610351562,188.3000030517578,38636,0
2026-07-10 11:50:00-04:00,188.22000122070312,188.5800018310547,188.15499877929688,188.41050720214844,33633,0
2026-07-10 11:55:00-04:00,188.4949951171875,188.57000732421875,188.16000366210938,188.50999450683594,34184,0
2026-07-10 12:00:00-04:00,188.61000061035156,188.9199981689453,188.5225067138672,188.8560028076172,38726,0
2026-07-10 12:05:00-04:00,188.85000610351562,189.0,188.601806640625,188.601806640625,30252,0
2026-07-10 12:10:00-04:00,188.6999969482422,188.7100067138672,188.35000610351562,188.56500244140625,31660,0
2026-07-10 12:15:00-04:00,188.63999938964844,189.4149932861328,188.63999938964844,189.38999938964844,80156,0
2026-07-10 12:20:00-04:00,189.39999389648438,189.46499633789062,189.10000610351562,189.16990661621094,39232,0
2026-07-10 12:25:00-04:00,189.14999389648438,189.35000610351562,188.99000549316406,189.11500549316406,33236,0
2026-07-10 12:30:00-04:00,189.08999633789062,189.1699981689453,188.9149932861328,188.97999572753906,35639,0
2026-07-10 12:35:00-04:00,189.0,189.16000366210938,188.5574951171875,188.72000122070312,54930,0
2026-07-10 12:40:00-04:00,188.72500610351562,188.92999267578125,188.64999389648438,188.67999267578125,27763,0
2026-07-10 12:45:00-04:00,188.7449951171875,189.11000061035156,188.7100067138672,188.88999938964844,41641,0
2026-07-10 12:50:00-04:00,188.88499450683594,188.9600067138672,188.6699981689453,188.77499389648438,32546,0
2026-07-10 12:55:00-04:00,188.7100067138672,188.74000549316406,188.38999938964844,188.42999267578125,37701,0
2026-07-10 13:00:00-04:00,188.3699951171875,188.6300048828125,188.29010009765625,188.61000061035156,27754,0
2026-07-10 13:05:00-04:00,188.60499572753906,189.14500427246094,188.47000122070312,188.75999450683594,47035,0
2026-07-10 13:10:00-04:00,188.73500061035156,189.0,188.73500061035156,189.0,26094,0
2026-07-10 13:15:00-04:00,189.0500030517578,189.10000610351562,188.86000061035156,188.9542999267578,16886,0
2026-07-10 13:20:00-04:00,188.9550018310547,189.01499938964844,188.80999755859375,188.85499572753906,17166,0
2026-07-10 13:25:00-04:00,188.89500427246094,189.2449951171875,188.83999633789062,189.17999267578125,23450,0
2026-07-10 13:30:00-04:00,189.30999755859375,189.60629272460938,189.2050018310547,189.50999450683594,33223,0
2026-07-10 13:35:00-04:00,189.47000122070312,189.84500122070312,189.4199981689453,189.84500122070312,34412,0
2026-07-10 13:40:00-04:00,189.8699951171875,190.19000244140625,189.77000427246094,190.12069702148438,45516,0
2026-07-10 13:45:00-04:00,190.0500030517578,190.1230926513672,189.77000427246094,189.88999938964844,32759,0
2026-07-10 13:50:00-04:00,189.92999267578125,189.92999267578125,189.5800018310547,189.63009643554688,21628,0
2026-07-10 13:55:00-04:00,189.63499450683594,189.66000366210938,189.1999969482422,189.27999877929688,20256,0
2026-07-10 14:00:00-04:00,189.27999877929688,189.43919372558594,189.1999969482422,189.31500244140625,29067,0
2026-07-10 14:05:00-04:00,189.3450927734375,189.47999572753906,189.02499389648438,189.125,31736,0
2026-07-10 14:10:00-04:00,189.19000244140625,189.33999633789062,189.02000427246094,189.0749053955078,32289,0
2026-07-10 14:15:00-04:00,189.00999450683594,189.00999450683594,188.5,188.64999389648438,32443,0
2026-07-10 14:20:00-04:00,188.72999572753906,188.87899780273438,188.4499969482422,188.8300018310547,45125,0
2026-07-10 14:25:00-04:00,188.84129333496094,188.97000122070312,188.4499969482422,188.47500610351562,36211,0
2026-07-10 14:30:00-04:00,188.44000244140625,188.7198944091797,188.38999938964844,188.64010620117188,24178,0
2026-07-10 14:35:00-04:00,188.66000366210938,188.69000244140625,188.5399932861328,188.625,27115,0
2026-07-10 14:40:00-04:00,188.61000061035156,188.66000366210938,188.36000061035156,188.39999389648438,29160,0
2026-07-10 14:45:00-04:00,188.49000549316406,188.69329833984375,188.36000061035156,188.52999877929688,29831,0
2026-07-10 14:50:00-04:00,188.5,188.74000549316406,188.44000244140625,188.5500030517578,35543,0
2026-07-10 14:55:00-04:00,188.5399932861328,188.5800018310547,188.3699951171875,188.4600067138672,23082,0
2026-07-10 15:00:00-04:00,188.5,189.1199951171875,188.4600067138672,188.87010192871094,42318,0
2026-07-10 15:05:00-04:00,188.86500549316406,188.8800048828125,188.38999938964844,188.4499969482422,26746,0
2026-07-10 15:10:00-04:00,188.47999572753906,188.52999877929688,188.22999572753906,188.52999877929688,47274,0
2026-07-10 15:15:00-04:00,188.52999877929688,188.66000366210938,188.25,188.6199951171875,44963,0
2026-07-10 15:20:00-04:00,188.60000610351562,188.6699981689453,188.39999389648438,188.49000549316406,51512,0
2026-07-10 15:25:00-04:00,188.5,188.92999267578125,188.46499633789062,188.64999389648438,84480,0
2026-07-10 15:30:00-04:00,188.60000610351562,189.11000061035156,188.58999633789062,188.77000427246094,90256,0
2026-07-10 15:35:00-04:00,188.80999755859375,188.9250030517578,188.7100067138672,188.8000030517578,63938,0
2026-07-10 15:40:00-04:00,188.8249969482422,189.0500030517578,188.72000122070312,188.85000610351562,50202,0
2026-07-10 15:45:00-04:00,188.89999389648438,189.11000061035156,188.63999938964844,188.63999938964844,76671,0
2026-07-10 15:50:00-04:00,188.6999969482422,188.97000122070312,188.25,188.75999450683594,152698,0
2026-07-10 15:55:00-04:00,188.7100067138672,189.6300048828125,188.6699981689453,189.17999267578125,762198,0
2026-07-13 09:30:00-04:00,185.05999755859375,186.67999267578125,184.3300018310547,186.1750030517578,483264,0
2026-07-13 09:35:00-04:00,186.5749969482422,187.3209991455078,186.02000427246094,186.94259643554688,190416,0
2026-07-13 09:40:00-04:00,186.8300018310547,186.86000061035156,184.0,185.4199981689453,247713,0
2026-07-13 09:45:00-04:00,185.5500030517578,187.60000610351562,185.14999389648438,186.99000549316406,199309,0
2026-07-13 09:50:00-04:00,187.10000610351562,187.39999389648438,185.68499755859375,185.9199981689453,130746,0
2026-07-13 09:55:00-04:00,185.69000244140625,186.34500122070312,184.88999938964844,186.1699981689453,136082,0
2026-07-13 10:00:00-04:00,186.1699981689453,187.33999633789062,185.25999450683594,185.25999450683594,141791,0
2026-07-13 10:05:00-04:00,185.3000030517578,186.0800018310547,184.85360717773438,186.0800018310547,144750,0
2026-07-13 10:10:00-04:00,186.02000427246094,187.24949645996094,185.89999389648438,187.17300415039062,112797,0
2026-07-13 10:15:00-04:00,187.11500549316406,187.34849548339844,185.05999755859375,186.47500610351562,114746,0
2026-07-13 10:20:00-04:00,186.46499633789062,187.5399932861328,186.05999755859375,187.50509643554688,96979,0
2026-07-13 10:25:00-04:00,187.4550018310547,187.97999572753906,187.19000244140625,187.5749969482422,155014,0
2026-07-13 10:30:00-04:00,187.47999572753906,187.92990112304688,186.97999572753906,187.25,44741,0
2026-07-13 10:35:00-04:00,187.4199981689453,187.4199981689453,186.6999969482422,187.05999755859375,61728,0
2026-07-13 10:40:00-04:00,187.1300048828125,187.1300048828125,185.82000732421875,185.82000732421875,54950,0
2026-07-13 10:45:00-04:00,185.90499877929688,186.64999389648438,185.28750610351562,186.4499969482422,99448,0
2026-07-13 10:50:00-04:00,186.52000427246094,186.9600067138672,186.16000366210938,186.27000427246094,64551,0
2026-07-13 10:55:00-04:00,186.2675018310547,187.64999389648438,186.2675018310547,187.64950561523438,60658,0
2026-07-13 11:00:00-04:00,187.61000061035156,188.0500030517578,187.38999938964844,187.4324951171875,72753,0
2026-07-13 11:05:00-04:00,187.46499633789062,187.47000122070312,186.71009826660156,186.8699951171875,74145,0
2026-07-13 11:10:00-04:00,186.85000610351562,187.15499877929688,186.4499969482422,186.4949951171875,53569,0
2026-07-13 11:15:00-04:00,186.4949951171875,187.0800018310547,186.2375030517578,186.89500427246094,68009,0
2026-07-13 11:20:00-04:00,186.94000244140625,187.17999267578125,186.74000549316406,187.08999633789062,49608,0
2026-07-13 11:25:00-04:00,186.99000549316406,187.05999755859375,186.68080139160156,186.80020141601562,35496,0
2026-07-13 11:30:00-04:00,186.77000427246094,187.0800018310547,186.52000427246094,186.75999450683594,59933,0
2026-07-13 11:35:00-04:00,186.77999877929688,186.86500549316406,186.5399932861328,186.71499633789062,23959,0
2026-07-13 11:40:00-04:00,186.6300048828125,186.71499633789062,186.42999267578125,186.58999633789062,34689,0
2026-07-13 11:45:00-04:00,186.64999389648438,186.64999389648438,185.8699951171875,186.27999877929688,67996,0
2026-07-13 11:50:00-04:00,186.3800048828125,186.3800048828125,185.97999572753906,186.1479949951172,36868,0
2026-07-13 11:55:00-04:00,186.22000122070312,186.22000122070312,185.6699981689453,185.8300018310547,49646,0
2026-07-13 12:00:00-04:00,185.6999969482422,186.17999267578125,185.6999969482422,185.8574981689453,26062,0
2026-07-13 12:05:00-04:00,185.875,186.3249969482422,185.74000549316406,186.3249969482422,37089,0
2026-07-13 12:10:00-04:00,186.30499267578125,186.47999572753906,185.82000732421875,185.97999572753906,55694,0
2026-07-13 12:15:00-04:00,185.97000122070312,185.97000122070312,185.38999938964844,185.63999938964844,35122,0
2026-07-13 12:20:00-04:00,185.55999755859375,185.67999267578125,185.4600067138672,185.66000366210938,28460,0
2026-07-13 12:25:00-04:00,185.75,185.75,185.00999450683594,185.30499267578125,60240,0
2026-07-13 12:30:00-04:00,185.4199981689453,185.4199981689453,184.74000549316406,184.8249969482422,62479,0
2026-07-13 12:35:00-04:00,184.8800048828125,185.0399932861328,184.0500030517578,184.86000061035156,124493,0
2026-07-13 12:40:00-04:00,184.8800048828125,185.27999877929688,184.69500732421875,185.14500427246094,46542,0
2026-07-13 12:45:00-04:00,185.14500427246094,185.2949981689453,184.7100067138672,184.7100067138672,51149,0
2026-07-13 12:50:00-04:00,184.75,184.9499969482422,184.22000122070312,184.7100067138672,66617,0
2026-07-13 12:55:00-04:00,184.69000244140625,185.1999969482422,184.42999267578125,185.0500030517578,39834,0
2026-07-13 13:00:00-04:00,184.94749450683594,185.47000122070312,184.8699951171875,185.14999389648438,74546,0
2026-07-13 13:05:00-04:00,185.10000610351562,185.57000732421875,185.01499938964844,185.49000549316406,48427,0
2026-07-13 13:10:00-04:00,185.52999877929688,185.52999877929688,184.91000366210938,185.11500549316406,59263,0
2026-07-13 13:15:00-04:00,185.11500549316406,185.1699981689453,184.69000244140625,185.0,28936,0
2026-07-13 13:20:00-04:00,184.9600067138672,185.08999633789062,184.77000427246094,184.9199981689453,33448,0
2026-07-13 13:25:00-04:00,184.58999633789062,184.82000732421875,184.5,184.82000732421875,52303,0
2026-07-13 13:30:00-04:00,184.76499938964844,185.4199981689453,184.6949005126953,185.33999633789062,40179,0
2026-07-13 13:35:00-04:00,185.27000427246094,185.27000427246094,184.88999938964844,184.92010498046875,57358,0
2026-07-13 13:40:00-04:00,184.91000366210938,185.125,184.7899932861328,185.07000732421875,36168,0
2026-07-13 13:45:00-04:00,185.10000610351562,185.1999969482422,184.92999267578125,184.94500732421875,42889,0
2026-07-13 13:50:00-04:00,184.90750122070312,184.93499755859375,184.64010620117188,184.6999969482422,52315,0
2026-07-13 13:55:00-04:00,184.80999755859375,185.05499267578125,184.75999450683594,184.85000610351562,44679,0
2026-07-13 14:00:00-04:00,184.76499938964844,185.5,184.72999572753906,185.25,48708,0
2026-07-13 14:05:00-04:00,185.19729614257812,185.61000061035156,185.19729614257812,185.3300018310547,45899,0
2026-07-13 14:10:00-04:00,185.2899932861328,185.41900634765625,184.9600067138672,185.2949981689453,49239,0
2026-07-13 14:15:00-04:00,185.23500061035156,185.31500244140625,184.74000549316406,184.9199981689453,49134,0
2026-07-13 14:20:00-04:00,184.89999389648438,185.4199981689453,184.81089782714844,185.4199981689453,35421,0
2026-07-13 14:25:00-04:00,185.3300018310547,185.3867950439453,184.89500427246094,184.97000122070312,48719,0
2026-07-13 14:30:00-04:00,184.92999267578125,185.27000427246094,184.77000427246094,185.02999877929688,70723,0
2026-07-13 14:35:00-04:00,185.02000427246094,185.4499969482422,184.9949951171875,185.27000427246094,132244,0
2026-07-13 14:40:00-04:00,185.32000732421875,185.75,185.32000732421875,185.7100067138672,68011,0
2026-07-13 14:45:00-04:00,185.65499877929688,185.83999633789062,185.0850067138672,185.36500549316406,168928,0
2026-07-13 14:50:00-04:00,185.3350067138672,185.3350067138672,184.66000366210938,184.7899932861328,74992,0
2026-07-13 14:55:00-04:00,184.82000732421875,184.8800048828125,184.17999267578125,184.25,144287,0
2026-07-13 15:00:00-04:00,184.2899932861328,184.91000366210938,184.125,184.76499938964844,94244,0
2026-07-13 15:05:00-04:00,184.80999755859375,184.81500244140625,182.9949951171875,183.43899536132812,325782,0
2026-07-13 15:10:00-04:00,183.44000244140625,183.47000122070312,182.66000366210938,183.2050018310547,202735,0
2026-07-13 15:15:00-04:00,183.14999389648438,183.32000732421875,182.74000549316406,183.10499572753906,187398,0
2026-07-13 15:20:00-04:00,183.11500549316406,183.16000366210938,182.47500610351562,182.6699981689453,188938,0
2026-07-13 15:25:00-04:00,182.70899963378906,182.91000366210938,182.44000244140625,182.6699981689453,149867,0
2026-07-13 15:30:00-04:00,182.64500427246094,183.44000244140625,182.5399932861328,182.82000732421875,240223,0
2026-07-13 15:35:00-04:00,182.83999633789062,182.83999633789062,182.36000061035156,182.44000244140625,173918,0
2026-07-13 15:40:00-04:00,182.4550018310547,182.5749969482422,181.83999633789062,182.39500427246094,364201,0
2026-07-13 15:45:00-04:00,182.42999267578125,182.8699951171875,182.0800018310547,182.6999969482422,344351,0
2026-07-13 15:50:00-04:00,182.82000732421875,184.0,182.7100067138672,183.89999389648438,676730,0
2026-07-13 15:55:00-04:00,183.89999389648438,184.10000610351562,183.2899932861328,183.4499969482422,1285646,0
2026-07-14 09:30:00-04:00,189.3300018310547,189.99000549316406,186.80999755859375,186.94500732421875,685352,0
2026-07-14 09:35:00-04:00,186.94000244140625,187.36000061035156,185.72999572753906,186.14999389648438,164179,0
2026-07-14 09:40:00-04:00,186.23199462890625,186.23199462890625,182.84500122070312,183.88999938964844,206958,0
2026-07-14 09:45:00-04:00,183.88999938964844,184.55999755859375,183.22999572753906,184.3863983154297,174413,0
2026-07-14 09:50:00-04:00,184.3800048828125,184.5500030517578,180.8699951171875,182.375,230474,0
2026-07-14 09:55:00-04:00,182.38999938964844,182.6699981689453,181.4949951171875,182.2100067138672,171647,0
2026-07-14 10:00:00-04:00,182.30499267578125,182.3800048828125,179.52000427246094,179.60499572753906,289111,0
2026-07-14 10:05:00-04:00,179.6300048828125,181.00999450683594,179.02000427246094,180.8343963623047,248130,0
2026-07-14 10:10:00-04:00,180.88999938964844,181.75999450683594,180.50999450683594,180.90750122070312,194262,0
2026-07-14 10:15:00-04:00,180.80999755859375,180.8300018310547,179.64999389648438,180.60000610351562,158791,0
2026-07-14 10:20:00-04:00,180.55499267578125,181.91000366210938,180.22500610351562,180.8300018310547,128508,0
2026-07-14 10:25:00-04:00,180.89500427246094,181.5050048828125,180.50999450683594,181.14999389648438,87966,0
2026-07-14 10:30:00-04:00,181.08999633789062,182.6699981689453,180.6699981689453,182.22999572753906,122159,0
2026-07-14 10:35:00-04:00,182.1999969482422,182.5,181.82200622558594,182.17250061035156,95140,0
2026-07-14 10:40:00-04:00,182.27999877929688,182.60000610351562,181.5601043701172,181.97999572753906,103121,0
2026-07-14 10:45:00-04:00,182.05999755859375,182.1699981689453,181.50999450683594,181.84249877929688,71628,0
2026-07-14 10:50:00-04:00,181.83999633789062,182.7100067138672,181.5897979736328,182.5500030517578,84307,0
2026-07-14 10:55:00-04:00,182.51010131835938,182.80999755859375,182.30999755859375,182.6300048828125,66562,0
2026-07-14 11:00:00-04:00,182.69000244140625,183.22000122070312,182.3800048828125,182.75999450683594,110445,0
2026-07-14 11:05:00-04:00,182.67999267578125,183.0,182.49600219726562,182.76499938964844,97250,0
2026-07-14 11:10:00-04:00,182.6300048828125,183.02000427246094,182.42999267578125,182.86500549316406,94907,0
2026-07-14 11:15:00-04:00,182.89999389648438,183.2100067138672,182.27000427246094,182.63999938964844,104642,0
2026-07-14 11:20:00-04:00,182.52000427246094,183.27000427246094,182.43499755859375,183.1999969482422,98606,0
2026-07-14 11:25:00-04:00,183.1999969482422,183.1999969482422,182.50369262695312,182.6750030517578,76300,0
2026-07-14 11:30:00-04:00,182.66000366210938,182.72999572753906,181.5850067138672,181.71690368652344,76967,0
2026-07-14 11:35:00-04:00,181.72000122070312,181.88999938964844,180.9199981689453,181.0,116649,0
2026-07-14 11:40:00-04:00,180.99000549316406,180.9949951171875,180.22000122070312,180.77999877929688,139075,0
2026-07-14 11:45:00-04:00,180.7949981689453,181.02000427246094,180.22999572753906,180.3350067138672,86050,0
2026-07-14 11:50:00-04:00,180.3350067138672,180.33999633789062,179.52999877929688,179.77999877929688,113758,0
2026-07-14 11:55:00-04:00,179.73800659179688,180.0800018310547,179.55999755859375,180.00999450683594,96491,0
2026-07-14 12:00:00-04:00,180.02000427246094,180.0399932861328,179.10000610351562,179.26499938964844,147604,0
2026-07-14 12:05:00-04:00,179.36000061035156,179.6750030517578,179.11000061035156,179.5050048828125,101704,0
2026-07-14 12:10:00-04:00,179.5050048828125,179.7100067138672,179.0500030517578,179.2899932861328,89399,0
2026-07-14 12:15:00-04:00,179.22000122070312,179.27499389648438,178.39999389648438,179.03500366210938,207419,0
2026-07-14 12:20:00-04:00,179.02000427246094,179.05999755859375,178.47999572753906,178.4949951171875,96083,0
2026-07-14 12:25:00-04:00,178.66000366210938,178.66990661621094,178.19000244140625,178.30999755859375,156377,0
2026-07-14 12:30:00-04:00,178.35499572753906,178.66229248046875,177.85000610351562,178.27499389648438,135247,0
2026-07-14 12:35:00-04:00,178.2100067138672,178.66000366210938,177.89999389648438,178.0800018310547,143303,0
2026-07-14 12:40:00-04:00,178.13999938964844,178.50399780273438,178.11000061035156,178.4008026123047,60575,0
2026-07-14 12:45:00-04:00,178.38999938964844,178.58999633789062,177.9550018310547,178.13499450683594,108019,0
2026-07-14 12:50:00-04:00,178.13999938964844,178.35000610351562,178.00010681152344,178.13999938964844,58519,0
2026-07-14 12:55:00-04:00,178.1199951171875,178.5,178.0800018310547,178.4499969482422,61150,0
2026-07-14 13:00:00-04:00,178.4499969482422,179.0,178.33999633789062,178.6699981689453,150006,0
2026-07-14 13:05:00-04:00,178.6649932861328,178.89999389648438,178.5500030517578,178.75999450683594,64961,0
2026-07-14 13:10:00-04:00,178.69000244140625,179.0,178.25,178.2899932861328,96492,0
2026-07-14 13:15:00-04:00,178.2949981689453,178.6699981689453,178.0800018310547,178.6300048828125,62916,0
2026-07-14 13:20:00-04:00,178.7100067138672,179.23629760742188,178.60000610351562,178.76499938964844,71097,0
2026-07-14 13:25:00-04:00,178.76499938964844,178.91000366210938,178.38999938964844,178.61000061035156,77049,0
2026-07-14 13:30:00-04:00,178.57000732421875,178.6300048828125,178.0800018310547,178.14999389648438,57840,0
2026-07-14 13:35:00-04:00,178.13499450683594,179.36000061035156,177.9134979248047,178.92669677734375,131920,0
2026-07-14 13:40:00-04:00,178.8699951171875,179.64999389648438,178.85369873046875,179.2100067138672,72582,0
2026-07-14 13:45:00-04:00,179.18499755859375,179.22999572753906,178.6999969482422,178.95249938964844,69595,0
2026-07-14 13:50:00-04:00,178.94500732421875,179.36000061035156,178.86000061035156,179.30999755859375,80256,0
2026-07-14 13:55:00-04:00,179.27279663085938,179.4600067138672,179.1699981689453,179.24000549316406,47916,0
2026-07-14 14:00:00-04:00,179.22999572753906,179.30299377441406,178.96800231933594,179.11500549316406,58060,0
2026-07-14 14:05:00-04:00,179.1999969482422,179.52000427246094,179.0500030517578,179.49000549316406,61315,0
2026-07-14 14:10:00-04:00,179.4600067138672,179.6999969482422,179.41000366210938,179.64500427246094,59787,0
2026-07-14 14:15:00-04:00,179.63999938964844,180.19580078125,179.58999633789062,180.19580078125,96555,0
2026-07-14 14:20:00-04:00,180.22999572753906,180.44000244140625,180.08999633789062,180.1999969482422,69538,0
2026-07-14 14:25:00-04:00,180.14500427246094,180.29620361328125,179.92999267578125,180.1199951171875,53055,0
2026-07-14 14:30:00-04:00,180.15499877929688,180.6999969482422,180.05999755859375,180.65199279785156,82598,0
2026-07-14 14:35:00-04:00,180.63499450683594,180.83999633789062,180.25,180.2550048828125,72206,0
2026-07-14 14:40:00-04:00,180.23500061035156,180.2550048828125,179.50999450683594,179.6699981689453,71155,0
2026-07-14 14:45:00-04:00,179.73989868164062,179.73989868164062,178.85000610351562,178.8800048828125,85873,0
2026-07-14 14:50:00-04:00,178.8800048828125,179.7366943359375,178.85000610351562,179.50999450683594,55834,0
2026-07-14 14:55:00-04:00,179.5850067138672,179.6699981689453,179.32000732421875,179.35000610351562,56878,0
2026-07-14 15:00:00-04:00,179.35499572753906,179.3800048828125,178.27000427246094,178.35000610351562,76973,0
2026-07-14 15:05:00-04:00,178.35000610351562,178.41000366210938,177.85000610351562,178.25,104146,0
2026-07-14 15:10:00-04:00,178.13999938964844,178.7799072265625,178.1199951171875,178.60000610351562,68675,0
2026-07-14 15:15:00-04:00,178.5500030517578,178.99819946289062,178.52999877929688,178.89010620117188,68478,0
2026-07-14 15:20:00-04:00,178.94000244140625,179.17999267578125,178.6501007080078,178.78500366210938,59975,0
2026-07-14 15:25:00-04:00,178.77999877929688,178.88400268554688,177.9199981689453,177.92999267578125,106034,0
2026-07-14 15:30:00-04:00,177.9600067138672,179.13900756835938,177.63999938964844,178.94000244140625,164851,0
2026-07-14 15:35:00-04:00,178.97999572753906,179.1199951171875,178.75,178.96499633789062,103615,0
2026-07-14 15:40:00-04:00,178.9600067138672,179.02999877929688,178.8000030517578,178.88499450683594,103634,0
2026-07-14 15:45:00-04:00,178.88499450683594,179.1300048828125,178.66000366210938,178.72999572753906,100831,0
2026-07-14 15:50:00-04:00,178.67999267578125,179.3300018310547,178.1199951171875,179.22999572753906,249338,0
2026-07-14 15:55:00-04:00,179.07000732421875,179.1300048828125,177.4499969482422,178.10000610351562,920982,0
2026-07-15 09:30:00-04:00,179.7899932861328,180.7100067138672,178.11000061035156,178.99000549316406,425659,0
2026-07-15 09:35:00-04:00,179.1199951171875,179.58749389648438,177.97999572753906,178.5500030517578,163335,0
2026-07-15 09:40:00-04:00,178.70989990234375,179.13999938964844,178.1300048828125,178.63999938964844,85843,0
2026-07-15 09:45:00-04:00,178.75,178.85000610351562,177.80999755859375,178.11000061035156,112291,0
2026-07-15 09:50:00-04:00,178.2899932861328,178.82000732421875,177.7100067138672,178.2550048828125,102782,0
2026-07-15 09:55:00-04:00,178.17999267578125,178.6999969482422,177.6999969482422,178.6999969482422,96410,0
2026-07-15 10:00:00-04:00,178.8000030517578,179.10000610351562,178.2100067138672,178.28509521484375,72964,0
2026-07-15 10:05:00-04:00,178.27499389648438,179.52999877929688,178.27499389648438,178.42999267578125,103360,0
2026-07-15 10:10:00-04:00,178.42999267578125,178.75,177.63999938964844,177.64669799804688,117880,0
2026-07-15 10:15:00-04:00,177.69000244140625,178.72000122070312,177.50999450683594,178.25,92423,0
2026-07-15 10:20:00-04:00,178.29469299316406,178.35000610351562,176.64010620117188,176.86500549316406,178445,0
2026-07-15 10:25:00-04:00,176.99000549316406,177.75,176.25,177.6990966796875,137875,0
2026-07-15 10:30:00-04:00,177.625,177.72999572753906,176.26019287109375,176.8800048828125,93785,0
2026-07-15 10:35:00-04:00,176.88490295410156,176.94000244140625,175.80999755859375,176.06500244140625,108559,0
2026-07-15 10:40:00-04:00,176.09500122070312,177.06500244140625,175.8300018310547,177.01499938964844,133033,0
2026-07-15 10:45:00-04:00,176.92999267578125,178.3699951171875,176.47000122070312,178.1300048828125,100719,0
2026-07-15 10:50:00-04:00,178.20089721679688,178.20089721679688,177.24009704589844,177.27999877929688,95667,0
2026-07-15 10:55:00-04:00,177.43499755859375,177.92999267578125,176.54010009765625,177.6999969482422,125013,0
2026-07-15 11:00:00-04:00,177.7899932861328,177.7899932861328,176.7899932861328,176.9600067138672,52952,0
2026-07-15 11:05:00-04:00,176.9600067138672,177.36000061035156,176.88999938964844,177.14500427246094,83874,0
2026-07-15 11:10:00-04:00,177.23500061035156,177.25999450683594,175.82000732421875,175.85000610351562,99529,0
2026-07-15 11:15:00-04:00,175.8300018310547,175.97999572753906,174.86000061035156,175.21499633789062,178728,0
2026-07-15 11:20:00-04:00,175.24000549316406,175.32989501953125,174.8000030517578,175.1999969482422,62560,0
2026-07-15 11:25:00-04:00,175.21080017089844,176.47000122070312,175.1475067138672,176.4499969482422,69250,0
2026-07-15 11:30:00-04:00,176.35000610351562,177.2100067138672,175.89999389648438,176.53509521484375,82368,0
2026-07-15 11:35:00-04:00,176.5500030517578,176.55499267578125,175.77000427246094,176.33999633789062,54782,0
2026-07-15 11:40:00-04:00,176.35499572753906,176.7100067138672,176.17999267578125,176.44000244140625,54584,0
2026-07-15 11:45:00-04:00,176.3300018310547,176.5500030517578,176.02999877929688,176.24000549316406,49177,0
2026-07-15 11:50:00-04:00,176.1699981689453,176.1999053955078,175.85000610351562,175.9210968017578,45964,0
2026-07-15 11:55:00-04:00,175.99000549316406,176.11000061035156,175.8000030517578,175.9824981689453,70256,0
2026-07-15 12:00:00-04:00,176.05999755859375,176.3000030517578,175.3300018310547,175.60000610351562,74357,0
2026-07-15 12:05:00-04:00,175.52999877929688,175.5399932861328,174.85000610351562,175.2899932861328,78287,0
2026-07-15 12:10:00-04:00,175.27999877929688,175.27999877929688,174.75999450683594,174.9499969482422,65840,0
2026-07-15 12:15:00-04:00,174.97500610351562,175.39999389648438,174.83999633789062,175.2252960205078,103232,0
2026-07-15 12:20:00-04:00,175.30999755859375,175.6699981689453,175.05999755859375,175.05999755859375,78446,0
2026-07-15 12:25:00-04:00,175.15499877929688,175.4199981689453,174.97000122070312,175.33999633789062,67090,0
2026-07-15 12:30:00-04:00,175.30999755859375,175.60000610351562,175.0500030517578,175.1699981689453,54325,0
2026-07-15 12:35:00-04:00,175.1699981689453,175.57000732421875,175.02999877929688,175.2100067138672,99466,0
2026-07-15 12:40:00-04:00,175.2100067138672,175.89999389648438,175.16000366210938,175.86000061035156,141115,0
2026-07-15 12:45:00-04:00,175.92999267578125,176.85000610351562,175.6649932861328,175.92999267578125,101886,0
2026-07-15 12:50:00-04:00,175.92999267578125,176.4199981689453,175.92999267578125,176.2100067138672,60249,0
2026-07-15 12:55:00-04:00,176.1699981689453,176.32000732421875,175.80999755859375,176.32000732421875,41717,0
2026-07-15 13:00:00-04:00,176.1300048828125,176.72999572753906,176.11000061035156,176.39999389648438,44691,0
2026-07-15 13:05:00-04:00,176.38999938964844,176.67999267578125,176.38999938964844,176.5500030517578,32207,0
2026-07-15 13:10:00-04:00,176.52000427246094,176.97000122070312,176.4199981689453,176.49749755859375,49169,0
2026-07-15 13:15:00-04:00,176.4949951171875,177.49879455566406,176.42999267578125,177.47000122070312,40822,0
2026-07-15 13:20:00-04:00,177.44000244140625,177.7899932861328,177.41009521484375,177.7100067138672,76224,0
2026-07-15 13:25:00-04:00,177.69500732421875,177.8957061767578,177.35000610351562,177.6199951171875,36339,0
2026-07-15 13:30:00-04:00,177.74000549316406,178.0399932861328,177.55999755859375,177.97000122070312,59260,0
2026-07-15 13:35:00-04:00,177.85000610351562,178.11000061035156,177.75,177.88999938964844,34126,0
2026-07-15 13:40:00-04:00,177.88999938964844,177.97000122070312,177.72000122070312,177.75999450683594,30994,0
2026-07-15 13:45:00-04:00,177.83999633789062,178.14999389648438,177.6999969482422,178.14999389648438,45855,0
2026-07-15 13:50:00-04:00,178.10000610351562,178.16000366210938,177.82000732421875,177.97000122070312,41396,0
2026-07-15 13:55:00-04:00,177.85009765625,178.1999969482422,177.5800018310547,177.69000244140625,34914,0
2026-07-15 14:00:00-04:00,177.69500732421875,178.1999969482422,177.55999755859375,177.55999755859375,68211,0
2026-07-15 14:05:00-04:00,177.5449981689453,178.1999053955078,177.48190307617188,178.0500946044922,59816,0
2026-07-15 14:10:00-04:00,178.14990234375,178.41000366210938,178.0500030517578,178.17999267578125,46628,0
2026-07-15 14:15:00-04:00,178.19500732421875,178.19500732421875,177.61000061035156,177.80999755859375,47891,0
2026-07-15 14:20:00-04:00,177.85000610351562,178.63999938964844,177.85000610351562,178.52499389648438,42633,0
2026-07-15 14:25:00-04:00,178.5399932861328,178.77000427246094,178.32620239257812,178.44000244140625,40868,0
2026-07-15 14:30:00-04:00,178.4199981689453,179.1649932861328,178.22999572753906,178.85000610351562,99651,0
2026-07-15 14:35:00-04:00,178.9593048095703,178.9593048095703,178.57000732421875,178.57000732421875,46615,0
2026-07-15 14:40:00-04:00,178.66000366210938,178.7725067138672,178.4600067138672,178.50999450683594,41109,0
2026-07-15 14:45:00-04:00,178.51499938964844,178.57000732421875,178.1999969482422,178.3300018310547,48598,0
2026-07-15 14:50:00-04:00,178.27999877929688,178.27999877929688,177.3699951171875,177.72999572753906,46633,0
2026-07-15 14:55:00-04:00,177.66000366210938,177.83999633789062,177.360107421875,177.55999755859375,49654,0
2026-07-15 15:00:00-04:00,177.58999633789062,178.7344970703125,177.4600067138672,178.66510009765625,42050,0
2026-07-15 15:05:00-04:00,178.67999267578125,178.90499877929688,178.0865936279297,178.33999633789062,49806,0
2026-07-15 15:10:00-04:00,178.3350067138672,178.55499267578125,178.16000366210938,178.22999572753906,82843,0
2026-07-15 15:15:00-04:00,178.30499267578125,178.3699951171875,177.95050048828125,178.0050048828125,54394,0
2026-07-15 15:20:00-04:00,177.94000244140625,177.9600067138672,177.41000366210938,177.6300048828125,104592,0
2026-07-15 15:25:00-04:00,177.7100067138672,178.33999633789062,177.49000549316406,178.2899932861328,107255,0
2026-07-15 15:30:00-04:00,178.3300018310547,179.22500610351562,177.75999450683594,177.81500244140625,108596,0
2026-07-15 15:35:00-04:00,177.9149932861328,178.20230102539062,177.74000549316406,178.18499755859375,90412,0
2026-07-15 15:40:00-04:00,178.11000061035156,178.75999450683594,178.0500946044922,178.69000244140625,93639,0
2026-07-15 15:45:00-04:00,178.61000061035156,178.77000427246094,177.89999389648438,178.17999267578125,134400,0
2026-07-15 15:50:00-04:00,178.22000122070312,178.63999938964844,177.8300018310547,178.07000732421875,190720,0
2026-07-15 15:55:00-04:00,178.22000122070312,178.42999267578125,177.50999450683594,177.94000244140625,500432,0
2026-07-16 09:30:00-04:00,173.5279998779297,173.6999969482422,171.5,172.22000122070312,693960,0
2026-07-16 09:35:00-04:00,172.00999450683594,172.99000549316406,171.3000030517578,171.69500732421875,209391,0
2026-07-16 09:40:00-04:00,171.75,172.19000244140625,170.3800048828125,170.41000366210938,241363,0
2026-07-16 09:45:00-04:00,170.52999877929688,170.77999877929688,169.8300018310547,170.0500030517578,272871,0
2026-07-16 09:50:00-04:00,170.0135040283203,171.30999755859375,169.99000549316406,170.58999633789062,194396,0
2026-07-16 09:55:00-04:00,170.5800018310547,171.6649932861328,170.33009338378906,171.55999755859375,165804,0
2026-07-16 10:00:00-04:00,171.36000061035156,171.8800048828125,170.2978057861328,170.3101043701172,154784,0
2026-07-16 10:05:00-04:00,170.5500030517578,172.9199981689453,170.3800048828125,172.89999389648438,174317,0
2026-07-16 10:10:00-04:00,172.7899932861328,172.83999633789062,172.0800018310547,172.4600067138672,90983,0
2026-07-16 10:15:00-04:00,172.48500061035156,172.7548065185547,171.83999633789062,171.85000610351562,91922,0
2026-07-16 10:20:00-04:00,171.85000610351562,172.25,171.08999633789062,172.02999877929688,100754,0
2026-07-16 10:25:00-04:00,172.07000732421875,172.86000061035156,171.7100067138672,172.75999450683594,90129,0
2026-07-16 10:30:00-04:00,172.5399932861328,172.67999267578125,171.25,171.94000244140625,91749,0
2026-07-16 10:35:00-04:00,171.99000549316406,172.6300048828125,171.79010009765625,171.9550018310547,75617,0
2026-07-16 10:40:00-04:00,171.9600067138672,171.9600067138672,171.27000427246094,171.875,72951,0
2026-07-16 10:45:00-04:00,171.80999755859375,172.11990356445312,171.63999938964844,171.86000061035156,71267,0
2026-07-16 10:50:00-04:00,171.86000061035156,172.0399932861328,171.3699951171875,172.0399932861328,87390,0
2026-07-16 10:55:00-04:00,172.00999450683594,172.5850067138672,171.71749877929688,172.5850067138672,94585,0
2026-07-16 11:00:00-04:00,172.52999877929688,172.85499572753906,172.2303009033203,172.4499969482422,75281,0
2026-07-16 11:05:00-04:00,172.35000610351562,172.4571075439453,171.9600067138672,172.11500549316406,90090,0
2026-07-16 11:10:00-04:00,172.11000061035156,172.11000061035156,171.3000030517578,171.58999633789062,80062,0
2026-07-16 11:15:00-04:00,171.58999633789062,172.0,171.2899932861328,171.90499877929688,115560,0
2026-07-16 11:20:00-04:00,171.97999572753906,172.41000366210938,171.6999969482422,172.3000030517578,106395,0
2026-07-16 11:25:00-04:00,172.5500030517578,172.9799041748047,172.4499969482422,172.8000946044922,79621,0
2026-07-16 11:30:00-04:00,172.85499572753906,173.25,172.57000732421875,172.75,114639,0
2026-07-16 11:35:00-04:00,172.63999938964844,173.55499267578125,172.57000732421875,173.32000732421875,94748,0
2026-07-16 11:40:00-04:00,173.38999938964844,173.72000122070312,172.9550018310547,173.63999938964844,108788,0
2026-07-16 11:45:00-04:00,173.5399932861328,173.9600067138672,173.10000610351562,173.8000030517578,195376,0
2026-07-16 11:50:00-04:00,173.8000030517578,173.94000244140625,173.52000427246094,173.61000061035156,105944,0
2026-07-16 11:55:00-04:00,173.5850067138672,173.69000244140625,172.58999633789062,172.6199951171875,161934,0
2026-07-16 12:00:00-04:00,172.61000061035156,172.74000549316406,172.02999877929688,172.0399932861328,95648,0
2026-07-16 12:05:00-04:00,172.07000732421875,172.41000366210938,171.8000030517578,172.25,84224,0
2026-07-16 12:10:00-04:00,172.16000366210938,172.17999267578125,171.4499969482422,171.53500366210938,139046,0
2026-07-16 12:15:00-04:00,171.4499969482422,171.6300048828125,171.00999450683594,171.27000427246094,86251,0
2026-07-16 12:20:00-04:00,171.22000122070312,171.2899932861328,170.82000732421875,171.2100067138672,92084,0
2026-07-16 12:25:00-04:00,171.2100067138672,177.97999572753906,171.1199951171875,171.77000427246094,70270,0
2026-07-16 12:30:00-04:00,171.80999755859375,172.14999389648438,171.6884002685547,172.0800018310547,61380,0
2026-07-16 12:35:00-04:00,172.02000427246094,172.55999755859375,171.8699951171875,172.28500366210938,80042,0
2026-07-16 12:40:00-04:00,172.2949981689453,172.59500122070312,172.10000610351562,172.11000061035156,51378,0
2026-07-16 12:45:00-04:00,172.11500549316406,172.3000030517578,171.69000244140625,172.07000732421875,148331,0
2026-07-16 12:50:00-04:00,172.08999633789062,172.3000030517578,170.84500122070312,171.5399932861328,406805,0
2026-07-16 12:55:00-04:00,171.4499969482422,172.39999389648438,171.4499969482422,172.22999572753906,263197,0
2026-07-16 13:00:00-04:00,172.23500061035156,172.23500061035156,171.5500030517578,171.86500549316406,109972,0
2026-07-16 13:05:00-04:00,171.74000549316406,171.8000030517578,171.33999633789062,171.61000061035156,142893,0
2026-07-16 13:10:00-04:00,171.52999877929688,171.6699981689453,171.38999938964844,171.43499755859375,91854,0
2026-07-16 13:15:00-04:00,171.43499755859375,171.6750030517578,170.89999389648438,171.2200927734375,78115,0
2026-07-16 13:20:00-04:00,171.26499938964844,171.41000366210938,171.10000610351562,171.36500549316406,78066,0
2026-07-16 13:25:00-04:00,171.30999755859375,171.6132049560547,171.1699981689453,171.4001007080078,86587,0
2026-07-16 13:30:00-04:00,171.44500732421875,171.55999755859375,170.9810028076172,171.02000427246094,64183,0
2026-07-16 13:35:00-04:00,171.1199951171875,171.27000427246094,170.9199981689453,171.0749969482422,99230,0
2026-07-16 13:40:00-04:00,171.1385040283203,171.1385040283203,170.64999389648438,170.66000366210938,80787,0
2026-07-16 13:45:00-04:00,170.72000122070312,171.22999572753906,170.5399932861328,170.96009826660156,80051,0
2026-07-16 13:50:00-04:00,171.07009887695312,171.10000610351562,170.4600067138672,170.58999633789062,116821,0
2026-07-16 13:55:00-04:00,170.52499389648438,170.6300048828125,170.2899932861328,170.47999572753906,74552,0
2026-07-16 14:00:00-04:00,170.55499267578125,170.80419921875,170.34010314941406,170.42999267578125,92747,0
2026-07-16 14:05:00-04:00,170.50970458984375,170.8699951171875,170.44000244140625,170.69500732421875,97727,0
2026-07-16 14:10:00-04:00,170.7100067138672,171.29750061035156,170.6699981689453,170.9199981689453,113624,0
2026-07-16 14:15:00-04:00,170.8300018310547,171.2799072265625,170.72000122070312,171.2100067138672,86602,0
2026-07-16 14:20:00-04:00,171.17999267578125,171.27000427246094,170.83999633789062,171.22000122070312,189435,0
2026-07-16 14:25:00-04:00,171.2050018310547,171.27999877929688,170.83999633789062,170.97999572753906,92265,0
2026-07-16 14:30:00-04:00,170.9499969482422,171.0,170.6999969482422,170.85000610351562,243539,0
2026-07-16 14:35:00-04:00,170.86500549316406,170.9499969482422,170.6300048828125,170.7100067138672,137633,0
2026-07-16 14:40:00-04:00,170.7100067138672,170.82000732421875,170.52000427246094,170.75010681152344,117812,0
2026-07-16 14:45:00-04:00,170.75,171.13999938964844,170.6300048828125,170.91000366210938,97218,0
2026-07-16 14:50:00-04:00,170.91000366210938,171.07000732421875,170.63999938964844,170.68499755859375,71904,0
2026-07-16 14:55:00-04:00,170.66000366210938,170.94000244140625,170.47999572753906,170.52499389648438,114285,0
2026-07-16 15:00:00-04:00,170.52000427246094,171.0417938232422,170.39999389648438,171.0050048828125,132703,0
2026-07-16 15:05:00-04:00,170.9199981689453,171.10000610351562,170.41000366210938,170.62750244140625,128228,0
2026-07-16 15:10:00-04:00,170.63499450683594,171.0,170.6199951171875,170.86500549316406,134089,0
2026-07-16 15:15:00-04:00,170.8800048828125,170.8800048828125,170.05999755859375,170.3300018310547,158030,0
2026-07-16 15:20:00-04:00,170.2899932861328,170.72500610351562,170.27999877929688,170.52000427246094,119799,0
2026-07-16 15:25:00-04:00,170.5749969482422,170.74000549316406,170.07000732421875,170.69000244140625,142398,0
2026-07-16 15:30:00-04:00,170.72999572753906,170.97659301757812,169.89999389648438,170.21499633789062,308764,0
2026-07-16 15:35:00-04:00,170.1300048828125,170.1300048828125,169.10000610351562,169.19000244140625,293843,0
2026-07-16 15:40:00-04:00,169.17999267578125,169.86500549316406,169.02000427246094,169.60499572753906,217203,0
2026-07-16 15:45:00-04:00,169.58749389648438,169.6300048828125,169.17999267578125,169.22000122070312,297020,0
2026-07-16 15:50:00-04:00,169.1999969482422,169.86000061035156,168.99000549316406,169.57000732421875,730824,0
2026-07-16 15:55:00-04:00,169.55999755859375,170.80999755859375,169.55999755859375,170.67999267578125,1028735,0
2026-07-17 09:30:00-04:00,166.63999938964844,166.8300018310547,164.7899932861328,165.75999450683594,1245172,0
2026-07-17 09:35:00-04:00,165.7100067138672,166.5,165.0,165.42999267578125,647692,0
2026-07-17 09:40:00-04:00,165.5500030517578,166.5,165.1300048828125,165.99000549316406,296332,0
2026-07-17 09:45:00-04:00,165.99000549316406,168.17999267578125,165.9600067138672,167.78500366210938,257113,0
2026-07-17 09:50:00-04:00,167.9199981689453,168.16000366210938,167.33999633789062,167.77059936523438,190759,0
2026-07-17 09:55:00-04:00,167.66000366210938,168.22999572753906,167.26800537109375,167.75,204396,0
2026-07-17 10:00:00-04:00,167.69000244140625,169.47999572753906,167.25,168.14999389648438,529920,0
2026-07-17 10:05:00-04:00,168.27999877929688,170.0399932861328,168.26499938964844,169.97000122070312,133507,0
2026-07-17 10:10:00-04:00,170.0,170.29989624023438,168.6999969482422,168.78759765625,157082,0
2026-07-17 10:15:00-04:00,168.8800048828125,170.22000122070312,168.63999938964844,169.6300048828125,209674,0
2026-07-17 10:20:00-04:00,169.52000427246094,169.7100067138672,168.5,168.84500122070312,197895,0
2026-07-17 10:25:00-04:00,168.99000549316406,169.22000122070312,168.11000061035156,168.13499450683594,72921,0
2026-07-17 10:30:00-04:00,168.1300048828125,168.58999633789062,167.0399932861328,167.47000122070312,107614,0
2026-07-17 10:35:00-04:00,167.57000732421875,168.9600067138672,167.55999755859375,168.66009521484375,113924,0
2026-07-17 10:40:00-04:00,168.76499938964844,168.7899932861328,168.0800018310547,168.25,92340,0
2026-07-17 10:45:00-04:00,168.27499389648438,168.681396484375,167.50999450683594,168.0749969482422,144331,0
2026-07-17 10:50:00-04:00,168.17999267578125,168.35989379882812,167.61000061035156,167.62440490722656,61590,0
2026-07-17 10:55:00-04:00,167.5800018310547,167.9600067138672,166.97000122070312,167.13999938964844,87931,0
2026-07-17 11:00:00-04:00,167.24000549316406,167.27000427246094,166.50999450683594,166.7899932861328,143267,0
2026-07-17 11:05:00-04:00,166.82000732421875,166.99000549316406,166.05999755859375,166.35000610351562,88789,0
2026-07-17 11:10:00-04:00,166.47000122070312,166.6699981689453,165.89999389648438,166.375,85026,0
2026-07-17 11:15:00-04:00,166.37249755859375,166.8800048828125,165.94000244140625,166.61000061035156,74188,0
2026-07-17 11:20:00-04:00,166.52000427246094,166.6999969482422,165.80999755859375,165.92999267578125,78643,0
2026-07-17 11:25:00-04:00,166.02000427246094,166.39500427246094,165.7449951171875,166.25999450683594,84117,0
2026-07-17 11:30:00-04:00,166.32989501953125,166.5749969482422,165.7100067138672,166.19000244140625,100024,0
2026-07-17 11:35:00-04:00,166.11000061035156,168.18499755859375,166.10000610351562,167.9600067138672,126773,0
2026-07-17 11:40:00-04:00,167.99000549316406,168.14010620117188,167.46499633789062,167.89500427246094,76834,0
2026-07-17 11:45:00-04:00,167.89500427246094,168.13999938964844,167.69500732421875,167.91000366210938,49440,0
2026-07-17 11:50:00-04:00,168.00999450683594,168.3699951171875,167.69000244140625,168.2209930419922,55596,0
2026-07-17 11:55:00-04:00,168.44000244140625,169.25,168.44000244140625,169.22999572753906,102808,0
2026-07-17 12:00:00-04:00,169.24000549316406,169.5989990234375,168.17999267578125,168.69000244140625,138787,0
2026-07-17 12:05:00-04:00,168.6699981689453,168.8699951171875,168.1800994873047,168.8699951171875,95976,0
2026-07-17 12:10:00-04:00,168.8249969482422,169.3000030517578,168.5449981689453,169.02499389648438,85646,0
2026-07-17 12:15:00-04:00,169.00999450683594,169.1999969482422,168.22000122070312,168.8699951171875,93542,0
2026-07-17 12:20:00-04:00,168.7301025390625,169.25999450683594,168.59010314941406,168.7449951171875,319469,0
2026-07-17 12:25:00-04:00,168.72500610351562,169.40939331054688,168.6649932861328,168.97500610351562,36931,0
2026-07-17 12:30:00-04:00,169.0500030517578,169.16000366210938,168.70249938964844,169.02999877929688,39897,0
2026-07-17 12:35:00-04:00,169.07000732421875,169.2100067138672,168.74020385742188,168.9199981689453,55853,0
2026-07-17 12:40:00-04:00,168.9199981689453,169.2050018310547,168.36000061035156,169.2050018310547,45537,0
2026-07-17 12:45:00-04:00,169.2050018310547,169.66000366210938,169.11000061035156,169.66000366210938,37475,0
2026-07-17 12:50:00-04:00,169.625,170.32000732421875,169.3249969482422,170.19749450683594,99602,0
2026-07-17 12:55:00-04:00,170.25,170.32989501953125,169.9250030517578,170.1300048828125,76563,0
2026-07-17 13:00:00-04:00,170.1699981689453,170.80999755859375,170.0449981689453,170.80999755859375,65651,0
2026-07-17 13:05:00-04:00,170.80999755859375,171.49000549316406,170.75,171.3699951171875,114078,0
2026-07-17 13:10:00-04:00,171.36500549316406,171.82000732421875,171.02000427246094,171.02000427246094,161633,0
2026-07-17 13:15:00-04:00,171.08999633789062,171.72000122070312,170.85000610351562,170.85000610351562,77170,0
2026-07-17 13:20:00-04:00,170.84500122070312,171.0800018310547,170.74000549316406,170.97000122070312,55485,0
2026-07-17 13:25:00-04:00,171.0050048828125,171.3699951171875,170.92999267578125,171.22999572753906,259610,0
2026-07-17 13:30:00-04:00,171.25,171.35000610351562,171.00999450683594,171.07000732421875,70261,0
2026-07-17 13:35:00-04:00,171.1300048828125,171.16000366210938,170.39999389648438,170.4499969482422,73248,0
2026-07-17 13:40:00-04:00,170.4499969482422,170.4499969482422,170.0,170.33299255371094,56332,0
2026-07-17 13:45:00-04:00,170.35000610351562,170.74000549316406,170.2100067138672,170.6300048828125,50870,0
2026-07-17 13:50:00-04:00,170.69850158691406,170.6999969482422,170.2100067138672,170.25999450683594,74709,0
2026-07-17 13:55:00-04:00,170.28500366210938,170.3300018310547,170.02000427246094,170.24749755859375,49635,0
2026-07-17 14:00:00-04:00,170.2100067138672,170.55499267578125,170.0500030517578,170.2899932861328,47065,0
2026-07-17 14:05:00-04:00,170.25999450683594,170.8300018310547,170.14999389648438,170.6649932861328,149827,0
2026-07-17 14:10:00-04:00,170.72999572753906,170.72999572753906,170.3000030517578,170.39500427246094,60015,0
2026-07-17 14:15:00-04:00,170.41000366210938,170.6300048828125,169.6300048828125,170.2050018310547,279086,0
2026-07-17 14:20:00-04:00,170.2100067138672,170.5500030517578,169.77000427246094,170.44000244140625,183968,0
2026-07-17 14:25:00-04:00,170.375,170.375,169.86000061035156,170.27999877929688,131516,0
2026-07-17 14:30:00-04:00,170.2899932861328,170.8498992919922,170.05909729003906,170.24000549316406,123780,0
2026-07-17 14:35:00-04:00,170.0800018310547,170.38499450683594,170.00999450683594,170.3800048828125,65403,0
2026-07-17 14:40:00-04:00,170.3699951171875,170.3699951171875,169.52999877929688,169.7899932861328,73108,0
2026-07-17 14:45:00-04:00,169.72000122070312,170.5,169.63499450683594,170.30499267578125,54937,0
2026-07-17 14:50:00-04:00,170.24000549316406,170.8000030517578,170.0399932861328,170.8000030517578,94533,0
2026-07-17 14:55:00-04:00,170.72500610351562,171.1999969482422,170.49000549316406,170.9149932861328,139422,0
2026-07-17 15:00:00-04:00,170.9149932861328,171.0,170.25,170.3000030517578,255053,0
2026-07-17 15:05:00-04:00,170.2949981689453,170.58999633789062,169.6199951171875,169.75999450683594,104929,0
2026-07-17 15:10:00-04:00,169.75999450683594,169.80999755859375,169.17999267578125,169.27000427246094,95510,0
2026-07-17 15:15:00-04:00,169.22999572753906,169.875,169.0399932861328,169.7100067138672,93314,0
2026-07-17 15:20:00-04:00,169.69500732421875,170.25,169.33999633789062,169.89999389648438,235348,0
2026-07-17 15:25:00-04:00,169.8699951171875,170.8300018310547,169.75,170.58999633789062,218799,0
2026-07-17 15:30:00-04:00,170.61000061035156,171.33999633789062,170.58999633789062,171.27999877929688,179299,0
2026-07-17 15:35:00-04:00,171.1199951171875,171.74000549316406,170.58999633789062,170.75999450683594,327525,0
2026-07-17 15:40:00-04:00,170.63999938964844,171.10000610351562,170.4499969482422,170.77999877929688,152685,0
2026-07-17 15:45:00-04:00,170.67999267578125,171.4600067138672,170.46499633789062,171.3699951171875,262327,0
2026-07-17 15:50:00-04:00,171.38999938964844,172.27999877929688,171.38999938964844,172.27000427246094,343128,0
2026-07-17 15:55:00-04:00,172.38999938964844,172.38999938964844,171.60000610351562,171.77000427246094,1127649,0
2026-07-20 09:30:00-04:00,176.0500030517578,176.25,172.41000366210938,172.80760192871094,588888,0
2026-07-20 09:35:00-04:00,172.69000244140625,173.25,171.33999633789062,171.75,173822,0
2026-07-20 09:40:00-04:00,171.88999938964844,173.9499969482422,171.72500610351562,173.8323974609375,168585,0
2026-07-20 09:45:00-04:00,173.82000732421875,173.9600067138672,172.91000366210938,173.5050048828125,83224,0
2026-07-20 09:50:00-04:00,173.5,173.57000732421875,172.0399932861328,172.86000061035156,128754,0
2026-07-20 09:55:00-04:00,172.74000549316406,172.7899932861328,171.10000610351562,171.6300048828125,86087,0
2026-07-20 10:00:00-04:00,171.57000732421875,172.39999389648438,171.1999969482422,172.03500366210938,86269,0
2026-07-20 10:05:00-04:00,172.0800018310547,172.10000610351562,171.3000030517578,171.52999877929688,53850,0
2026-07-20 10:10:00-04:00,171.6199951171875,172.5500030517578,170.86000061035156,172.30050659179688,112179,0
2026-07-20 10:15:00-04:00,172.30999755859375,172.55999755859375,171.5050048828125,171.625,80295,0
2026-07-20 10:20:00-04:00,171.65499877929688,171.9499969482422,170.63999938964844,171.66000366210938,79096,0
2026-07-20 10:25:00-04:00,171.59500122070312,172.5,171.59500122070312,172.42999267578125,48760,0
2026-07-20 10:30:00-04:00,172.52000427246094,172.8699951171875,171.7725067138672,172.10000610351562,51358,0
2026-07-20 10:35:00-04:00,172.05999755859375,172.24000549316406,171.5,171.73500061035156,62253,0
2026-07-20 10:40:00-04:00,171.73500061035156,172.0800018310547,171.34500122070312,171.71499633789062,99072,0
2026-07-20 10:45:00-04:00,171.5,172.25999450683594,171.35009765625,171.47999572753906,117775,0
2026-07-20 10:50:00-04:00,171.41000366210938,171.66000366210938,171.0800018310547,171.32000732421875,38464,0
2026-07-20 10:55:00-04:00,171.22999572753906,171.66000366210938,171.02000427246094,171.625,74799,0
2026-07-20 11:00:00-04:00,171.5500030517578,172.83999633789062,171.4199981689453,172.36000061035156,78776,0
2026-07-20 11:05:00-04:00,172.2899932861328,172.36000061035156,171.63999938964844,172.22000122070312,54938,0
2026-07-20 11:10:00-04:00,172.389404296875,172.4199981689453,171.8800048828125,172.2899932861328,97756,0
2026-07-20 11:15:00-04:00,172.27999877929688,172.58999633789062,171.9600067138672,172.0500030517578,41985,0
2026-07-20 11:20:00-04:00,172.0399932861328,172.7899932861328,171.89999389648438,172.60499572753906,61420,0
2026-07-20 11:25:00-04:00,172.61000061035156,172.85000610351562,172.14500427246094,172.60000610351562,41402,0
2026-07-20 11:30:00-04:00,172.625,172.8300018310547,172.4250030517578,172.7100067138672,48214,0
2026-07-20 11:35:00-04:00,172.74000549316406,172.8000030517578,172.52000427246094,172.5749969482422,52968,0
2026-07-20 11:40:00-04:00,172.5850067138672,172.91000366210938,172.3256072998047,172.91000366210938,170142,0
2026-07-20 11:45:00-04:00,172.89999389648438,173.25,172.8300018310547,173.0,47052,0
2026-07-20 11:50:00-04:00,172.9600067138672,173.55999755859375,172.85000610351562,173.43499755859375,41529,0
2026-07-20 11:55:00-04:00,173.44500732421875,173.71499633789062,173.41000366210938,173.60000610351562,82467,0
2026-07-20 12:00:00-04:00,173.59500122070312,173.85000610351562,173.125,173.32000732421875,75048,0
2026-07-20 12:05:00-04:00,173.30999755859375,173.6699981689453,173.25,173.6699981689453,82507,0
2026-07-20 12:10:00-04:00,173.61000061035156,173.97000122070312,173.0,173.0749969482422,74666,0
2026-07-20 12:15:00-04:00,173.11000061035156,173.19000244140625,172.6699981689453,173.08999633789062,34732,0
2026-07-20 12:20:00-04:00,173.16000366210938,173.27999877929688,172.73500061035156,172.88999938964844,46774,0
2026-07-20 12:25:00-04:00,172.92999267578125,172.92999267578125,172.39999389648438,172.55999755859375,30850,0
2026-07-20 12:30:00-04:00,172.5749969482422,172.77960205078125,172.38999938964844,172.5,34656,0
2026-07-20 12:35:00-04:00,172.5500030517578,172.8000030517578,172.50999450683594,172.8000030517578,56294,0
2026-07-20 12:40:00-04:00,172.8800048828125,172.97000122070312,171.8000030517578,172.14999389648438,78875,0
2026-07-20 12:45:00-04:00,172.19000244140625,172.83999633789062,172.0836944580078,172.77000427246094,38505,0
2026-07-20 12:50:00-04:00,172.76499938964844,172.76499938964844,171.98519897460938,172.0,52266,0
2026-07-20 12:55:00-04:00,172.0749969482422,172.17999267578125,171.8000030517578,172.125,38550,0
2026-07-20 13:00:00-04:00,172.0800018310547,172.39999389648438,171.8300018310547,172.3300018310547,55227,0
2026-07-20 13:05:00-04:00,172.41000366210938,172.42999267578125,171.97000122070312,172.2449951171875,67822,0
2026-07-20 13:10:00-04:00,172.17529296875,172.24000549316406,171.72999572753906,171.8249969482422,278749,0
2026-07-20 13:15:00-04:00,171.8000030517578,172.35989379882812,171.6800994873047,172.30050659179688,85240,0
2026-07-20 13:20:00-04:00,172.41000366210938,172.8000030517578,172.2100067138672,172.4550018310547,131563,0
2026-07-20 13:25:00-04:00,172.41000366210938,172.52999877929688,171.89089965820312,172.11000061035156,239256,0
2026-07-20 13:30:00-04:00,172.02499389648438,172.08999633789062,171.85000610351562,171.85000610351562,182818,0
2026-07-20 13:35:00-04:00,171.8000030517578,172.0800018310547,171.66000366210938,171.91000366210938,75217,0
2026-07-20 13:40:00-04:00,171.89500427246094,171.9375,171.4149932861328,171.6999969482422,72899,0
2026-07-20 13:45:00-04:00,171.7899932861328,172.25999450683594,171.7550048828125,172.0399932861328,72514,0
2026-07-20 13:50:00-04:00,172.08999633789062,172.41000366210938,172.02999877929688,172.11000061035156,46456,0
2026-07-20 13:55:00-04:00,172.16000366210938,172.25999450683594,171.80999755859375,171.8249969482422,29734,0
2026-07-20 14:00:00-04:00,171.8350067138672,172.08999633789062,171.7899932861328,171.86000061035156,38125,0
2026-07-20 14:05:00-04:00,171.86000061035156,172.77000427246094,171.86000061035156,172.7678985595703,396580,0
2026-07-20 14:10:00-04:00,172.7899932861328,172.97000122070312,172.6593017578125,172.79049682617188,241627,0
2026-07-20 14:15:00-04:00,172.77999877929688,172.86500549316406,172.58779907226562,172.63999938964844,47762,0
2026-07-20 14:20:00-04:00,172.6999969482422,172.74000549316406,172.22999572753906,172.34500122070312,46038,0
2026-07-20 14:25:00-04:00,172.3699951171875,172.69000244140625,172.3000030517578,172.42999267578125,34080,0
2026-07-20 14:30:00-04:00,172.39999389648438,172.39999389648438,171.9149932861328,171.94000244140625,43665,0
2026-07-20 14:35:00-04:00,172.0500030517578,172.53500366210938,172.0449981689453,172.22999572753906,37659,0
2026-07-20 14:40:00-04:00,172.2449951171875,172.3000030517578,172.0301055908203,172.1300048828125,53383,0
2026-07-20 14:45:00-04:00,172.0800018310547,172.1999053955078,171.72999572753906,171.83999633789062,58861,0
2026-07-20 14:50:00-04:00,171.84950256347656,171.99000549316406,171.75999450683594,171.89500427246094,36202,0
2026-07-20 14:55:00-04:00,171.89500427246094,171.9600067138672,171.50999450683594,171.7100067138672,51314,0
2026-07-20 15:00:00-04:00,171.7449951171875,171.97999572753906,171.25999450683594,171.36500549316406,39559,0
2026-07-20 15:05:00-04:00,171.35000610351562,171.73500061035156,171.1999969482422,171.3800048828125,81554,0
2026-07-20 15:10:00-04:00,171.30999755859375,171.60000610351562,170.7100067138672,170.75,61054,0
2026-07-20 15:15:00-04:00,170.7100067138672,170.89999389648438,170.4600067138672,170.85000610351562,103187,0
2026-07-20 15:20:00-04:00,170.82000732421875,170.83999633789062,170.2324981689453,170.51499938964844,62233,0
2026-07-20 15:25:00-04:00,170.4600067138672,170.94000244140625,170.05999755859375,170.75999450683594,90603,0
2026-07-20 15:30:00-04:00,170.7899932861328,171.02999877929688,170.3300018310547,170.6699981689453,92505,0
2026-07-20 15:35:00-04:00,170.61000061035156,170.6999969482422,170.40150451660156,170.6750030517578,69584,0
2026-07-20 15:40:00-04:00,170.6699981689453,171.24000549316406,170.57000732421875,170.77000427246094,80764,0
2026-07-20 15:45:00-04:00,170.77000427246094,171.35000610351562,170.66000366210938,171.08999633789062,120945,0
2026-07-20 15:50:00-04:00,170.91000366210938,171.35499572753906,170.35000610351562,170.55999755859375,156304,0
2026-07-20 15:55:00-04:00,170.6199951171875,170.74000549316406,169.89999389648438,170.4199981689453,609894,0
2026-07-21 09:30:00-04:00,175.49000549316406,175.49000549316406,171.63999938964844,172.07130432128906,540290,0
2026-07-21 09:35:00-04:00,171.99000549316406,173.1300048828125,171.51010131835938,171.9199981689453,175062,0
2026-07-21 09:40:00-04:00,171.94000244140625,171.94000244140625,170.1999969482422,170.50999450683594,278168,0
2026-07-21 09:45:00-04:00,170.625,171.89999389648438,170.13999938964844,171.5198974609375,196257,0
2026-07-21 09:50:00-04:00,171.4149932861328,173.0500030517578,171.32000732421875,172.7050018310547,216701,0
2026-07-21 09:55:00-04:00,172.72000122070312,173.39999389648438,171.9199981689453,172.18099975585938,89112,0
2026-07-21 10:00:00-04:00,172.3000030517578,172.92999267578125,171.52999877929688,171.9949951171875,139832,0
2026-07-21 10:05:00-04:00,172.0,172.64999389648438,171.58999633789062,171.64010620117188,85013,0
2026-07-21 10:10:00-04:00,171.50149536132812,172.4499969482422,171.41000366210938,172.1649932861328,88377,0
2026-07-21 10:15:00-04:00,172.25999450683594,172.27999877929688,171.1199951171875,171.9499969482422,74165,0
2026-07-21 10:20:00-04:00,172.0500030517578,172.11000061035156,171.47000122070312,172.0,57302,0
2026-07-21 10:25:00-04:00,171.89999389648438,172.77000427246094,171.74000549316406,172.5800018310547,101653,0
2026-07-21 10:30:00-04:00,172.61500549316406,173.0399932861328,172.3249969482422,172.74000549316406,92516,0
2026-07-21 10:35:00-04:00,172.91000366210938,173.0800018310547,172.2899932861328,172.32000732421875,56133,0
2026-07-21 10:40:00-04:00,172.4499969482422,172.4499969482422,171.88999938964844,172.3300018310547,97177,0
2026-07-21 10:45:00-04:00,172.3800048828125,172.56500244140625,172.0050048828125,172.47500610351562,72123,0
2026-07-21 10:50:00-04:00,172.5500030517578,172.84039306640625,172.1199951171875,172.14999389648438,59516,0
2026-07-21 10:55:00-04:00,172.14999389648438,172.33999633789062,171.92999267578125,172.0050048828125,64038,0
2026-07-21 11:00:00-04:00,171.9600067138672,172.3000030517578,171.85000610351562,171.9113006591797,52556,0
2026-07-21 11:05:00-04:00,171.97500610351562,173.67990112304688,171.8800048828125,173.1699981689453,123273,0
2026-07-21 11:10:00-04:00,173.16749572753906,173.9199981689453,173.13999938964844,173.88999938964844,118971,0
2026-07-21 11:15:00-04:00,173.9199981689453,174.16000366210938,173.49000549316406,173.50999450683594,194348,0
2026-07-21 11:20:00-04:00,173.52499389648438,173.5800018310547,173.13999938964844,173.47500610351562,84884,0
2026-07-21 11:25:00-04:00,173.47999572753906,173.9481964111328,173.30999755859375,173.30999755859375,116910,0
2026-07-21 11:30:00-04:00,173.2899932861328,173.4149932861328,172.9199981689453,173.27499389648438,62793,0
2026-07-21 11:35:00-04:00,173.1999969482422,173.39999389648438,172.72999572753906,172.8000030517578,65877,0
2026-07-21 11:40:00-04:00,172.72999572753906,173.17999267578125,172.34860229492188,172.39500427246094,77615,0
2026-07-21 11:45:00-04:00,172.3800048828125,172.98800659179688,172.32000732421875,172.69000244140625,85055,0
2026-07-21 11:50:00-04:00,172.63999938964844,172.97000122070312,172.6300048828125,172.83999633789062,72746,0
2026-07-21 11:55:00-04:00,172.82000732421875,173.6300048828125,172.58999633789062,173.5449981689453,630665,0
2026-07-21 12:00:00-04:00,173.4600067138672,174.07000732421875,173.3800048828125,173.77999877929688,124662,0
2026-07-21 12:05:00-04:00,173.75,173.94000244140625,173.5050048828125,173.5500030517578,73260,0
2026-07-21 12:10:00-04:00,173.50999450683594,173.88999938964844,173.50999450683594,173.6199951171875,102059,0
2026-07-21 12:15:00-04:00,173.58999633789062,174.2926025390625,173.58999633789062,174.27999877929688,92872,0
2026-07-21 12:20:00-04:00,174.27999877929688,174.94000244140625,174.13999938964844,174.76499938964844,97157,0
2026-07-21 12:25:00-04:00,174.76499938964844,174.88999938964844,174.19000244140625,174.22999572753906,119328,0
2026-07-21 12:30:00-04:00,174.25999450683594,174.3300018310547,173.75,174.0800018310547,56577,0
2026-07-21 12:35:00-04:00,174.1300048828125,174.39500427246094,174.05499267578125,174.1199951171875,75850,0
2026-07-21 12:40:00-04:00,174.07000732421875,174.10000610351562,173.38999938964844,173.6199951171875,90813,0
2026-07-21 12:45:00-04:00,173.56500244140625,173.74000549316406,173.44000244140625,173.7100067138672,83740,0
2026-07-21 12:50:00-04:00,173.66000366210938,173.83999633789062,173.44000244140625,173.58999633789062,51853,0
2026-07-21 12:55:00-04:00,173.58999633789062,173.58999633789062,173.0399932861328,173.1649932861328,86816,0
2026-07-21 13:00:00-04:00,173.13499450683594,173.4250030517578,173.1300048828125,173.32000732421875,51452,0
2026-07-21 13:05:00-04:00,173.25999450683594,173.59730529785156,173.22999572753906,173.38999938964844,54254,0
2026-07-21 13:10:00-04:00,173.38999938964844,173.38999938964844,172.6699981689453,172.72999572753906,85903,0
2026-07-21 13:15:00-04:00,172.7100067138672,173.17999267578125,172.7100067138672,173.08999633789062,59897,0
2026-07-21 13:20:00-04:00,173.05999755859375,173.13499450683594,172.89999389648438,172.96499633789062,52346,0
2026-07-21 13:25:00-04:00,173.0,173.0,172.6699981689453,172.89999389648438,58877,0
2026-07-21 13:30:00-04:00,172.93499755859375,173.10000610351562,172.86000061035156,172.97000122070312,39102,0
2026-07-21 13:35:00-04:00,172.9199981689453,173.44000244140625,172.89999389648438,173.18499755859375,52065,0
2026-07-21 13:40:00-04:00,173.13499450683594,173.25999450683594,173.08999633789062,173.22500610351562,39958,0
2026-07-21 13:45:00-04:00,173.22500610351562,173.36000061035156,173.16000366210938,173.26499938964844,39934,0
2026-07-21 13:50:00-04:00,173.22000122070312,173.3699951171875,173.00999450683594,173.11000061035156,43863,0
2026-07-21 13:55:00-04:00,173.08999633789062,173.1199951171875,172.80999755859375,172.93499755859375,53649,0
2026-07-21 14:00:00-04:00,172.93499755859375,173.1898956298828,172.91000366210938,173.14999389648438,51518,0
2026-07-21 14:05:00-04:00,173.1199951171875,173.26950073242188,173.1199951171875,173.13999938964844,51352,0
2026-07-21 14:10:00-04:00,173.1300048828125,173.16000366210938,172.8800048828125,172.97000122070312,42393,0
2026-07-21 14:15:00-04:00,172.9199981689453,173.11000061035156,172.9199981689453,172.96499633789062,43622,0
2026-07-21 14:20:00-04:00,172.94000244140625,173.13999938964844,172.92999267578125,173.1199951171875,28511,0
2026-07-21 14:25:00-04:00,173.08999633789062,173.14999389648438,172.85009765625,172.97999572753906,70288,0
2026-07-21 14:30:00-04:00,172.94000244140625,173.10000610351562,172.85000610351562,173.02999877929688,63563,0
2026-07-21 14:35:00-04:00,172.99000549316406,173.41000366210938,172.97999572753906,173.27999877929688,45566,0
2026-07-21 14:40:00-04:00,173.27999877929688,173.72999572753906,173.17999267578125,173.60000610351562,51141,0
2026-07-21 14:45:00-04:00,173.67999267578125,173.82000732421875,173.3300018310547,173.3800048828125,75393,0
2026-07-21 14:50:00-04:00,173.35000610351562,173.460693359375,173.0399932861328,173.0500030517578,34993,0
2026-07-21 14:55:00-04:00,173.07749938964844,173.1999969482422,173.00010681152344,173.17999267578125,39323,0
2026-07-21 15:00:00-04:00,173.11000061035156,173.22999572753906,172.8300018310547,173.11000061035156,51788,0
2026-07-21 15:05:00-04:00,173.05999755859375,173.3699951171875,172.50010681152344,172.51499938964844,74594,0
2026-07-21 15:10:00-04:00,172.52000427246094,172.57949829101562,172.3000030517578,172.4600067138672,94568,0
2026-07-21 15:15:00-04:00,172.36000061035156,172.92990112304688,172.3300018310547,172.83999633789062,75316,0
2026-07-21 15:20:00-04:00,172.80999755859375,172.83999633789062,172.66000366210938,172.69000244140625,59608,0
2026-07-21 15:25:00-04:00,172.6699981689453,172.6699981689453,172.08999633789062,172.1699981689453,81331,0
2026-07-21 15:30:00-04:00,172.2100067138672,172.7100067138672,172.00999450683594,172.5500030517578,90569,0
2026-07-21 15:35:00-04:00,172.56500244140625,172.8699951171875,172.42999267578125,172.52000427246094,82323,0
2026-07-21 15:40:00-04:00,172.5399932861328,173.02000427246094,172.44000244140625,172.89999389648438,85542,0
2026-07-21 15:45:00-04:00,172.8699951171875,173.17999267578125,172.72999572753906,173.06500244140625,130943,0
2026-07-21 15:50:00-04:00,172.99000549316406,173.60000610351562,172.68499755859375,173.35000610351562,263409,0
2026-07-21 15:55:00-04:00,173.3800048828125,173.91000366210938,173.3300018310547,173.4199981689453,774435,0
2026-07-22 09:30:00-04:00,171.0,173.44500732421875,170.59500122070312,172.8350067138672,447208,0
2026-07-22 09:35:00-04:00,172.8350067138672,173.3000030517578,171.88999938964844,172.88999938964844,111336,0
2026-07-22 09:40:00-04:00,172.89259338378906,177.2050018310547,172.50999450683594,176.89999389648438,275118,0
2026-07-22 09:45:00-04:00,176.8000030517578,177.0800018310547,174.97999572753906,175.2274932861328,156001,0
2026-07-22 09:50:00-04:00,175.13999938964844,175.91000366210938,174.85000610351562,175.5500030517578,91325,0
2026-07-22 09:55:00-04:00,175.75,176.28939819335938,175.431396484375,176.02000427246094,92086,0
2026-07-22 10:00:00-04:00,175.97500610351562,176.05999755859375,175.05999755859375,175.52999877929688,77168,0
2026-07-22 10:05:00-04:00,175.52000427246094,175.7198944091797,174.80050659179688,175.10499572753906,64492,0
2026-07-22 10:10:00-04:00,175.09500122070312,176.57000732421875,175.02999877929688,176.1999969482422,113222,0
2026-07-22 10:15:00-04:00,176.30999755859375,176.89500427246094,175.41000366210938,176.86500549316406,93423,0
2026-07-22 10:20:00-04:00,176.7978973388672,177.4499969482422,176.72000122070312,176.9600067138672,115871,0
2026-07-22 10:25:00-04:00,176.8699951171875,177.25,176.77000427246094,176.86000061035156,53980,0
2026-07-22 10:30:00-04:00,176.8300018310547,177.97300720214844,176.8300018310547,177.3699951171875,116939,0
2026-07-22 10:35:00-04:00,177.3000030517578,177.82000732421875,176.97999572753906,177.10000610351562,62028,0
2026-07-22 10:40:00-04:00,177.1999969482422,177.49000549316406,176.17999267578125,176.3000030517578,75899,0
2026-07-22 10:45:00-04:00,176.33999633789062,176.82000732421875,176.1300048828125,176.80999755859375,52347,0
2026-07-22 10:50:00-04:00,176.8125,176.8300018310547,176.11000061035156,176.1999969482422,69023,0
2026-07-22 10:55:00-04:00,176.3300018310547,176.79949951171875,176.0500946044922,176.67999267578125,75388,0
2026-07-22 11:00:00-04:00,176.66000366210938,178.14999389648438,176.52000427246094,177.6199951171875,125936,0
2026-07-22 11:05:00-04:00,177.6199951171875,178.30999755859375,177.38999938964844,177.47000122070312,182653,0
2026-07-22 11:10:00-04:00,177.38999938964844,178.1999969482422,177.38999938964844,178.0,101663,0
2026-07-22 11:15:00-04:00,178.05499267578125,178.30499267578125,177.67999267578125,177.75999450683594,63399,0
2026-07-22 11:20:00-04:00,177.72000122070312,178.44000244140625,177.6699981689453,178.10499572753906,137947,0
2026-07-22 11:25:00-04:00,178.16990661621094,178.64999389648438,178.00999450683594,178.1300048828125,98653,0
2026-07-22 11:30:00-04:00,178.19000244140625,178.47000122070312,177.5,177.5399932861328,106065,0
2026-07-22 11:35:00-04:00,177.49209594726562,177.9600067138672,177.10000610351562,177.11000061035156,69995,0
2026-07-22 11:40:00-04:00,177.0,177.35000610351562,176.77999877929688,176.92999267578125,48999,0
2026-07-22 11:45:00-04:00,177.00999450683594,177.32000732421875,176.86000061035156,177.08999633789062,42248,0
2026-07-22 11:50:00-04:00,177.1300048828125,177.39999389648438,176.8000030517578,176.85499572753906,35817,0
2026-07-22 11:55:00-04:00,176.83999633789062,177.35499572753906,176.83999633789062,177.27000427246094,33804,0
2026-07-22 12:00:00-04:00,177.22000122070312,177.25,176.89999389648438,176.9499969482422,32596,0
2026-07-22 12:05:00-04:00,176.9499969482422,177.1300048828125,176.87530517578125,176.99000549316406,28851,0
2026-07-22 12:10:00-04:00,177.0,177.0,176.52999877929688,176.75,63528,0
2026-07-22 12:15:00-04:00,176.80999755859375,176.80999755859375,176.38999938964844,176.60000610351562,45770,0
2026-07-22 12:20:00-04:00,176.55999755859375,176.55999755859375,175.8000030517578,176.0,90185,0
2026-07-22 12:25:00-04:00,175.9499969482422,176.1300048828125,175.6300048828125,176.0500030517578,77125,0
2026-07-22 12:30:00-04:00,176.07000732421875,176.63499450683594,176.02999877929688,176.61900329589844,39115,0
2026-07-22 12:35:00-04:00,176.60000610351562,176.60000610351562,176.16000366210938,176.33999633789062,44566,0
2026-07-22 12:40:00-04:00,176.24000549316406,176.24000549316406,176.24000549316406,176.24000549316406,0,0
